Order_ID,Distance_km,Weather,Traffic_Level,Time_of_Day,Vehicle_Type,Preparation_Time_min,Courier_Experience_yrs,Delivery_Time_min
522,7.93,Windy,Low,Afternoon,Scooter,12,1.0,43.0
738,16.42,Clear,Medium,Evening,Bike,20,2.0,84.0
741,9.52,Foggy,Low,Night,Scooter,28,1.0,59.0
661,7.44,Rainy,Medium,Afternoon,Scooter,5,1.0,37.0
412,19.03,Clear,Low,Morning,Bike,16,5.0,68.0
679,19.4,Clear,Low,Evening,Scooter,8,9.0,57.0
627,9.52,Clear,Low,Unknown,Bike,12,1.0,49.0
514,17.39,Clear,Medium,Evening,Scooter,5,6.0,46.0
860,1.78,Snowy,Low,Evening,Car,20,6.0,35.0
137,10.62,Foggy,Low,Evening,Scooter,29,1.0,73.0
812,16.86,Snowy,Medium,Afternoon,Car,13,4.0,88.0
77,15.54,Clear,Low,Night,Bike,29,1.0,76.0
637,10.89,Clear,High,Night,Bike,12,5.0,53.0
974,4.69,Rainy,Medium,Evening,Scooter,12,7.0,36.0
939,2.8,Clear,High,Morning,Scooter,10,5.0,33.0
900,2.17,Snowy,Low,Evening,Car,15,3.0,35.0
281,17.86,Rainy,Low,Afternoon,Bike,5,1.0,50.0
884,2.53,Snowy,Low,Morning,Bike,6,8.0,24.0
762,6.58,Foggy,Low,Evening,Car,6,7.0,27.0
320,5.38,Clear,Medium,Evening,Scooter,26,1.0,47.0
550,15.56,Rainy,Low,Afternoon,Scooter,28,0.0,72.0
175,13.08,Rainy,Low,Morning,Car,16,4.0,58.0
372,0.86,Clear,High,Afternoon,Bike,26,5.0,37.0
528,5.83,Clear,High,Evening,Car,27,9.0,56.0
211,11.2,Clear,Medium,Morning,Bike,23,5.0,73.0
236,14.59,Clear,Medium,Morning,Bike,15,6.0,64.0
102,12.91,Windy,Medium,Evening,Bike,11,6.0,56.0
987,13.92,Snowy,Low,Morning,Scooter,18,4.0,70.0
903,4.04,Snowy,Low,Night,Bike,11,9.0,70.0
948,18.05,Clear,Medium,Evening,Scooter,10,7.0,89.0
347,12.88,Clear,Medium,Morning,Scooter,8,5.0,52.0
140,19.45,Rainy,High,Morning,Scooter,20,6.0,89.0
622,4.58,Clear,High,Morning,Scooter,22,9.0,45.0
500,19.73,Foggy,Medium,Evening,Bike,27,4.0,89.0
371,2.47,Windy,Medium,Morning,Bike,27,2.0,44.0
199,17.8,Snowy,Medium,Morning,Bike,16,9.0,73.0
688,5.96,Clear,Medium,Afternoon,Bike,22,7.0,45.0
585,12.85,Windy,Medium,Afternoon,Scooter,18,7.0,61.0
902,1.02,Clear,Medium,Afternoon,Bike,25,4.0,34.0
60,6.84,Rainy,Medium,Night,Car,14,8.0,47.0
329,8.68,Rainy,Medium,Morning,Bike,8,5.0,52.0
97,10.69,Clear,Medium,Night,Bike,25,9.0,67.0
313,0.99,Unknown,Medium,Evening,Bike,15,5.0,32.0
975,1.11,Clear,Low,Morning,Bike,5,6.0,8.0
300,2.16,Snowy,Low,Evening,Scooter,15,0.0,36.0
278,13.17,Windy,Medium,Afternoon,Bike,16,4.0,67.0
925,8.79,Snowy,Low,Night,Bike,14,6.0,43.0
602,5.93,Clear,Low,Afternoon,Scooter,19,3.0,36.0
440,2.09,Rainy,Low,Night,Bike,23,2.0,36.0
838,7.57,Clear,Low,Morning,Bike,21,0.0,56.0
571,10.52,Rainy,Medium,Afternoon,Scooter,8,4.0,56.0
880,4.83,Rainy,Low,Morning,Car,25,9.0,47.0
262,19.81,Snowy,Medium,Afternoon,Car,20,5.0,89.0
579,10.1,Rainy,Low,Evening,Car,8,4.0,50.0
24,7.64,Windy,Low,Afternoon,Car,10,8.0,31.0
31,12.35,Clear,Low,Morning,Scooter,10,6.0,35.0
618,5.9,Rainy,Low,Evening,Car,26,9.0,44.0
11,0.9,Clear,Low,Afternoon,Bike,20,8.0,23.0
222,11.58,Clear,Medium,Morning,Scooter,16,2.0,61.0
821,16.16,Clear,High,Afternoon,Bike,11,1.0,82.0
297,15.51,Clear,Low,Evening,Bike,17,9.0,69.0
55,12.16,Windy,High,Evening,Scooter,11,0.0,69.0
543,4.96,Rainy,High,Morning,Bike,21,0.0,60.0
210,3.64,Windy,High,Evening,Bike,17,6.0,40.0
605,2.85,Clear,Low,Morning,Scooter,26,0.0,38.0
693,10.4,Clear,Low,Evening,Bike,16,4.0,52.0
663,12.31,Windy,Low,Morning,Bike,29,4.0,68.0
867,3.53,Clear,Medium,Afternoon,Bike,13,7.0,31.0
71,15.56,Clear,Medium,Evening,Bike,14,3.0,54.0
544,13.6,Clear,Medium,Afternoon,Bike,27,0.0,87.0
108,15.23,Snowy,High,Morning,Bike,5,0.0,62.0
494,4.17,Unknown,Low,Evening,Scooter,5,1.0,22.0
591,3.21,Rainy,High,Night,Scooter,16,0.0,42.0
742,6.38,Snowy,Low,Evening,Bike,16,1.0,89.0
293,16.54,Rainy,Low,Afternoon,Scooter,6,7.0,51.0
290,12.02,Clear,Low,Morning,Car,9,7.0,41.0
653,11.94,Clear,Low,Evening,Bike,20,3.0,69.0
40,9.08,Clear,Low,Afternoon,Scooter,14,5.0,49.0
590,3.46,Snowy,Medium,Morning,Scooter,23,3.0,48.0
308,6.8,Foggy,Medium,Morning,Scooter,13,7.0,46.0
680,17.38,Rainy,Medium,Afternoon,Scooter,11,2.0,89.0
67,3.25,Clear,Low,Morning,Bike,23,7.0,32.0
276,10.28,Clear,Medium,Evening,Scooter,29,3.0,71.0
68,16.14,Clear,Low,Night,Car,6,9.0,65.0
319,3.55,Clear,Medium,Evening,Bike,23,0.0,43.0
549,10.65,Clear,Unknown,Afternoon,Scooter,23,8.0,58.0
999,19.03,Clear,Low,Afternoon,Car,26,5.0,68.0
715,7.3,Clear,Low,Night,Scooter,14,7.0,28.0
754,7.03,Clear,Low,Evening,Scooter,21,1.0,44.0
328,12.43,Snowy,Low,Afternoon,Car,12,0.0,70.0
383,12.76,Windy,High,Morning,Scooter,27,5.0,74.0
452,11.39,Rainy,High,Evening,Scooter,14,1.0,72.0
523,19.41,Clear,Low,Morning,Car,7,3.0,48.0
219,13.17,Rainy,High,Evening,Scooter,17,8.0,69.0
788,8.32,Rainy,Low,Afternoon,Car,12,2.0,49.0
437,1.92,Clear,Low,Unknown,Bike,8,7.0,14.0
765,1.15,Clear,Low,Afternoon,Scooter,26,4.0,30.0
89,17.8,Windy,High,Afternoon,Car,12,9.0,73.0
64,7.46,Clear,Medium,Evening,Bike,8,5.0,42.0
827,7.25,Clear,Medium,Afternoon,Scooter,18,4.0,45.0
717,16.7,Clear,Medium,Afternoon,Scooter,28,1.0,76.0
352,17.2,Rainy,High,Afternoon,Scooter,14,2.0,89.0
937,0.86,Clear,Medium,Afternoon,Car,21,7.0,28.0
257,18.76,Clear,Medium,Evening,Car,15,2.0,80.0
636,9.22,Clear,Medium,Afternoon,Car,18,9.0,57.0
645,2.84,Clear,Low,Evening,Scooter,24,2.0,35.0
555,17.59,Clear,Low,Morning,Bike,24,6.0,69.0
960,14.89,Snowy,High,Morning,Scooter,17,6.0,87.0
169,1.3,Clear,Medium,Evening,Bike,22,4.0,31.0
918,18.99,Rainy,High,Afternoon,Bike,10,6.0,70.0
529,1.6,Foggy,Low,Night,Scooter,24,5.0,37.0
824,8.26,Snowy,Low,Afternoon,Bike,15,1.0,57.0
986,10.16,Clear,High,Night,Bike,12,5.0,52.0
817,12.03,Clear,Medium,Unknown,Car,20,5.0,65.0
87,14.73,Rainy,Low,Afternoon,Bike,24,6.0,74.0
433,12.56,Clear,High,Evening,Bike,17,5.0,69.0
185,5.53,Clear,Medium,Afternoon,Bike,19,1.0,44.0
979,10.18,Foggy,Medium,Morning,Bike,25,3.0,73.0
535,15.5,Clear,Medium,Morning,Scooter,28,9.0,89.0
295,2.98,Foggy,Unknown,Night,Bike,11,2.0,27.0
893,16.69,Foggy,Medium,Evening,Scooter,8,2.0,65.0
426,11.22,Windy,High,Evening,Bike,25,5.0,79.0
714,8.53,Clear,Low,Evening,Scooter,8,2.0,41.0
261,12.49,Clear,Medium,Morning,Bike,25,4.0,77.0
238,0.97,Clear,Low,Night,Scooter,24,8.0,26.0
560,12.6,Windy,Medium,Afternoon,Car,8,6.0,58.0
584,6.91,Clear,Medium,Evening,Scooter,28,9.0,56.0
446,18.97,Clear,Low,Evening,Car,25,4.0,89.0
868,4.05,Clear,Medium,Evening,Bike,20,5.0,44.0
801,14.29,Windy,Medium,Morning,Bike,14,7.0,78.0
600,1.3,Foggy,Low,Evening,Bike,19,5.0,29.0
850,12.11,Rainy,Low,Morning,Bike,9,5.0,59.0
266,14.94,Clear,Medium,Morning,Bike,11,0.0,62.0
996,2.29,Rainy,High,Afternoon,Car,8,8.0,80.0
530,17.36,Rainy,High,Afternoon,Bike,24,1.0,89.0
56,18.48,Clear,Medium,Night,Bike,8,0.0,82.0
121,16.25,Foggy,High,Morning,Bike,10,5.0,89.0
216,5.13,Clear,Low,Morning,Car,15,4.0,30.0
26,15.81,Clear,Low,Unknown,Car,25,1.0,89.0
73,0.61,Clear,Low,Afternoon,Scooter,10,0.0,16.0
45,5.55,Foggy,High,Evening,Bike,18,1.0,89.0
248,19.35,Clear,High,Unknown,Bike,12,7.0,75.0
722,4.03,Clear,Medium,Evening,Bike,9,5.0,25.0
282,7.09,Snowy,Low,Morning,Scooter,13,8.0,37.0
894,8.25,Clear,Medium,Afternoon,Bike,7,9.0,28.0
915,11.26,Clear,Low,Night,Bike,5,6.0,49.0
811,19.7,Rainy,Low,Evening,Bike,10,2.0,60.0
245,0.8,Snowy,High,Evening,Bike,14,9.0,36.0
823,7.0,Rainy,Medium,Evening,Bike,17,9.0,49.0
322,14.43,Clear,Medium,Morning,Car,14,4.0,89.0
644,6.89,Rainy,Medium,Afternoon,Bike,11,6.0,43.0
159,5.13,Foggy,Medium,Evening,Car,25,1.0,60.0
978,1.5,Clear,Low,Afternoon,Bike,10,1.0,17.0
430,2.78,Unknown,High,Afternoon,Scooter,9,0.0,41.0
942,11.31,Clear,Medium,Evening,Bike,7,0.0,54.0
463,15.05,Clear,Medium,Evening,Car,12,2.0,66.0
310,5.78,Foggy,Low,Afternoon,Scooter,9,9.0,33.0
698,11.83,Clear,Low,Evening,Scooter,9,7.0,32.0
61,8.08,Foggy,Low,Morning,Bike,25,2.0,61.0
885,16.1,Clear,Low,Evening,Bike,25,0.0,64.0
596,9.74,Rainy,Medium,Evening,Scooter,7,8.0,37.0
768,17.6,Clear,Low,Afternoon,Bike,27,3.0,69.0
650,10.22,Snowy,Medium,Night,Bike,18,1.0,68.0
651,2.19,Clear,Low,Evening,Bike,26,3.0,32.0
866,11.41,Windy,Medium,Afternoon,Scooter,17,4.0,68.0
669,4.14,Clear,Medium,Morning,Scooter,14,2.0,30.0
299,12.65,Rainy,Low,Afternoon,Bike,18,8.0,60.0
690,4.15,Unknown,Medium,Morning,Car,17,8.0,46.0
315,16.8,Unknown,High,Morning,Car,19,4.0,85.0
311,9.06,Clear,Medium,Evening,Bike,23,4.0,47.0
362,13.04,Clear,Medium,Morning,Scooter,20,6.0,65.0
480,10.7,Clear,Medium,Afternoon,Scooter,8,5.0,44.0
111,6.15,Foggy,Low,Evening,Scooter,26,5.0,48.0
990,16.47,Snowy,High,Evening,Scooter,20,9.0,75.0
487,1.39,Clear,Medium,Afternoon,Bike,15,4.0,24.0
364,11.14,Rainy,Medium,Morning,Scooter,7,3.0,47.0
255,3.81,Rainy,High,Afternoon,Bike,5,6.0,31.0
260,2.39,Rainy,Medium,Evening,Bike,27,7.0,43.0
803,11.74,Clear,High,Evening,Car,6,3.0,54.0
678,8.26,Clear,Low,Unknown,Car,21,4.0,80.0
495,9.54,Rainy,Medium,Evening,Scooter,11,5.0,47.0
671,3.88,Clear,Medium,Morning,Bike,16,2.0,35.0
378,0.95,Rainy,Medium,Morning,Car,27,0.0,44.0
527,8.59,Clear,Low,Night,Scooter,17,8.0,36.0
846,8.59,Clear,Low,Evening,Bike,22,2.0,43.0
138,14.21,Clear,Medium,Evening,Bike,24,5.0,58.0
356,13.03,Foggy,Low,Morning,Scooter,9,1.0,50.0
366,8.03,Clear,Low,Evening,Scooter,14,8.0,42.0
943,13.2,Snowy,Low,Morning,Car,14,3.0,62.0
750,12.67,Clear,Medium,Evening,Car,10,3.0,65.0
949,17.54,Clear,Unknown,Morning,Car,16,8.0,54.0
830,9.32,Clear,Low,Morning,Scooter,6,5.0,30.0
657,6.03,Rainy,High,Afternoon,Car,8,6.0,46.0
200,15.71,Clear,Low,Afternoon,Scooter,28,5.0,69.0
214,4.87,Snowy,High,Evening,Bike,16,7.0,54.0
409,18.15,Rainy,High,Morning,Bike,22,7.0,89.0
333,0.78,Clear,Medium,Morning,Bike,6,1.0,17.0
209,0.6,Clear,Low,Afternoon,Bike,26,3.0,30.0
614,2.09,Clear,Medium,Evening,Bike,5,5.0,16.0
79,7.49,Clear,Unknown,Morning,Scooter,13,9.0,45.0
30,1.41,Foggy,Medium,Evening,Bike,15,0.0,72.0
536,18.92,Clear,High,Morning,Scooter,27,4.0,89.0
696,12.41,Clear,Medium,Morning,Car,10,1.0,51.0
558,1.06,Unknown,Low,Afternoon,Scooter,19,6.0,21.0
837,18.34,Clear,High,Night,Bike,9,4.0,89.0
597,13.52,Clear,Low,Morning,Scooter,27,1.0,82.0
166,16.79,Foggy,High,Afternoon,Bike,24,6.0,85.0
919,15.39,Clear,Medium,Evening,Scooter,24,5.0,89.0
496,7.39,Rainy,Medium,Morning,Scooter,25,6.0,60.0
825,10.98,Rainy,Low,Morning,Scooter,10,6.0,55.0
66,11.08,Snowy,Medium,Morning,Bike,9,0.0,57.0
142,5.41,Clear,Medium,Night,Bike,14,5.0,36.0
926,0.94,Clear,High,Morning,Bike,9,6.0,21.0
828,7.27,Windy,Low,Afternoon,Bike,10,5.0,35.0
656,2.99,Windy,Medium,Morning,Bike,27,5.0,41.0
332,15.28,Snowy,Low,Evening,Bike,16,5.0,72.0
665,2.48,Windy,Medium,Afternoon,Car,14,6.0,27.0
250,17.13,Rainy,Low,Evening,Car,19,1.0,71.0
908,7.17,Clear,Low,Afternoon,Bike,15,7.0,32.0
709,5.47,Rainy,Low,Morning,Car,21,6.0,38.0
306,19.53,Foggy,Low,Afternoon,Bike,11,6.0,87.0
735,7.5,Clear,High,Morning,Bike,29,1.0,66.0
976,5.61,Windy,Low,Night,Bike,25,9.0,48.0
50,4.1,Clear,Low,Morning,Bike,21,3.0,37.0
897,6.22,Rainy,Medium,Morning,Bike,15,0.0,49.0
3,14.77,Unknown,High,Morning,Scooter,11,6.0,67.0
545,12.55,Windy,Low,Evening,Bike,13,8.0,51.0
351,10.31,Foggy,Medium,Morning,Scooter,19,5.0,62.0
905,8.72,Snowy,Medium,Evening,Car,18,7.0,64.0
537,17.07,Clear,Medium,Morning,Bike,20,6.0,73.0
345,8.27,Unknown,High,Afternoon,Scooter,13,5.0,58.0
995,7.54,Snowy,Low,Afternoon,Bike,20,5.0,55.0
482,14.07,Clear,High,Afternoon,Bike,5,8.0,67.0
576,19.02,Clear,Medium,Afternoon,Bike,29,9.0,87.0
34,19.0,Clear,High,Morning,Car,28,3.0,89.0
32,3.83,Rainy,Medium,Afternoon,Bike,12,9.0,30.0
232,10.3,Clear,Low,Evening,Scooter,19,8.0,48.0
964,8.09,Clear,High,Afternoon,Scooter,15,4.0,51.0
193,18.06,Clear,Medium,Night,Bike,9,8.0,52.0
334,2.76,Windy,Medium,Morning,Scooter,8,5.0,22.0
4,12.17,Snowy,Low,Evening,Bike,20,8.0,68.0
205,12.33,Clear,Medium,Evening,Bike,22,9.0,75.0
515,1.38,Clear,Medium,Evening,Scooter,5,8.0,13.0
800,18.49,Clear,Low,Afternoon,Scooter,14,6.0,71.0
307,10.57,Snowy,Low,Afternoon,Bike,28,9.0,59.0
110,2.0,Clear,High,Evening,Scooter,10,2.0,30.0
431,3.29,Clear,Medium,Afternoon,Scooter,17,4.0,32.0
78,1.94,Rainy,Medium,Morning,Bike,16,0.0,35.0
85,6.56,Windy,Medium,Unknown,Bike,14,1.0,47.0
287,9.58,Clear,High,Afternoon,Car,26,8.0,60.0
83,6.95,Clear,Medium,Morning,Scooter,25,2.0,58.0
992,14.05,Clear,High,Morning,Scooter,19,0.0,72.0
790,18.97,Rainy,High,Night,Bike,20,8.0,89.0
895,13.53,Rainy,Low,Evening,Bike,28,8.0,78.0
399,15.14,Rainy,Medium,Morning,Bike,8,6.0,66.0
324,5.96,Clear,Low,Afternoon,Bike,26,6.0,48.0
520,3.43,Windy,Medium,Morning,Bike,7,6.0,23.0
917,6.24,Unknown,Medium,Evening,Bike,15,3.0,52.0
923,17.94,Rainy,High,Evening,Scooter,22,6.0,85.0
6,3.54,Rainy,Medium,Evening,Bike,10,5.0,32.0
732,16.38,Rainy,Medium,Night,Bike,7,5.0,89.0
466,7.81,Clear,Low,Evening,Bike,11,4.0,42.0
98,8.84,Clear,Unknown,Morning,Bike,26,0.0,57.0
267,14.09,Clear,Medium,Afternoon,Scooter,12,3.0,55.0
358,11.92,Clear,Low,Afternoon,Scooter,14,4.0,46.0
869,17.3,Clear,Low,Evening,Scooter,9,0.0,67.0
799,14.08,Clear,High,Morning,Bike,28,6.0,66.0
381,2.8,Clear,High,Afternoon,Bike,28,1.0,50.0
632,17.96,Clear,Medium,Unknown,Bike,22,2.0,76.0
382,14.09,Clear,High,Afternoon,Bike,12,6.0,67.0
491,9.39,Clear,Low,Morning,Bike,14,2.0,37.0
119,17.9,Clear,Low,Morning,Bike,23,5.0,85.0
901,4.55,Rainy,Low,Afternoon,Bike,5,6.0,21.0
251,6.24,Snowy,Low,Afternoon,Bike,20,4.0,51.0
524,16.92,Clear,Low,Morning,Scooter,29,0.0,70.0
10,14.31,Clear,Medium,Morning,Bike,9,8.0,47.0
197,14.66,Windy,Medium,Unknown,Bike,20,2.0,77.0
604,2.23,Clear,Low,Morning,Bike,7,6.0,14.0
82,12.65,Clear,Low,Evening,Bike,15,4.0,66.0
784,7.24,Rainy,Medium,Evening,Bike,28,6.0,65.0
588,3.01,Clear,Medium,Evening,Bike,14,4.0,26.0
798,11.52,Unknown,Medium,Morning,Scooter,25,2.0,58.0
240,3.95,Clear,Low,Afternoon,Bike,13,5.0,25.0
291,1.09,Clear,Medium,Morning,Scooter,6,2.0,17.0
212,13.99,Clear,High,Evening,Scooter,7,3.0,89.0
718,19.32,Rainy,High,Morning,Car,21,7.0,89.0
360,11.72,Rainy,Low,Evening,Bike,11,9.0,42.0
450,2.13,Rainy,Low,Morning,Scooter,9,2.0,22.0
228,8.17,Clear,Medium,Afternoon,Scooter,20,9.0,44.0
951,12.21,Clear,High,Morning,Bike,9,4.0,57.0
947,3.17,Clear,Medium,Evening,Scooter,17,6.0,33.0
797,18.68,Snowy,Low,Afternoon,Bike,11,8.0,62.0
502,10.95,Clear,Medium,Evening,Scooter,24,4.0,55.0
465,19.26,Windy,Medium,Morning,Scooter,21,6.0,67.0
363,9.44,Rainy,Unknown,Evening,Scooter,28,8.0,63.0
469,4.86,Foggy,Medium,Evening,Car,25,4.0,52.0
936,5.81,Foggy,Low,Afternoon,Bike,25,8.0,51.0
429,7.34,Rainy,Low,Evening,Bike,22,8.0,47.0
8,17.39,Foggy,Medium,Morning,Bike,25,4.0,89.0
156,5.22,Snowy,Low,Evening,Bike,11,9.0,40.0
542,12.32,Clear,Medium,Evening,Scooter,17,4.0,71.0
441,2.15,Windy,Medium,Afternoon,Car,17,6.0,30.0
483,9.36,Rainy,High,Morning,Scooter,17,2.0,65.0
423,2.28,Clear,Medium,Evening,Scooter,27,9.0,39.0
779,14.54,Clear,Medium,Evening,Bike,29,2.0,73.0
950,12.15,Clear,High,Morning,Car,12,6.0,63.0
335,1.4,Windy,Low,Evening,Bike,9,9.0,17.0
577,3.37,Clear,High,Morning,Bike,9,5.0,28.0
935,3.85,Rainy,Medium,Afternoon,Bike,26,3.0,46.0
568,9.03,Clear,Low,Unknown,Bike,11,5.0,43.0
595,17.99,Snowy,Low,Afternoon,Bike,15,3.0,63.0
531,16.35,Clear,Medium,Morning,Bike,16,0.0,66.0
582,19.61,Clear,High,Evening,Bike,8,6.0,72.0
708,16.29,Clear,Low,Morning,Bike,20,1.0,72.0
449,7.84,Windy,Low,Afternoon,Bike,6,4.0,28.0
454,18.17,Rainy,Low,Afternoon,Car,13,0.0,71.0
229,17.89,Windy,Low,Unknown,Bike,27,1.0,89.0
353,13.34,Clear,Medium,Night,Bike,20,6.0,53.0
729,4.43,Foggy,Low,Morning,Scooter,10,1.0,63.0
213,13.21,Clear,Unknown,Morning,Scooter,12,4.0,63.0
80,2.76,Windy,Medium,Night,Bike,6,2.0,27.0
149,1.5,Foggy,Medium,Evening,Scooter,15,4.0,32.0
303,11.04,Clear,Medium,Afternoon,Scooter,8,2.0,54.0
629,1.22,Clear,Medium,Evening,Scooter,6,5.0,14.0
778,14.58,Clear,Low,Afternoon,Bike,13,5.0,57.0
507,18.26,Rainy,High,Night,Scooter,28,7.0,89.0
343,3.88,Foggy,Low,Evening,Car,27,9.0,42.0
486,18.07,Clear,High,Afternoon,Scooter,5,2.0,67.0
712,12.11,Clear,Medium,Evening,Bike,28,0.0,75.0
134,7.08,Clear,Medium,Afternoon,Scooter,5,8.0,27.0
704,3.12,Rainy,Low,Evening,Scooter,14,5.0,28.0
312,2.03,Foggy,High,Evening,Car,14,4.0,36.0
723,1.8,Clear,Unknown,Night,Bike,14,1.0,28.0
630,5.42,Clear,Low,Evening,Scooter,11,9.0,26.0
1,7.8,Clear,Low,Evening,Scooter,23,5.0,52.0
317,8.47,Rainy,Low,Afternoon,Scooter,19,0.0,48.0
707,6.79,Rainy,Low,Evening,Scooter,16,1.0,39.0
548,13.6,Rainy,Medium,Afternoon,Scooter,23,6.0,83.0
873,13.06,Rainy,High,Morning,Bike,17,8.0,59.0
533,19.93,Snowy,Low,Afternoon,Bike,6,6.0,59.0
478,11.3,Snowy,Medium,Afternoon,Bike,15,8.0,70.0
405,6.74,Rainy,Medium,Evening,Car,21,9.0,47.0
173,10.49,Rainy,Low,Morning,Bike,28,9.0,66.0
126,8.83,Unknown,Medium,Evening,Scooter,12,3.0,89.0
395,7.15,Clear,High,Night,Car,29,7.0,60.0
421,15.94,Clear,Low,Evening,Bike,24,2.0,77.0
553,11.26,Foggy,High,Afternoon,Bike,14,2.0,70.0
904,11.87,Clear,Medium,Morning,Bike,10,6.0,43.0
91,2.83,Windy,Medium,Afternoon,Scooter,14,6.0,28.0
940,11.74,Clear,Low,Afternoon,Car,20,1.0,52.0
182,2.71,Clear,Low,Morning,Scooter,6,1.0,20.0
275,10.47,Clear,High,Evening,Scooter,14,7.0,55.0
896,4.5,Snowy,High,Evening,Bike,24,0.0,66.0
70,19.74,Unknown,Low,Unknown,Car,21,7.0,71.0
292,1.23,Clear,Low,Evening,Bike,18,6.0,21.0
132,4.83,Clear,Low,Evening,Bike,11,1.0,29.0
301,1.51,Clear,High,Afternoon,Bike,14,2.0,32.0
425,1.62,Windy,Low,Evening,Bike,9,8.0,16.0
327,11.31,Clear,High,Evening,Bike,20,0.0,67.0
145,6.05,Clear,Medium,Morning,Car,24,0.0,48.0
424,10.14,Clear,Medium,Morning,Scooter,20,1.0,59.0
581,9.45,Clear,Low,Afternoon,Car,13,0.0,49.0
136,6.8,Clear,High,Evening,Bike,28,5.0,55.0
451,15.65,Clear,Low,Afternoon,Bike,27,0.0,76.0
165,2.26,Clear,Medium,Morning,Scooter,6,3.0,19.0
29,12.05,Clear,Low,Evening,Scooter,29,4.0,61.0
774,8.25,Windy,Medium,Evening,Car,24,4.0,62.0
194,12.85,Rainy,Medium,Afternoon,Scooter,23,0.0,80.0
389,15.14,Windy,Medium,Morning,Bike,15,4.0,71.0
853,4.59,Foggy,Low,Evening,Scooter,19,8.0,36.0
170,12.02,Clear,Low,Afternoon,Bike,26,0.0,63.0
706,19.8,Clear,High,Evening,Bike,7,3.0,88.0
141,19.27,Foggy,High,Afternoon,Bike,14,6.0,89.0
174,4.92,Clear,High,Morning,Scooter,12,0.0,41.0
7,1.63,Rainy,Medium,Night,Bike,24,5.0,38.0
746,18.04,Clear,Medium,Morning,Bike,8,5.0,71.0
479,19.4,Snowy,Unknown,Afternoon,Scooter,23,9.0,89.0
74,16.4,Clear,High,Morning,Scooter,12,2.0,70.0
911,12.01,Clear,Low,Morning,Car,5,7.0,42.0
814,18.46,Clear,Unknown,Unknown,Scooter,29,1.0,89.0
239,13.09,Windy,Low,Unknown,Scooter,17,1.0,69.0
146,1.22,Foggy,High,Afternoon,Scooter,14,2.0,38.0
793,10.36,Rainy,Medium,Afternoon,Bike,7,8.0,39.0
235,4.31,Rainy,Medium,Afternoon,Bike,9,2.0,35.0
221,13.32,Windy,Medium,Afternoon,Bike,26,0.0,71.0
924,16.1,Clear,Low,Morning,Car,16,6.0,61.0
501,14.11,Rainy,High,Morning,Scooter,24,3.0,89.0
133,2.84,Clear,Medium,Night,Scooter,28,1.0,44.0
991,16.09,Snowy,Low,Morning,Car,13,6.0,69.0
775,16.05,Snowy,Medium,Evening,Bike,11,2.0,89.0
186,13.37,Windy,High,Afternoon,Scooter,17,8.0,63.0
42,10.16,Snowy,Medium,Night,Bike,10,1.0,67.0
697,6.13,Clear,Medium,Night,Scooter,22,0.0,48.0
109,4.96,Rainy,Low,Afternoon,Car,10,7.0,28.0
589,3.0,Clear,Low,Morning,Scooter,29,1.0,43.0
57,2.23,Snowy,Medium,Evening,Car,14,0.0,41.0
406,17.96,Clear,Unknown,Evening,Scooter,26,0.0,74.0
443,7.8,Rainy,Medium,Morning,Bike,11,7.0,49.0
758,10.9,Clear,High,Afternoon,Scooter,6,8.0,47.0
998,3.17,Clear,Low,Afternoon,Bike,17,1.0,28.0
25,9.39,Windy,Medium,Morning,Scooter,21,9.0,50.0
468,17.44,Clear,Low,Evening,Bike,25,9.0,89.0
540,3.02,Rainy,Medium,Morning,Bike,23,1.0,46.0
532,19.99,Rainy,High,Evening,Bike,17,1.0,89.0
619,16.22,Rainy,High,Evening,Bike,22,0.0,89.0
695,2.74,Clear,High,Afternoon,Bike,18,9.0,37.0
927,5.74,Rainy,High,Evening,Bike,13,9.0,46.0
339,9.75,Clear,Low,Afternoon,Bike,22,7.0,50.0
52,15.62,Rainy,Medium,Afternoon,Scooter,23,7.0,78.0
508,16.54,Rainy,Medium,Afternoon,Bike,25,7.0,77.0
517,7.84,Rainy,Low,Morning,Scooter,7,8.0,36.0
921,17.44,Unknown,Low,Night,Car,23,0.0,85.0
782,11.08,Windy,High,Afternoon,Bike,16,6.0,70.0
265,17.61,Clear,Medium,Evening,Scooter,21,9.0,79.0
818,8.28,Snowy,Low,Evening,Car,29,7.0,58.0
711,15.32,Clear,Medium,Morning,Bike,17,6.0,80.0
683,3.83,Rainy,Low,Evening,Car,27,3.0,49.0
833,3.25,Rainy,Unknown,Evening,Scooter,29,0.0,51.0
519,19.75,Clear,Medium,Morning,Bike,25,1.0,89.0
448,15.19,Foggy,Low,Evening,Scooter,6,4.0,53.0
19,8.92,Windy,Unknown,Morning,Bike,25,4.0,62.0
716,18.63,Windy,Low,Afternoon,Bike,11,5.0,85.0
484,12.74,Clear,Low,Night,Scooter,18,0.0,67.0
569,18.13,Rainy,High,Evening,Bike,21,2.0,88.0
434,2.47,Rainy,Low,Afternoon,Car,22,6.0,34.0
368,18.15,Windy,Medium,Morning,Bike,11,2.0,89.0
84,1.74,Foggy,High,Afternoon,Scooter,8,9.0,28.0
62,5.79,Windy,Medium,Morning,Bike,26,6.0,49.0
639,5.75,Windy,High,Morning,Scooter,7,4.0,37.0
273,17.41,Snowy,Medium,Evening,Bike,20,4.0,80.0
286,1.2,Rainy,Low,Morning,Scooter,24,7.0,33.0
361,8.07,Windy,Low,Evening,Bike,21,4.0,48.0
355,1.88,Clear,Medium,Morning,Scooter,24,7.0,35.0
457,0.72,Rainy,Medium,Afternoon,Scooter,9,2.0,23.0
279,14.19,Clear,Medium,Afternoon,Bike,9,1.0,57.0
13,16.73,Windy,High,Afternoon,Scooter,9,7.0,71.0
183,18.53,Rainy,Low,Afternoon,Scooter,8,8.0,57.0
369,4.32,Clear,Low,Morning,Bike,21,9.0,34.0
882,13.6,Foggy,High,Evening,Bike,9,7.0,61.0
616,18.46,Rainy,Low,Morning,Bike,19,9.0,89.0
224,7.67,Windy,Low,Morning,Car,9,2.0,31.0
573,8.23,Snowy,Low,Evening,Bike,17,3.0,56.0
971,13.44,Clear,Low,Night,Bike,29,0.0,63.0
654,15.04,Clear,Low,Morning,Car,24,5.0,60.0
546,7.48,Clear,Medium,Morning,Car,21,4.0,52.0
583,10.11,Rainy,Unknown,Afternoon,Scooter,23,2.0,63.0
634,10.88,Snowy,Low,Afternoon,Car,13,3.0,52.0
177,13.97,Snowy,Low,Evening,Scooter,14,8.0,52.0
666,3.48,Foggy,Low,Afternoon,Scooter,9,1.0,31.0
674,10.73,Foggy,Low,Morning,Bike,6,6.0,35.0
586,5.18,Clear,Medium,Afternoon,Car,9,2.0,30.0
874,8.47,Foggy,Medium,Evening,Bike,24,0.0,68.0
394,15.64,Rainy,Low,Unknown,Bike,20,4.0,89.0
164,10.95,Snowy,Unknown,Afternoon,Bike,9,1.0,65.0
249,19.29,Windy,Medium,Evening,Scooter,7,8.0,84.0
635,2.59,Windy,Medium,Unknown,Bike,13,5.0,28.0
886,3.98,Clear,High,Night,Car,19,3.0,41.0
670,6.06,Foggy,Low,Afternoon,Scooter,10,8.0,41.0
376,6.72,Foggy,Low,Evening,Bike,8,5.0,31.0
413,19.04,Clear,Medium,Morning,Scooter,27,2.0,85.0
75,14.28,Windy,High,Afternoon,Scooter,23,5.0,77.0
114,16.26,Rainy,High,Morning,Bike,16,6.0,70.0
599,4.25,Clear,Low,Afternoon,Bike,5,4.0,22.0
962,12.26,Clear,Low,Afternoon,Bike,20,2.0,66.0
391,19.81,Clear,Low,Afternoon,Bike,27,1.0,74.0
105,18.2,Windy,Medium,Morning,Bike,27,1.0,89.0
115,12.85,Rainy,Medium,Morning,Scooter,14,8.0,73.0
418,6.91,Clear,Low,Evening,Bike,27,8.0,89.0
526,9.64,Clear,Low,Morning,Bike,10,5.0,46.0
458,9.64,Rainy,Medium,Evening,Bike,14,6.0,52.0
410,2.28,Foggy,Medium,Morning,Scooter,27,6.0,44.0
93,15.34,Rainy,Low,Afternoon,Bike,18,6.0,54.0
931,3.22,Rainy,Medium,Night,Bike,14,8.0,34.0
90,9.71,Clear,Low,Morning,Bike,8,1.0,49.0
337,17.18,Clear,Medium,Night,Scooter,13,1.0,62.0
989,5.3,Clear,Medium,Afternoon,Scooter,29,3.0,47.0
922,10.0,Clear,Medium,Afternoon,Scooter,6,9.0,47.0
934,10.75,Rainy,Medium,Morning,Bike,8,6.0,60.0
606,9.49,Rainy,Medium,Morning,Car,23,6.0,53.0
594,7.24,Clear,Medium,Afternoon,Bike,28,7.0,57.0
612,16.09,Rainy,Low,Morning,Bike,21,8.0,66.0
95,15.53,Clear,Low,Morning,Bike,26,6.0,83.0
12,19.41,Windy,Low,Morning,Bike,11,8.0,62.0
397,17.24,Clear,Low,Evening,Bike,17,5.0,69.0
534,11.33,Unknown,Low,Morning,Bike,25,3.0,60.0
44,18.23,Rainy,Low,Afternoon,Scooter,27,9.0,86.0
43,1.17,Clear,Medium,Morning,Bike,16,9.0,25.0
330,5.33,Clear,Low,Evening,Car,29,1.0,51.0
168,4.14,Rainy,Low,Morning,Bike,23,2.0,41.0
498,2.02,Clear,High,Evening,Bike,28,5.0,44.0
877,14.46,Rainy,Medium,Morning,Scooter,11,9.0,68.0
598,3.86,Clear,Medium,Afternoon,Bike,21,8.0,34.0
757,12.59,Windy,Medium,Morning,Bike,13,9.0,62.0
101,1.11,Clear,High,Morning,Scooter,22,8.0,35.0
427,9.11,Clear,Low,Afternoon,Bike,19,6.0,42.0
179,18.77,Snowy,Medium,Evening,Bike,24,0.0,89.0
445,16.35,Foggy,Medium,Night,Bike,16,6.0,67.0
417,6.22,Clear,Low,Afternoon,Bike,16,9.0,29.0
871,7.78,Foggy,High,Afternoon,Bike,25,3.0,74.0
883,0.88,Rainy,Low,Night,Car,27,2.0,37.0
681,16.43,Clear,Low,Evening,Bike,13,5.0,56.0
178,8.04,Clear,Medium,Evening,Car,27,0.0,65.0
396,18.65,Foggy,Low,Night,Car,19,2.0,68.0
912,5.73,Foggy,Low,Morning,Scooter,7,2.0,30.0
794,12.42,Rainy,Low,Evening,Bike,28,9.0,79.0
961,2.11,Clear,Low,Afternoon,Scooter,28,5.0,34.0
685,18.62,Clear,Low,Evening,Scooter,27,6.0,75.0
384,17.61,Clear,Medium,Morning,Scooter,19,3.0,80.0
957,10.62,Rainy,Medium,Night,Bike,7,2.0,48.0
752,18.83,Unknown,Medium,Night,Bike,8,0.0,68.0
258,14.07,Clear,Medium,Morning,Bike,16,9.0,73.0
539,9.29,Clear,Medium,Evening,Bike,10,9.0,40.0
336,1.29,Rainy,Low,Evening,Bike,7,7.0,15.0
16,4.08,Windy,Medium,Afternoon,Bike,7,0.0,33.0
325,19.12,Windy,High,Evening,Car,8,0.0,89.0
759,17.93,Clear,Medium,Afternoon,Bike,29,4.0,85.0
223,2.33,Unknown,Low,Morning,Car,6,1.0,17.0
180,3.18,Rainy,Medium,Evening,Bike,21,3.0,42.0
984,1.97,Clear,High,Morning,Car,28,7.0,43.0
23,6.2,Windy,High,Evening,Scooter,7,3.0,42.0
357,1.02,Windy,High,Evening,Bike,6,8.0,21.0
667,5.3,Clear,Low,Evening,Bike,16,5.0,32.0
862,9.34,Rainy,Low,Evening,Car,10,0.0,40.0
341,10.09,Clear,Medium,Evening,Bike,7,0.0,49.0
432,15.35,Rainy,High,Night,Scooter,23,9.0,80.0
552,17.12,Rainy,Low,Morning,Bike,26,3.0,86.0
834,3.94,Snowy,Low,Afternoon,Bike,19,3.0,43.0
204,18.02,Clear,Unknown,Evening,Car,12,3.0,77.0
631,14.41,Snowy,Medium,Evening,Bike,8,8.0,75.0
94,11.44,Rainy,Medium,Evening,Car,20,2.0,57.0
559,15.23,Foggy,Low,Morning,Car,6,0.0,52.0
69,1.95,Clear,Low,Morning,Scooter,16,2.0,23.0
623,7.72,Rainy,Medium,Morning,Bike,11,5.0,36.0
285,11.78,Clear,Low,Afternoon,Scooter,26,3.0,71.0
845,3.4,Windy,Medium,Morning,Bike,11,6.0,30.0
435,2.14,Clear,High,Evening,Bike,18,3.0,34.0
154,10.04,Rainy,High,Afternoon,Bike,12,9.0,59.0
76,14.72,Clear,Unknown,Evening,Scooter,15,8.0,80.0
731,3.7,Clear,Medium,Morning,Bike,28,7.0,45.0
447,19.73,Rainy,Low,Evening,Bike,8,8.0,64.0
189,10.83,Clear,Medium,Evening,Scooter,8,9.0,51.0
272,16.3,Foggy,Low,Morning,Car,12,1.0,89.0
237,5.98,Foggy,High,Morning,Bike,14,6.0,44.0
488,5.98,Rainy,High,Morning,Bike,21,2.0,60.0
118,4.14,Foggy,Medium,Morning,Bike,21,0.0,46.0
944,16.68,Unknown,Medium,Afternoon,Bike,9,9.0,63.0
513,18.69,Windy,Medium,Night,Bike,23,9.0,74.0
826,18.44,Rainy,High,Morning,Bike,27,7.0,80.0
592,13.0,Windy,High,Morning,Bike,22,8.0,65.0
127,16.45,Unknown,Medium,Evening,Scooter,25,3.0,87.0
117,16.17,Clear,Medium,Evening,Car,10,2.0,89.0
474,17.88,Clear,Medium,Evening,Bike,29,3.0,89.0
694,5.23,Clear,Medium,Morning,Scooter,19,4.0,37.0
58,4.32,Unknown,Medium,Morning,Bike,17,4.0,36.0
864,9.09,Rainy,Medium,Morning,Bike,6,7.0,43.0
913,12.67,Windy,Medium,Morning,Scooter,7,3.0,43.0
370,1.85,Clear,Medium,Evening,Bike,10,1.0,24.0
269,7.51,Rainy,Low,Evening,Car,27,6.0,50.0
47,6.58,Clear,Low,Afternoon,Bike,13,1.0,34.0
350,12.7,Clear,Low,Morning,Scooter,22,2.0,57.0
196,7.31,Foggy,Medium,Afternoon,Bike,26,2.0,65.0
1000,9.2,Clear,High,Morning,Scooter,9,9.0,48.0
835,10.22,Foggy,Low,Afternoon,Scooter,21,0.0,61.0
737,8.15,Clear,High,Evening,Scooter,12,9.0,43.0
264,10.61,Clear,Medium,Morning,Bike,17,0.0,59.0
444,7.73,Clear,High,Night,Bike,29,5.0,58.0
676,19.66,Clear,Low,Morning,Car,19,6.0,70.0
305,14.66,Snowy,High,Morning,Car,5,6.0,71.0
342,9.73,Clear,Low,Afternoon,Bike,29,6.0,60.0
967,14.52,Clear,Medium,Afternoon,Car,26,5.0,86.0
150,5.93,Foggy,High,Unknown,Scooter,27,1.0,89.0
125,4.94,Rainy,High,Evening,Scooter,28,4.0,63.0
787,11.88,Rainy,High,Afternoon,Car,29,9.0,78.0
51,19.41,Foggy,Medium,Morning,Car,7,6.0,66.0
354,3.68,Unknown,High,Afternoon,Car,16,6.0,47.0
928,11.06,Clear,High,Evening,Bike,6,9.0,53.0
143,10.2,Rainy,Medium,Afternoon,Bike,18,9.0,56.0
471,0.74,Rainy,Low,Morning,Car,13,4.0,21.0
400,15.21,Snowy,Medium,Afternoon,Bike,20,9.0,89.0
626,7.69,Rainy,High,Morning,Scooter,16,3.0,58.0
321,11.21,Clear,High,Afternoon,Scooter,23,1.0,76.0
20,6.18,Clear,Medium,Evening,Bike,9,9.0,35.0
810,2.71,Clear,Medium,Morning,Car,6,5.0,19.0
791,3.49,Clear,Medium,Morning,Bike,17,2.0,38.0
809,9.29,Clear,Medium,Morning,Bike,17,2.0,49.0
408,0.71,Foggy,Low,Night,Bike,29,1.0,41.0
538,5.32,Rainy,Low,Afternoon,Scooter,27,2.0,48.0
621,4.1,Clear,Medium,Evening,Car,18,3.0,38.0
39,13.84,Clear,Low,Morning,Scooter,18,5.0,64.0
176,3.9,Rainy,High,Morning,Car,25,9.0,54.0
246,18.6,Rainy,Medium,Morning,Car,28,9.0,77.0
829,14.88,Snowy,Medium,Evening,Bike,10,0.0,64.0
668,3.63,Windy,Medium,Morning,Car,22,9.0,39.0
755,3.22,Windy,High,Morning,Car,7,7.0,27.0
859,11.51,Foggy,Low,Afternoon,Car,5,7.0,57.0
155,19.72,Rainy,Low,Afternoon,Bike,27,6.0,89.0
288,11.08,Clear,Low,Evening,Scooter,28,2.0,58.0
603,3.95,Clear,Medium,Morning,Car,28,5.0,47.0
570,7.29,Clear,High,Evening,Car,11,7.0,48.0
744,10.3,Clear,Low,Morning,Car,12,7.0,41.0
18,10.73,Rainy,High,Afternoon,Car,27,6.0,83.0
128,17.28,Clear,Low,Morning,Car,28,3.0,72.0
323,13.37,Foggy,Medium,Evening,Scooter,16,9.0,71.0
256,11.36,Clear,Medium,Morning,Scooter,8,2.0,52.0
658,7.58,Clear,High,Afternoon,Scooter,19,9.0,57.0
965,6.13,Rainy,High,Unknown,Bike,25,6.0,59.0
191,2.32,Clear,Low,Afternoon,Scooter,23,1.0,32.0
116,17.49,Rainy,Low,Evening,Bike,27,9.0,89.0
617,1.69,Windy,Unknown,Afternoon,Car,11,7.0,20.0
607,4.52,Unknown,Low,Evening,Car,17,0.0,71.0
181,7.15,Windy,Low,Morning,Bike,15,3.0,42.0
302,10.86,Windy,Medium,Unknown,Car,10,4.0,60.0
760,15.88,Rainy,Low,Evening,Car,17,1.0,68.0
713,9.7,Snowy,Low,Evening,Bike,6,5.0,45.0
724,14.95,Clear,Medium,Morning,Bike,13,7.0,49.0
686,11.36,Foggy,Low,Afternoon,Bike,6,4.0,47.0
980,12.14,Foggy,High,Afternoon,Bike,12,0.0,65.0
518,16.31,Foggy,Medium,Afternoon,Car,14,7.0,71.0
985,14.7,Clear,Medium,Evening,Scooter,24,5.0,75.0
46,13.42,Rainy,Medium,Evening,Bike,6,6.0,89.0
910,7.9,Clear,Low,Afternoon,Scooter,22,5.0,48.0
158,15.35,Foggy,Low,Morning,Car,5,3.0,56.0
852,15.12,Foggy,Low,Morning,Bike,14,1.0,58.0
172,0.82,Windy,Low,Morning,Car,18,9.0,23.0
17,6.43,Clear,Low,Evening,Car,9,7.0,26.0
512,8.66,Snowy,High,Morning,Bike,29,3.0,77.0
49,11.16,Foggy,Medium,Afternoon,Car,21,4.0,77.0
972,18.77,Foggy,Low,Afternoon,Car,15,5.0,71.0
941,5.84,Clear,Unknown,Evening,Bike,21,7.0,35.0
516,1.01,Clear,High,Night,Bike,17,7.0,29.0
953,3.92,Rainy,Medium,Night,Bike,20,9.0,41.0
481,12.77,Foggy,Low,Morning,Bike,22,8.0,71.0
284,2.33,Clear,Low,Evening,Bike,9,2.0,18.0
719,2.92,Windy,High,Afternoon,Bike,24,4.0,48.0
878,13.35,Rainy,Low,Evening,Scooter,14,4.0,89.0
226,5.26,Rainy,Medium,Evening,Scooter,28,8.0,51.0
27,4.39,Foggy,Medium,Night,Bike,12,8.0,38.0
955,8.67,Windy,High,Morning,Bike,20,4.0,55.0
438,16.53,Snowy,Low,Afternoon,Scooter,24,9.0,89.0
952,13.47,Clear,Medium,Evening,Bike,19,4.0,59.0
365,18.86,Snowy,Medium,Night,Bike,18,1.0,89.0
230,12.81,Clear,Low,Morning,Bike,12,2.0,51.0
38,2.4,Snowy,Low,Night,Scooter,27,5.0,42.0
966,7.44,Rainy,Medium,Evening,Bike,6,1.0,39.0
375,1.89,Clear,Medium,Evening,Scooter,13,7.0,22.0
470,19.28,Snowy,Medium,Morning,Car,21,3.0,89.0
968,6.29,Unknown,Medium,Morning,Scooter,10,7.0,27.0
851,1.81,Clear,Medium,Afternoon,Car,23,3.0,34.0
705,1.74,Clear,Medium,Night,Bike,23,2.0,34.0
842,13.44,Clear,Medium,Morning,Car,22,1.0,79.0
195,7.11,Clear,Low,Afternoon,Scooter,27,5.0,48.0
855,4.5,Windy,Low,Evening,Scooter,20,6.0,32.0
865,8.31,Windy,Medium,Morning,Bike,6,5.0,44.0
504,16.37,Clear,High,Morning,Bike,26,7.0,89.0
970,9.78,Clear,Medium,Afternoon,Bike,18,3.0,58.0
831,4.88,Windy,Medium,Afternoon,Scooter,26,7.0,48.0
580,5.54,Rainy,Medium,Unknown,Scooter,28,9.0,51.0
969,11.54,Clear,High,Afternoon,Car,10,0.0,56.0
163,12.85,Clear,Low,Afternoon,Scooter,5,5.0,54.0
909,5.56,Clear,Low,Afternoon,Scooter,19,5.0,31.0
153,3.33,Unknown,Medium,Evening,Scooter,24,2.0,44.0
802,3.47,Snowy,High,Night,Bike,24,9.0,53.0
994,12.01,Clear,Low,Morning,Scooter,26,6.0,57.0
756,15.98,Foggy,Low,Morning,Car,21,6.0,89.0
112,3.64,Clear,Low,Morning,Scooter,16,3.0,26.0
227,19.47,Clear,Low,Morning,Bike,16,8.0,83.0
689,15.51,Rainy,Medium,Morning,Scooter,10,8.0,81.0
104,10.42,Windy,Medium,Afternoon,Bike,28,3.0,72.0
422,15.9,Rainy,Low,Evening,Car,19,5.0,78.0
420,15.17,Windy,Low,Morning,Bike,25,4.0,77.0
751,2.78,Rainy,Low,Unknown,Bike,21,4.0,37.0
587,1.98,Rainy,Low,Afternoon,Bike,22,0.0,39.0
781,14.03,Clear,Low,Afternoon,Bike,17,2.0,65.0
673,2.06,Foggy,Medium,Evening,Scooter,22,4.0,40.0
120,11.02,Clear,High,Morning,Scooter,22,2.0,70.0
54,17.95,Snowy,High,Morning,Scooter,16,5.0,89.0
152,5.17,Foggy,Low,Morning,Bike,29,0.0,56.0
404,16.62,Snowy,Low,Afternoon,Bike,26,8.0,89.0
946,0.71,Rainy,Low,Morning,Car,25,8.0,31.0
208,13.44,Clear,Unknown,Evening,Scooter,9,5.0,55.0
659,13.1,Clear,Low,Evening,Bike,28,2.0,72.0
844,19.24,Rainy,High,Afternoon,Bike,9,7.0,75.0
763,5.35,Clear,Medium,Afternoon,Scooter,24,6.0,43.0
9,12.22,Clear,Low,Evening,Scooter,15,0.0,56.0
808,18.55,Clear,Low,Afternoon,Car,11,9.0,69.0
37,6.44,Clear,Low,Afternoon,Car,18,2.0,43.0
453,8.77,Foggy,Medium,Evening,Car,14,7.0,49.0
652,10.97,Clear,Low,Afternoon,Scooter,27,3.0,51.0
254,6.68,Clear,High,Morning,Scooter,10,5.0,44.0
304,12.93,Rainy,Low,Afternoon,Scooter,25,0.0,61.0
747,7.99,Clear,Medium,Evening,Bike,18,4.0,42.0
572,15.78,Clear,High,Afternoon,Scooter,12,1.0,68.0
624,9.95,Windy,High,Evening,Scooter,21,5.0,72.0
733,13.47,Rainy,Low,Afternoon,Scooter,7,6.0,46.0
892,17.19,Clear,Medium,Afternoon,Bike,11,8.0,76.0
263,3.23,Clear,High,Afternoon,Bike,17,9.0,33.0
611,1.27,Foggy,High,Afternoon,Bike,25,9.0,46.0
298,4.71,Clear,Low,Morning,Bike,20,6.0,31.0
415,12.82,Rainy,Medium,Evening,Bike,28,9.0,72.0
151,18.21,Unknown,Low,Evening,Bike,6,3.0,74.0
789,9.51,Clear,High,Morning,Bike,26,9.0,63.0
641,0.89,Rainy,Low,Morning,Car,9,0.0,20.0
890,5.24,Windy,High,Afternoon,Scooter,26,8.0,51.0
551,10.64,Windy,Low,Evening,Car,11,9.0,36.0
887,13.23,Clear,Medium,Night,Bike,20,8.0,70.0
489,19.03,Clear,Medium,Morning,Scooter,8,8.0,65.0
148,10.3,Rainy,Low,Evening,Bike,29,0.0,73.0
147,12.39,Snowy,Medium,Evening,Bike,14,8.0,56.0
721,18.8,Clear,High,Afternoon,Bike,23,7.0,89.0
932,16.78,Rainy,Medium,Morning,Bike,22,1.0,70.0
740,7.85,Clear,Low,Afternoon,Scooter,7,9.0,34.0
660,11.63,Clear,Medium,Night,Scooter,29,7.0,57.0
349,7.8,Windy,Medium,Afternoon,Car,17,6.0,44.0
464,11.88,Rainy,Medium,Afternoon,Bike,5,1.0,63.0
326,14.89,Clear,High,Evening,Car,22,9.0,88.0
187,16.44,Rainy,High,Afternoon,Bike,12,5.0,86.0
124,2.65,Unknown,Medium,Afternoon,Car,14,4.0,35.0
854,18.01,Foggy,High,Night,Bike,14,2.0,71.0
609,10.32,Clear,Medium,Night,Car,24,5.0,49.0
144,6.37,Rainy,Low,Afternoon,Car,29,4.0,56.0
959,3.74,Rainy,Low,Morning,Bike,19,6.0,36.0
198,17.99,Windy,High,Evening,Bike,5,1.0,73.0
610,13.96,Rainy,Low,Night,Bike,5,1.0,42.0
280,16.02,Clear,Low,Evening,Bike,20,7.0,61.0
294,7.52,Unknown,Medium,Afternoon,Car,17,9.0,44.0
401,2.51,Clear,Low,Morning,Bike,16,2.0,28.0
123,6.7,Foggy,High,Morning,Scooter,23,3.0,59.0
184,17.61,Windy,Low,Morning,Bike,5,8.0,61.0
203,3.65,Clear,Medium,Morning,Bike,29,9.0,46.0
439,14.27,Clear,Medium,Night,Car,24,3.0,77.0
247,8.85,Clear,Low,Afternoon,Bike,11,9.0,45.0
416,9.24,Windy,Unknown,Afternoon,Bike,8,2.0,49.0
933,19.7,Rainy,Low,Evening,Car,16,6.0,66.0
766,11.61,Clear,High,Morning,Car,19,1.0,67.0
907,16.44,Windy,High,Afternoon,Car,8,0.0,80.0
836,8.67,Rainy,High,Afternoon,Bike,12,7.0,89.0
888,5.14,Clear,Medium,Evening,Scooter,23,7.0,43.0
130,10.46,Clear,Unknown,Evening,Bike,25,3.0,68.0
638,5.23,Clear,Medium,Morning,Scooter,23,2.0,47.0
403,10.35,Clear,Medium,Night,Bike,7,9.0,48.0
785,4.04,Rainy,High,Evening,Bike,14,6.0,39.0
771,2.66,Clear,Low,Afternoon,Bike,16,8.0,21.0
736,17.61,Foggy,Medium,Afternoon,Bike,9,5.0,74.0
914,8.48,Clear,High,Night,Bike,11,5.0,39.0
220,17.06,Clear,Low,Evening,Bike,9,9.0,66.0
642,6.78,Foggy,Low,Night,Bike,18,6.0,42.0
916,9.0,Snowy,Medium,Afternoon,Car,29,3.0,78.0
753,12.74,Clear,Low,Afternoon,Scooter,12,0.0,63.0
807,18.72,Rainy,Medium,Afternoon,Bike,17,0.0,89.0
920,3.23,Clear,Low,Unknown,Bike,7,7.0,14.0
625,12.56,Clear,Low,Morning,Car,22,8.0,49.0
875,1.0,Snowy,Medium,Morning,Bike,28,0.0,51.0
761,3.46,Clear,Low,Morning,Bike,24,6.0,37.0
387,6.0,Snowy,Low,Morning,Car,20,8.0,53.0
973,14.79,Clear,Medium,Morning,Scooter,12,9.0,64.0
510,14.65,Snowy,High,Morning,Car,19,3.0,89.0
268,14.2,Clear,Medium,Afternoon,Bike,17,1.0,73.0
820,7.04,Clear,Low,Afternoon,Bike,11,8.0,38.0
442,19.74,Clear,Unknown,Afternoon,Car,16,1.0,89.0
497,11.88,Rainy,Medium,Evening,Bike,20,8.0,69.0
113,18.63,Clear,Low,Evening,Bike,26,8.0,75.0
692,8.8,Rainy,Medium,Afternoon,Bike,6,2.0,38.0
233,11.75,Clear,High,Morning,Bike,9,2.0,55.0
870,18.95,Snowy,Low,Morning,Car,27,0.0,89.0
608,7.6,Foggy,Low,Morning,Bike,16,4.0,48.0
672,17.99,Foggy,Low,Morning,Car,11,2.0,84.0
374,13.82,Clear,Medium,Evening,Bike,21,9.0,72.0
982,15.53,Foggy,Low,Evening,Bike,26,7.0,68.0
843,3.97,Clear,High,Afternoon,Bike,19,8.0,40.0
234,10.1,Clear,High,Morning,Car,17,6.0,55.0
786,18.21,Foggy,Low,Morning,Bike,5,1.0,70.0
677,2.68,Clear,Low,Morning,Bike,16,8.0,25.0
318,3.88,Snowy,Low,Morning,Bike,9,6.0,33.0
649,15.89,Snowy,Medium,Afternoon,Car,15,9.0,89.0
411,6.73,Clear,Medium,Afternoon,Bike,21,1.0,54.0
899,0.75,Clear,Medium,Afternoon,Bike,10,5.0,16.0
710,13.79,Rainy,Low,Night,Scooter,11,0.0,69.0
359,18.83,Clear,Medium,Evening,Scooter,5,8.0,69.0
259,11.62,Clear,Low,Afternoon,Bike,9,8.0,33.0
745,5.03,Clear,Medium,Morning,Bike,17,5.0,38.0
628,15.08,Rainy,Medium,Evening,Scooter,26,1.0,89.0
633,10.48,Rainy,Low,Afternoon,Car,10,7.0,45.0
283,7.82,Rainy,Medium,Evening,Bike,16,8.0,45.0
377,16.98,Clear,Low,Unknown,Bike,11,6.0,78.0
385,14.83,Rainy,Low,Morning,Car,19,4.0,89.0
225,5.67,Clear,Low,Morning,Scooter,11,9.0,27.0
954,18.33,Snowy,Medium,Morning,Scooter,5,5.0,67.0
815,17.46,Clear,Medium,Morning,Scooter,6,5.0,62.0
473,1.34,Foggy,High,Evening,Bike,9,5.0,30.0
348,1.38,Clear,Low,Morning,Scooter,13,9.0,17.0
506,3.67,Clear,Low,Unknown,Bike,9,0.0,26.0
640,7.86,Windy,Medium,Morning,Car,22,2.0,55.0
988,8.98,Clear,Medium,Afternoon,Scooter,22,8.0,89.0
929,12.85,Rainy,Medium,Evening,Scooter,6,7.0,61.0
906,17.91,Clear,Low,Afternoon,Bike,6,7.0,68.0
620,15.09,Snowy,Low,Morning,Car,20,7.0,68.0
856,4.22,Clear,Medium,Morning,Bike,16,7.0,35.0
804,12.33,Clear,High,Night,Bike,7,2.0,89.0
646,17.87,Snowy,Low,Morning,Scooter,29,4.0,87.0
847,2.16,Clear,Medium,Night,Car,10,1.0,23.0
557,3.11,Rainy,Medium,Morning,Scooter,21,1.0,43.0
958,1.42,Clear,High,Afternoon,Scooter,24,2.0,40.0
578,18.57,Rainy,Medium,Afternoon,Bike,16,7.0,89.0
796,17.51,Clear,Medium,Evening,Bike,15,3.0,60.0
86,6.84,Clear,Medium,Evening,Bike,25,1.0,51.0
243,18.34,Snowy,Medium,Afternoon,Scooter,22,5.0,89.0
699,3.51,Windy,Medium,Night,Bike,22,2.0,44.0
160,14.7,Clear,Medium,Morning,Scooter,6,2.0,58.0
525,16.85,Clear,High,Morning,Car,17,4.0,71.0
36,16.26,Rainy,Low,Morning,Car,27,5.0,66.0
541,19.1,Snowy,Medium,Morning,Bike,25,6.0,89.0
171,13.71,Rainy,Medium,Evening,Bike,22,9.0,64.0
655,8.92,Clear,Medium,Unknown,Bike,10,1.0,51.0
891,14.58,Clear,Low,Evening,Bike,23,0.0,70.0
858,9.71,Clear,Low,Afternoon,Car,27,5.0,61.0
848,19.94,Clear,Low,Afternoon,Bike,26,6.0,83.0
945,4.53,Snowy,Medium,Morning,Scooter,18,4.0,49.0
734,10.7,Clear,High,Afternoon,Car,8,4.0,57.0
96,10.13,Clear,Medium,Evening,Bike,22,0.0,65.0
564,0.78,Clear,Low,Afternoon,Bike,11,0.0,18.0
241,18.84,Foggy,Medium,Afternoon,Scooter,25,8.0,88.0
743,15.08,Snowy,Low,Evening,Bike,29,7.0,84.0
575,17.32,Clear,Low,Evening,Scooter,10,3.0,77.0
691,6.81,Clear,Medium,Evening,Bike,23,2.0,47.0
461,2.79,Clear,High,Morning,Bike,23,7.0,38.0
554,11.44,Foggy,High,Afternoon,Car,14,4.0,74.0
889,2.44,Snowy,High,Evening,Bike,13,9.0,39.0
207,2.48,Rainy,Low,Evening,Scooter,20,8.0,30.0
393,7.75,Unknown,Medium,Evening,Scooter,21,1.0,55.0
795,0.85,Clear,Medium,Morning,Bike,9,8.0,17.0
398,8.87,Clear,Low,Evening,Bike,19,3.0,55.0
767,15.37,Snowy,Medium,Afternoon,Car,15,5.0,66.0
849,10.29,Foggy,Medium,Evening,Scooter,25,4.0,67.0
218,15.06,Rainy,Low,Morning,Bike,22,4.0,65.0
5,3.54,Foggy,Low,Unknown,Bike,23,7.0,37.0
769,7.17,Clear,Medium,Morning,Scooter,7,9.0,29.0
643,4.62,Rainy,Medium,Afternoon,Car,8,3.0,33.0
930,5.53,Clear,Low,Morning,Car,10,8.0,27.0
613,12.74,Rainy,Low,Afternoon,Bike,17,9.0,63.0
739,9.06,Clear,High,Evening,Bike,26,3.0,61.0
547,2.71,Foggy,Low,Morning,Bike,6,0.0,28.0
726,16.92,Clear,Low,Night,Bike,23,5.0,78.0
684,13.54,Foggy,Low,Morning,Bike,11,1.0,54.0
99,1.0,Snowy,Medium,Morning,Bike,25,4.0,44.0
805,8.77,Clear,Medium,Morning,Car,12,2.0,42.0
728,16.01,Windy,Low,Morning,Car,28,0.0,84.0
574,12.63,Foggy,Medium,Night,Scooter,8,8.0,49.0
407,8.09,Foggy,Low,Evening,Car,22,2.0,56.0
503,6.54,Clear,Medium,Night,Bike,10,7.0,39.0
48,10.64,Clear,Medium,Afternoon,Scooter,14,5.0,45.0
33,1.77,Clear,Medium,Evening,Bike,14,9.0,22.0
780,13.0,Foggy,Low,Evening,Bike,25,7.0,77.0
840,12.83,Clear,Low,Evening,Bike,5,8.0,50.0
201,13.02,Snowy,High,Afternoon,Car,6,9.0,65.0
135,18.89,Rainy,Medium,Morning,Scooter,22,1.0,74.0
28,10.53,Foggy,High,Evening,Bike,25,8.0,72.0
881,5.01,Rainy,Low,Afternoon,Bike,10,5.0,31.0
231,16.0,Foggy,Medium,Afternoon,Scooter,13,3.0,65.0
490,17.86,Clear,Low,Afternoon,Scooter,16,8.0,83.0
773,2.99,Foggy,High,Afternoon,Bike,9,5.0,89.0
379,16.38,Clear,Medium,Morning,Bike,6,2.0,51.0
289,6.09,Clear,Medium,Night,Bike,7,4.0,27.0
419,13.61,Clear,Low,Morning,Bike,26,0.0,66.0
675,8.5,Snowy,High,Evening,Bike,14,7.0,56.0
392,8.55,Clear,Low,Evening,Scooter,28,8.0,46.0
593,4.05,Clear,Medium,Afternoon,Scooter,21,5.0,39.0
499,19.5,Clear,High,Morning,Bike,18,2.0,73.0
139,7.59,Clear,Unknown,Afternoon,Scooter,16,3.0,37.0
63,16.66,Snowy,High,Afternoon,Scooter,29,7.0,89.0
472,19.41,Snowy,High,Evening,Car,21,3.0,89.0
648,13.74,Foggy,Medium,Afternoon,Bike,6,1.0,56.0
129,0.64,Clear,High,Night,Bike,10,3.0,24.0
977,12.1,Clear,High,Afternoon,Bike,11,0.0,53.0
521,12.09,Clear,Medium,Morning,Car,13,1.0,60.0
839,11.82,Windy,Medium,Night,Bike,24,7.0,77.0
963,5.28,Foggy,Low,Morning,Bike,27,6.0,53.0
65,5.98,Clear,Low,Evening,Car,22,9.0,35.0
813,2.93,Clear,Medium,Morning,Bike,24,8.0,89.0
15,4.05,Snowy,Medium,Evening,Scooter,19,2.0,50.0
157,13.61,Clear,Low,Unknown,Scooter,12,2.0,43.0
41,2.88,Rainy,Unknown,Morning,Car,16,4.0,41.0
493,5.91,Clear,Medium,Evening,Scooter,29,4.0,57.0
380,6.0,Rainy,Medium,Evening,Scooter,21,2.0,47.0
188,11.33,Clear,Medium,Afternoon,Scooter,29,7.0,77.0
764,15.01,Clear,Medium,Morning,Bike,15,6.0,64.0
217,6.85,Clear,High,Morning,Bike,16,5.0,48.0
792,11.93,Snowy,High,Morning,Car,7,1.0,75.0
53,18.82,Windy,Low,Morning,Car,5,3.0,77.0
879,1.03,Clear,Medium,Afternoon,Bike,19,4.0,29.0
338,14.22,Rainy,Unknown,Evening,Car,25,8.0,84.0
749,18.18,Snowy,High,Unknown,Bike,17,3.0,85.0
720,14.75,Clear,Low,Morning,Car,10,7.0,62.0
725,11.7,Rainy,Low,Afternoon,Bike,17,5.0,60.0
296,10.68,Clear,Low,Morning,Bike,14,1.0,42.0
702,1.51,Clear,High,Evening,Bike,26,1.0,44.0
252,8.01,Clear,High,Morning,Bike,8,6.0,48.0
727,3.23,Rainy,Low,Morning,Car,25,7.0,42.0
462,13.16,Rainy,High,Morning,Scooter,25,8.0,68.0
456,10.11,Windy,Low,Morning,Bike,11,4.0,44.0
997,18.39,Windy,Low,Afternoon,Bike,24,6.0,74.0
816,10.62,Windy,Medium,Afternoon,Car,22,5.0,54.0
863,10.73,Clear,Unknown,Afternoon,Bike,7,5.0,57.0
270,6.23,Clear,Medium,Evening,Car,20,1.0,51.0
202,2.14,Clear,Low,Afternoon,Bike,25,1.0,36.0
162,12.83,Clear,Medium,Morning,Bike,19,2.0,76.0
556,8.37,Clear,High,Evening,Scooter,13,7.0,42.0
730,3.69,Rainy,Medium,Afternoon,Bike,8,8.0,27.0
402,18.1,Clear,Low,Morning,Scooter,8,5.0,77.0
703,7.06,Clear,Low,Afternoon,Scooter,26,5.0,51.0
477,1.94,Foggy,Low,Night,Bike,10,1.0,25.0
822,0.59,Clear,Low,Afternoon,Bike,21,0.0,27.0
772,17.01,Snowy,Low,Night,Bike,28,6.0,89.0
106,5.36,Clear,Low,Afternoon,Scooter,11,4.0,30.0
566,12.0,Clear,Low,Evening,Car,25,0.0,75.0
390,16.23,Clear,Medium,Evening,Bike,6,0.0,54.0
2,19.04,Rainy,Low,Evening,Car,12,6.0,60.0
938,18.33,Foggy,Medium,Morning,Scooter,19,0.0,89.0
983,2.58,Clear,Medium,Morning,Scooter,25,7.0,37.0
562,4.65,Clear,Medium,Evening,Bike,21,1.0,46.0
81,17.33,Snowy,Low,Evening,Scooter,12,3.0,79.0
206,0.68,Snowy,High,Evening,Bike,29,8.0,50.0
35,19.33,Clear,Medium,Morning,Bike,7,8.0,73.0
776,3.42,Clear,Medium,Night,Car,11,9.0,24.0
509,19.02,Rainy,High,Evening,Scooter,22,1.0,89.0
428,17.81,Windy,High,Evening,Bike,21,4.0,89.0
455,2.67,Clear,Medium,Night,Car,17,6.0,28.0
367,19.24,Snowy,Low,Unknown,Bike,26,1.0,89.0
92,14.41,Rainy,Unknown,Night,Bike,16,6.0,85.0
340,2.41,Unknown,Medium,Evening,Bike,15,9.0,25.0
898,17.98,Clear,Low,Evening,Bike,5,8.0,45.0
565,7.34,Foggy,Medium,Afternoon,Bike,22,5.0,89.0
346,12.51,Clear,Medium,Evening,Bike,18,5.0,62.0
777,4.97,Rainy,Low,Evening,Bike,17,9.0,34.0
242,19.1,Snowy,Low,Afternoon,Bike,18,1.0,89.0
14,4.64,Clear,Low,Afternoon,Bike,15,9.0,24.0
316,14.07,Rainy,Low,Evening,Bike,10,5.0,63.0
601,3.79,Clear,Medium,Morning,Bike,13,2.0,34.0
388,3.96,Clear,Medium,Afternoon,Bike,23,5.0,44.0
274,18.31,Clear,Medium,Afternoon,Bike,25,3.0,79.0
167,6.76,Foggy,Medium,Night,Bike,7,6.0,42.0
841,0.76,Clear,Low,Afternoon,Car,26,9.0,28.0
993,5.81,Rainy,Medium,Evening,Bike,14,8.0,41.0
647,12.08,Clear,High,Afternoon,Scooter,16,4.0,60.0
819,1.57,Rainy,Low,Evening,Car,16,1.0,30.0
485,11.89,Clear,Medium,Afternoon,Bike,28,0.0,79.0
981,7.02,Clear,Medium,Evening,Car,23,2.0,53.0
505,13.85,Clear,Low,Evening,Bike,29,5.0,71.0
832,9.32,Rainy,Medium,Evening,Scooter,24,2.0,71.0
244,7.72,Foggy,High,Evening,Bike,19,4.0,64.0
567,8.15,Rainy,Low,Afternoon,Bike,26,2.0,50.0
876,3.54,Rainy,Medium,Afternoon,Scooter,17,4.0,41.0
563,3.16,Snowy,Low,Morning,Car,9,5.0,27.0
687,11.65,Windy,Low,Night,Bike,10,3.0,53.0
190,5.22,Snowy,Medium,Unknown,Scooter,14,3.0,43.0
783,5.41,Clear,High,Morning,Scooter,17,6.0,38.0
700,9.88,Rainy,Medium,Morning,Car,7,0.0,43.0
476,19.86,Rainy,High,Evening,Bike,12,8.0,71.0
682,5.53,Windy,High,Morning,Bike,23,4.0,59.0
511,12.46,Foggy,Low,Afternoon,Bike,10,1.0,62.0
59,1.38,Clear,Medium,Morning,Car,6,3.0,17.0
475,10.79,Clear,Medium,Evening,Scooter,24,1.0,65.0
561,14.23,Clear,Medium,Afternoon,Scooter,23,7.0,70.0
857,1.21,Snowy,Low,Afternoon,Bike,22,1.0,39.0
748,11.1,Clear,Low,Afternoon,Bike,18,7.0,56.0
253,17.1,Clear,Medium,Evening,Bike,25,5.0,65.0
22,3.22,Clear,Medium,Afternoon,Bike,19,9.0,32.0
314,19.27,Foggy,Medium,Morning,Car,29,9.0,85.0
460,2.82,Rainy,Medium,Evening,Scooter,10,1.0,29.0
161,7.67,Foggy,Medium,Afternoon,Scooter,22,8.0,59.0
277,16.07,Clear,Medium,Evening,Bike,16,5.0,64.0
956,7.97,Windy,Medium,Evening,Scooter,9,8.0,35.0
192,18.0,Rainy,High,Night,Car,22,5.0,89.0
386,16.17,Clear,Medium,Evening,Scooter,12,2.0,78.0
806,14.86,Unknown,High,Night,Scooter,15,4.0,89.0
414,11.68,Clear,Unknown,Afternoon,Scooter,25,7.0,70.0
492,12.59,Clear,Low,Evening,Scooter,10,2.0,39.0
344,8.96,Snowy,Unknown,Morning,Car,6,5.0,51.0
770,16.51,Clear,Medium,Morning,Bike,7,1.0,79.0
309,16.01,Clear,Low,Afternoon,Car,12,4.0,72.0
662,19.74,Rainy,High,Afternoon,Scooter,11,7.0,81.0
131,8.64,Snowy,Low,Evening,Bike,29,4.0,62.0
664,5.13,Clear,Medium,Morning,Car,16,1.0,38.0
872,5.78,Clear,High,Morning,Bike,11,5.0,38.0
100,2.6,Clear,Low,Afternoon,Bike,16,1.0,29.0
373,2.34,Foggy,Medium,Morning,Bike,8,2.0,28.0
88,12.93,Clear,Medium,Morning,Scooter,20,8.0,58.0
459,1.6,Clear,Medium,Evening,Bike,14,8.0,24.0
331,7.44,Rainy,Low,Evening,Bike,27,5.0,53.0
215,14.39,Rainy,Medium,Morning,Scooter,6,5.0,50.0
467,6.07,Unknown,Low,Afternoon,Bike,18,4.0,35.0
122,17.97,Windy,Medium,Morning,Scooter,28,7.0,89.0
615,17.53,Clear,Low,Afternoon,Bike,14,6.0,79.0
21,12.43,Rainy,High,Morning,Bike,13,6.0,70.0
701,10.89,Windy,Medium,Evening,Bike,7,0.0,58.0
72,4.37,Clear,Medium,Evening,Scooter,6,7.0,25.0
107,8.5,Clear,High,Evening,Car,13,3.0,54.0
271,16.28,Rainy,Low,Morning,Scooter,8,9.0,71.0
861,15.62,Snowy,High,Evening,Scooter,26,2.0,81.0
436,14.17,Clear,Low,Afternoon,Bike,8,0.0,55.0
103,6.63,Foggy,Low,Night,Scooter,24,3.0,58.0
2001,1.24,Foggy,Low,Afternoon,Bike,11,1.0,19.3
2002,0.57,Clear,Low,Night,Bike,11,1.0,19.0
2003,0.52,Snowy,Medium,Morning,Car,20,1.0,36.4
2004,0.14,Foggy,Medium,Morning,Bike,22,0.0,46.3
2005,3.92,Clear,Medium,Evening,Bike,23,0.0,48.6
2006,2.65,Windy,Medium,Evening,Bike,18,1.0,44.9
2007,1.35,Foggy,Medium,Afternoon,Bike,20,1.0,36.7
2008,2.36,Foggy,High,Evening,Scooter,31,0.0,64.8
2009,2.51,Clear,Medium,Afternoon,Bike,15,0.0,39.2
2010,0.81,Clear,Medium,Morning,Car,13,1.0,24.3
2011,1.23,Clear,Low,Evening,Scooter,31,1.0,40.3
2012,2.23,Windy,Low,Afternoon,Bike,28,0.0,41.9
2013,3.38,Rainy,Medium,Evening,Car,6,0.0,33.5
2014,0.61,Snowy,Medium,Evening,Bike,16,0.0,45.7
2015,3.45,Clear,High,Morning,Scooter,22,1.0,41.7
2016,2.48,Clear,Medium,Morning,Scooter,12,0.0,27.0
2017,2.01,Rainy,Low,Evening,Bike,8,1.0,30.0
2018,0.66,Clear,Low,Evening,Bike,8,1.0,21.2
2019,2.24,Snowy,Medium,Afternoon,Scooter,19,0.0,42.4
2020,1.48,Rainy,Low,Evening,Scooter,13,0.0,24.2
2021,0.84,Foggy,Medium,Afternoon,Scooter,14,1.0,29.9
2022,3.53,Clear,Medium,Afternoon,Bike,7,1.0,31.6
2023,1.9,Windy,Medium,Morning,Bike,22,0.0,38.3
2024,0.41,Snowy,High,Morning,Car,25,1.0,54.1
2025,1.28,Foggy,Medium,Afternoon,Bike,22,0.0,47.3
2026,0.81,Clear,Medium,Evening,Car,11,0.0,25.6
2027,3.76,Clear,High,Evening,Scooter,30,0.0,56.0
2028,1.05,Clear,Medium,Morning,Scooter,30,0.0,47.0
2029,2.07,Clear,High,Afternoon,Bike,14,0.0,36.3
2030,3.01,Rainy,Low,Morning,Car,32,1.0,50.6
2031,0.72,Foggy,Low,Morning,Car,17,0.0,27.8
2032,1.81,Windy,Low,Evening,Scooter,9,1.0,21.7
2033,2.65,Clear,Low,Afternoon,Scooter,19,0.0,24.5
2034,3.54,Clear,Medium,Morning,Bike,18,1.0,39.8
2035,2.65,Clear,High,Afternoon,Bike,26,1.0,54.1
2036,0.41,Clear,High,Evening,Car,15,0.0,30.0
2037,1.35,Clear,High,Evening,Bike,23,0.0,42.1
2038,1.47,Clear,Low,Evening,Bike,24,1.0,47.2
2039,1.61,Clear,Low,Morning,Bike,8,1.0,19.6
2040,3.77,Rainy,Low,Evening,Scooter,21,0.0,41.5
2041,0.24,Clear,Medium,Afternoon,Scooter,17,0.0,24.3
2042,1.28,Snowy,Low,Morning,Scooter,13,0.0,31.9
2043,2.02,Foggy,Low,Night,Bike,16,1.0,28.6
2044,0.44,Clear,Low,Morning,Bike,26,1.0,40.8
2045,1.99,Snowy,Medium,Evening,Bike,21,0.0,50.8
2046,0.52,Snowy,Low,Evening,Car,20,1.0,31.4
2047,3.37,Clear,Low,Afternoon,Bike,10,0.0,14.8
2048,1.15,Clear,Low,Morning,Car,21,0.0,30.8
2049,2.14,Rainy,High,Morning,Bike,23,1.0,54.8
2050,2.51,Clear,Low,Afternoon,Car,30,1.0,36.0
2051,1.29,Clear,Medium,Morning,Scooter,24,1.0,35.5
2052,1.47,Clear,Medium,Afternoon,Car,10,0.0,19.5
2053,2.09,Foggy,Low,Afternoon,Scooter,29,0.0,40.5
2054,3.24,Rainy,Low,Morning,Scooter,24,0.0,46.9
2055,1.87,Foggy,High,Afternoon,Scooter,6,1.0,29.0
2056,2.01,Foggy,Medium,Morning,Bike,22,1.0,43.5
2057,2.42,Clear,Medium,Afternoon,Car,15,0.0,33.5
2058,1.76,Rainy,Medium,Night,Scooter,20,1.0,39.6
2059,2.93,Clear,Low,Afternoon,Bike,14,0.0,23.6
2060,0.12,Clear,High,Night,Bike,22,0.0,40.8
2061,1.98,Rainy,High,Afternoon,Scooter,12,1.0,37.9
2062,3.7,Clear,Low,Morning,Car,25,1.0,38.0
2063,2.5,Rainy,High,Morning,Scooter,10,0.0,41.6
2064,2.0,Foggy,Medium,Morning,Bike,8,0.0,34.1
2065,3.11,Rainy,Low,Evening,Scooter,11,1.0,33.0
2066,1.63,Rainy,High,Afternoon,Bike,16,0.0,46.8
2067,1.92,Rainy,Medium,Evening,Bike,21,1.0,49.9
2068,0.86,Clear,High,Afternoon,Car,17,0.0,25.6
2069,0.58,Clear,Medium,Evening,Bike,17,0.0,29.1
2070,0.2,Clear,Medium,Morning,Bike,26,1.0,39.5
2071,2.95,Clear,Low,Morning,Bike,19,0.0,34.7
2072,1.93,Clear,High,Night,Bike,18,0.0,38.0
2073,3.76,Snowy,Medium,Evening,Bike,16,0.0,47.2
2074,0.79,Clear,High,Evening,Bike,31,0.0,55.5
2075,1.05,Clear,Medium,Morning,Bike,14,0.0,29.7
2076,2.59,Clear,Low,Night,Car,12,1.0,10.0
2077,0.31,Clear,Low,Morning,Bike,18,0.0,24.6
2078,2.06,Rainy,Medium,Afternoon,Car,21,0.0,36.7
2079,0.58,Rainy,Low,Morning,Scooter,8,1.0,20.9
2080,0.73,Foggy,Low,Morning,Bike,26,0.0,45.3
2081,2.1,Rainy,Low,Afternoon,Bike,14,0.0,32.9
2082,2.32,Clear,Medium,Afternoon,Bike,20,0.0,31.1
2083,0.93,Snowy,Medium,Afternoon,Scooter,12,1.0,35.8
2084,1.16,Clear,High,Morning,Scooter,26,1.0,45.4
2085,1.21,Clear,Low,Night,Bike,15,0.0,23.9
2086,0.65,Clear,High,Evening,Bike,12,0.0,35.8
2087,3.87,Foggy,Low,Night,Bike,7,0.0,24.0
2088,2.8,Clear,High,Morning,Scooter,15,0.0,40.9
2089,0.53,Clear,Medium,Evening,Bike,16,1.0,26.7
2090,1.49,Rainy,Low,Evening,Scooter,8,1.0,27.7
2091,0.77,Clear,Low,Afternoon,Scooter,19,0.0,23.3
2092,1.01,Foggy,Medium,Afternoon,Scooter,17,0.0,33.3
2093,3.76,Clear,Medium,Evening,Bike,18,1.0,43.3
2094,0.63,Clear,Low,Morning,Bike,11,0.0,21.1
2095,3.53,Clear,High,Morning,Bike,16,1.0,49.0
2096,3.38,Rainy,Low,Morning,Car,31,1.0,46.7
2097,3.0,Clear,Medium,Afternoon,Bike,15,1.0,30.0
2098,2.04,Clear,High,Morning,Bike,24,1.0,50.3
2099,1.11,Clear,Medium,Morning,Bike,11,1.0,24.7
2100,3.34,Windy,Medium,Evening,Scooter,11,1.0,31.0
2101,3.35,Windy,High,Morning,Scooter,34,1.0,62.6
2102,2.15,Foggy,Low,Night,Scooter,20,0.0,33.9
2103,0.29,Clear,High,Morning,Scooter,21,1.0,38.9
2104,0.85,Windy,High,Night,Car,16,0.0,30.2
2105,0.32,Foggy,Low,Afternoon,Car,23,1.0,27.1
2106,0.8,Foggy,Medium,Evening,Bike,28,0.0,48.8
2107,2.08,Clear,Medium,Evening,Bike,10,1.0,29.7
2108,3.43,Clear,High,Afternoon,Car,12,1.0,29.1
2109,2.65,Clear,High,Afternoon,Scooter,26,0.0,42.9
2110,2.44,Windy,Medium,Morning,Car,10,1.0,24.5
2111,3.02,Clear,Medium,Afternoon,Bike,15,1.0,27.5
2112,2.6,Clear,Medium,Evening,Car,10,0.0,29.0
2113,1.83,Clear,Medium,Evening,Bike,16,0.0,38.2
2114,3.28,Rainy,High,Evening,Scooter,17,1.0,44.9
2115,1.31,Clear,Medium,Afternoon,Bike,12,1.0,28.2
2116,3.72,Snowy,Low,Evening,Bike,10,0.0,38.3
2117,0.55,Foggy,High,Evening,Bike,16,0.0,40.3
2118,2.59,Foggy,Low,Morning,Bike,18,1.0,34.9
2119,2.05,Clear,Low,Evening,Bike,22,1.0,35.5
2120,1.76,Rainy,Medium,Morning,Car,22,1.0,44.5
2121,1.78,Rainy,Medium,Afternoon,Car,10,1.0,28.1
2122,0.26,Rainy,Medium,Evening,Car,17,0.0,33.0
2123,3.03,Clear,Medium,Night,Car,25,0.0,39.0
2124,1.47,Clear,Medium,Afternoon,Car,19,0.0,27.7
2125,1.96,Clear,Medium,Afternoon,Car,26,0.0,34.1
2126,3.41,Rainy,Medium,Night,Bike,30,0.0,59.4
2127,2.35,Clear,Medium,Morning,Bike,15,0.0,36.6
2128,3.42,Clear,High,Evening,Car,11,0.0,36.1
2129,0.63,Clear,Medium,Morning,Bike,10,1.0,23.5
2130,1.2,Rainy,Medium,Morning,Scooter,11,0.0,31.1
2131,0.99,Clear,High,Evening,Scooter,21,0.0,43.6
2132,3.56,Windy,Medium,Afternoon,Bike,11,0.0,33.0
2133,3.15,Rainy,Low,Afternoon,Bike,30,0.0,49.3
2134,3.35,Clear,High,Morning,Scooter,21,1.0,42.6
2135,2.32,Rainy,Low,Afternoon,Scooter,30,1.0,44.1
2136,0.96,Clear,Medium,Morning,Bike,19,0.0,33.9
2137,1.57,Windy,Low,Morning,Scooter,13,1.0,26.0
2138,2.25,Clear,Low,Morning,Bike,12,0.0,24.0
2139,0.17,Foggy,Medium,Evening,Bike,23,0.0,43.7
2140,2.59,Clear,Medium,Evening,Scooter,5,0.0,27.4
2141,3.43,Rainy,Medium,Morning,Bike,26,0.0,57.6
2142,1.37,Rainy,High,Morning,Car,8,0.0,33.0
2143,2.75,Windy,Medium,Evening,Bike,20,1.0,47.0
2144,1.99,Rainy,Medium,Afternoon,Car,16,1.0,30.6
2145,0.12,Clear,Low,Morning,Car,20,1.0,20.7
2146,1.21,Clear,High,Afternoon,Car,24,1.0,37.0
2147,2.16,Clear,Medium,Afternoon,Scooter,11,0.0,27.0
2148,2.93,Rainy,Medium,Evening,Scooter,29,0.0,57.6
2149,1.67,Clear,Low,Morning,Scooter,19,0.0,27.2
2150,0.83,Clear,Low,Night,Scooter,16,0.0,19.0
2151,0.34,Snowy,Low,Evening,Bike,31,1.0,52.4
2152,2.89,Snowy,High,Evening,Bike,24,1.0,69.0
2153,1.52,Clear,Medium,Afternoon,Bike,12,0.0,26.6
2154,2.62,Rainy,Medium,Afternoon,Scooter,10,0.0,34.9
2155,0.96,Clear,Medium,Afternoon,Bike,28,0.0,42.9
2156,3.04,Rainy,Medium,Afternoon,Scooter,19,0.0,43.2
2157,1.44,Clear,Low,Morning,Bike,17,1.0,32.6
2158,0.3,Rainy,Low,Afternoon,Bike,10,0.0,24.2
2159,2.09,Foggy,Medium,Evening,Scooter,18,1.0,38.9
2160,2.95,Foggy,Low,Afternoon,Car,14,0.0,24.9
2161,3.74,Clear,Medium,Evening,Bike,13,1.0,37.7
2162,3.89,Windy,Low,Morning,Car,16,1.0,34.5
2163,1.88,Clear,Medium,Evening,Bike,8,1.0,31.5
2164,2.49,Clear,Low,Afternoon,Bike,19,1.0,33.5
2165,2.27,Rainy,Medium,Evening,Bike,20,1.0,46.0
2166,2.18,Clear,High,Afternoon,Bike,21,0.0,42.1
2167,0.55,Snowy,High,Morning,Bike,8,1.0,38.1
2168,2.72,Snowy,High,Morning,Bike,12,0.0,50.4
2169,3.86,Clear,High,Evening,Scooter,23,0.0,52.3
2170,0.59,Windy,Medium,Evening,Scooter,19,1.0,33.0
2171,1.32,Clear,Low,Afternoon,Bike,7,1.0,14.8
2172,0.4,Rainy,Medium,Night,Car,22,0.0,37.8
2173,1.67,Clear,High,Afternoon,Scooter,16,0.0,32.7
2174,1.98,Windy,Medium,Evening,Bike,14,1.0,36.2
2175,1.5,Clear,Medium,Evening,Bike,23,1.0,45.0
2176,1.96,Clear,Low,Night,Bike,15,0.0,25.4
2177,3.23,Clear,Medium,Afternoon,Car,17,0.0,27.9
2178,0.93,Windy,Low,Afternoon,Bike,26,1.0,36.7
2179,3.06,Snowy,Medium,Morning,Bike,12,0.0,46.0
2180,3.19,Foggy,Low,Afternoon,Bike,19,0.0,44.5
2181,2.37,Snowy,High,Morning,Bike,11,0.0,52.8
2182,1.33,Snowy,Low,Afternoon,Bike,31,1.0,58.9
2183,3.75,Rainy,Medium,Afternoon,Scooter,15,1.0,34.5
2184,1.52,Clear,Medium,Afternoon,Car,28,0.0,41.5
2185,0.29,Foggy,Medium,Morning,Bike,16,0.0,42.3
2186,0.63,Rainy,Medium,Afternoon,Bike,25,1.0,44.9
2187,3.58,Clear,Low,Morning,Bike,23,0.0,39.7
2188,0.68,Clear,Medium,Evening,Bike,13,1.0,32.1
2189,1.84,Foggy,Medium,Afternoon,Scooter,20,0.0,36.1
2190,2.8,Clear,Medium,Evening,Car,13,1.0,25.1
2191,2.34,Windy,High,Evening,Scooter,7,0.0,28.9
2192,2.65,Clear,Medium,Afternoon,Bike,14,0.0,27.3
2193,1.46,Clear,Medium,Afternoon,Car,22,0.0,31.9
2194,2.68,Snowy,Low,Evening,Car,12,0.0,33.9
2195,0.14,Clear,Medium,Evening,Bike,20,0.0,33.4
2196,1.13,Clear,High,Afternoon,Car,23,1.0,38.3
2197,0.58,Rainy,Medium,Evening,Scooter,15,1.0,36.1
2198,1.88,Snowy,Low,Morning,Scooter,11,0.0,32.2
2199,0.67,Clear,Low,Evening,Bike,19,1.0,31.9
2200,2.23,Clear,High,Afternoon,Bike,11,1.0,34.0
2201,0.8,Foggy,Low,Morning,Scooter,6,0.0,22.8
2202,1.72,Windy,Low,Morning,Bike,11,0.0,29.7
2203,0.39,Rainy,Low,Afternoon,Car,14,1.0,17.5
2204,1.82,Clear,Low,Afternoon,Bike,21,1.0,35.9
2205,3.25,Clear,Low,Evening,Bike,15,0.0,29.3
2206,1.34,Clear,Low,Afternoon,Scooter,28,0.0,32.9
2207,2.85,Clear,Low,Night,Scooter,23,1.0,38.3
2208,1.76,Rainy,Medium,Evening,Bike,32,1.0,59.7
2209,1.01,Clear,Medium,Morning,Scooter,21,1.0,32.2
2210,1.28,Rainy,Medium,Afternoon,Scooter,8,0.0,26.8
2211,1.28,Rainy,Medium,Night,Scooter,12,0.0,31.4
2212,3.0,Rainy,Low,Afternoon,Bike,14,1.0,33.6
2213,0.88,Clear,Medium,Morning,Scooter,22,0.0,34.4
2214,3.91,Snowy,Low,Night,Scooter,20,1.0,36.2
2215,2.78,Foggy,Low,Afternoon,Scooter,13,1.0,22.0
2216,1.66,Foggy,Low,Evening,Scooter,22,0.0,34.3
2217,3.99,Clear,Low,Night,Bike,14,1.0,32.1
2218,0.94,Clear,Medium,Afternoon,Bike,21,1.0,30.8
2219,3.08,Windy,Medium,Afternoon,Bike,15,0.0,37.2
2220,1.16,Clear,Low,Night,Bike,13,1.0,25.1
2221,2.22,Clear,High,Morning,Scooter,18,0.0,42.8
2222,0.31,Rainy,Low,Afternoon,Scooter,32,0.0,45.9
2223,3.4,Rainy,Low,Evening,Car,20,0.0,36.7
2224,1.53,Windy,Low,Afternoon,Scooter,15,0.0,25.3
2225,2.38,Clear,Low,Afternoon,Scooter,18,0.0,28.7
2226,3.72,Windy,Low,Afternoon,Scooter,17,1.0,32.4
2227,0.22,Clear,Low,Afternoon,Bike,8,1.0,16.6
2228,3.88,Rainy,Medium,Afternoon,Scooter,21,1.0,40.4
2229,2.15,Rainy,Medium,Morning,Bike,13,1.0,42.1
2230,3.14,Clear,Medium,Evening,Bike,18,0.0,42.4
2231,1.94,Clear,Low,Morning,Car,10,1.0,17.2
2232,3.28,Clear,Low,Afternoon,Scooter,24,1.0,30.8
2233,3.53,Windy,Medium,Afternoon,Bike,7,0.0,31.1
2234,1.59,Rainy,Medium,Evening,Scooter,15,0.0,34.5
2235,2.92,Windy,Low,Morning,Car,16,1.0,27.5
2236,3.99,Snowy,Medium,Evening,Bike,23,0.0,60.6
2237,3.05,Clear,High,Evening,Car,31,1.0,56.2
2238,3.83,Foggy,Medium,Night,Car,13,1.0,33.3
2239,2.97,Clear,Medium,Afternoon,Scooter,11,0.0,24.2
2240,1.39,Clear,Medium,Evening,Bike,20,0.0,35.7
2241,3.33,Snowy,Medium,Afternoon,Bike,13,0.0,40.0
2242,2.7,Foggy,Medium,Morning,Bike,8,1.0,38.2
2243,0.23,Clear,Medium,Morning,Bike,13,0.0,30.1
2244,0.77,Rainy,Medium,Afternoon,Scooter,13,0.0,29.4
2245,1.12,Rainy,Medium,Afternoon,Car,19,0.0,35.0
2246,3.0,Snowy,Low,Morning,Bike,17,0.0,45.7
2247,3.21,Rainy,Medium,Morning,Bike,15,1.0,41.4
2248,3.32,Clear,Medium,Evening,Bike,14,1.0,35.2
2249,0.36,Clear,Medium,Morning,Bike,14,1.0,32.1
2250,0.38,Clear,High,Evening,Scooter,26,0.0,45.6
2251,1.27,Rainy,Low,Evening,Car,17,1.0,33.5
2252,2.76,Snowy,High,Night,Bike,26,1.0,61.7
2253,3.38,Clear,High,Morning,Bike,33,0.0,60.1
2254,3.49,Clear,Medium,Morning,Scooter,18,1.0,27.1
2255,0.91,Clear,Low,Morning,Bike,28,1.0,40.0
2256,3.09,Foggy,Medium,Morning,Car,12,1.0,30.1
2257,2.6,Snowy,High,Afternoon,Car,15,0.0,44.2
2258,3.71,Clear,Low,Evening,Bike,21,1.0,43.3
2259,3.11,Clear,Medium,Morning,Scooter,13,1.0,28.2
2260,2.16,Rainy,High,Night,Scooter,19,1.0,46.1
2261,3.15,Clear,High,Afternoon,Bike,27,1.0,53.9
2262,1.3,Snowy,High,Morning,Bike,31,0.0,66.9
2263,3.17,Clear,Medium,Morning,Car,18,0.0,36.0
2264,3.15,Clear,Medium,Afternoon,Bike,22,1.0,34.1
2265,3.44,Windy,Medium,Afternoon,Scooter,20,0.0,38.8
2266,1.05,Clear,Low,Night,Bike,16,0.0,24.3
2267,3.41,Clear,Low,Morning,Bike,15,0.0,35.7
2268,0.76,Clear,Medium,Afternoon,Car,20,1.0,30.0
2269,3.11,Clear,Low,Morning,Scooter,15,1.0,25.7
2270,3.73,Clear,Medium,Evening,Scooter,23,1.0,36.9
2271,0.24,Clear,Low,Afternoon,Bike,11,0.0,12.7
2272,2.54,Clear,High,Afternoon,Car,22,0.0,43.8
2273,2.67,Clear,Low,Morning,Bike,18,1.0,33.0
2274,3.28,Rainy,Medium,Morning,Scooter,10,1.0,31.3
2275,0.5,Rainy,Medium,Afternoon,Bike,25,1.0,40.5
2276,3.65,Clear,Medium,Morning,Scooter,19,0.0,39.7
2277,3.98,Clear,Low,Evening,Scooter,22,0.0,37.1
2278,2.72,Rainy,Low,Morning,Bike,11,1.0,38.4
2279,1.78,Snowy,Medium,Morning,Scooter,12,1.0,37.1
2280,2.58,Snowy,High,Afternoon,Bike,26,0.0,60.8
2281,0.31,Clear,Low,Morning,Scooter,17,1.0,23.0
2282,3.04,Clear,High,Evening,Scooter,14,0.0,41.1
2283,0.37,Clear,Low,Afternoon,Car,18,0.0,24.1
2284,1.36,Clear,High,Morning,Bike,16,1.0,43.2
2285,0.64,Rainy,Medium,Afternoon,Bike,31,1.0,56.7
2286,2.93,Clear,Medium,Evening,Bike,13,1.0,36.5
2287,2.42,Clear,High,Afternoon,Bike,18,1.0,36.0
2288,2.83,Clear,High,Afternoon,Scooter,15,1.0,32.2
2289,0.35,Rainy,Low,Afternoon,Bike,12,0.0,28.2
2290,1.54,Clear,Medium,Evening,Bike,21,1.0,39.1
2291,1.68,Snowy,Medium,Afternoon,Bike,11,1.0,36.1
2292,2.45,Clear,Low,Afternoon,Scooter,14,1.0,18.4
2293,0.5,Windy,High,Evening,Scooter,17,1.0,42.8
2294,2.62,Clear,Medium,Morning,Bike,16,1.0,41.8
2295,1.64,Snowy,Medium,Morning,Car,28,1.0,50.3
2296,3.63,Windy,Low,Morning,Bike,21,1.0,40.7
2297,1.85,Windy,Low,Morning,Scooter,10,0.0,26.9
2298,0.5,Snowy,Low,Night,Bike,12,0.0,32.2
2299,0.5,Foggy,Low,Night,Car,19,1.0,19.6
2300,1.09,Rainy,High,Morning,Bike,13,1.0,45.8
2301,1.04,Foggy,Medium,Night,Car,13,1.0,27.2
2302,3.21,Clear,Low,Afternoon,Scooter,32,0.0,41.6
2303,2.92,Rainy,Low,Evening,Scooter,22,0.0,38.8
2304,0.4,Rainy,Low,Night,Scooter,15,0.0,22.3
2305,3.42,Snowy,High,Afternoon,Bike,8,1.0,33.6
2306,0.47,Clear,Low,Evening,Bike,24,1.0,32.5
2307,3.16,Clear,Low,Morning,Car,19,1.0,23.4
2308,0.54,Rainy,Medium,Morning,Scooter,15,1.0,33.0
2309,1.57,Clear,Low,Afternoon,Bike,18,0.0,28.7
2310,3.03,Clear,Medium,Morning,Bike,27,1.0,45.6
2311,1.09,Clear,Medium,Morning,Bike,9,0.0,31.4
2312,0.54,Clear,Low,Morning,Scooter,22,1.0,34.5
2313,3.17,Clear,Low,Evening,Scooter,26,0.0,39.7
2314,2.79,Clear,High,Evening,Scooter,18,0.0,44.0
2315,3.58,Clear,Low,Night,Bike,30,0.0,39.0
2316,2.6,Clear,High,Evening,Car,13,1.0,34.7
2317,0.39,Clear,Medium,Afternoon,Bike,22,0.0,30.6
2318,2.59,Rainy,Low,Evening,Bike,16,0.0,33.5
2319,3.31,Clear,High,Evening,Car,16,1.0,34.9
2320,0.43,Windy,Low,Morning,Scooter,20,0.0,29.5
2321,0.63,Windy,High,Morning,Scooter,20,1.0,41.7
2322,2.74,Clear,Low,Afternoon,Car,16,0.0,21.8
2323,3.19,Clear,Medium,Afternoon,Bike,16,0.0,31.5
2324,1.48,Rainy,Low,Evening,Bike,17,1.0,37.0
2325,2.97,Snowy,Medium,Afternoon,Bike,33,0.0,59.4
2326,0.75,Rainy,Medium,Afternoon,Bike,24,0.0,45.0
2327,1.83,Snowy,Medium,Morning,Scooter,16,1.0,40.7
2328,3.02,Rainy,Medium,Evening,Scooter,15,1.0,34.6
2329,0.88,Rainy,Medium,Afternoon,Bike,27,1.0,45.3
2330,1.46,Clear,High,Afternoon,Scooter,23,0.0,41.8
2331,2.55,Foggy,Medium,Morning,Bike,21,0.0,50.1
2332,1.45,Clear,High,Morning,Bike,22,0.0,43.5
2333,3.51,Rainy,Low,Evening,Bike,9,0.0,31.4
2334,3.83,Snowy,Medium,Morning,Scooter,10,0.0,39.1
2335,2.6,Clear,Medium,Morning,Bike,15,1.0,39.6
2336,3.15,Rainy,High,Afternoon,Car,17,0.0,44.3
2337,3.64,Clear,Low,Evening,Car,22,0.0,30.2
2338,2.84,Foggy,High,Morning,Scooter,24,1.0,54.1
2339,3.12,Clear,Medium,Evening,Scooter,27,1.0,49.1
2340,0.41,Windy,Low,Morning,Scooter,14,0.0,24.6
2341,3.31,Clear,Low,Evening,Car,23,1.0,31.4
2342,1.17,Windy,High,Afternoon,Scooter,33,0.0,55.1
2343,0.38,Foggy,Medium,Afternoon,Bike,13,0.0,31.4
2344,2.4,Rainy,High,Morning,Bike,10,0.0,43.5
2345,0.98,Foggy,Medium,Afternoon,Car,27,1.0,42.2
2346,0.41,Foggy,High,Afternoon,Bike,11,1.0,34.3
2347,2.48,Windy,Low,Evening,Scooter,22,1.0,36.1
2348,0.48,Clear,Low,Night,Car,16,1.0,19.0
2349,3.56,Rainy,Medium,Morning,Bike,15,0.0,44.3
2350,3.88,Clear,High,Morning,Bike,29,0.0,56.1
2351,2.98,Rainy,Medium,Afternoon,Bike,15,1.0,40.9
2352,1.22,Clear,Low,Evening,Bike,16,0.0,33.4
2353,2.29,Rainy,Low,Evening,Scooter,7,0.0,18.2
2354,0.22,Rainy,Low,Morning,Bike,12,0.0,31.7
2355,2.52,Clear,Low,Morning,Bike,15,0.0,30.6
2356,1.13,Rainy,Low,Morning,Scooter,21,1.0,34.3
2357,1.87,Foggy,Low,Morning,Bike,9,0.0,26.2
2358,0.8,Foggy,Low,Night,Bike,15,1.0,29.9
2359,3.95,Rainy,Low,Morning,Bike,15,0.0,42.7
2360,0.91,Rainy,Low,Afternoon,Scooter,24,0.0,31.9
2361,1.73,Windy,High,Morning,Bike,14,1.0,43.1
2362,1.09,Clear,Low,Evening,Bike,27,0.0,43.5
2363,2.21,Clear,Medium,Afternoon,Bike,29,0.0,48.0
2364,3.63,Clear,Low,Morning,Scooter,13,0.0,22.0
2365,0.74,Rainy,Medium,Morning,Scooter,16,0.0,38.6
2366,0.65,Clear,Medium,Afternoon,Bike,22,0.0,31.7
2367,0.39,Foggy,Low,Morning,Scooter,14,1.0,25.9
2368,2.4,Rainy,Low,Morning,Scooter,25,0.0,41.0
2369,2.45,Clear,Low,Night,Car,31,0.0,37.6
2370,3.3,Snowy,High,Evening,Scooter,20,0.0,53.3
2371,3.36,Foggy,Medium,Afternoon,Scooter,12,0.0,29.3
2372,0.5,Clear,Medium,Morning,Bike,6,0.0,24.0
2373,3.65,Clear,Medium,Morning,Bike,16,0.0,40.4
2374,3.33,Clear,Medium,Evening,Car,13,0.0,32.8
2375,2.62,Clear,Low,Afternoon,Bike,23,0.0,33.2
2376,1.45,Clear,Low,Morning,Bike,17,0.0,25.6
2377,3.01,Windy,Low,Afternoon,Scooter,20,0.0,33.7
2378,2.52,Clear,Medium,Afternoon,Car,20,0.0,35.9
2379,1.48,Clear,Low,Evening,Bike,8,0.0,19.5
2380,0.15,Foggy,Medium,Evening,Car,22,0.0,38.8
2381,2.41,Rainy,Low,Evening,Bike,25,0.0,46.4
2382,2.35,Windy,Low,Afternoon,Car,17,1.0,30.4
2383,0.7,Foggy,Medium,Morning,Car,19,0.0,34.0
2384,3.63,Clear,High,Afternoon,Scooter,12,0.0,33.8
2385,0.72,Clear,Low,Evening,Car,21,1.0,19.9
2386,1.22,Windy,Medium,Night,Car,29,0.0,45.4
2387,1.55,Foggy,Low,Night,Car,22,1.0,28.2
2388,2.76,Windy,Low,Morning,Scooter,7,1.0,25.4
2389,0.42,Clear,Medium,Evening,Bike,15,1.0,29.3
2390,2.84,Snowy,Medium,Evening,Bike,30,0.0,62.0
2391,1.72,Rainy,Low,Evening,Bike,21,0.0,39.4
2392,0.81,Clear,High,Afternoon,Scooter,15,0.0,28.0
2393,0.54,Rainy,Low,Morning,Bike,20,0.0,37.3
2394,1.71,Rainy,Low,Afternoon,Car,12,1.0,21.7
2395,1.84,Clear,Low,Night,Bike,28,0.0,37.0
2396,0.64,Clear,Low,Night,Bike,16,0.0,18.8
2397,1.98,Snowy,Medium,Morning,Bike,13,0.0,44.2
2398,2.06,Clear,Medium,Night,Bike,10,1.0,20.1
2399,3.93,Clear,High,Morning,Bike,8,1.0,37.0
2400,2.88,Clear,High,Evening,Scooter,20,1.0,39.0
2401,0.15,Clear,High,Morning,Bike,21,0.0,46.0
2402,1.96,Windy,Medium,Evening,Scooter,21,1.0,43.4
2403,0.18,Foggy,Low,Morning,Bike,15,1.0,31.6
2404,2.09,Clear,Low,Morning,Scooter,24,1.0,32.6
2405,1.42,Windy,Medium,Morning,Scooter,25,0.0,40.9
2406,3.62,Snowy,Medium,Night,Bike,20,0.0,49.2
2407,2.02,Clear,Low,Evening,Bike,20,0.0,34.3
2408,3.41,Snowy,Low,Afternoon,Car,13,0.0,31.9
2409,2.38,Clear,Low,Afternoon,Scooter,26,1.0,33.8
2410,1.65,Windy,Medium,Evening,Bike,10,0.0,26.5
2411,1.0,Rainy,Low,Morning,Scooter,24,1.0,40.6
2412,0.81,Rainy,Medium,Morning,Bike,16,0.0,41.9
2413,3.2,Clear,Medium,Evening,Bike,10,1.0,30.1
2414,3.54,Snowy,Low,Night,Bike,9,1.0,29.3
2415,1.36,Clear,Medium,Morning,Scooter,32,1.0,46.6
2416,2.03,Clear,High,Afternoon,Bike,19,1.0,41.4
2417,1.22,Clear,Low,Afternoon,Scooter,17,1.0,17.8
2418,1.88,Foggy,Medium,Afternoon,Bike,28,0.0,49.3
2419,3.49,Clear,Medium,Morning,Bike,17,0.0,41.2
2420,0.64,Windy,Low,Night,Bike,25,1.0,37.4
2421,1.24,Rainy,Medium,Evening,Bike,26,1.0,50.8
2422,2.81,Clear,Medium,Evening,Car,23,0.0,33.1
2423,1.31,Clear,Low,Afternoon,Scooter,10,0.0,15.6
2424,0.42,Clear,Medium,Morning,Bike,30,1.0,41.3
2425,1.56,Rainy,Low,Afternoon,Bike,20,0.0,33.9
2426,2.74,Snowy,Low,Afternoon,Bike,16,0.0,34.0
2427,3.94,Clear,Medium,Afternoon,Car,23,1.0,38.5
2428,3.58,Snowy,Low,Afternoon,Scooter,10,1.0,26.0
2429,2.29,Clear,Low,Evening,Car,12,1.0,23.4
2430,3.13,Foggy,Low,Morning,Bike,21,1.0,38.8
2431,2.33,Windy,Medium,Morning,Scooter,20,1.0,33.5
2432,2.03,Foggy,Low,Afternoon,Scooter,18,1.0,27.8
2433,0.77,Foggy,Medium,Afternoon,Scooter,21,1.0,31.1
2434,1.24,Snowy,Low,Afternoon,Bike,30,1.0,52.1
2435,1.86,Clear,Medium,Evening,Bike,11,0.0,29.1
2436,3.94,Clear,High,Evening,Bike,15,1.0,48.5
2437,2.47,Clear,Medium,Afternoon,Car,14,0.0,24.5
2438,3.79,Rainy,High,Afternoon,Bike,29,1.0,62.8
2439,1.11,Foggy,High,Evening,Scooter,12,0.0,35.9
2440,0.37,Rainy,Low,Morning,Car,16,1.0,34.3
2441,3.92,Snowy,Medium,Afternoon,Scooter,27,0.0,50.2
2442,1.39,Clear,Medium,Afternoon,Bike,21,0.0,26.9
2443,2.19,Foggy,High,Evening,Bike,8,0.0,40.6
2444,0.38,Clear,Low,Evening,Scooter,30,1.0,33.2
2445,3.46,Clear,Low,Morning,Car,9,0.0,21.2
2446,0.1,Foggy,Medium,Evening,Car,18,1.0,32.4
2447,3.63,Windy,High,Morning,Bike,14,0.0,45.4
2448,0.74,Rainy,Medium,Morning,Car,20,0.0,37.4
2449,0.82,Clear,Medium,Afternoon,Bike,14,0.0,29.0
2450,3.32,Rainy,Medium,Evening,Scooter,25,0.0,50.2
2451,1.61,Clear,Low,Afternoon,Bike,19,1.0,27.5
2452,1.1,Snowy,High,Evening,Bike,15,0.0,47.9
2453,2.43,Foggy,Low,Morning,Scooter,26,1.0,46.6
2454,1.09,Clear,Medium,Evening,Bike,23,0.0,45.3
2455,1.22,Clear,Medium,Morning,Car,18,0.0,26.3
2456,0.28,Clear,Low,Afternoon,Bike,18,1.0,24.0
2457,2.2,Windy,Low,Afternoon,Car,17,1.0,21.8
2458,0.6,Clear,Medium,Afternoon,Bike,18,1.0,27.0
2459,3.36,Foggy,Medium,Afternoon,Bike,26,0.0,40.8
2460,3.03,Rainy,Low,Afternoon,Bike,10,0.0,28.7
2461,1.21,Rainy,High,Afternoon,Scooter,16,1.0,38.3
2462,2.18,Clear,Low,Evening,Car,23,0.0,35.9
2463,2.35,Windy,Medium,Afternoon,Bike,30,0.0,53.3
2464,2.7,Clear,Low,Evening,Bike,12,0.0,29.4
2465,1.73,Rainy,Medium,Morning,Bike,9,1.0,37.4
2466,2.64,Foggy,High,Afternoon,Scooter,24,1.0,50.8
2467,0.76,Rainy,Medium,Afternoon,Scooter,31,1.0,48.5
2468,1.94,Windy,Medium,Morning,Car,22,1.0,42.8
2469,0.47,Clear,Low,Night,Bike,19,1.0,21.6
2470,3.77,Rainy,Medium,Morning,Bike,13,0.0,42.8
2471,1.67,Clear,Medium,Afternoon,Bike,30,0.0,43.8
2472,2.51,Clear,Low,Night,Car,22,0.0,25.9
2473,2.01,Clear,Low,Morning,Scooter,21,0.0,31.0
2474,0.2,Clear,High,Night,Bike,27,1.0,49.7
2475,0.34,Clear,Medium,Afternoon,Scooter,26,1.0,36.8
2476,1.13,Clear,Medium,Afternoon,Scooter,10,1.0,23.6
2477,2.73,Clear,Low,Night,Bike,7,0.0,18.8
2478,2.6,Rainy,Low,Afternoon,Bike,13,0.0,31.4
2479,0.83,Rainy,Medium,Evening,Scooter,28,1.0,50.0
2480,2.01,Clear,High,Afternoon,Scooter,18,1.0,37.1
2481,1.53,Clear,High,Evening,Bike,20,1.0,46.1
2482,2.32,Clear,Medium,Evening,Bike,15,0.0,43.1
2483,1.41,Rainy,Low,Morning,Bike,16,1.0,37.3
2484,3.6,Clear,Low,Evening,Scooter,14,1.0,25.0
2485,1.94,Clear,Medium,Afternoon,Bike,29,1.0,42.6
2486,1.76,Clear,Low,Night,Bike,16,1.0,27.8
2487,2.84,Clear,Medium,Night,Bike,25,0.0,45.5
2488,3.14,Clear,Medium,Morning,Car,12,0.0,31.8
2489,1.81,Rainy,High,Evening,Bike,15,1.0,48.9
2490,0.52,Rainy,Low,Evening,Bike,12,1.0,26.4
2491,0.43,Foggy,Medium,Morning,Bike,14,0.0,40.6
2492,1.37,Rainy,Low,Evening,Scooter,21,1.0,40.4
2493,2.96,Rainy,High,Evening,Car,12,1.0,39.8
2494,2.65,Clear,Low,Night,Car,18,0.0,24.9
2495,1.22,Foggy,High,Morning,Bike,6,1.0,35.6
2496,0.12,Rainy,High,Afternoon,Bike,32,1.0,55.5
2497,2.61,Clear,Medium,Afternoon,Bike,8,1.0,21.7
2498,2.3,Rainy,Low,Afternoon,Scooter,23,0.0,38.8
2499,3.11,Clear,Low,Morning,Scooter,26,1.0,33.8
2500,2.78,Rainy,Low,Morning,Bike,33,0.0,54.3
2501,1.06,Foggy,Medium,Night,Scooter,21,1.0,40.9
2502,2.96,Snowy,Medium,Morning,Bike,20,1.0,53.2
2503,2.0,Windy,Medium,Morning,Scooter,19,0.0,39.5
2504,2.34,Rainy,Low,Night,Bike,23,1.0,39.7
2505,1.49,Rainy,Low,Afternoon,Bike,26,1.0,37.0
2506,3.18,Foggy,Low,Afternoon,Bike,18,0.0,37.2
2507,0.86,Clear,Low,Morning,Bike,22,1.0,34.8
2508,0.9,Snowy,Medium,Evening,Bike,30,1.0,59.8
2509,1.03,Rainy,Medium,Afternoon,Scooter,11,0.0,27.1
2510,3.18,Clear,Low,Evening,Scooter,19,1.0,30.2
2511,2.94,Clear,Low,Morning,Scooter,9,0.0,23.2
2512,1.15,Snowy,Low,Morning,Bike,17,1.0,35.2
2513,0.66,Clear,Medium,Afternoon,Car,22,1.0,31.3
2514,0.21,Clear,Low,Morning,Car,16,0.0,20.0
2515,2.77,Clear,High,Afternoon,Scooter,10,0.0,31.0
2516,2.2,Clear,Medium,Morning,Scooter,25,1.0,48.2
2517,2.84,Clear,Medium,Morning,Scooter,14,1.0,30.8
2518,2.86,Foggy,Low,Night,Scooter,18,1.0,31.1
2519,3.39,Clear,Low,Night,Bike,12,0.0,25.5
2520,1.72,Snowy,High,Afternoon,Scooter,32,1.0,53.2
2521,3.33,Snowy,High,Night,Bike,16,1.0,52.6
2522,1.8,Clear,Low,Morning,Car,25,0.0,25.9
2523,2.86,Clear,Medium,Evening,Scooter,16,0.0,36.6
2524,2.25,Rainy,Low,Morning,Car,15,1.0,28.3
2525,3.69,Clear,High,Evening,Bike,13,0.0,40.9
2526,1.54,Clear,Low,Afternoon,Scooter,16,0.0,21.3
2527,2.79,Windy,High,Afternoon,Scooter,26,0.0,45.2
2528,2.43,Windy,Low,Morning,Car,21,1.0,32.4
2529,3.99,Foggy,Medium,Evening,Car,9,1.0,28.9
2530,0.4,Clear,Low,Night,Bike,18,0.0,21.0
2531,2.43,Rainy,Low,Evening,Car,18,1.0,33.1
2532,1.01,Foggy,Medium,Morning,Car,21,1.0,41.3
2533,3.55,Clear,Medium,Evening,Car,23,0.0,43.0
2534,3.2,Rainy,Low,Evening,Scooter,19,1.0,36.8
2535,2.68,Clear,Medium,Evening,Car,26,1.0,40.8
2536,1.97,Clear,Medium,Evening,Bike,20,1.0,38.1
2537,2.76,Rainy,Low,Evening,Bike,15,0.0,34.5
2538,2.26,Clear,Low,Evening,Bike,16,0.0,27.8
2539,1.22,Clear,Low,Evening,Scooter,26,0.0,35.5
2540,3.3,Snowy,High,Morning,Car,14,1.0,44.5
2541,2.1,Windy,High,Morning,Scooter,12,1.0,36.8
2542,1.1,Rainy,Low,Evening,Bike,23,0.0,39.4
2543,2.69,Snowy,Medium,Afternoon,Scooter,16,0.0,42.3
2544,0.17,Windy,Low,Afternoon,Scooter,13,0.0,20.3
2545,2.91,Clear,Medium,Morning,Bike,25,0.0,52.1
2546,1.93,Clear,High,Evening,Scooter,12,1.0,37.7
2547,2.57,Clear,Low,Evening,Scooter,22,1.0,30.3
2548,0.71,Clear,Medium,Evening,Scooter,15,1.0,25.4
2549,2.9,Foggy,Low,Afternoon,Scooter,22,0.0,36.4
2550,2.92,Clear,Low,Night,Bike,23,1.0,32.2
2551,2.99,Clear,High,Morning,Bike,12,0.0,41.3
2552,1.92,Clear,Medium,Evening,Scooter,25,0.0,40.2
2553,2.6,Clear,High,Evening,Car,20,0.0,44.5
2554,2.24,Windy,Medium,Evening,Bike,26,1.0,52.2
2555,1.01,Clear,Low,Morning,Car,8,1.0,12.7
2556,0.19,Clear,High,Afternoon,Scooter,23,0.0,31.9
2557,1.71,Clear,Medium,Morning,Bike,32,0.0,54.8
2558,3.28,Rainy,Medium,Afternoon,Bike,22,0.0,46.4
2559,1.36,Rainy,High,Afternoon,Bike,28,0.0,55.9
2560,3.02,Rainy,High,Evening,Bike,16,1.0,50.6
2561,2.59,Clear,Medium,Night,Bike,22,0.0,40.9
2562,1.48,Clear,Low,Afternoon,Scooter,19,1.0,21.8
2563,0.1,Snowy,High,Evening,Scooter,15,0.0,39.9
2564,1.78,Rainy,Medium,Night,Scooter,20,0.0,39.4
2565,1.63,Rainy,Low,Afternoon,Bike,15,1.0,33.5
2566,0.64,Rainy,Low,Morning,Bike,29,0.0,47.0
2567,3.29,Foggy,Medium,Evening,Car,24,1.0,45.3
2568,3.83,Clear,High,Evening,Car,26,0.0,46.9
2569,0.57,Clear,Medium,Afternoon,Scooter,20,1.0,30.2
2570,1.0,Rainy,High,Night,Bike,25,0.0,54.0
2571,2.57,Clear,Low,Evening,Car,16,1.0,24.7
2572,3.81,Snowy,Low,Morning,Car,21,1.0,39.9
2573,3.74,Clear,Low,Evening,Bike,15,0.0,33.5
2574,3.73,Foggy,Medium,Afternoon,Bike,19,0.0,44.7
2575,1.82,Snowy,High,Evening,Bike,10,1.0,45.3
2576,3.95,Rainy,Low,Morning,Scooter,24,0.0,42.4
2577,1.52,Windy,Low,Morning,Scooter,16,1.0,28.5
2578,0.44,Rainy,Low,Afternoon,Bike,32,0.0,46.5
2579,2.85,Snowy,Medium,Morning,Bike,26,1.0,58.9
2580,2.27,Clear,Medium,Evening,Bike,20,1.0,40.0
2581,3.22,Rainy,Low,Morning,Scooter,14,1.0,37.3
2582,2.52,Rainy,Low,Evening,Scooter,20,0.0,38.5
2583,3.3,Clear,Low,Morning,Bike,23,1.0,43.8
2584,1.44,Clear,Low,Morning,Scooter,17,0.0,26.8
2585,1.22,Windy,Low,Afternoon,Car,19,0.0,21.2
2586,3.05,Rainy,Low,Morning,Bike,26,1.0,51.6
2587,2.04,Clear,Low,Morning,Scooter,11,1.0,19.8
2588,0.8,Clear,High,Evening,Bike,18,1.0,39.8
2589,1.56,Clear,Medium,Morning,Bike,26,0.0,48.5
2590,3.22,Clear,Low,Morning,Car,16,0.0,23.3
2591,3.7,Windy,Medium,Evening,Car,27,0.0,42.9
2592,3.07,Clear,High,Evening,Bike,19,1.0,46.5
2593,2.9,Clear,Low,Evening,Bike,16,0.0,33.3
2594,3.27,Rainy,Low,Night,Bike,33,1.0,55.2
2595,0.88,Clear,High,Evening,Scooter,12,0.0,32.4
2596,2.36,Clear,Low,Evening,Bike,15,1.0,22.8
2597,2.42,Foggy,Medium,Night,Bike,13,1.0,31.8
2598,3.79,Rainy,Low,Evening,Bike,32,0.0,53.6
2599,0.16,Windy,Medium,Afternoon,Scooter,12,0.0,17.7
2600,3.89,Rainy,High,Evening,Car,11,0.0,42.0
2601,2.93,Clear,Low,Afternoon,Bike,14,1.0,27.4
2602,0.19,Foggy,Low,Night,Scooter,20,0.0,30.3
2603,2.12,Windy,High,Morning,Car,14,0.0,39.2
2604,0.37,Foggy,Low,Afternoon,Bike,15,0.0,25.1
2605,2.45,Windy,Low,Evening,Car,18,0.0,33.6
2606,1.86,Foggy,Medium,Evening,Scooter,20,0.0,40.5
2607,3.11,Snowy,Medium,Evening,Scooter,19,0.0,48.0
2608,2.36,Clear,High,Morning,Scooter,20,0.0,41.2
2609,3.17,Foggy,High,Morning,Bike,21,0.0,54.2
2610,1.54,Clear,Low,Night,Bike,26,0.0,34.1
2611,3.44,Rainy,Medium,Afternoon,Bike,21,1.0,42.8
2612,3.48,Rainy,Medium,Afternoon,Scooter,22,0.0,46.6
2613,2.66,Windy,High,Morning,Car,16,1.0,40.8
2614,1.13,Windy,Medium,Morning,Bike,29,0.0,52.9
2615,3.97,Clear,Low,Evening,Bike,24,0.0,40.6
2616,3.29,Foggy,Medium,Morning,Bike,19,0.0,49.4
2617,3.42,Foggy,Medium,Evening,Car,17,1.0,34.2
2618,0.15,Clear,Low,Night,Bike,7,1.0,14.4
2619,3.32,Clear,High,Afternoon,Car,32,0.0,53.3
2620,0.95,Clear,Low,Evening,Bike,12,1.0,20.4
2621,2.08,Foggy,Low,Evening,Bike,18,1.0,40.3
2622,2.85,Rainy,Low,Evening,Bike,15,1.0,42.3
2623,1.7,Windy,High,Evening,Bike,15,1.0,41.4
2624,1.05,Clear,Low,Afternoon,Bike,16,0.0,28.7
2625,2.05,Windy,Low,Evening,Car,19,1.0,24.8
2626,1.27,Clear,Low,Morning,Scooter,7,0.0,15.4
2627,2.5,Foggy,Medium,Morning,Bike,12,1.0,30.1
2628,0.53,Clear,Medium,Night,Scooter,20,0.0,32.0
2629,1.69,Rainy,High,Afternoon,Bike,22,1.0,45.5
2630,2.41,Snowy,Low,Night,Scooter,21,1.0,31.8
2631,3.96,Windy,Medium,Evening,Scooter,33,0.0,57.5
2632,2.03,Snowy,Medium,Evening,Car,9,0.0,36.6
2633,1.76,Clear,High,Evening,Scooter,18,0.0,38.7
2634,3.96,Clear,Low,Afternoon,Bike,16,1.0,30.5
2635,3.71,Clear,Low,Morning,Bike,13,1.0,35.8
2636,2.72,Clear,Medium,Afternoon,Bike,27,1.0,41.5
2637,2.22,Rainy,High,Morning,Bike,12,1.0,42.3
2638,1.16,Foggy,High,Morning,Bike,18,0.0,50.8
2639,2.53,Foggy,Low,Morning,Bike,13,1.0,33.6
2640,3.35,Snowy,Medium,Evening,Car,17,0.0,48.6
2641,3.93,Foggy,Low,Afternoon,Car,24,1.0,33.2
2642,0.77,Foggy,High,Night,Bike,22,1.0,40.7
2643,1.17,Clear,Low,Afternoon,Car,22,1.0,19.7
2644,3.55,Clear,High,Evening,Scooter,13,1.0,40.3
2645,3.46,Rainy,Low,Afternoon,Bike,8,0.0,32.2
2646,2.89,Snowy,Medium,Morning,Car,22,1.0,51.0
2647,0.5,Clear,Low,Afternoon,Car,11,0.0,13.8
2648,2.85,Rainy,High,Afternoon,Scooter,16,0.0,47.0
2649,1.93,Rainy,Medium,Evening,Scooter,25,0.0,46.4
2650,1.55,Clear,Medium,Morning,Bike,16,0.0,29.5
2651,1.08,Clear,Low,Morning,Scooter,17,1.0,19.9
2652,1.34,Snowy,Low,Evening,Scooter,30,1.0,44.0
2653,2.19,Rainy,High,Night,Scooter,28,1.0,47.4
2654,0.73,Clear,Medium,Afternoon,Bike,10,0.0,19.5
2655,2.09,Snowy,Medium,Evening,Scooter,26,1.0,49.2
2656,0.29,Clear,Medium,Evening,Car,18,1.0,29.9
2657,1.7,Snowy,Low,Afternoon,Car,24,0.0,38.6
2658,3.84,Clear,Low,Evening,Bike,15,0.0,38.0
2659,2.98,Rainy,Low,Morning,Bike,30,1.0,49.2
2660,0.37,Clear,Low,Afternoon,Bike,24,0.0,31.9
2661,2.78,Clear,Medium,Evening,Scooter,17,0.0,39.1
2662,0.86,Snowy,Low,Evening,Bike,15,0.0,35.4
2663,1.95,Clear,High,Evening,Car,13,1.0,31.4
2664,1.25,Clear,Low,Morning,Scooter,14,1.0,26.3
2665,3.74,Clear,Medium,Night,Bike,17,1.0,35.6
2666,0.31,Foggy,Low,Afternoon,Scooter,15,0.0,27.0
2667,3.54,Snowy,Medium,Night,Bike,20,0.0,45.3
2668,2.84,Windy,Medium,Night,Bike,20,0.0,46.1
2669,1.51,Clear,Medium,Morning,Bike,13,1.0,35.5
2670,3.53,Clear,Medium,Evening,Scooter,14,0.0,30.9
2671,1.68,Clear,Medium,Afternoon,Car,9,1.0,17.2
2672,2.82,Rainy,Low,Morning,Bike,16,1.0,34.9
2673,3.17,Windy,Medium,Night,Scooter,17,1.0,32.9
2674,1.22,Foggy,Low,Morning,Bike,11,0.0,24.0
2675,0.38,Rainy,High,Evening,Bike,10,0.0,34.5
2676,3.49,Clear,Low,Afternoon,Scooter,14,1.0,19.3
2677,1.0,Windy,Low,Night,Car,18,0.0,26.3
2678,3.73,Rainy,Low,Afternoon,Car,32,1.0,41.0
2679,1.33,Clear,Medium,Evening,Scooter,28,1.0,46.4
2680,1.72,Clear,Low,Morning,Bike,16,0.0,32.5
2681,1.78,Clear,Low,Evening,Bike,19,0.0,36.9
2682,1.92,Clear,High,Afternoon,Bike,19,1.0,41.7
2683,3.85,Clear,High,Evening,Car,15,1.0,43.8
2684,1.06,Clear,High,Afternoon,Scooter,26,0.0,38.0
2685,2.47,Rainy,Low,Morning,Bike,14,1.0,39.9
2686,1.25,Clear,Low,Evening,Bike,16,1.0,37.3
2687,0.61,Clear,High,Night,Bike,28,1.0,46.0
2688,1.23,Windy,High,Evening,Scooter,15,0.0,38.5
2689,2.25,Foggy,Low,Afternoon,Bike,18,1.0,30.6
2690,2.47,Rainy,High,Evening,Car,26,1.0,54.0
2691,1.13,Clear,High,Night,Bike,15,0.0,36.0
2692,3.95,Snowy,Low,Morning,Car,30,1.0,45.0
2693,1.51,Clear,Medium,Morning,Bike,13,1.0,33.6
2694,3.34,Clear,Medium,Afternoon,Bike,21,0.0,43.7
2695,0.24,Windy,Low,Afternoon,Bike,9,1.0,15.3
2696,2.81,Rainy,Medium,Evening,Bike,18,0.0,45.9
2697,1.28,Foggy,Low,Evening,Car,12,0.0,26.4
2698,2.19,Rainy,Low,Evening,Car,20,0.0,33.0
2699,3.36,Rainy,High,Night,Bike,20,1.0,54.0
2700,2.93,Clear,High,Afternoon,Scooter,16,0.0,37.3
2701,1.5,Clear,Low,Night,Scooter,28,1.0,39.7
2702,2.96,Clear,Low,Night,Scooter,27,1.0,34.5
2703,1.71,Clear,Medium,Evening,Bike,22,0.0,40.2
2704,0.35,Snowy,Low,Evening,Bike,22,1.0,42.9
2705,2.7,Clear,Medium,Afternoon,Bike,10,1.0,27.7
2706,3.75,Rainy,Low,Afternoon,Car,15,0.0,35.1
2707,0.43,Foggy,High,Afternoon,Bike,13,1.0,41.1
2708,2.78,Foggy,Low,Morning,Scooter,16,0.0,30.9
2709,3.37,Clear,Low,Night,Car,11,0.0,17.8
2710,2.43,Clear,Low,Afternoon,Bike,15,1.0,23.7
2711,1.99,Windy,High,Afternoon,Bike,19,1.0,41.2
2712,1.03,Rainy,Low,Evening,Bike,12,0.0,21.5
2713,0.86,Snowy,Low,Evening,Scooter,11,0.0,34.0
2714,1.65,Windy,Medium,Afternoon,Bike,22,1.0,38.0
2715,2.6,Foggy,Low,Afternoon,Bike,14,1.0,28.8
2716,1.33,Clear,Medium,Morning,Bike,17,0.0,44.2
2717,2.0,Rainy,Low,Evening,Scooter,25,0.0,40.5
2718,2.44,Clear,Low,Afternoon,Scooter,16,1.0,22.2
2719,0.92,Rainy,Medium,Night,Bike,10,1.0,31.2
2720,2.99,Windy,Low,Morning,Scooter,24,1.0,40.0
2721,2.55,Rainy,Medium,Morning,Bike,22,1.0,48.2
2722,2.41,Clear,Medium,Evening,Bike,20,0.0,44.7
2723,1.96,Clear,Medium,Morning,Bike,18,1.0,38.2
2724,1.52,Windy,Medium,Morning,Scooter,23,1.0,41.1
2725,2.24,Clear,High,Evening,Scooter,15,0.0,35.9
2726,3.09,Clear,High,Afternoon,Bike,15,0.0,39.4
2727,2.85,Clear,Low,Evening,Bike,20,1.0,38.6
2728,2.98,Clear,Low,Evening,Bike,12,0.0,31.5
2729,0.92,Clear,Low,Night,Bike,20,0.0,26.7
2730,3.14,Rainy,High,Evening,Bike,26,1.0,59.0
2731,1.41,Clear,Low,Afternoon,Bike,18,0.0,29.7
2732,1.01,Clear,Medium,Morning,Bike,10,1.0,28.5
2733,0.57,Clear,Low,Afternoon,Bike,21,0.0,30.9
2734,3.34,Clear,High,Afternoon,Bike,26,1.0,47.8
2735,2.53,Clear,Medium,Morning,Bike,13,1.0,33.9
2736,3.38,Foggy,Low,Afternoon,Scooter,20,1.0,36.5
2737,2.29,Clear,Medium,Afternoon,Bike,13,1.0,27.3
2738,3.46,Clear,Medium,Evening,Scooter,25,0.0,50.3
2739,2.27,Clear,Low,Afternoon,Bike,14,0.0,29.9
2740,2.62,Clear,Medium,Morning,Bike,20,0.0,41.2
2741,0.32,Clear,High,Evening,Bike,19,0.0,41.1
2742,2.71,Clear,Low,Night,Bike,16,0.0,28.9
2743,2.43,Snowy,Medium,Morning,Scooter,27,0.0,54.9
2744,1.04,Clear,High,Morning,Bike,27,0.0,54.9
2745,0.54,Rainy,Low,Morning,Bike,15,0.0,30.5
2746,1.45,Rainy,Low,Night,Bike,15,0.0,28.6
2747,0.33,Clear,Low,Morning,Bike,21,0.0,32.5
2748,2.44,Clear,High,Morning,Car,14,1.0,36.3
2749,2.23,Foggy,Low,Afternoon,Car,15,1.0,24.2
2750,3.68,Snowy,Medium,Afternoon,Bike,7,0.0,39.8
2751,2.12,Clear,Medium,Evening,Bike,10,1.0,34.2
2752,2.95,Clear,Medium,Night,Bike,21,0.0,41.7
2753,2.69,Clear,Low,Morning,Bike,15,0.0,32.0
2754,2.83,Clear,Medium,Afternoon,Bike,10,1.0,27.0
2755,1.32,Rainy,Low,Evening,Bike,29,1.0,48.5
2756,1.72,Clear,Low,Evening,Bike,14,1.0,23.1
2757,0.57,Clear,High,Afternoon,Bike,13,1.0,28.1
2758,2.64,Windy,Low,Evening,Bike,18,1.0,40.0
2759,1.28,Clear,High,Morning,Scooter,25,1.0,50.5
2760,2.24,Clear,High,Morning,Car,26,1.0,42.2
2761,3.69,Foggy,Medium,Morning,Bike,15,0.0,45.8
2762,2.76,Clear,Low,Afternoon,Scooter,23,0.0,26.5
2763,1.14,Clear,Medium,Morning,Bike,18,0.0,41.5
2764,2.11,Clear,High,Afternoon,Bike,19,0.0,41.6
2765,2.45,Windy,Low,Morning,Scooter,17,1.0,38.3
2766,3.42,Clear,Medium,Night,Bike,12,1.0,29.0
2767,3.2,Clear,Medium,Afternoon,Car,25,0.0,36.5
2768,1.33,Clear,Low,Morning,Car,18,1.0,25.5
2769,3.69,Clear,High,Morning,Bike,16,1.0,48.2
2770,0.67,Rainy,Low,Afternoon,Bike,21,1.0,37.3
2771,1.18,Clear,Medium,Morning,Bike,16,1.0,36.9
2772,0.23,Rainy,Medium,Morning,Car,25,1.0,41.2
2773,1.31,Rainy,Low,Afternoon,Bike,11,1.0,29.2
2774,1.71,Snowy,Low,Afternoon,Scooter,8,0.0,30.4
2775,1.04,Clear,Medium,Afternoon,Bike,19,1.0,35.1
2776,0.15,Snowy,Medium,Afternoon,Scooter,14,0.0,29.9
2777,0.14,Rainy,High,Evening,Bike,11,1.0,41.0
2778,3.7,Clear,Low,Afternoon,Car,8,1.0,10.0
2779,2.97,Foggy,Low,Evening,Scooter,23,1.0,42.0
2780,2.82,Snowy,Low,Afternoon,Bike,30,1.0,46.6
2781,3.16,Clear,Low,Afternoon,Bike,20,1.0,34.5
2782,2.81,Windy,Low,Evening,Bike,23,0.0,42.1
2783,0.34,Clear,Medium,Night,Scooter,25,1.0,36.2
2784,3.71,Rainy,Medium,Evening,Car,24,1.0,48.7
2785,1.77,Windy,High,Evening,Bike,15,1.0,47.5
2786,1.87,Clear,High,Evening,Car,6,1.0,27.2
2787,3.56,Snowy,Low,Morning,Bike,20,0.0,51.1
2788,0.9,Clear,Medium,Evening,Car,29,0.0,39.8
2789,1.32,Foggy,Medium,Night,Car,27,1.0,39.0
2790,3.43,Rainy,Medium,Evening,Scooter,6,0.0,28.4
2791,2.13,Clear,High,Afternoon,Car,27,0.0,40.3
2792,1.74,Clear,High,Evening,Bike,7,0.0,33.1
2793,3.82,Clear,Low,Afternoon,Scooter,18,1.0,28.0
2794,3.57,Clear,High,Afternoon,Bike,26,0.0,53.1
2795,3.56,Clear,Medium,Morning,Bike,16,0.0,37.8
2796,0.93,Clear,Low,Evening,Scooter,21,1.0,29.0
2797,3.39,Clear,Medium,Afternoon,Car,13,1.0,29.9
2798,2.66,Clear,Medium,Morning,Car,31,1.0,47.6
2799,2.8,Foggy,High,Evening,Scooter,9,0.0,38.3
2800,0.29,Foggy,High,Evening,Car,20,0.0,42.5
2801,2.27,Foggy,Medium,Morning,Scooter,8,0.0,33.7
2802,0.95,Clear,Medium,Night,Scooter,9,1.0,19.0
2803,3.72,Snowy,Low,Night,Bike,14,1.0,36.0
2804,2.29,Rainy,Medium,Afternoon,Bike,7,0.0,29.5
2805,2.51,Clear,Low,Morning,Bike,13,0.0,26.9
2806,1.05,Clear,Low,Night,Scooter,12,1.0,14.0
2807,1.74,Rainy,Medium,Afternoon,Scooter,28,0.0,49.2
2808,2.16,Clear,Medium,Night,Car,9,1.0,24.3
2809,3.27,Rainy,Medium,Morning,Car,20,0.0,43.0
2810,2.49,Windy,High,Morning,Scooter,21,1.0,44.2
2811,0.54,Clear,Medium,Afternoon,Scooter,25,1.0,29.8
2812,1.86,Clear,Low,Afternoon,Scooter,16,0.0,27.3
2813,1.25,Windy,Medium,Morning,Scooter,12,0.0,32.6
2814,2.2,Rainy,Low,Morning,Bike,11,1.0,30.2
2815,1.93,Clear,Medium,Evening,Car,12,0.0,26.7
2816,0.19,Snowy,Medium,Night,Car,18,1.0,38.0
2817,0.91,Snowy,Low,Afternoon,Scooter,19,1.0,32.2
2818,2.67,Rainy,Low,Night,Bike,24,1.0,44.9
2819,2.22,Rainy,Medium,Afternoon,Bike,24,1.0,46.8
2820,0.31,Clear,Medium,Afternoon,Car,25,1.0,30.2
2821,2.43,Clear,High,Evening,Car,12,0.0,25.4
2822,2.06,Rainy,Medium,Morning,Car,23,1.0,42.7
2823,0.69,Clear,Medium,Afternoon,Scooter,10,1.0,17.3
2824,0.11,Rainy,Low,Evening,Scooter,27,0.0,41.8
2825,1.41,Snowy,Medium,Evening,Bike,18,1.0,47.3
2826,3.14,Clear,Low,Morning,Scooter,20,0.0,33.5
2827,0.62,Rainy,Low,Afternoon,Bike,20,0.0,37.2
2828,3.78,Clear,Low,Afternoon,Car,19,0.0,20.3
2829,2.22,Snowy,Low,Evening,Bike,18,1.0,42.1
2830,3.06,Clear,Low,Night,Car,28,0.0,31.2
2831,3.91,Rainy,Low,Evening,Bike,15,0.0,36.8
2832,1.12,Rainy,Medium,Morning,Bike,23,1.0,47.0
2833,2.37,Clear,Medium,Morning,Scooter,15,0.0,32.3
2834,1.43,Rainy,Low,Evening,Scooter,9,0.0,26.7
2835,0.43,Foggy,Medium,Morning,Scooter,16,0.0,35.3
2836,3.19,Rainy,Medium,Afternoon,Scooter,12,0.0,31.5
2837,0.15,Foggy,Medium,Afternoon,Scooter,17,1.0,29.1
2838,3.49,Windy,Low,Evening,Bike,10,1.0,34.4
2839,3.2,Clear,Medium,Afternoon,Car,24,1.0,41.3
2840,2.59,Rainy,Low,Night,Car,19,0.0,30.8
2841,2.41,Clear,Low,Evening,Scooter,8,1.0,19.0
2842,3.4,Foggy,Low,Morning,Bike,20,0.0,39.8
2843,0.32,Rainy,Medium,Morning,Scooter,30,0.0,52.8
2844,2.97,Clear,High,Afternoon,Bike,9,1.0,39.9
2845,0.8,Clear,Medium,Evening,Car,15,1.0,24.6
2846,0.18,Snowy,High,Afternoon,Bike,27,1.0,58.3
2847,1.32,Clear,Low,Afternoon,Bike,8,0.0,19.1
2848,1.38,Rainy,Medium,Evening,Bike,28,0.0,53.5
2849,0.85,Clear,High,Morning,Scooter,32,1.0,49.2
2850,2.87,Windy,Low,Morning,Scooter,16,1.0,38.1
2851,2.28,Clear,Low,Evening,Scooter,17,1.0,29.7
2852,3.69,Clear,Low,Afternoon,Bike,32,1.0,48.4
2853,3.07,Snowy,Low,Afternoon,Car,9,0.0,25.1
2854,3.32,Windy,Low,Afternoon,Bike,15,0.0,31.5
2855,3.62,Clear,High,Afternoon,Bike,9,0.0,31.3
2856,3.24,Clear,Medium,Evening,Scooter,23,1.0,43.8
2857,0.56,Foggy,Low,Morning,Scooter,21,1.0,31.5
2858,0.82,Snowy,Low,Morning,Scooter,26,0.0,40.7
2859,1.67,Clear,Low,Morning,Bike,13,0.0,24.1
2860,1.4,Rainy,Low,Morning,Scooter,18,1.0,40.7
2861,3.55,Foggy,Medium,Evening,Bike,22,0.0,49.9
2862,2.14,Foggy,Low,Afternoon,Bike,14,1.0,30.2
2863,3.52,Foggy,Medium,Morning,Bike,27,0.0,52.2
2864,1.61,Rainy,Medium,Morning,Scooter,13,0.0,35.0
2865,3.64,Clear,Low,Morning,Bike,11,1.0,24.3
2866,0.38,Windy,Medium,Morning,Bike,14,0.0,35.0
2867,1.84,Snowy,Medium,Morning,Bike,24,1.0,50.7
2868,3.61,Foggy,Medium,Morning,Bike,22,0.0,53.3
2869,1.85,Clear,Low,Morning,Bike,27,1.0,35.1
2870,2.96,Clear,High,Night,Scooter,20,1.0,38.0
2871,1.51,Foggy,Low,Evening,Bike,28,1.0,49.3
2872,3.33,Clear,Medium,Morning,Bike,18,1.0,45.3
2873,2.56,Windy,High,Evening,Scooter,28,0.0,54.6
2874,3.27,Clear,Medium,Morning,Bike,26,1.0,47.4
2875,2.19,Foggy,High,Evening,Scooter,17,1.0,44.6
2876,2.59,Snowy,Low,Evening,Scooter,6,0.0,33.9
2877,2.16,Clear,Medium,Afternoon,Scooter,32,1.0,43.3
2878,2.31,Clear,Low,Night,Scooter,18,1.0,24.5
2879,2.79,Rainy,Medium,Afternoon,Bike,23,1.0,44.4
2880,0.57,Rainy,Low,Morning,Bike,17,1.0,32.6
2881,3.1,Clear,Medium,Evening,Bike,15,1.0,38.5
2882,1.49,Rainy,High,Morning,Car,15,0.0,44.0
2883,0.15,Windy,Low,Afternoon,Bike,15,1.0,24.6
2884,2.61,Clear,High,Morning,Bike,19,0.0,49.2
2885,2.49,Clear,High,Afternoon,Scooter,24,1.0,39.9
2886,2.93,Clear,Medium,Evening,Scooter,19,0.0,34.1
2887,3.99,Clear,Low,Evening,Car,18,0.0,33.2
2888,1.9,Clear,High,Evening,Bike,15,0.0,39.8
2889,3.9,Clear,Medium,Evening,Car,17,0.0,32.1
2890,2.35,Rainy,Medium,Afternoon,Scooter,12,0.0,32.8
2891,1.5,Clear,Medium,Evening,Scooter,23,0.0,38.6
2892,2.74,Windy,Medium,Morning,Bike,24,0.0,48.5
2893,0.87,Clear,High,Morning,Bike,13,1.0,41.1
2894,3.87,Clear,Low,Afternoon,Bike,19,1.0,38.5
2895,1.82,Foggy,Low,Evening,Scooter,14,1.0,31.3
2896,0.14,Snowy,High,Evening,Bike,31,0.0,64.6
2897,2.66,Clear,Medium,Evening,Bike,14,0.0,40.0
2898,0.57,Clear,Low,Evening,Bike,26,0.0,37.7
2899,0.45,Clear,Medium,Afternoon,Car,22,1.0,27.8
2900,0.19,Rainy,Medium,Morning,Bike,30,1.0,51.1
2901,3.54,Clear,Medium,Evening,Bike,22,1.0,42.8
2902,0.23,Clear,Medium,Evening,Scooter,20,1.0,34.7
2903,2.2,Clear,Low,Morning,Car,17,1.0,20.7
2904,2.01,Clear,Low,Afternoon,Scooter,17,0.0,21.6
2905,3.65,Windy,Medium,Morning,Scooter,6,1.0,27.4
2906,3.65,Rainy,Medium,Morning,Bike,34,1.0,60.2
2907,3.69,Rainy,Low,Afternoon,Bike,19,0.0,38.9
2908,1.66,Clear,Medium,Afternoon,Bike,19,0.0,34.9
2909,1.95,Clear,High,Morning,Bike,12,0.0,41.4
2910,3.32,Clear,High,Afternoon,Bike,17,0.0,40.8
2911,0.57,Foggy,Low,Morning,Scooter,13,0.0,25.6
2912,0.55,Snowy,Low,Afternoon,Bike,13,0.0,25.7
2913,3.69,Windy,Low,Evening,Scooter,19,0.0,32.5
2914,0.21,Windy,Low,Afternoon,Bike,14,0.0,17.8
2915,1.59,Windy,High,Evening,Car,21,1.0,45.8
2916,0.86,Windy,High,Evening,Car,16,0.0,35.9
2917,0.43,Clear,Low,Afternoon,Bike,16,0.0,23.6
2918,3.9,Clear,Low,Morning,Bike,22,1.0,41.6
2919,0.75,Clear,High,Morning,Car,21,1.0,40.5
2920,1.78,Rainy,Medium,Evening,Car,16,1.0,42.3
2921,1.1,Clear,Low,Evening,Bike,29,0.0,41.3
2922,2.02,Snowy,Low,Morning,Bike,15,0.0,37.3
2923,3.09,Rainy,Low,Evening,Car,22,0.0,41.9
2924,2.67,Rainy,Medium,Evening,Scooter,24,0.0,56.0
2925,2.33,Clear,Medium,Afternoon,Scooter,13,1.0,23.9
2926,2.09,Clear,Medium,Afternoon,Bike,17,0.0,31.2
2927,0.61,Clear,Low,Evening,Car,8,1.0,10.0
2928,1.67,Snowy,High,Evening,Scooter,15,1.0,39.9
2929,3.63,Rainy,High,Evening,Bike,14,0.0,55.2
2930,3.3,Foggy,Medium,Morning,Scooter,23,1.0,46.1
2931,0.35,Clear,Medium,Afternoon,Bike,13,0.0,22.4
2932,3.38,Clear,Low,Afternoon,Bike,8,0.0,21.4
2933,3.33,Clear,Low,Afternoon,Scooter,8,1.0,24.5
2934,3.23,Foggy,Low,Night,Scooter,23,1.0,36.5
2935,3.28,Foggy,Medium,Evening,Car,12,1.0,39.4
2936,3.93,Clear,Medium,Afternoon,Scooter,20,0.0,33.8
2937,0.32,Windy,Low,Morning,Bike,13,0.0,31.1
2938,1.6,Clear,Low,Night,Bike,13,1.0,20.2
2939,3.88,Snowy,Medium,Evening,Scooter,24,0.0,52.2
2940,2.26,Clear,High,Morning,Bike,21,0.0,45.2
2941,2.76,Clear,Low,Afternoon,Scooter,21,1.0,27.5
2942,1.51,Snowy,High,Evening,Bike,28,1.0,65.6
2943,0.93,Clear,Low,Night,Bike,26,0.0,32.6
2944,3.92,Clear,Low,Afternoon,Bike,25,1.0,42.2
2945,1.51,Clear,High,Afternoon,Bike,11,1.0,29.6
2946,2.29,Clear,High,Evening,Bike,12,1.0,38.2
2947,1.05,Foggy,High,Evening,Scooter,32,0.0,55.7
2948,3.87,Snowy,High,Afternoon,Bike,19,1.0,60.3
2949,1.11,Snowy,Low,Morning,Car,19,0.0,37.0
2950,3.66,Clear,Medium,Morning,Scooter,18,0.0,38.9
2951,1.24,Rainy,Medium,Night,Scooter,22,0.0,38.9
2952,3.79,Clear,High,Night,Car,19,0.0,37.6
2953,1.53,Clear,Medium,Night,Car,12,0.0,18.3
2954,3.5,Clear,Low,Morning,Car,11,1.0,26.1
2955,2.44,Windy,High,Morning,Bike,15,1.0,39.9
2956,0.54,Snowy,High,Afternoon,Bike,26,1.0,53.5
2957,1.25,Foggy,High,Morning,Scooter,16,1.0,43.8
2958,3.07,Rainy,Low,Evening,Scooter,26,1.0,40.1
2959,2.7,Rainy,Low,Evening,Scooter,19,1.0,37.9
2960,1.49,Rainy,High,Afternoon,Scooter,28,1.0,49.1
2961,0.86,Rainy,Medium,Evening,Bike,27,1.0,51.4
2962,3.33,Clear,Medium,Morning,Bike,16,0.0,38.8
2963,2.53,Clear,High,Evening,Scooter,19,1.0,35.2
2964,2.76,Clear,Low,Morning,Scooter,22,1.0,35.4
2965,1.97,Windy,Low,Afternoon,Car,9,1.0,12.8
2966,1.47,Clear,Medium,Evening,Scooter,12,1.0,25.0
2967,1.59,Windy,Low,Evening,Bike,22,0.0,38.7
2968,0.22,Clear,High,Evening,Bike,28,0.0,51.6
2969,3.78,Rainy,Low,Morning,Bike,15,1.0,41.1
2970,1.53,Clear,Low,Morning,Bike,16,0.0,31.7
2971,1.98,Clear,Low,Night,Scooter,26,0.0,25.0
2972,1.49,Clear,High,Evening,Scooter,14,0.0,36.7
2973,1.49,Clear,High,Evening,Car,28,0.0,47.3
2974,2.77,Windy,Medium,Evening,Scooter,12,0.0,31.4
2975,2.71,Clear,Low,Night,Bike,14,1.0,26.1
2976,3.26,Rainy,Medium,Afternoon,Scooter,8,1.0,32.3
2977,0.38,Clear,Low,Morning,Bike,10,0.0,18.2
2978,3.51,Clear,Medium,Evening,Bike,14,1.0,41.3
2979,3.83,Rainy,Low,Evening,Bike,21,1.0,49.3
2980,3.96,Clear,Low,Afternoon,Bike,13,1.0,28.2
2981,0.6,Windy,Medium,Night,Bike,29,1.0,41.1
2982,2.0,Snowy,Medium,Afternoon,Scooter,15,1.0,43.3
2983,3.76,Foggy,Medium,Afternoon,Scooter,18,1.0,39.5
2984,3.06,Clear,Medium,Evening,Bike,21,1.0,43.6
2985,0.33,Clear,Low,Evening,Scooter,11,1.0,17.5
2986,3.49,Windy,Medium,Afternoon,Bike,21,1.0,44.7
2987,3.37,Clear,Medium,Afternoon,Scooter,11,1.0,28.6
2988,3.14,Clear,High,Morning,Scooter,25,0.0,49.8
2989,1.71,Clear,Medium,Evening,Bike,17,0.0,33.0
2990,2.57,Foggy,High,Morning,Scooter,10,0.0,41.8
2991,2.89,Rainy,Low,Morning,Bike,22,1.0,42.3
2992,1.65,Foggy,Low,Afternoon,Bike,10,1.0,21.0
2993,3.16,Foggy,Low,Morning,Bike,31,0.0,52.8
2994,1.17,Clear,Medium,Afternoon,Bike,17,0.0,30.2
2995,0.82,Windy,High,Evening,Bike,16,0.0,43.9
2996,3.45,Clear,High,Afternoon,Bike,15,0.0,42.3
2997,1.42,Rainy,Medium,Afternoon,Bike,17,1.0,37.1
2998,0.32,Clear,Low,Afternoon,Bike,24,1.0,30.5
2999,3.35,Windy,Low,Afternoon,Scooter,18,1.0,28.3
3000,3.22,Clear,High,Morning,Scooter,20,1.0,46.8
3001,3.23,Clear,High,Evening,Car,9,1.0,33.0
3002,1.43,Clear,Medium,Afternoon,Scooter,26,0.0,39.3
3003,2.45,Clear,High,Afternoon,Car,18,1.0,33.9
3004,0.15,Clear,High,Afternoon,Scooter,18,1.0,32.5
3005,0.11,Rainy,Low,Afternoon,Scooter,14,0.0,24.8
3006,1.11,Clear,Medium,Morning,Scooter,10,1.0,26.1
3007,2.15,Windy,High,Morning,Car,15,1.0,40.1
3008,2.44,Clear,Low,Night,Scooter,25,1.0,31.4
3009,0.62,Foggy,Medium,Evening,Car,19,0.0,31.9
3010,3.48,Clear,High,Afternoon,Bike,14,1.0,40.6
3011,3.84,Rainy,Low,Evening,Car,19,0.0,39.8
3012,0.56,Rainy,High,Night,Bike,15,0.0,37.9
3013,3.31,Clear,Low,Afternoon,Bike,13,0.0,28.8
3014,2.5,Windy,Medium,Morning,Bike,23,1.0,47.4
3015,2.06,Clear,High,Afternoon,Scooter,12,0.0,30.1
3016,2.01,Clear,Low,Morning,Bike,19,1.0,33.5
3017,3.02,Rainy,Low,Evening,Bike,22,0.0,48.4
3018,0.91,Snowy,Low,Afternoon,Bike,9,0.0,31.7
3019,2.47,Clear,Medium,Evening,Scooter,21,0.0,38.3
3020,1.12,Clear,Low,Morning,Bike,7,1.0,18.2
3021,0.43,Snowy,Low,Afternoon,Scooter,24,1.0,38.2
3022,2.26,Foggy,High,Night,Scooter,14,1.0,33.4
3023,1.15,Windy,High,Morning,Scooter,12,0.0,38.1
3024,3.0,Rainy,Low,Afternoon,Scooter,11,1.0,21.9
3025,2.64,Rainy,Medium,Evening,Bike,17,1.0,41.1
3026,0.97,Clear,Low,Evening,Car,14,1.0,24.2
3027,3.46,Windy,Medium,Afternoon,Car,17,1.0,26.8
3028,1.45,Clear,High,Evening,Bike,25,0.0,54.1
3029,2.87,Foggy,Low,Afternoon,Bike,11,0.0,33.0
3030,1.14,Clear,High,Afternoon,Scooter,14,0.0,31.5
3031,0.87,Rainy,Medium,Night,Car,11,1.0,27.1
3032,3.46,Foggy,Medium,Afternoon,Car,20,0.0,33.9
3033,3.68,Rainy,High,Morning,Car,20,0.0,49.6
3034,1.47,Windy,Low,Afternoon,Car,25,0.0,32.3
3035,1.33,Clear,High,Afternoon,Scooter,22,0.0,39.9
3036,2.84,Rainy,High,Morning,Bike,22,0.0,58.6
3037,0.99,Clear,Low,Evening,Bike,12,0.0,25.2
3038,3.47,Clear,Low,Afternoon,Bike,25,1.0,38.1
3039,0.13,Clear,Low,Morning,Bike,6,0.0,12.6
3040,0.65,Clear,High,Evening,Bike,22,0.0,46.5
3041,0.57,Clear,High,Evening,Bike,24,0.0,43.8
3042,1.34,Rainy,Medium,Evening,Scooter,13,1.0,33.3
3043,3.48,Rainy,Low,Afternoon,Bike,15,1.0,39.2
3044,2.6,Rainy,Medium,Morning,Scooter,14,0.0,34.0
3045,0.52,Clear,Low,Afternoon,Car,25,1.0,25.2
3046,0.41,Clear,High,Afternoon,Bike,16,0.0,37.5
3047,1.22,Clear,High,Evening,Bike,15,1.0,41.0
3048,2.52,Foggy,Low,Evening,Bike,18,0.0,39.5
3049,2.42,Snowy,Medium,Morning,Car,22,1.0,44.7
3050,0.55,Clear,Medium,Morning,Scooter,21,0.0,38.1
3051,3.07,Rainy,Medium,Evening,Bike,22,1.0,47.5
3052,2.57,Clear,Medium,Morning,Scooter,29,0.0,48.7
3053,3.93,Clear,High,Afternoon,Car,14,1.0,34.5
3054,2.26,Clear,Low,Evening,Bike,13,1.0,25.0
3055,1.38,Clear,Medium,Morning,Scooter,21,0.0,34.9
3056,0.57,Rainy,Low,Evening,Bike,12,0.0,35.7
3057,3.68,Windy,Medium,Afternoon,Bike,20,1.0,39.0
3058,0.25,Clear,Medium,Morning,Car,30,1.0,34.7
3059,1.46,Rainy,High,Afternoon,Bike,17,1.0,42.7
3060,2.17,Foggy,Medium,Morning,Car,13,0.0,34.0
3061,2.32,Windy,Low,Night,Scooter,33,1.0,46.8
3062,2.37,Rainy,Low,Evening,Bike,16,0.0,38.3
3063,2.9,Clear,Medium,Evening,Scooter,11,0.0,24.5
3064,0.6,Rainy,Medium,Evening,Bike,16,1.0,40.0
3065,2.91,Clear,Medium,Evening,Bike,10,0.0,35.0
3066,3.57,Windy,Medium,Afternoon,Bike,10,0.0,33.8
3067,0.22,Clear,High,Morning,Car,9,1.0,26.4
3068,0.24,Rainy,Low,Morning,Car,17,0.0,22.9
3069,3.97,Clear,Low,Morning,Bike,17,0.0,31.7
3070,1.32,Clear,Medium,Afternoon,Bike,22,0.0,36.5
3071,1.87,Snowy,High,Afternoon,Car,18,1.0,46.9
3072,1.31,Rainy,Medium,Morning,Scooter,26,1.0,44.9
3073,2.27,Clear,High,Afternoon,Bike,26,0.0,49.6
3074,2.87,Windy,Medium,Afternoon,Bike,12,0.0,33.8
3075,3.06,Snowy,High,Morning,Bike,9,0.0,44.6
3076,1.49,Clear,Medium,Morning,Bike,22,0.0,39.1
3077,1.12,Rainy,Medium,Evening,Scooter,7,0.0,28.4
3078,2.23,Rainy,Low,Morning,Scooter,16,1.0,32.2
3079,1.6,Rainy,Medium,Afternoon,Scooter,9,0.0,30.0
3080,2.53,Clear,Low,Evening,Bike,17,1.0,30.7
3081,2.49,Clear,Low,Evening,Scooter,17,0.0,31.1
3082,3.59,Windy,Low,Afternoon,Scooter,25,1.0,36.2
3083,0.12,Windy,Medium,Morning,Scooter,20,0.0,35.3
3084,0.5,Snowy,Low,Afternoon,Bike,16,0.0,35.5
3085,3.17,Windy,Medium,Afternoon,Bike,18,0.0,39.7
3086,2.38,Foggy,High,Evening,Bike,19,1.0,49.4
3087,0.34,Foggy,Low,Evening,Bike,13,0.0,28.5
3088,3.78,Foggy,Low,Morning,Scooter,23,1.0,44.4
3089,2.64,Clear,High,Night,Scooter,17,0.0,37.8
3090,2.0,Clear,Low,Evening,Bike,20,0.0,28.0
3091,3.14,Clear,Low,Afternoon,Scooter,8,0.0,14.7
3092,2.42,Rainy,Medium,Night,Scooter,11,1.0,28.6
3093,1.56,Clear,Low,Evening,Scooter,19,0.0,30.2
3094,1.26,Clear,Medium,Afternoon,Scooter,23,1.0,27.4
3095,1.87,Rainy,Medium,Evening,Car,15,1.0,36.4
3096,1.95,Clear,High,Morning,Scooter,29,0.0,53.2
3097,2.88,Clear,Medium,Night,Bike,25,0.0,45.2
3098,1.94,Snowy,Low,Evening,Car,18,0.0,36.0
3099,0.17,Snowy,Medium,Afternoon,Bike,20,1.0,36.9
3100,2.77,Clear,Low,Afternoon,Scooter,19,0.0,26.3
3101,0.37,Clear,High,Morning,Car,15,0.0,36.2
3102,3.4,Clear,Medium,Evening,Bike,9,1.0,30.1
3103,2.86,Foggy,Low,Morning,Bike,24,0.0,51.8
3104,2.43,Snowy,Low,Morning,Bike,17,1.0,44.2
3105,1.87,Clear,High,Afternoon,Car,25,0.0,40.7
3106,0.77,Foggy,Medium,Morning,Bike,16,0.0,39.4
3107,2.65,Clear,High,Night,Scooter,7,1.0,27.4
3108,0.53,Clear,Low,Evening,Bike,11,0.0,20.4
3109,2.46,Windy,Low,Evening,Bike,12,1.0,28.6
3110,0.82,Clear,Medium,Morning,Bike,22,0.0,45.8
3111,2.43,Clear,Medium,Morning,Car,8,0.0,27.8
3112,0.69,Clear,Low,Evening,Bike,25,0.0,35.4
3113,0.47,Rainy,Medium,Evening,Car,21,1.0,36.1
3114,1.94,Windy,Low,Afternoon,Scooter,15,1.0,18.9
3115,2.87,Windy,Low,Evening,Car,18,0.0,37.8
3116,1.03,Clear,Low,Morning,Bike,29,0.0,44.3
3117,2.04,Clear,Medium,Evening,Scooter,10,1.0,29.6
3118,3.22,Foggy,Medium,Morning,Bike,15,0.0,41.5
3119,2.24,Clear,Low,Morning,Bike,16,0.0,29.1
3120,2.43,Snowy,Low,Afternoon,Scooter,30,0.0,44.6
3121,0.96,Rainy,High,Morning,Bike,31,1.0,52.0
3122,0.59,Clear,Low,Morning,Car,25,0.0,27.7
3123,0.68,Snowy,Low,Evening,Bike,16,1.0,37.9
3124,3.89,Clear,Medium,Evening,Bike,27,1.0,51.7
3125,0.44,Clear,High,Night,Scooter,17,1.0,29.5
3126,0.69,Rainy,Medium,Afternoon,Bike,20,1.0,41.9
3127,0.9,Rainy,Medium,Afternoon,Bike,28,0.0,47.0
3128,3.17,Rainy,Medium,Evening,Car,14,1.0,39.7
3129,1.65,Rainy,Medium,Evening,Bike,26,1.0,54.3
3130,3.18,Windy,Low,Morning,Scooter,16,0.0,34.5
3131,1.73,Windy,Medium,Afternoon,Bike,26,1.0,44.4
3132,3.2,Rainy,Medium,Evening,Bike,19,1.0,46.0
3133,3.59,Clear,Medium,Evening,Bike,14,0.0,34.3
3134,1.84,Foggy,High,Evening,Scooter,23,0.0,43.5
3135,3.95,Windy,Low,Afternoon,Scooter,11,1.0,26.4
3136,3.74,Clear,High,Evening,Bike,12,0.0,37.2
3137,0.16,Clear,High,Morning,Bike,12,0.0,33.9
3138,2.3,Clear,High,Night,Car,25,1.0,42.1
3139,2.66,Clear,Low,Morning,Bike,26,0.0,38.6
3140,3.39,Rainy,Medium,Night,Scooter,19,0.0,41.1
3141,2.73,Clear,Medium,Evening,Bike,14,0.0,37.0
3142,2.78,Foggy,Medium,Night,Bike,16,0.0,38.3
3143,1.23,Snowy,Low,Night,Bike,12,1.0,31.5
3144,3.3,Snowy,Medium,Evening,Bike,6,0.0,37.9
3145,0.35,Clear,Medium,Afternoon,Scooter,25,1.0,32.3
3146,2.66,Clear,Low,Morning,Bike,13,1.0,25.6
3147,0.89,Foggy,Medium,Morning,Scooter,10,1.0,28.0
3148,3.09,Snowy,Medium,Evening,Bike,11,0.0,43.8
3149,3.18,Rainy,Medium,Evening,Bike,28,0.0,55.2
3150,0.78,Snowy,Low,Morning,Bike,15,1.0,37.4
3151,3.19,Clear,Medium,Evening,Bike,20,1.0,35.0
3152,3.37,Snowy,Medium,Night,Bike,8,0.0,40.7
3153,0.31,Clear,Medium,Afternoon,Bike,18,0.0,26.4
3154,1.78,Clear,Low,Morning,Bike,23,0.0,40.0
3155,0.85,Rainy,Medium,Evening,Bike,9,0.0,35.7
3156,0.59,Clear,Medium,Morning,Bike,14,1.0,33.7
3157,3.23,Clear,High,Morning,Bike,15,0.0,40.7
3158,1.24,Clear,High,Night,Bike,27,1.0,46.5
3159,2.61,Clear,Medium,Night,Bike,21,0.0,39.6
3160,0.11,Foggy,Medium,Morning,Bike,26,1.0,47.9
3161,0.41,Clear,Medium,Morning,Bike,16,0.0,35.4
3162,2.48,Rainy,Low,Evening,Bike,19,0.0,43.4
3163,1.54,Snowy,Medium,Evening,Car,18,1.0,42.2
3164,3.53,Clear,High,Morning,Bike,14,1.0,44.6
3165,0.42,Clear,High,Morning,Bike,16,1.0,40.4
3166,2.53,Snowy,Low,Evening,Car,14,1.0,33.0
3167,2.84,Snowy,Medium,Morning,Bike,7,0.0,42.7
3168,2.48,Rainy,High,Afternoon,Bike,31,1.0,60.6
3169,2.75,Snowy,Low,Afternoon,Car,30,1.0,40.4
3170,1.07,Clear,Low,Evening,Scooter,25,1.0,36.5
3171,3.09,Clear,Medium,Evening,Scooter,12,1.0,31.6
3172,2.26,Foggy,Low,Afternoon,Bike,7,0.0,22.5
3173,3.17,Clear,High,Morning,Bike,13,1.0,41.7
3174,0.57,Foggy,High,Afternoon,Bike,26,1.0,54.2
3175,0.6,Rainy,Low,Morning,Scooter,12,0.0,26.6
3176,1.64,Foggy,Low,Night,Bike,13,0.0,32.2
3177,1.62,Clear,Low,Morning,Scooter,21,1.0,31.4
3178,0.6,Clear,Low,Afternoon,Car,17,1.0,16.6
3179,0.42,Clear,High,Morning,Car,21,0.0,34.0
3180,0.42,Clear,Low,Afternoon,Bike,19,1.0,25.6
3181,0.3,Foggy,Medium,Evening,Scooter,19,0.0,40.6
3182,0.23,Clear,Medium,Morning,Scooter,26,0.0,36.8
3183,3.25,Clear,Low,Afternoon,Scooter,13,0.0,23.2
3184,3.75,Clear,High,Morning,Car,11,0.0,39.9
3185,1.76,Clear,Medium,Evening,Scooter,16,0.0,26.6
3186,0.83,Snowy,Medium,Evening,Scooter,18,0.0,43.0
3187,1.38,Clear,High,Afternoon,Bike,18,1.0,40.1
3188,3.29,Windy,Low,Afternoon,Scooter,18,0.0,31.3
3189,3.72,Clear,Medium,Evening,Scooter,17,0.0,32.1
3190,1.03,Rainy,Medium,Afternoon,Scooter,18,0.0,33.0
3191,0.22,Clear,Low,Night,Scooter,29,1.0,24.6
3192,1.3,Clear,Medium,Afternoon,Bike,9,1.0,19.3
3193,1.6,Snowy,Low,Evening,Bike,29,0.0,55.1
3194,0.11,Windy,Low,Evening,Car,19,0.0,25.3
3195,2.76,Snowy,Low,Morning,Bike,9,0.0,37.5
3196,0.59,Clear,Low,Evening,Scooter,9,0.0,18.6
3197,0.42,Clear,Medium,Morning,Scooter,19,0.0,28.6
3198,2.9,Rainy,Medium,Afternoon,Bike,21,1.0,46.3
3199,3.11,Clear,Medium,Evening,Bike,18,1.0,35.5
3200,0.82,Foggy,Medium,Afternoon,Scooter,17,0.0,32.6
3201,3.1,Rainy,Low,Morning,Scooter,14,0.0,35.1
3202,1.26,Rainy,Medium,Morning,Bike,20,1.0,44.5
3203,1.3,Snowy,Low,Afternoon,Car,27,1.0,34.2
3204,0.58,Foggy,Medium,Evening,Scooter,16,0.0,29.8
3205,0.98,Clear,Medium,Night,Bike,21,1.0,42.2
3206,0.25,Clear,Medium,Evening,Bike,7,1.0,24.8
3207,2.72,Rainy,Low,Morning,Bike,17,0.0,39.1
3208,3.42,Rainy,Low,Afternoon,Bike,23,1.0,45.8
3209,0.29,Clear,High,Afternoon,Bike,25,0.0,48.1
3210,1.1,Clear,Medium,Morning,Bike,18,0.0,40.1
3211,1.45,Foggy,Low,Afternoon,Car,19,0.0,26.6
3212,1.63,Snowy,Low,Morning,Scooter,11,0.0,29.6
3213,3.31,Rainy,Medium,Morning,Car,14,0.0,40.7
3214,0.27,Clear,Medium,Morning,Scooter,21,0.0,32.9
3215,2.5,Clear,Medium,Afternoon,Scooter,23,1.0,39.5
3216,2.18,Rainy,Medium,Afternoon,Car,10,0.0,28.1
3217,3.37,Clear,High,Morning,Bike,30,0.0,61.8
3218,1.29,Rainy,Medium,Afternoon,Scooter,30,0.0,51.0
3219,0.5,Rainy,Low,Afternoon,Car,13,1.0,16.6
3220,0.61,Clear,Low,Evening,Car,9,1.0,14.2
3221,2.56,Clear,Medium,Morning,Bike,15,1.0,39.5
3222,2.23,Clear,Low,Morning,Car,30,1.0,35.9
3223,2.41,Snowy,Medium,Morning,Scooter,17,0.0,42.7
3224,0.63,Rainy,Low,Night,Bike,15,0.0,33.0
3225,0.27,Clear,Medium,Afternoon,Bike,27,1.0,43.6
3226,2.31,Snowy,Medium,Morning,Bike,11,1.0,30.9
3227,0.42,Clear,Medium,Evening,Bike,29,0.0,49.5
3228,3.73,Clear,Low,Morning,Bike,24,0.0,35.2
3229,3.23,Windy,Low,Morning,Bike,16,0.0,35.9
3230,0.8,Clear,Low,Evening,Car,24,0.0,25.6
3231,2.43,Clear,Medium,Morning,Car,23,1.0,36.1
3232,0.61,Rainy,High,Morning,Car,19,0.0,43.7
3233,3.75,Clear,Medium,Evening,Scooter,24,1.0,45.2
3234,2.4,Rainy,High,Evening,Car,18,0.0,50.6
3235,1.34,Clear,Low,Evening,Bike,25,1.0,33.3
3236,2.75,Clear,Low,Evening,Bike,24,0.0,43.5
3237,0.11,Clear,Low,Evening,Bike,28,1.0,36.8
3238,1.22,Clear,Low,Evening,Bike,24,0.0,35.9
3239,1.01,Clear,Low,Evening,Scooter,28,0.0,41.3
3240,1.45,Clear,Medium,Night,Bike,12,0.0,29.7
3241,0.43,Snowy,Low,Morning,Car,14,1.0,23.3
3242,3.88,Clear,Medium,Evening,Bike,17,1.0,40.7
3243,1.92,Clear,Low,Morning,Bike,14,0.0,26.0
3244,3.44,Clear,Low,Evening,Bike,27,1.0,42.7
3245,0.33,Clear,High,Evening,Bike,12,1.0,33.7
3246,3.39,Clear,Low,Afternoon,Car,17,1.0,25.2
3247,2.65,Rainy,Medium,Night,Scooter,18,0.0,35.1
3248,2.75,Clear,Low,Evening,Bike,26,0.0,41.4
3249,3.24,Snowy,Medium,Morning,Scooter,14,1.0,41.3
3250,2.15,Windy,Low,Afternoon,Bike,31,1.0,45.3
3251,2.57,Clear,Low,Morning,Bike,14,0.0,29.5
3252,3.61,Clear,Low,Evening,Bike,12,0.0,32.8
3253,0.59,Clear,Medium,Afternoon,Bike,14,1.0,27.5
3254,0.32,Rainy,Medium,Evening,Scooter,27,0.0,48.5
3255,3.93,Clear,Low,Evening,Car,12,1.0,24.7
3256,3.54,Snowy,Medium,Morning,Bike,8,0.0,38.3
3257,2.1,Foggy,Medium,Morning,Scooter,14,1.0,33.9
3258,3.15,Snowy,Medium,Night,Scooter,18,0.0,40.9
3259,3.54,Rainy,Low,Morning,Bike,15,0.0,42.1
3260,1.92,Windy,Medium,Evening,Bike,12,0.0,37.8
3261,0.48,Clear,Low,Evening,Bike,15,1.0,25.2
3262,1.97,Clear,High,Evening,Bike,21,1.0,47.2
3263,1.47,Clear,Low,Morning,Bike,17,0.0,25.5
3264,0.19,Windy,Medium,Morning,Bike,19,1.0,36.6
3265,3.84,Rainy,Medium,Evening,Bike,29,1.0,52.3
3266,2.89,Snowy,Medium,Evening,Scooter,23,0.0,53.8
3267,3.16,Clear,Low,Afternoon,Bike,24,1.0,43.0
3268,2.43,Windy,Low,Morning,Car,14,1.0,24.1
3269,1.15,Rainy,Medium,Night,Bike,18,1.0,39.6
3270,2.38,Rainy,Medium,Morning,Bike,15,0.0,44.5
3271,2.75,Windy,Medium,Evening,Scooter,17,1.0,34.0
3272,2.43,Clear,Medium,Night,Scooter,11,0.0,24.0
3273,0.6,Clear,High,Afternoon,Car,18,1.0,32.1
3274,3.27,Rainy,Medium,Morning,Bike,18,0.0,48.7
3275,1.26,Clear,Medium,Evening,Bike,19,0.0,38.0
3276,1.65,Clear,Medium,Afternoon,Scooter,13,0.0,23.7
3277,2.25,Clear,Medium,Morning,Scooter,13,0.0,27.5
3278,3.91,Clear,Medium,Morning,Scooter,16,0.0,38.6
3279,1.32,Snowy,Low,Evening,Scooter,18,0.0,42.2
3280,0.26,Rainy,Medium,Afternoon,Bike,15,0.0,28.6
3281,3.89,Clear,Medium,Evening,Scooter,22,0.0,36.1
3282,3.83,Clear,Low,Evening,Scooter,19,0.0,29.8
3283,0.87,Clear,Low,Night,Scooter,11,1.0,13.0
3284,3.33,Rainy,Medium,Morning,Bike,13,1.0,41.9
3285,3.69,Windy,High,Afternoon,Car,20,0.0,43.5
3286,0.15,Windy,Medium,Morning,Scooter,18,1.0,32.9
3287,3.04,Clear,High,Afternoon,Bike,15,1.0,38.7
3288,0.8,Clear,High,Evening,Bike,12,1.0,39.0
3289,3.33,Clear,Low,Morning,Scooter,28,0.0,38.5
3290,0.18,Rainy,Medium,Evening,Car,17,0.0,37.1
3291,2.8,Clear,High,Afternoon,Bike,13,0.0,43.1
3292,3.29,Rainy,Medium,Evening,Car,22,0.0,41.8
3293,0.24,Rainy,Medium,Morning,Bike,14,1.0,31.1
3294,3.05,Clear,Low,Morning,Bike,14,1.0,30.7
3295,0.56,Clear,Low,Afternoon,Scooter,25,1.0,29.6
3296,0.41,Clear,High,Afternoon,Bike,28,1.0,46.4
3297,3.69,Clear,Low,Evening,Bike,17,1.0,28.1
3298,3.7,Clear,High,Morning,Scooter,20,0.0,41.1
3299,2.99,Foggy,Low,Afternoon,Bike,15,0.0,31.1
3300,3.57,Clear,Low,Morning,Bike,20,1.0,38.5
3301,0.17,Clear,Low,Morning,Bike,22,1.0,30.7
3302,2.1,Rainy,High,Evening,Bike,22,1.0,55.7
3303,3.5,Foggy,High,Evening,Bike,8,1.0,42.7
3304,3.58,Clear,High,Night,Bike,10,0.0,38.7
3305,1.53,Snowy,Low,Evening,Car,22,1.0,35.3
3306,1.37,Windy,Low,Morning,Scooter,18,1.0,29.7
3307,2.83,Rainy,Medium,Afternoon,Scooter,29,0.0,54.5
3308,0.33,Rainy,High,Morning,Bike,11,0.0,38.4
3309,3.14,Clear,Medium,Night,Bike,33,1.0,49.4
3310,1.07,Windy,Medium,Evening,Car,11,0.0,26.6
3311,2.13,Clear,Low,Afternoon,Scooter,8,1.0,10.9
3312,0.85,Windy,Low,Afternoon,Car,27,0.0,28.4
3313,2.96,Rainy,Low,Afternoon,Bike,18,0.0,36.5
3314,3.83,Clear,Medium,Morning,Scooter,14,1.0,33.1
3315,2.21,Clear,Medium,Afternoon,Bike,19,1.0,37.5
3316,3.81,Rainy,Medium,Afternoon,Bike,16,0.0,40.7
3317,1.67,Rainy,Medium,Evening,Car,32,0.0,52.8
3318,1.22,Clear,Medium,Evening,Bike,23,1.0,44.8
3319,3.37,Foggy,Low,Afternoon,Bike,21,0.0,42.9
3320,0.25,Snowy,Medium,Night,Bike,15,0.0,37.2
3321,1.2,Rainy,Medium,Afternoon,Scooter,8,1.0,25.6
3322,2.79,Clear,Medium,Evening,Scooter,24,0.0,39.4
3323,0.84,Clear,Low,Afternoon,Bike,9,1.0,17.1
3324,3.57,Foggy,High,Morning,Car,11,1.0,43.8
3325,1.98,Clear,Medium,Evening,Bike,19,1.0,42.7
3326,1.06,Snowy,Medium,Afternoon,Car,23,0.0,41.3
3327,1.55,Clear,Low,Evening,Scooter,16,0.0,26.4
3328,1.21,Rainy,Medium,Afternoon,Car,19,1.0,31.9
3329,2.83,Clear,High,Evening,Scooter,31,0.0,52.4
3330,0.53,Clear,High,Evening,Bike,14,1.0,35.5
3331,3.43,Foggy,Low,Afternoon,Bike,9,1.0,27.8
3332,0.68,Rainy,High,Morning,Car,13,1.0,39.1
3333,1.2,Rainy,Low,Night,Car,17,1.0,25.8
3334,2.54,Windy,Low,Night,Scooter,23,1.0,34.3
3335,1.48,Windy,Medium,Afternoon,Scooter,16,1.0,22.0
3336,2.09,Snowy,Medium,Afternoon,Bike,19,0.0,46.1
3337,2.32,Clear,Medium,Evening,Bike,19,1.0,37.6
3338,1.11,Rainy,Low,Evening,Bike,17,0.0,32.7
3339,2.18,Snowy,Low,Afternoon,Scooter,12,0.0,30.2
3340,3.76,Clear,Medium,Morning,Scooter,10,1.0,34.0
3341,0.11,Clear,Low,Afternoon,Scooter,13,0.0,15.2
3342,2.43,Snowy,Medium,Morning,Scooter,14,1.0,43.4
3343,1.35,Clear,Medium,Afternoon,Bike,13,1.0,26.1
3344,3.46,Rainy,Medium,Evening,Bike,13,0.0,49.8
3345,0.48,Windy,Low,Afternoon,Bike,20,0.0,25.3
3346,0.34,Rainy,Low,Evening,Bike,17,1.0,33.8
3347,1.68,Clear,Low,Evening,Scooter,14,1.0,25.4
3348,2.73,Clear,Medium,Night,Scooter,13,0.0,26.9
3349,0.13,Clear,Low,Evening,Car,12,1.0,19.8
3350,3.26,Clear,High,Morning,Bike,21,1.0,43.4
3351,1.41,Foggy,Medium,Morning,Car,17,1.0,34.2
3352,3.69,Snowy,Low,Evening,Scooter,21,1.0,43.8
3353,3.63,Clear,Medium,Evening,Bike,16,0.0,39.7
3354,3.08,Clear,Medium,Afternoon,Scooter,10,0.0,20.0
3355,2.97,Snowy,Low,Morning,Car,25,0.0,44.7
3356,2.44,Clear,Medium,Morning,Bike,9,0.0,29.4
3357,3.2,Rainy,Low,Afternoon,Scooter,16,1.0,32.2
3358,0.79,Clear,High,Afternoon,Bike,19,0.0,42.0
3359,3.29,Rainy,Medium,Morning,Bike,21,0.0,51.6
3360,2.3,Clear,Medium,Morning,Bike,17,1.0,38.7
3361,3.15,Rainy,High,Morning,Bike,24,1.0,63.1
3362,2.03,Clear,Low,Afternoon,Scooter,17,1.0,26.4
3363,2.56,Rainy,High,Afternoon,Bike,25,1.0,47.9
3364,1.43,Clear,Medium,Afternoon,Scooter,14,0.0,27.5
3365,1.76,Clear,Low,Afternoon,Car,17,1.0,22.6
3366,1.52,Rainy,High,Afternoon,Car,8,1.0,29.0
3367,2.99,Clear,Medium,Evening,Bike,19,0.0,40.2
3368,0.88,Clear,High,Evening,Bike,16,1.0,35.9
3369,3.73,Clear,Low,Evening,Bike,21,1.0,32.8
3370,3.33,Clear,High,Night,Bike,23,0.0,50.9
3371,3.46,Clear,Medium,Evening,Bike,17,0.0,42.9
3372,3.66,Windy,Low,Evening,Scooter,20,0.0,36.8
3373,1.8,Clear,Medium,Afternoon,Scooter,22,0.0,36.1
3374,3.58,Snowy,High,Morning,Bike,25,0.0,67.9
3375,1.83,Windy,Medium,Evening,Bike,11,0.0,28.6
3376,0.5,Clear,Medium,Afternoon,Car,19,0.0,26.8
3377,0.29,Rainy,High,Night,Car,28,0.0,46.9
3378,0.35,Snowy,Medium,Morning,Scooter,14,1.0,37.5
3379,0.83,Rainy,Low,Evening,Scooter,20,1.0,34.8
3380,1.5,Clear,Medium,Afternoon,Scooter,14,1.0,27.0
3381,3.92,Clear,Low,Afternoon,Bike,24,1.0,33.3
3382,1.04,Clear,Medium,Evening,Car,23,1.0,38.6
3383,3.66,Rainy,Low,Morning,Bike,29,0.0,52.5
3384,3.26,Windy,Low,Morning,Scooter,22,0.0,37.8
3385,3.46,Windy,Medium,Evening,Bike,17,0.0,38.3
3386,3.16,Clear,Medium,Morning,Scooter,18,1.0,36.0
3387,3.9,Foggy,Medium,Afternoon,Scooter,23,0.0,44.5
3388,0.57,Clear,Low,Afternoon,Scooter,22,0.0,25.0
3389,1.97,Windy,Medium,Afternoon,Bike,11,0.0,28.1
3390,1.44,Clear,Medium,Morning,Scooter,14,0.0,25.5
3391,1.21,Windy,Medium,Morning,Scooter,21,1.0,40.0
3392,1.84,Snowy,Low,Afternoon,Scooter,11,1.0,21.2
3393,1.98,Clear,Low,Morning,Bike,21,1.0,37.2
3394,3.95,Clear,Low,Morning,Scooter,26,1.0,45.2
3395,1.13,Snowy,High,Evening,Scooter,16,1.0,52.5
3396,3.66,Clear,Low,Morning,Bike,13,1.0,27.2
3397,0.75,Rainy,High,Morning,Scooter,26,1.0,53.8
3398,2.69,Windy,Low,Morning,Bike,17,0.0,34.2
3399,1.29,Rainy,Medium,Afternoon,Scooter,25,0.0,46.5
3400,3.85,Clear,High,Morning,Bike,10,0.0,41.6
3401,2.57,Clear,Low,Evening,Car,13,1.0,21.2
3402,0.35,Clear,Low,Evening,Bike,6,1.0,13.4
3403,3.7,Windy,Medium,Evening,Bike,17,1.0,42.4
3404,1.25,Clear,Medium,Evening,Bike,27,0.0,43.7
3405,3.72,Clear,Low,Morning,Car,20,1.0,31.5
3406,0.15,Clear,Low,Morning,Bike,7,1.0,16.8
3407,0.95,Windy,Low,Evening,Bike,8,0.0,21.4
3408,1.19,Clear,Medium,Night,Bike,22,0.0,34.7
3409,2.78,Snowy,Low,Evening,Scooter,10,1.0,33.4
3410,3.21,Foggy,Medium,Evening,Bike,13,1.0,42.6
3411,2.56,Snowy,Medium,Night,Scooter,22,0.0,43.2
3412,0.34,Windy,Medium,Afternoon,Bike,14,0.0,29.6
3413,1.79,Snowy,High,Afternoon,Bike,18,0.0,47.3
3414,2.03,Windy,Low,Evening,Bike,16,0.0,41.3
3415,1.5,Clear,High,Afternoon,Scooter,15,0.0,29.5
3416,1.74,Foggy,Low,Evening,Bike,14,1.0,33.0
3417,1.98,Rainy,Low,Afternoon,Car,16,1.0,28.1
3418,2.26,Rainy,Low,Afternoon,Bike,12,1.0,27.4
3419,2.56,Snowy,High,Evening,Scooter,30,0.0,61.1
3420,0.92,Windy,High,Night,Bike,15,0.0,37.2
3421,3.62,Foggy,Low,Night,Bike,22,0.0,38.4
3422,3.33,Clear,Medium,Evening,Car,14,1.0,31.3
3423,3.17,Clear,Low,Morning,Scooter,14,0.0,24.4
3424,3.24,Clear,Medium,Afternoon,Scooter,17,1.0,32.0
3425,2.15,Clear,Medium,Evening,Scooter,22,0.0,32.5
3426,3.82,Clear,Low,Evening,Bike,6,1.0,21.4
3427,1.53,Clear,High,Morning,Car,12,0.0,30.1
3428,1.74,Clear,Medium,Afternoon,Bike,23,0.0,41.8
3429,3.28,Foggy,Medium,Night,Car,15,1.0,27.1
3430,3.49,Clear,High,Morning,Scooter,26,1.0,54.1
3431,1.85,Windy,Medium,Afternoon,Bike,11,0.0,32.0
3432,3.41,Rainy,Medium,Afternoon,Scooter,24,1.0,40.5
3433,2.57,Clear,Low,Morning,Car,20,1.0,30.7
3434,1.61,Clear,High,Morning,Bike,12,1.0,34.2
3435,3.63,Clear,Low,Evening,Bike,7,0.0,26.7
3436,2.06,Windy,Low,Afternoon,Scooter,27,1.0,37.8
3437,3.41,Clear,Medium,Evening,Bike,14,1.0,39.3
3438,3.27,Rainy,Medium,Morning,Bike,14,0.0,42.5
3439,0.48,Windy,Low,Morning,Scooter,12,0.0,24.1
3440,3.5,Windy,High,Evening,Car,15,1.0,45.7
3441,0.73,Clear,Medium,Morning,Scooter,18,0.0,30.7
3442,3.27,Clear,Medium,Afternoon,Car,17,1.0,29.1
3443,3.05,Clear,Medium,Morning,Bike,26,1.0,50.2
3444,2.97,Clear,Medium,Afternoon,Bike,13,0.0,23.0
3445,3.69,Clear,Medium,Afternoon,Bike,23,1.0,39.6
3446,2.44,Rainy,Medium,Afternoon,Bike,28,1.0,54.8
3447,1.42,Windy,Low,Morning,Scooter,8,0.0,20.6
3448,2.41,Rainy,Medium,Evening,Bike,23,1.0,50.1
3449,2.81,Rainy,Low,Afternoon,Bike,14,0.0,30.4
3450,1.52,Clear,Low,Evening,Scooter,17,1.0,25.8
3451,1.09,Foggy,High,Morning,Scooter,9,0.0,32.8
3452,2.01,Rainy,High,Morning,Scooter,14,0.0,38.2
3453,3.6,Snowy,Medium,Evening,Scooter,11,1.0,44.2
3454,2.56,Windy,Medium,Evening,Car,13,0.0,29.5
3455,3.6,Clear,Low,Night,Scooter,8,1.0,16.5
3456,1.95,Clear,Medium,Afternoon,Car,29,0.0,33.9
3457,3.79,Clear,Medium,Afternoon,Car,27,1.0,39.1
3458,3.19,Clear,Medium,Night,Car,21,0.0,37.0
3459,1.48,Windy,High,Afternoon,Bike,15,1.0,41.4
3460,1.85,Clear,Medium,Morning,Scooter,29,1.0,44.5
3461,3.99,Foggy,Low,Morning,Bike,31,1.0,52.3
3462,3.82,Rainy,Low,Afternoon,Bike,24,1.0,44.9
3463,1.7,Clear,Low,Evening,Scooter,21,1.0,31.7
3464,3.35,Clear,Medium,Night,Bike,15,1.0,29.3
3465,3.65,Rainy,High,Morning,Scooter,27,1.0,60.2
3466,1.08,Rainy,Low,Morning,Car,18,0.0,33.7
3467,2.12,Clear,Low,Afternoon,Bike,20,1.0,29.9
3468,3.05,Clear,Medium,Afternoon,Car,12,1.0,24.1
3469,0.4,Foggy,High,Afternoon,Scooter,8,0.0,25.7
3470,3.24,Clear,Low,Morning,Scooter,32,1.0,45.4
3471,0.92,Windy,Medium,Evening,Bike,20,0.0,45.8
3472,1.97,Clear,Medium,Afternoon,Car,21,1.0,35.0
3473,1.56,Clear,Medium,Night,Bike,9,0.0,22.7
3474,2.99,Rainy,Medium,Morning,Car,16,1.0,37.9
3475,1.01,Rainy,Medium,Evening,Bike,14,1.0,42.7
3476,1.92,Rainy,Medium,Morning,Bike,25,0.0,54.0
3477,1.14,Clear,Medium,Afternoon,Bike,17,0.0,33.2
3478,0.31,Windy,High,Morning,Scooter,16,1.0,31.7
3479,3.39,Rainy,High,Night,Car,12,1.0,40.6
3480,0.98,Clear,High,Morning,Scooter,16,1.0,34.7
3481,1.01,Clear,Low,Afternoon,Scooter,15,1.0,19.3
3482,0.28,Clear,Low,Afternoon,Bike,24,1.0,27.9
3483,2.06,Rainy,Medium,Morning,Car,25,1.0,50.9
3484,1.15,Clear,Low,Morning,Bike,16,1.0,25.0
3485,2.31,Rainy,Medium,Evening,Car,16,1.0,43.3
3486,2.92,Clear,Low,Afternoon,Scooter,31,0.0,39.5
3487,0.28,Windy,High,Afternoon,Bike,16,1.0,36.5
3488,0.88,Clear,High,Evening,Bike,20,0.0,41.3
3489,1.62,Snowy,Medium,Morning,Scooter,11,0.0,35.0
3490,3.53,Clear,Low,Night,Car,16,0.0,23.2
3491,0.53,Clear,Medium,Morning,Scooter,14,1.0,27.0
3492,3.0,Snowy,Medium,Evening,Car,14,0.0,42.2
3493,3.82,Rainy,Medium,Night,Car,13,0.0,33.8
3494,0.4,Foggy,Medium,Night,Bike,17,0.0,36.5
3495,1.4,Clear,Low,Morning,Scooter,14,0.0,26.6
3496,3.1,Rainy,Medium,Morning,Scooter,25,1.0,53.4
3497,3.75,Snowy,Medium,Evening,Bike,17,1.0,52.5
3498,1.06,Rainy,High,Evening,Scooter,9,0.0,37.8
3499,2.6,Clear,Low,Afternoon,Bike,17,1.0,24.9
3500,2.95,Rainy,Medium,Evening,Scooter,10,0.0,36.1
3501,1.68,Rainy,Low,Morning,Scooter,12,0.0,25.4
3502,2.71,Windy,Low,Evening,Car,11,1.0,26.4
3503,2.24,Clear,Low,Afternoon,Scooter,24,1.0,31.2
3504,3.75,Clear,Low,Afternoon,Scooter,16,0.0,29.6
3505,2.2,Snowy,High,Evening,Bike,6,0.0,46.4
3506,2.11,Rainy,Medium,Morning,Car,18,0.0,41.0
3507,2.71,Foggy,Low,Evening,Bike,13,0.0,31.9
3508,0.69,Clear,Medium,Afternoon,Scooter,22,1.0,24.2
3509,2.17,Clear,High,Afternoon,Car,29,1.0,46.8
3510,0.3,Foggy,Medium,Afternoon,Bike,12,0.0,29.2
3511,2.55,Clear,Medium,Night,Bike,14,1.0,33.4
3512,2.19,Clear,High,Evening,Bike,22,0.0,50.9
3513,3.37,Rainy,Low,Afternoon,Scooter,20,0.0,38.2
3514,3.21,Foggy,Medium,Morning,Bike,25,1.0,53.2
3515,1.79,Snowy,Medium,Evening,Bike,20,0.0,45.0
3516,2.67,Clear,Medium,Evening,Bike,13,0.0,38.7
3517,1.28,Clear,High,Afternoon,Bike,25,0.0,42.0
3518,1.61,Windy,Low,Afternoon,Bike,12,0.0,22.6
3519,0.4,Clear,Medium,Morning,Scooter,10,0.0,21.9
3520,0.49,Clear,Low,Afternoon,Scooter,29,1.0,31.5
3521,3.29,Clear,Low,Afternoon,Scooter,19,1.0,26.7
3522,3.89,Rainy,Medium,Night,Bike,15,1.0,40.3
3523,2.01,Snowy,High,Evening,Car,14,1.0,46.2
3524,0.6,Foggy,Medium,Night,Scooter,10,0.0,20.3
3525,0.44,Foggy,High,Afternoon,Car,19,0.0,35.7
3526,0.28,Clear,Low,Afternoon,Scooter,26,0.0,22.3
3527,3.53,Clear,Medium,Evening,Bike,21,1.0,41.1
3528,1.82,Clear,Low,Afternoon,Scooter,23,1.0,23.7
3529,3.53,Clear,Low,Afternoon,Bike,19,0.0,35.0
3530,1.52,Clear,Low,Evening,Car,7,1.0,14.3
3531,2.39,Clear,Low,Night,Scooter,17,0.0,21.8
3532,2.73,Clear,Medium,Morning,Bike,8,1.0,19.8
3533,0.3,Rainy,Medium,Afternoon,Bike,10,1.0,24.5
3534,2.76,Foggy,Low,Evening,Scooter,12,1.0,25.2
3535,3.22,Clear,Medium,Evening,Bike,27,1.0,48.4
3536,0.19,Clear,Medium,Evening,Bike,13,1.0,31.1
3537,0.33,Foggy,Low,Evening,Car,17,0.0,22.4
3538,2.14,Foggy,Medium,Evening,Bike,26,0.0,47.7
3539,3.89,Snowy,Low,Morning,Bike,21,0.0,44.5
3540,3.9,Clear,High,Morning,Bike,11,1.0,41.0
3541,0.53,Snowy,High,Afternoon,Scooter,17,1.0,35.1
3542,3.07,Clear,Medium,Morning,Scooter,23,0.0,36.5
3543,3.19,Clear,Low,Morning,Scooter,17,0.0,31.4
3544,3.52,Clear,High,Morning,Car,13,1.0,40.7
3545,0.27,Clear,Medium,Morning,Bike,20,0.0,36.8
3546,3.89,Clear,Low,Morning,Bike,16,1.0,33.0
3547,3.3,Clear,Low,Night,Bike,18,0.0,37.8
3548,2.47,Foggy,Medium,Evening,Bike,11,1.0,35.3
3549,0.36,Clear,Medium,Evening,Bike,27,1.0,41.6
3550,1.04,Clear,Low,Evening,Bike,28,0.0,38.7
3551,1.45,Clear,Medium,Morning,Car,15,1.0,32.1
3552,3.44,Clear,High,Afternoon,Bike,14,1.0,40.6
3553,3.07,Clear,Low,Night,Car,12,1.0,19.7
3554,3.77,Clear,Medium,Morning,Car,19,0.0,38.3
3555,1.75,Clear,Low,Morning,Scooter,13,1.0,20.9
3556,3.68,Foggy,Low,Afternoon,Car,20,0.0,32.1
3557,3.59,Windy,Medium,Morning,Scooter,29,1.0,48.4
3558,0.17,Rainy,High,Morning,Bike,12,1.0,39.6
3559,1.03,Rainy,Low,Afternoon,Scooter,13,0.0,25.1
3560,3.22,Snowy,Low,Evening,Bike,10,0.0,36.5
3561,2.69,Windy,High,Morning,Bike,15,0.0,48.3
3562,0.97,Rainy,Low,Afternoon,Car,27,0.0,36.9
3563,3.15,Snowy,Low,Morning,Scooter,7,1.0,29.9
3564,1.33,Windy,Medium,Evening,Bike,20,0.0,39.3
3565,2.45,Foggy,Medium,Afternoon,Scooter,16,0.0,30.7
3566,3.75,Clear,Low,Evening,Car,15,1.0,23.3
3567,1.03,Clear,Low,Evening,Bike,12,0.0,27.5
3568,0.32,Clear,Low,Afternoon,Bike,25,0.0,26.5
3569,2.67,Clear,Low,Afternoon,Bike,25,0.0,37.4
3570,2.94,Rainy,Low,Afternoon,Car,9,1.0,22.4
3571,1.32,Clear,High,Evening,Scooter,19,0.0,37.9
3572,1.93,Rainy,High,Evening,Bike,16,1.0,48.5
3573,2.05,Rainy,Medium,Afternoon,Scooter,6,0.0,26.0
3574,3.28,Snowy,High,Morning,Bike,15,0.0,50.8
3575,2.8,Clear,High,Afternoon,Bike,13,1.0,34.2
3576,1.16,Clear,Medium,Morning,Car,23,0.0,35.1
3577,1.16,Foggy,Medium,Evening,Scooter,17,0.0,36.2
3578,1.37,Snowy,Medium,Afternoon,Bike,24,1.0,44.1
3579,0.67,Windy,Low,Afternoon,Car,31,0.0,35.5
3580,0.62,Snowy,Low,Morning,Bike,16,1.0,36.9
3581,3.29,Snowy,Low,Evening,Bike,19,1.0,48.4
3582,3.34,Clear,Low,Afternoon,Bike,31,0.0,44.0
3583,1.11,Clear,Medium,Night,Bike,12,0.0,25.0
3584,3.42,Clear,Medium,Evening,Scooter,9,0.0,30.6
3585,2.33,Rainy,High,Morning,Bike,17,0.0,54.2
3586,2.88,Windy,High,Evening,Bike,17,1.0,43.3
3587,3.53,Clear,Low,Evening,Car,28,1.0,37.3
3588,1.3,Rainy,Medium,Morning,Bike,17,1.0,35.7
3589,2.68,Clear,Medium,Afternoon,Bike,17,1.0,31.2
3590,1.3,Clear,Medium,Evening,Bike,18,0.0,41.1
3591,3.62,Clear,Low,Evening,Car,17,1.0,24.9
3592,1.27,Clear,Medium,Evening,Bike,27,1.0,46.3
3593,2.54,Windy,High,Morning,Bike,20,0.0,51.5
3594,0.85,Clear,Low,Evening,Car,24,0.0,27.8
3595,1.54,Snowy,Low,Evening,Bike,12,1.0,33.2
3596,1.47,Rainy,Medium,Evening,Car,26,0.0,50.1
3597,3.03,Clear,Medium,Afternoon,Scooter,31,0.0,48.2
3598,1.22,Clear,Low,Evening,Car,30,0.0,43.1
3599,1.38,Snowy,Low,Evening,Bike,32,1.0,46.5
3600,0.14,Clear,Medium,Afternoon,Car,22,1.0,29.0
3601,1.33,Windy,High,Evening,Bike,21,0.0,41.5
3602,1.16,Clear,Medium,Evening,Bike,9,1.0,26.6
3603,2.22,Rainy,Medium,Afternoon,Scooter,14,1.0,32.3
3604,1.67,Snowy,High,Evening,Bike,24,0.0,55.9
3605,3.92,Clear,Medium,Evening,Bike,15,1.0,36.9
3606,2.23,Clear,Medium,Afternoon,Scooter,20,1.0,31.1
3607,0.38,Windy,Low,Evening,Bike,19,0.0,33.9
3608,3.26,Clear,Medium,Night,Bike,19,0.0,34.4
3609,0.31,Clear,Medium,Evening,Bike,16,0.0,30.2
3610,3.37,Clear,Medium,Evening,Bike,27,0.0,51.7
3611,1.68,Clear,Medium,Morning,Scooter,14,1.0,31.0
3612,0.34,Foggy,Low,Morning,Scooter,23,0.0,42.3
3613,3.91,Foggy,Medium,Evening,Bike,8,1.0,37.2
3614,2.03,Clear,Low,Morning,Bike,25,1.0,40.5
3615,3.43,Snowy,High,Evening,Bike,23,1.0,61.0
3616,1.74,Clear,Medium,Morning,Bike,31,1.0,54.1
3617,1.9,Clear,Medium,Morning,Bike,11,0.0,28.1
3618,1.51,Rainy,Medium,Evening,Scooter,24,0.0,45.8
3619,1.54,Windy,Medium,Afternoon,Bike,15,0.0,33.8
3620,3.19,Clear,Medium,Evening,Scooter,14,0.0,34.2
3621,0.22,Clear,Low,Afternoon,Bike,13,1.0,21.4
3622,2.01,Rainy,Medium,Morning,Bike,22,0.0,48.5
3623,1.14,Snowy,Low,Morning,Bike,29,0.0,53.9
3624,2.27,Clear,Low,Night,Bike,21,1.0,26.9
3625,0.94,Clear,High,Night,Scooter,14,0.0,30.5
3626,1.46,Foggy,Medium,Evening,Scooter,16,0.0,30.3
3627,2.18,Clear,Medium,Evening,Car,14,0.0,27.8
3628,2.99,Clear,High,Afternoon,Bike,10,1.0,41.2
3629,3.79,Clear,Medium,Evening,Bike,23,1.0,47.2
3630,1.05,Clear,Low,Morning,Car,11,1.0,15.0
3631,1.98,Clear,Low,Morning,Scooter,20,0.0,31.6
3632,1.46,Snowy,Low,Morning,Bike,16,1.0,38.2
3633,2.46,Rainy,Medium,Afternoon,Bike,10,1.0,30.1
3634,1.53,Rainy,Medium,Evening,Bike,15,0.0,35.5
3635,0.48,Windy,Low,Morning,Bike,10,1.0,23.1
3636,2.5,Clear,Low,Morning,Scooter,20,0.0,30.6
3637,0.24,Clear,Low,Morning,Bike,21,0.0,30.5
3638,0.27,Windy,Low,Afternoon,Car,27,1.0,32.2
3639,3.55,Clear,High,Afternoon,Scooter,14,1.0,39.1
3640,3.49,Foggy,High,Evening,Scooter,12,1.0,44.0
3641,2.29,Foggy,Low,Afternoon,Bike,17,1.0,31.2
3642,0.17,Clear,Medium,Morning,Scooter,24,1.0,35.9
3643,1.44,Clear,Low,Evening,Car,19,1.0,28.7
3644,1.45,Clear,Low,Evening,Bike,29,1.0,44.0
3645,2.91,Clear,Low,Morning,Scooter,10,0.0,23.9
3646,3.27,Clear,Medium,Evening,Bike,22,1.0,42.9
3647,1.48,Clear,Low,Afternoon,Bike,21,1.0,32.8
3648,1.74,Foggy,Medium,Morning,Car,14,0.0,36.9
3649,0.98,Windy,Medium,Evening,Scooter,13,0.0,32.6
3650,2.94,Snowy,High,Afternoon,Scooter,16,1.0,54.7
3651,1.46,Clear,Low,Afternoon,Bike,15,1.0,25.9
3652,2.85,Clear,Low,Evening,Car,15,0.0,28.7
3653,2.86,Clear,Low,Morning,Scooter,22,1.0,35.6
3654,0.71,Clear,Low,Afternoon,Bike,10,1.0,16.6
3655,3.55,Windy,Medium,Morning,Car,23,0.0,40.3
3656,3.32,Clear,Low,Morning,Bike,18,1.0,32.4
3657,2.37,Clear,Medium,Morning,Bike,12,1.0,30.3
3658,0.44,Snowy,Low,Evening,Car,21,0.0,32.3
3659,0.75,Clear,Medium,Afternoon,Bike,16,1.0,28.2
3660,0.46,Clear,High,Afternoon,Bike,11,0.0,30.0
3661,1.91,Clear,Low,Evening,Bike,19,0.0,36.8
3662,1.14,Rainy,Low,Night,Car,15,0.0,20.9
3663,3.34,Foggy,Medium,Evening,Bike,14,0.0,45.0
3664,1.8,Clear,Medium,Evening,Bike,17,0.0,37.8
3665,1.86,Windy,Low,Morning,Bike,18,1.0,35.6
3666,3.7,Snowy,Low,Morning,Bike,22,0.0,49.9
3667,2.35,Snowy,Low,Evening,Bike,18,0.0,49.4
3668,1.61,Clear,High,Afternoon,Car,18,0.0,31.2
3669,3.94,Clear,Low,Morning,Scooter,19,0.0,32.0
3670,1.9,Snowy,Low,Evening,Car,28,0.0,46.5
3671,2.36,Clear,Low,Evening,Scooter,11,1.0,22.8
3672,1.59,Rainy,Low,Evening,Bike,21,0.0,42.2
3673,2.71,Foggy,Low,Morning,Bike,8,1.0,28.2
3674,3.13,Clear,Low,Morning,Scooter,14,0.0,28.5
3675,2.55,Foggy,Medium,Evening,Bike,24,0.0,52.4
3676,1.07,Windy,Medium,Afternoon,Scooter,15,1.0,27.6
3677,3.77,Foggy,Medium,Afternoon,Bike,8,0.0,38.8
3678,2.1,Clear,High,Morning,Scooter,18,0.0,41.9
3679,3.32,Snowy,Low,Morning,Bike,17,0.0,43.5
3680,0.13,Rainy,Medium,Evening,Bike,28,1.0,54.4
3681,2.12,Foggy,Low,Morning,Car,29,0.0,36.6
3682,3.75,Snowy,Low,Afternoon,Bike,14,1.0,34.3
3683,2.78,Foggy,High,Evening,Bike,25,0.0,57.5
3684,0.55,Clear,High,Afternoon,Bike,18,1.0,33.1
3685,2.87,Clear,High,Morning,Bike,18,1.0,48.1
3686,0.16,Clear,High,Night,Scooter,11,1.0,27.1
3687,1.54,Rainy,Medium,Afternoon,Car,25,0.0,46.3
3688,1.02,Rainy,Medium,Afternoon,Car,20,0.0,33.5
3689,1.08,Rainy,Low,Night,Scooter,30,1.0,42.5
3690,0.26,Clear,Low,Evening,Scooter,24,1.0,33.8
3691,2.51,Foggy,Medium,Morning,Bike,17,1.0,43.4
3692,2.99,Windy,Low,Evening,Car,26,0.0,42.5
3693,1.24,Clear,Medium,Afternoon,Scooter,15,1.0,24.8
3694,2.39,Foggy,Medium,Afternoon,Bike,26,0.0,52.2
3695,2.04,Rainy,Medium,Evening,Car,11,0.0,30.2
3696,3.97,Rainy,High,Afternoon,Scooter,15,0.0,40.1
3697,3.27,Clear,Low,Morning,Bike,26,1.0,41.5
3698,3.79,Foggy,Low,Morning,Scooter,8,1.0,26.5
3699,3.31,Windy,High,Evening,Bike,26,0.0,59.6
3700,2.66,Foggy,High,Evening,Bike,8,0.0,42.2
3701,0.38,Windy,Medium,Morning,Bike,21,0.0,38.7
3702,3.45,Windy,Low,Afternoon,Scooter,20,0.0,29.6
3703,3.07,Clear,Medium,Evening,Bike,9,1.0,36.0
3704,1.2,Rainy,Low,Evening,Bike,25,0.0,44.2
3705,1.15,Clear,Medium,Morning,Bike,10,1.0,26.5
3706,2.14,Windy,Low,Morning,Bike,26,0.0,44.7
3707,1.2,Clear,Low,Afternoon,Scooter,32,0.0,33.7
3708,3.89,Clear,Medium,Afternoon,Bike,21,0.0,39.4
3709,0.85,Snowy,Low,Morning,Bike,29,1.0,52.6
3710,0.7,Clear,Low,Afternoon,Bike,20,0.0,24.5
3711,0.27,Foggy,Low,Afternoon,Bike,32,1.0,39.0
3712,2.26,Clear,Medium,Afternoon,Bike,24,1.0,39.3
3713,2.99,Windy,Medium,Evening,Car,21,1.0,40.8
3714,2.39,Snowy,Medium,Evening,Bike,32,1.0,66.8
3715,0.91,Clear,High,Afternoon,Bike,17,1.0,37.4
3716,3.7,Foggy,High,Evening,Bike,17,1.0,53.1
3717,1.58,Clear,Medium,Morning,Scooter,26,1.0,37.8
3718,0.65,Rainy,Low,Evening,Bike,21,1.0,39.4
3719,0.85,Rainy,Low,Evening,Scooter,12,1.0,22.9
3720,1.81,Snowy,High,Evening,Scooter,15,1.0,49.1
3721,2.22,Clear,Medium,Afternoon,Bike,19,1.0,35.6
3722,2.45,Clear,Low,Evening,Bike,7,0.0,22.2
3723,0.39,Foggy,Low,Morning,Car,18,1.0,28.8
3724,3.48,Rainy,Medium,Night,Bike,13,1.0,37.6
3725,1.41,Rainy,Medium,Morning,Scooter,13,1.0,33.0
3726,1.11,Clear,Medium,Morning,Scooter,27,0.0,38.6
3727,2.78,Clear,Low,Afternoon,Bike,14,0.0,31.5
3728,2.49,Snowy,Low,Night,Scooter,27,1.0,43.2
3729,3.97,Clear,Low,Afternoon,Bike,18,1.0,31.2
3730,1.7,Clear,Medium,Evening,Bike,28,0.0,49.8
3731,0.81,Windy,High,Evening,Scooter,22,1.0,44.2
3732,3.89,Clear,Medium,Afternoon,Car,16,0.0,23.6
3733,1.98,Foggy,High,Afternoon,Bike,8,0.0,41.4
3734,2.68,Clear,Medium,Morning,Scooter,27,0.0,43.5
3735,0.27,Snowy,High,Afternoon,Bike,22,1.0,47.5
3736,1.41,Foggy,High,Evening,Scooter,11,0.0,36.6
3737,3.95,Snowy,High,Morning,Bike,29,1.0,67.5
3738,3.86,Clear,High,Morning,Bike,17,1.0,45.4
3739,3.94,Rainy,Medium,Morning,Car,8,0.0,34.0
3740,3.31,Foggy,Low,Night,Scooter,14,1.0,22.1
3741,2.05,Clear,Low,Evening,Bike,26,0.0,42.7
3742,2.33,Clear,Low,Afternoon,Car,16,1.0,23.4
3743,0.39,Clear,High,Morning,Bike,24,1.0,41.2
3744,3.19,Windy,Medium,Afternoon,Scooter,16,1.0,34.8
3745,3.02,Foggy,Low,Evening,Scooter,11,0.0,26.1
3746,2.86,Rainy,High,Night,Car,13,1.0,36.4
3747,1.59,Foggy,Medium,Evening,Bike,27,0.0,52.6
3748,1.14,Rainy,Medium,Afternoon,Scooter,12,1.0,31.5
3749,3.26,Clear,Medium,Afternoon,Scooter,29,0.0,45.2
3750,3.9,Clear,Low,Evening,Bike,14,1.0,27.8
3751,1.75,Rainy,High,Night,Car,31,1.0,53.4
3752,0.32,Clear,Medium,Evening,Bike,10,1.0,27.6
3753,3.61,Snowy,Low,Afternoon,Bike,19,0.0,40.6
3754,2.79,Snowy,Low,Morning,Scooter,8,0.0,27.6
3755,2.72,Clear,Low,Afternoon,Bike,14,0.0,25.8
3756,3.78,Rainy,Low,Afternoon,Car,26,1.0,42.4
3757,2.71,Clear,High,Afternoon,Bike,12,0.0,34.3
3758,2.51,Windy,Medium,Evening,Bike,27,1.0,51.6
3759,2.87,Windy,Medium,Evening,Scooter,19,1.0,35.9
3760,1.99,Windy,Low,Afternoon,Car,22,0.0,30.2
3761,1.22,Clear,Low,Evening,Scooter,15,0.0,18.2
3762,1.08,Clear,Low,Night,Bike,32,0.0,41.3
3763,2.93,Clear,Medium,Morning,Bike,25,0.0,50.1
3764,1.05,Clear,Medium,Morning,Scooter,28,1.0,41.2
3765,3.73,Clear,High,Afternoon,Car,12,1.0,33.3
3766,1.67,Clear,Medium,Evening,Scooter,14,1.0,29.8
3767,2.57,Windy,Low,Evening,Scooter,25,0.0,35.5
3768,0.27,Clear,Low,Evening,Bike,21,0.0,28.1
3769,1.85,Clear,Medium,Night,Bike,16,0.0,31.0
3770,1.66,Snowy,Medium,Evening,Bike,17,0.0,46.2
3771,3.04,Rainy,Medium,Night,Bike,17,0.0,40.3
3772,0.32,Foggy,Low,Evening,Bike,19,1.0,30.4
3773,1.67,Rainy,Medium,Evening,Scooter,17,0.0,31.1
3774,3.45,Snowy,Low,Morning,Scooter,17,1.0,45.0
3775,2.71,Rainy,Medium,Evening,Bike,15,1.0,48.5
3776,3.13,Rainy,Medium,Morning,Car,17,0.0,38.4
3777,3.08,Foggy,Medium,Morning,Bike,12,1.0,34.9
3778,2.68,Clear,Medium,Evening,Scooter,13,1.0,34.7
3779,1.63,Clear,Medium,Afternoon,Scooter,21,0.0,26.2
3780,1.66,Clear,High,Evening,Car,30,1.0,52.1
3781,0.3,Clear,Medium,Evening,Car,13,1.0,25.0
3782,0.86,Foggy,Low,Evening,Scooter,28,0.0,39.8
3783,2.28,Clear,Low,Evening,Bike,20,1.0,38.6
3784,3.59,Clear,Low,Afternoon,Scooter,30,0.0,37.9
3785,2.49,Clear,Low,Afternoon,Car,16,0.0,24.0
3786,1.61,Snowy,Medium,Afternoon,Bike,21,0.0,45.8
3787,3.34,Clear,Low,Morning,Scooter,18,1.0,27.1
3788,1.85,Rainy,Medium,Evening,Bike,31,1.0,63.6
3789,1.11,Snowy,Low,Afternoon,Scooter,9,0.0,21.3
3790,0.41,Clear,Medium,Night,Bike,9,1.0,20.0
3791,3.33,Foggy,Low,Evening,Scooter,26,1.0,46.2
3792,2.5,Clear,Low,Evening,Bike,9,1.0,27.6
3793,2.37,Clear,Low,Afternoon,Bike,28,1.0,34.7
3794,2.91,Rainy,Medium,Night,Bike,10,1.0,39.1
3795,2.46,Windy,Low,Evening,Scooter,11,1.0,24.8
3796,1.47,Clear,Low,Morning,Car,15,0.0,22.0
3797,2.51,Rainy,Low,Afternoon,Bike,22,1.0,39.4
3798,0.65,Clear,Medium,Afternoon,Bike,19,0.0,32.4
3799,1.26,Rainy,Medium,Morning,Scooter,28,0.0,45.1
3800,2.2,Rainy,Medium,Evening,Scooter,20,1.0,44.5
3801,0.37,Rainy,Low,Evening,Bike,19,0.0,37.4
3802,3.3,Rainy,Low,Afternoon,Scooter,19,0.0,34.2
3803,0.27,Clear,Low,Afternoon,Car,16,1.0,16.6
3804,1.55,Rainy,Low,Morning,Bike,20,1.0,39.2
3805,1.87,Rainy,Low,Morning,Bike,31,0.0,51.9
3806,2.75,Rainy,Low,Afternoon,Bike,31,1.0,50.7
3807,0.7,Clear,Low,Morning,Car,11,1.0,15.3
3808,3.3,Clear,Low,Evening,Scooter,17,0.0,27.9
3809,1.76,Clear,Medium,Evening,Scooter,19,1.0,36.5
3810,1.08,Clear,High,Evening,Car,22,0.0,37.2
3811,0.48,Clear,High,Afternoon,Bike,14,0.0,36.2
3812,3.71,Clear,Low,Morning,Scooter,32,1.0,44.5
3813,1.67,Foggy,High,Afternoon,Scooter,16,1.0,40.7
3814,1.59,Clear,High,Afternoon,Car,14,0.0,33.8
3815,0.8,Snowy,Low,Evening,Scooter,24,1.0,41.0
3816,2.07,Rainy,Low,Afternoon,Bike,19,0.0,39.2
3817,1.35,Foggy,Low,Morning,Bike,27,0.0,46.9
3818,0.75,Clear,Medium,Afternoon,Bike,11,1.0,24.6
3819,3.04,Rainy,Medium,Morning,Car,9,0.0,34.5
3820,3.6,Rainy,Low,Night,Bike,29,0.0,49.1
3821,1.47,Windy,Low,Morning,Scooter,17,0.0,34.2
3822,1.22,Rainy,Medium,Evening,Bike,13,0.0,38.9
3823,1.56,Rainy,Low,Morning,Bike,23,0.0,41.2
3824,3.71,Rainy,Low,Evening,Bike,34,1.0,57.3
3825,2.38,Foggy,Low,Morning,Scooter,34,0.0,52.9
3826,0.75,Clear,Medium,Morning,Bike,30,0.0,44.9
3827,2.57,Rainy,Low,Morning,Bike,12,0.0,40.3
3828,1.66,Clear,Medium,Morning,Bike,26,0.0,49.6
3829,0.17,Windy,Medium,Afternoon,Car,11,0.0,16.7
3830,3.88,Rainy,Medium,Evening,Scooter,15,1.0,44.3
3831,0.55,Clear,Medium,Morning,Scooter,12,1.0,21.7
3832,1.71,Windy,Medium,Night,Car,15,0.0,25.3
3833,2.66,Clear,Low,Afternoon,Scooter,14,0.0,20.4
3834,2.39,Clear,Low,Morning,Scooter,27,0.0,36.0
3835,0.12,Clear,Medium,Evening,Scooter,32,0.0,46.4
3836,2.47,Clear,High,Evening,Bike,12,1.0,39.6
3837,2.94,Clear,Low,Evening,Bike,11,0.0,28.7
3838,3.41,Clear,High,Afternoon,Car,12,1.0,30.9
3839,0.82,Foggy,Low,Evening,Bike,19,0.0,34.2
3840,0.24,Foggy,Medium,Night,Bike,27,0.0,43.0
3841,3.78,Clear,High,Afternoon,Car,23,0.0,46.6
3842,2.75,Rainy,High,Night,Bike,16,1.0,45.4
3843,1.87,Clear,Low,Evening,Scooter,30,1.0,43.7
3844,2.93,Windy,Low,Afternoon,Scooter,18,0.0,27.5
3845,0.71,Clear,Low,Afternoon,Bike,24,1.0,31.1
3846,3.84,Rainy,Low,Afternoon,Bike,18,1.0,39.8
3847,2.65,Clear,Low,Morning,Bike,21,1.0,39.8
3848,3.52,Rainy,Low,Morning,Scooter,16,1.0,39.1
3849,2.27,Clear,Medium,Morning,Car,9,1.0,24.3
3850,3.22,Foggy,Medium,Morning,Car,20,1.0,41.7
3851,1.38,Clear,Medium,Afternoon,Bike,14,1.0,25.7
3852,0.62,Windy,Medium,Afternoon,Bike,19,0.0,34.8
3853,1.48,Rainy,Medium,Morning,Scooter,21,1.0,49.4
3854,3.6,Foggy,High,Evening,Scooter,17,0.0,45.0
3855,2.82,Snowy,Medium,Morning,Bike,12,1.0,41.9
3856,1.88,Windy,Medium,Afternoon,Bike,24,0.0,39.0
3857,1.02,Clear,Medium,Night,Bike,12,0.0,24.0
3858,2.43,Clear,Low,Morning,Bike,11,1.0,22.2
3859,2.41,Clear,Low,Evening,Scooter,15,1.0,22.0
3860,2.17,Clear,Low,Night,Car,9,1.0,14.1
3861,2.98,Rainy,High,Afternoon,Bike,15,0.0,48.7
3862,1.05,Windy,High,Afternoon,Scooter,23,0.0,43.4
3863,2.09,Windy,High,Evening,Bike,24,0.0,50.5
3864,1.3,Rainy,High,Morning,Bike,17,0.0,43.8
3865,0.9,Rainy,Medium,Afternoon,Bike,12,1.0,26.2
3866,1.4,Snowy,Low,Morning,Bike,31,0.0,50.4
3867,3.23,Windy,Medium,Afternoon,Bike,25,1.0,43.4
3868,0.54,Clear,Low,Afternoon,Scooter,6,0.0,10.0
3869,1.17,Rainy,Medium,Morning,Scooter,20,0.0,42.4
3870,2.18,Snowy,Medium,Evening,Scooter,29,1.0,54.0
3871,1.66,Clear,Medium,Afternoon,Scooter,28,0.0,44.4
3872,3.33,Clear,Low,Night,Bike,16,1.0,35.6
3873,3.14,Windy,Low,Evening,Bike,20,1.0,39.0
3874,2.74,Windy,Medium,Afternoon,Bike,20,1.0,34.7
3875,1.2,Windy,Low,Morning,Bike,22,0.0,36.0
3876,0.18,Foggy,Medium,Afternoon,Bike,29,1.0,45.0
3877,1.32,Clear,Low,Afternoon,Car,17,0.0,22.0
3878,2.44,Clear,Medium,Morning,Car,9,1.0,19.8
3879,0.5,Rainy,Medium,Afternoon,Scooter,22,1.0,32.6
3880,3.31,Rainy,Low,Afternoon,Scooter,29,0.0,46.1
3881,3.95,Rainy,Low,Afternoon,Scooter,26,0.0,42.0
3882,2.98,Rainy,High,Evening,Scooter,8,1.0,37.3
3883,1.72,Clear,Low,Afternoon,Scooter,27,1.0,29.5
3884,3.21,Foggy,High,Afternoon,Bike,12,0.0,40.9
3885,1.16,Clear,Medium,Evening,Car,31,0.0,44.1
3886,3.82,Clear,Medium,Morning,Scooter,23,0.0,36.2
3887,1.53,Clear,High,Afternoon,Bike,11,0.0,32.4
3888,2.79,Clear,Medium,Afternoon,Scooter,10,1.0,25.6
3889,0.17,Snowy,Low,Evening,Scooter,14,1.0,31.1
3890,2.56,Clear,Medium,Afternoon,Car,13,0.0,31.0
3891,1.25,Clear,Low,Morning,Bike,6,1.0,16.8
3892,0.5,Foggy,Medium,Afternoon,Bike,27,1.0,44.2
3893,1.79,Rainy,Low,Evening,Bike,11,0.0,35.8
3894,0.51,Clear,High,Morning,Bike,32,0.0,55.3
3895,0.82,Clear,Medium,Night,Bike,14,1.0,31.7
3896,3.59,Clear,Medium,Afternoon,Bike,19,0.0,41.3
3897,0.35,Rainy,Medium,Morning,Bike,22,0.0,46.2
3898,2.54,Clear,Medium,Night,Bike,15,0.0,32.6
3899,0.34,Clear,Medium,Night,Scooter,17,1.0,24.4
3900,2.9,Clear,High,Afternoon,Scooter,23,0.0,43.3
3901,3.91,Rainy,Medium,Morning,Bike,9,1.0,37.5
3902,1.78,Clear,Low,Morning,Bike,15,0.0,30.9
3903,3.88,Snowy,Low,Afternoon,Scooter,24,1.0,49.7
3904,2.6,Clear,Medium,Night,Bike,15,0.0,27.3
3905,2.42,Rainy,Medium,Morning,Scooter,9,1.0,36.3
3906,0.77,Clear,Low,Evening,Bike,13,0.0,25.4
3907,3.81,Clear,Low,Morning,Bike,21,0.0,42.5
3908,3.46,Clear,High,Evening,Car,31,0.0,52.9
3909,0.61,Snowy,Low,Afternoon,Bike,13,1.0,29.2
3910,0.21,Snowy,Low,Morning,Bike,18,0.0,42.3
3911,1.5,Clear,High,Afternoon,Bike,13,0.0,34.2
3912,0.72,Clear,High,Afternoon,Scooter,28,1.0,45.5
3913,1.41,Windy,High,Evening,Scooter,27,0.0,49.3
3914,3.84,Rainy,Medium,Afternoon,Scooter,16,1.0,38.3
3915,3.46,Clear,High,Morning,Car,8,1.0,32.5
3916,1.82,Clear,High,Morning,Bike,20,1.0,46.6
3917,1.18,Rainy,Low,Evening,Bike,20,1.0,41.5
3918,2.35,Foggy,Low,Evening,Car,20,0.0,33.1
3919,3.76,Rainy,High,Morning,Bike,14,0.0,51.3
3920,3.18,Windy,Low,Night,Car,8,1.0,20.3
3921,3.48,Rainy,Low,Morning,Scooter,8,1.0,32.4
3922,3.07,Clear,Low,Morning,Bike,23,1.0,36.6
3923,2.06,Clear,Low,Afternoon,Car,18,0.0,26.1
3924,0.65,Clear,Low,Night,Bike,14,0.0,19.1
3925,3.29,Clear,Medium,Evening,Scooter,28,1.0,47.3
3926,2.64,Clear,Medium,Morning,Bike,27,1.0,49.1
3927,3.11,Clear,Medium,Evening,Scooter,24,0.0,41.4
3928,2.96,Foggy,Low,Morning,Scooter,20,1.0,36.4
3929,1.06,Clear,Low,Evening,Bike,20,1.0,26.4
3930,1.21,Clear,High,Afternoon,Car,18,0.0,34.8
3931,3.44,Rainy,Low,Evening,Bike,12,0.0,35.7
3932,1.69,Rainy,Low,Evening,Bike,22,0.0,42.6
3933,0.79,Foggy,Medium,Afternoon,Bike,18,1.0,34.4
3934,2.61,Snowy,Low,Morning,Scooter,18,1.0,41.3
3935,1.26,Foggy,High,Morning,Bike,21,0.0,51.3
3936,2.61,Clear,Low,Afternoon,Scooter,16,0.0,20.3
3937,2.4,Clear,High,Morning,Scooter,22,0.0,44.9
3938,2.69,Rainy,High,Morning,Scooter,14,0.0,41.8
3939,3.97,Clear,Medium,Morning,Car,26,1.0,44.2
3940,1.18,Clear,Low,Evening,Car,32,0.0,40.6
3941,3.9,Clear,Low,Evening,Bike,19,0.0,38.2
3942,3.08,Clear,Low,Evening,Scooter,16,0.0,30.1
3943,3.44,Clear,Medium,Evening,Bike,14,0.0,40.7
3944,3.23,Clear,Medium,Evening,Bike,27,0.0,47.7
3945,0.19,Snowy,Medium,Morning,Bike,15,0.0,40.1
3946,2.06,Windy,Low,Afternoon,Bike,24,0.0,32.1
3947,0.51,Clear,Medium,Night,Scooter,16,0.0,24.0
3948,2.73,Windy,Low,Evening,Bike,27,1.0,43.6
3949,0.33,Clear,Low,Evening,Scooter,17,0.0,25.7
3950,0.23,Windy,Low,Afternoon,Car,19,0.0,23.9
3951,3.64,Windy,High,Morning,Bike,11,1.0,47.9
3952,3.68,Clear,Low,Evening,Bike,31,1.0,47.0
3953,2.53,Foggy,Medium,Night,Bike,19,0.0,42.8
3954,1.89,Windy,High,Morning,Bike,20,1.0,50.8
3955,3.33,Windy,High,Morning,Car,11,0.0,44.2
3956,3.86,Windy,Low,Evening,Bike,21,0.0,43.8
3957,0.31,Rainy,Low,Evening,Bike,16,0.0,33.5
3958,0.5,Clear,Medium,Evening,Bike,16,1.0,32.9
3959,3.63,Snowy,Low,Morning,Bike,17,1.0,45.8
3960,0.49,Rainy,Medium,Afternoon,Scooter,18,1.0,37.6
3961,2.89,Rainy,Low,Morning,Car,24,0.0,40.1
3962,2.26,Clear,Medium,Night,Scooter,15,0.0,25.8
3963,2.13,Rainy,Low,Morning,Bike,27,1.0,56.0
3964,0.48,Clear,Medium,Morning,Scooter,11,0.0,20.7
3965,2.94,Foggy,Medium,Evening,Car,18,1.0,41.4
3966,2.45,Clear,Medium,Morning,Bike,21,1.0,43.0
3967,3.72,Foggy,Low,Afternoon,Scooter,31,1.0,46.5
3968,1.98,Snowy,Medium,Morning,Scooter,16,1.0,38.1
3969,3.66,Clear,Low,Evening,Scooter,21,0.0,43.2
3970,0.82,Rainy,Medium,Morning,Bike,24,0.0,49.3
3971,0.9,Clear,Low,Evening,Scooter,25,0.0,31.4
3972,3.8,Windy,Medium,Morning,Scooter,28,1.0,46.8
3973,0.49,Foggy,High,Evening,Scooter,15,0.0,33.0
3974,1.02,Clear,Medium,Morning,Bike,25,1.0,44.8
3975,0.65,Clear,Medium,Afternoon,Bike,30,1.0,40.3
3976,2.87,Clear,Medium,Afternoon,Scooter,17,1.0,29.9
3977,3.14,Clear,Medium,Morning,Scooter,21,0.0,38.1
3978,3.62,Windy,Low,Morning,Car,15,1.0,31.0
3979,0.67,Foggy,Medium,Morning,Bike,14,0.0,37.6
3980,1.35,Clear,High,Morning,Bike,14,0.0,41.2
3981,1.34,Snowy,Low,Evening,Scooter,9,1.0,29.7
3982,3.9,Clear,Medium,Evening,Scooter,19,0.0,37.4
3983,2.37,Snowy,Low,Night,Scooter,26,1.0,38.6
3984,1.42,Clear,Medium,Afternoon,Scooter,14,0.0,24.7
3985,1.27,Rainy,Medium,Morning,Bike,8,1.0,34.7
3986,1.34,Windy,Medium,Morning,Bike,14,0.0,36.3
3987,2.88,Clear,Medium,Morning,Bike,23,0.0,39.7
3988,2.24,Rainy,Medium,Morning,Bike,17,1.0,44.5
3989,2.53,Windy,High,Evening,Scooter,23,0.0,46.6
3990,1.93,Clear,Low,Morning,Bike,13,1.0,26.7
3991,0.2,Clear,High,Morning,Car,20,0.0,39.3
3992,2.78,Rainy,Medium,Morning,Bike,22,1.0,43.0
3993,2.92,Clear,High,Afternoon,Scooter,24,1.0,48.3
3994,0.8,Clear,Medium,Morning,Scooter,21,0.0,31.6
3995,2.63,Clear,Medium,Night,Bike,28,1.0,48.2
3996,3.52,Foggy,High,Evening,Scooter,11,0.0,44.3
3997,2.45,Clear,Medium,Evening,Car,19,0.0,33.5
3998,2.71,Clear,Low,Evening,Car,17,0.0,28.3
3999,2.83,Snowy,High,Evening,Bike,34,1.0,69.5
4000,1.36,Rainy,Low,Evening,Scooter,19,0.0,29.8
4001,4.62,Snowy,Low,Evening,Bike,21,2.0,53.4
4002,5.89,Clear,Medium,Evening,Bike,28,3.0,53.1
4003,4.93,Windy,Medium,Evening,Bike,12,2.0,46.0
4004,6.75,Rainy,High,Morning,Car,15,3.0,53.7
4005,6.86,Clear,Medium,Afternoon,Scooter,15,2.0,34.4
4006,4.03,Snowy,Medium,Evening,Bike,11,3.0,45.8
4007,7.82,Rainy,Medium,Afternoon,Car,19,3.0,49.0
4008,7.7,Clear,High,Night,Scooter,15,3.0,49.3
4009,4.53,Clear,Low,Evening,Bike,12,2.0,29.3
4010,5.91,Rainy,Low,Afternoon,Scooter,8,1.0,28.7
4011,4.84,Clear,High,Evening,Scooter,8,3.0,36.1
4012,7.86,Clear,Medium,Evening,Bike,16,1.0,48.7
4013,6.26,Clear,High,Afternoon,Bike,20,3.0,45.8
4014,6.8,Clear,Medium,Morning,Bike,13,2.0,45.8
4015,7.91,Clear,Medium,Morning,Bike,28,2.0,65.0
4016,6.69,Rainy,Medium,Evening,Scooter,13,2.0,46.0
4017,7.48,Clear,High,Morning,Bike,14,2.0,47.4
4018,4.96,Clear,High,Morning,Bike,15,1.0,47.0
4019,4.92,Rainy,Low,Afternoon,Car,12,1.0,26.5
4020,5.76,Clear,Medium,Evening,Car,34,1.0,55.3
4021,7.53,Rainy,Medium,Morning,Scooter,22,3.0,56.3
4022,4.16,Clear,Low,Morning,Scooter,14,3.0,29.3
4023,5.77,Clear,Medium,Night,Car,31,1.0,53.3
4024,7.3,Clear,Medium,Night,Scooter,20,3.0,44.1
4025,4.71,Clear,Low,Afternoon,Bike,23,3.0,34.4
4026,6.46,Clear,Low,Morning,Bike,15,1.0,40.7
4027,4.28,Snowy,High,Evening,Bike,13,1.0,53.0
4028,4.04,Clear,Low,Morning,Bike,17,2.0,34.2
4029,5.28,Rainy,Medium,Afternoon,Bike,16,1.0,46.0
4030,7.22,Rainy,Low,Evening,Bike,32,1.0,64.7
4031,4.17,Clear,Medium,Afternoon,Bike,12,1.0,35.6
4032,5.46,Rainy,Low,Evening,Scooter,11,1.0,36.9
4033,6.91,Clear,Low,Afternoon,Bike,20,1.0,37.0
4034,5.48,Clear,Medium,Evening,Bike,19,2.0,41.3
4035,5.92,Clear,Medium,Evening,Scooter,18,3.0,43.2
4036,6.0,Foggy,High,Evening,Bike,16,1.0,57.2
4037,7.63,Windy,Low,Evening,Bike,15,1.0,48.0
4038,7.5,Clear,Low,Afternoon,Bike,10,3.0,30.4
4039,4.25,Rainy,Low,Evening,Scooter,24,2.0,46.0
4040,6.77,Foggy,Low,Night,Car,17,1.0,37.7
4041,6.17,Clear,Medium,Evening,Bike,27,2.0,50.7
4042,5.42,Foggy,High,Evening,Car,18,2.0,44.9
4043,5.97,Rainy,High,Morning,Car,27,2.0,64.1
4044,7.52,Windy,Medium,Morning,Car,28,3.0,56.9
4045,7.09,Windy,Medium,Afternoon,Car,19,3.0,45.8
4046,6.27,Clear,Low,Morning,Scooter,24,1.0,48.7
4047,4.7,Clear,Low,Evening,Bike,11,2.0,29.2
4048,6.47,Rainy,Medium,Morning,Bike,11,2.0,46.0
4049,5.99,Clear,Low,Afternoon,Bike,22,2.0,35.9
4050,5.79,Clear,Low,Night,Bike,9,2.0,28.1
4051,7.78,Windy,Low,Afternoon,Car,22,2.0,34.7
4052,7.97,Clear,Medium,Evening,Bike,13,1.0,43.0
4053,7.81,Clear,Medium,Evening,Scooter,13,2.0,41.9
4054,6.96,Snowy,Low,Morning,Car,15,1.0,41.7
4055,6.4,Clear,High,Night,Bike,28,2.0,58.7
4056,5.28,Clear,Low,Morning,Bike,22,3.0,41.2
4057,7.79,Windy,Medium,Night,Bike,23,3.0,50.0
4058,5.82,Clear,High,Afternoon,Bike,24,2.0,47.4
4059,4.81,Clear,Medium,Afternoon,Bike,25,1.0,49.1
4060,4.44,Clear,Low,Afternoon,Bike,12,1.0,26.6
4061,7.34,Windy,Medium,Evening,Scooter,29,3.0,59.4
4062,5.31,Clear,Low,Morning,Bike,16,2.0,36.3
4063,7.06,Rainy,Low,Evening,Scooter,19,1.0,46.7
4064,6.51,Clear,Low,Morning,Bike,24,3.0,47.0
4065,5.13,Clear,Medium,Afternoon,Bike,26,2.0,47.5
4066,7.4,Windy,Low,Evening,Bike,18,3.0,44.5
4067,7.38,Rainy,Medium,Afternoon,Scooter,18,1.0,45.6
4068,4.69,Windy,High,Afternoon,Scooter,16,3.0,49.0
4069,4.49,Clear,Medium,Morning,Bike,9,1.0,37.3
4070,6.4,Rainy,Low,Morning,Scooter,20,3.0,49.8
4071,4.93,Snowy,Low,Evening,Bike,21,1.0,55.1
4072,5.33,Clear,Medium,Morning,Car,17,1.0,37.3
4073,7.75,Clear,Medium,Afternoon,Car,9,2.0,30.3
4074,4.7,Snowy,Medium,Afternoon,Bike,19,1.0,50.7
4075,5.88,Clear,Low,Afternoon,Bike,11,2.0,27.6
4076,5.18,Rainy,High,Evening,Bike,17,2.0,58.8
4077,5.39,Windy,Low,Afternoon,Scooter,24,1.0,37.8
4078,5.48,Clear,High,Evening,Bike,13,2.0,42.7
4079,5.04,Clear,Medium,Night,Scooter,28,2.0,42.0
4080,7.05,Clear,Medium,Afternoon,Car,22,2.0,41.3
4081,7.25,Clear,High,Afternoon,Bike,14,1.0,45.9
4082,6.16,Clear,High,Morning,Car,13,3.0,38.9
4083,7.6,Rainy,Medium,Afternoon,Bike,10,1.0,45.4
4084,4.55,Clear,Low,Morning,Car,26,1.0,35.9
4085,6.03,Rainy,High,Evening,Scooter,9,3.0,47.7
4086,7.31,Clear,Low,Evening,Bike,20,3.0,41.0
4087,6.48,Clear,Low,Evening,Bike,23,1.0,43.1
4088,7.94,Clear,Medium,Morning,Scooter,14,2.0,40.3
4089,6.38,Foggy,Medium,Morning,Scooter,16,1.0,46.0
4090,7.84,Clear,Low,Afternoon,Bike,14,3.0,38.0
4091,4.39,Clear,Low,Afternoon,Car,24,2.0,32.2
4092,4.17,Snowy,Medium,Night,Scooter,33,2.0,54.2
4093,5.43,Rainy,Medium,Afternoon,Car,31,3.0,55.6
4094,7.37,Clear,Medium,Evening,Bike,10,3.0,41.8
4095,4.2,Snowy,Low,Afternoon,Bike,21,3.0,42.7
4096,5.01,Clear,Medium,Evening,Bike,19,3.0,44.7
4097,7.94,Clear,Medium,Morning,Bike,29,2.0,65.6
4098,6.56,Rainy,Medium,Night,Bike,19,1.0,49.2
4099,5.57,Clear,High,Night,Bike,17,3.0,48.3
4100,4.31,Clear,Low,Morning,Scooter,17,2.0,35.1
4101,7.02,Foggy,Medium,Afternoon,Bike,26,3.0,57.2
4102,7.7,Clear,Low,Morning,Bike,21,3.0,42.5
4103,6.97,Snowy,Low,Night,Scooter,10,2.0,40.1
4104,4.47,Windy,Low,Afternoon,Scooter,29,3.0,44.8
4105,6.13,Rainy,Low,Morning,Scooter,21,3.0,47.3
4106,5.61,Foggy,Low,Afternoon,Scooter,12,2.0,30.0
4107,7.62,Foggy,Low,Evening,Bike,17,2.0,51.0
4108,7.05,Windy,Medium,Morning,Scooter,14,1.0,41.4
4109,7.21,Clear,Medium,Afternoon,Scooter,19,1.0,44.8
4110,5.65,Clear,Medium,Afternoon,Bike,19,2.0,41.3
4111,4.1,Rainy,Low,Evening,Bike,31,2.0,50.8
4112,7.04,Rainy,Low,Afternoon,Car,9,2.0,27.3
4113,6.53,Clear,Low,Morning,Bike,17,3.0,40.8
4114,4.57,Rainy,Medium,Evening,Bike,12,1.0,45.1
4115,7.03,Clear,Low,Afternoon,Bike,8,1.0,30.2
4116,4.6,Windy,Medium,Morning,Car,23,2.0,43.8
4117,6.96,Clear,Medium,Evening,Bike,23,3.0,53.1
4118,6.85,Clear,Low,Night,Car,29,2.0,44.7
4119,4.03,Clear,Medium,Afternoon,Car,19,3.0,39.1
4120,7.1,Clear,Medium,Evening,Scooter,14,1.0,39.8
4121,5.63,Clear,Medium,Evening,Bike,15,1.0,45.9
4122,6.03,Clear,Low,Afternoon,Bike,20,1.0,40.6
4123,7.86,Clear,Medium,Afternoon,Car,20,3.0,41.9
4124,7.68,Clear,High,Morning,Car,9,3.0,36.2
4125,5.53,Clear,High,Evening,Car,28,2.0,59.1
4126,6.84,Clear,High,Morning,Car,28,1.0,59.2
4127,6.05,Clear,Medium,Morning,Scooter,24,3.0,45.7
4128,7.29,Clear,Low,Morning,Bike,14,1.0,36.8
4129,5.28,Clear,Medium,Evening,Scooter,15,1.0,38.8
4130,5.88,Clear,High,Afternoon,Bike,22,3.0,48.3
4131,4.45,Clear,Low,Night,Bike,15,1.0,28.5
4132,7.71,Foggy,Medium,Evening,Bike,16,1.0,51.6
4133,7.6,Windy,Medium,Evening,Bike,21,2.0,55.7
4134,5.1,Windy,High,Morning,Bike,8,1.0,45.4
4135,6.33,Rainy,High,Morning,Bike,11,3.0,51.2
4136,5.51,Rainy,Low,Morning,Scooter,8,3.0,30.7
4137,4.62,Clear,Low,Night,Scooter,14,3.0,24.7
4138,4.18,Foggy,Low,Morning,Scooter,17,2.0,33.8
4139,7.29,Foggy,High,Afternoon,Scooter,25,2.0,57.1
4140,5.16,Snowy,Low,Evening,Bike,12,1.0,41.4
4141,6.06,Snowy,Medium,Evening,Bike,15,1.0,54.6
4142,7.61,Clear,Low,Afternoon,Scooter,7,1.0,30.0
4143,4.08,Foggy,High,Night,Bike,17,1.0,44.6
4144,6.19,Snowy,Medium,Morning,Scooter,8,1.0,43.7
4145,7.82,Clear,Medium,Afternoon,Scooter,15,3.0,37.7
4146,7.24,Windy,Medium,Morning,Bike,25,3.0,57.6
4147,4.88,Clear,Low,Afternoon,Car,29,3.0,36.5
4148,4.8,Windy,Low,Morning,Bike,16,2.0,41.8
4149,7.05,Foggy,Medium,Evening,Scooter,14,1.0,38.6
4150,4.32,Clear,Low,Afternoon,Car,23,1.0,28.5
4151,6.4,Rainy,Medium,Afternoon,Scooter,22,3.0,52.6
4152,4.94,Clear,High,Afternoon,Scooter,16,3.0,42.6
4153,7.36,Foggy,High,Morning,Scooter,27,1.0,70.9
4154,5.52,Foggy,Low,Afternoon,Bike,17,3.0,39.3
4155,5.66,Rainy,Low,Evening,Scooter,29,3.0,54.1
4156,7.18,Snowy,Medium,Morning,Scooter,27,3.0,57.4
4157,4.35,Clear,High,Morning,Bike,29,1.0,60.0
4158,6.4,Clear,Low,Morning,Bike,11,2.0,35.6
4159,7.85,Clear,Medium,Morning,Car,14,3.0,38.0
4160,6.6,Clear,High,Afternoon,Bike,16,3.0,46.4
4161,4.33,Clear,Medium,Morning,Car,23,3.0,44.4
4162,7.63,Clear,Low,Evening,Bike,14,2.0,44.0
4163,4.52,Clear,Medium,Morning,Bike,13,3.0,37.9
4164,5.48,Clear,Low,Afternoon,Scooter,15,1.0,28.3
4165,4.73,Snowy,Medium,Morning,Scooter,15,1.0,49.0
4166,6.89,Clear,Medium,Morning,Bike,24,1.0,53.4
4167,5.06,Snowy,Low,Afternoon,Bike,33,2.0,62.1
4168,5.04,Clear,High,Night,Bike,15,1.0,41.9
4169,5.65,Clear,Medium,Night,Scooter,9,1.0,31.1
4170,5.14,Rainy,Low,Evening,Bike,22,3.0,48.4
4171,7.14,Clear,Low,Night,Scooter,17,2.0,31.7
4172,6.11,Clear,High,Evening,Bike,17,2.0,52.3
4173,6.22,Rainy,Medium,Afternoon,Bike,15,2.0,45.3
4174,4.65,Clear,Low,Morning,Bike,17,1.0,39.6
4175,7.65,Clear,High,Morning,Bike,11,2.0,45.6
4176,5.4,Rainy,Medium,Morning,Scooter,20,1.0,51.0
4177,5.51,Clear,Low,Afternoon,Car,29,3.0,37.1
4178,4.97,Snowy,High,Morning,Bike,28,3.0,72.7
4179,7.84,Clear,Medium,Morning,Bike,22,3.0,55.6
4180,6.43,Windy,Medium,Evening,Car,16,2.0,41.8
4181,4.24,Foggy,Medium,Night,Bike,28,2.0,53.1
4182,4.77,Windy,High,Evening,Bike,21,3.0,59.7
4183,5.92,Snowy,High,Afternoon,Scooter,18,2.0,56.1
4184,4.75,Clear,Low,Morning,Bike,14,3.0,30.4
4185,6.42,Rainy,Low,Night,Bike,23,2.0,51.7
4186,5.23,Clear,Medium,Morning,Car,24,3.0,42.0
4187,5.4,Snowy,Medium,Morning,Scooter,19,2.0,52.1
4188,7.15,Rainy,Medium,Evening,Scooter,14,1.0,41.8
4189,6.1,Clear,Medium,Morning,Bike,16,2.0,46.7
4190,4.45,Windy,Medium,Afternoon,Bike,20,2.0,41.6
4191,5.49,Clear,Low,Afternoon,Car,13,2.0,23.3
4192,7.59,Rainy,Medium,Morning,Car,17,2.0,45.3
4193,7.38,Foggy,Medium,Morning,Car,9,3.0,39.0
4194,7.04,Clear,Medium,Morning,Bike,24,3.0,53.9
4195,7.37,Rainy,Medium,Morning,Car,16,1.0,44.8
4196,4.37,Snowy,Medium,Afternoon,Bike,17,1.0,48.1
4197,4.49,Clear,Medium,Afternoon,Scooter,27,1.0,43.5
4198,4.07,Rainy,Medium,Morning,Scooter,16,3.0,45.8
4199,4.5,Clear,Low,Morning,Bike,17,2.0,33.6
4200,7.29,Rainy,Low,Afternoon,Bike,14,2.0,43.3
4201,4.15,Clear,High,Afternoon,Scooter,24,3.0,40.9
4202,5.86,Windy,Low,Night,Car,17,2.0,31.9
4203,4.99,Snowy,Low,Morning,Bike,17,2.0,47.9
4204,7.33,Clear,High,Evening,Bike,18,1.0,56.7
4205,7.21,Clear,Low,Morning,Scooter,21,3.0,40.7
4206,7.06,Rainy,Low,Afternoon,Bike,18,1.0,51.1
4207,5.51,Foggy,Low,Evening,Bike,17,2.0,41.8
4208,7.7,Clear,Medium,Afternoon,Bike,21,3.0,49.6
4209,7.58,Clear,Medium,Morning,Bike,20,3.0,49.9
4210,6.6,Clear,Medium,Afternoon,Bike,22,1.0,45.4
4211,6.45,Windy,Low,Morning,Car,17,3.0,32.8
4212,5.35,Clear,Medium,Afternoon,Car,32,2.0,45.8
4213,6.94,Snowy,Low,Morning,Scooter,19,2.0,50.9
4214,7.75,Clear,High,Afternoon,Bike,24,2.0,61.8
4215,5.26,Windy,Low,Morning,Scooter,17,2.0,38.2
4216,5.14,Clear,Medium,Afternoon,Bike,15,1.0,36.7
4217,5.05,Clear,Low,Afternoon,Scooter,18,3.0,27.4
4218,7.93,Windy,Medium,Evening,Bike,19,2.0,54.7
4219,6.16,Windy,High,Morning,Scooter,15,3.0,44.6
4220,7.87,Clear,Low,Evening,Bike,23,1.0,52.4
4221,6.47,Clear,Low,Morning,Car,16,1.0,34.7
4222,5.17,Clear,Low,Afternoon,Scooter,21,2.0,30.3
4223,6.35,Clear,Low,Morning,Bike,14,2.0,41.2
4224,4.62,Clear,Low,Morning,Car,17,1.0,26.9
4225,5.79,Snowy,Medium,Morning,Bike,15,2.0,52.7
4226,5.77,Clear,Medium,Morning,Bike,16,2.0,46.0
4227,6.31,Foggy,Medium,Morning,Scooter,21,1.0,53.5
4228,5.55,Clear,Low,Afternoon,Scooter,12,2.0,23.1
4229,5.82,Clear,High,Morning,Bike,14,1.0,47.0
4230,7.5,Rainy,Low,Night,Bike,15,3.0,39.8
4231,4.72,Clear,Low,Afternoon,Bike,14,2.0,29.8
4232,7.69,Rainy,High,Evening,Bike,12,1.0,59.8
4233,6.15,Clear,Medium,Afternoon,Bike,25,2.0,43.6
4234,6.52,Windy,Medium,Evening,Bike,12,2.0,45.8
4235,4.42,Foggy,High,Evening,Scooter,20,2.0,50.0
4236,4.58,Snowy,High,Morning,Scooter,17,1.0,54.2
4237,6.93,Clear,Low,Afternoon,Scooter,12,2.0,24.9
4238,7.6,Clear,Medium,Morning,Car,14,1.0,38.3
4239,6.08,Clear,High,Evening,Bike,11,1.0,51.8
4240,4.67,Rainy,Low,Morning,Bike,10,2.0,35.1
4241,7.19,Clear,Low,Evening,Bike,15,3.0,39.0
4242,7.67,Clear,Medium,Evening,Bike,23,3.0,51.3
4243,6.68,Clear,Low,Morning,Scooter,16,3.0,42.6
4244,4.73,Clear,High,Morning,Bike,19,2.0,51.6
4245,5.65,Clear,High,Afternoon,Scooter,11,2.0,36.2
4246,7.76,Clear,Low,Morning,Car,27,1.0,50.2
4247,4.77,Clear,Low,Morning,Bike,15,2.0,35.4
4248,4.68,Rainy,Low,Evening,Bike,13,3.0,38.0
4249,6.81,Clear,Low,Night,Scooter,15,1.0,31.0
4250,6.17,Clear,Low,Afternoon,Scooter,31,3.0,40.2
4251,4.82,Rainy,Medium,Evening,Bike,20,1.0,51.9
4252,6.47,Foggy,Medium,Afternoon,Scooter,11,2.0,35.5
4253,7.75,Clear,Low,Afternoon,Bike,12,2.0,34.8
4254,7.42,Rainy,Medium,Afternoon,Scooter,23,3.0,51.9
4255,4.03,Windy,Medium,Afternoon,Scooter,25,3.0,45.1
4256,7.51,Rainy,High,Afternoon,Bike,10,2.0,50.6
4257,6.51,Windy,Low,Afternoon,Bike,14,2.0,33.6
4258,5.07,Foggy,Medium,Morning,Scooter,9,3.0,39.8
4259,4.37,Clear,Medium,Morning,Scooter,11,2.0,30.3
4260,7.88,Clear,Low,Morning,Car,11,1.0,33.4
4261,4.12,Foggy,Low,Evening,Scooter,17,1.0,32.5
4262,4.74,Windy,Low,Night,Scooter,7,2.0,23.5
4263,6.68,Clear,Low,Afternoon,Scooter,22,1.0,33.2
4264,7.03,Clear,Medium,Afternoon,Scooter,16,3.0,43.5
4265,5.07,Rainy,Low,Afternoon,Bike,16,3.0,40.4
4266,6.95,Clear,Medium,Afternoon,Bike,30,3.0,54.8
4267,7.06,Foggy,Low,Afternoon,Scooter,15,1.0,38.6
4268,7.21,Rainy,Medium,Morning,Bike,9,2.0,42.9
4269,7.02,Foggy,Medium,Evening,Bike,16,3.0,50.0
4270,4.13,Snowy,Medium,Evening,Bike,17,1.0,53.7
4271,7.57,Rainy,High,Morning,Car,17,3.0,56.6
4272,6.25,Rainy,Medium,Morning,Scooter,17,3.0,47.9
4273,5.72,Foggy,Medium,Morning,Car,15,1.0,42.9
4274,4.1,Snowy,Medium,Morning,Car,18,2.0,49.1
4275,6.36,Snowy,Low,Morning,Scooter,26,1.0,57.6
4276,4.65,Clear,Low,Night,Scooter,15,2.0,20.4
4277,6.19,Rainy,High,Evening,Bike,18,3.0,58.8
4278,4.76,Clear,Low,Afternoon,Scooter,25,1.0,36.9
4279,6.75,Snowy,Low,Morning,Car,16,3.0,39.3
4280,4.36,Rainy,Low,Night,Car,11,3.0,22.6
4281,6.4,Clear,Medium,Afternoon,Bike,17,1.0,47.0
4282,6.58,Clear,High,Afternoon,Scooter,18,2.0,43.1
4283,5.58,Clear,High,Evening,Bike,26,1.0,58.4
4284,7.67,Foggy,Medium,Afternoon,Bike,26,3.0,55.7
4285,6.11,Clear,Low,Evening,Bike,23,3.0,45.9
4286,7.0,Clear,Medium,Evening,Bike,16,2.0,47.0
4287,5.78,Snowy,Low,Afternoon,Bike,14,2.0,47.3
4288,7.17,Foggy,Low,Morning,Scooter,17,1.0,41.6
4289,7.59,Clear,High,Morning,Bike,15,2.0,54.1
4290,5.65,Clear,Medium,Afternoon,Car,32,3.0,43.0
4291,7.87,Windy,Low,Morning,Bike,10,3.0,34.3
4292,4.61,Foggy,Low,Afternoon,Bike,18,1.0,42.5
4293,7.38,Rainy,Medium,Morning,Bike,16,3.0,56.8
4294,6.1,Clear,Low,Evening,Bike,23,1.0,47.2
4295,4.55,Clear,Low,Morning,Bike,19,3.0,40.6
4296,6.5,Clear,Low,Evening,Bike,9,3.0,28.3
4297,4.53,Foggy,High,Afternoon,Scooter,21,3.0,53.1
4298,7.55,Clear,Medium,Afternoon,Bike,18,3.0,41.7
4299,7.26,Clear,Medium,Morning,Scooter,20,2.0,47.7
4300,6.62,Foggy,Medium,Evening,Bike,10,3.0,52.1
4301,4.93,Windy,Medium,Afternoon,Bike,18,3.0,39.4
4302,7.85,Foggy,Low,Morning,Bike,18,1.0,53.7
4303,7.41,Clear,High,Morning,Bike,12,3.0,51.4
4304,6.86,Rainy,Low,Evening,Scooter,20,3.0,44.7
4305,5.46,Clear,Low,Afternoon,Bike,28,2.0,51.1
4306,5.94,Clear,Medium,Evening,Scooter,8,2.0,29.1
4307,5.35,Rainy,Medium,Morning,Car,14,2.0,41.5
4308,7.4,Clear,High,Night,Bike,15,2.0,50.0
4309,5.24,Rainy,Low,Night,Car,18,2.0,35.0
4310,4.95,Snowy,Medium,Afternoon,Scooter,23,2.0,60.0
4311,4.86,Windy,High,Afternoon,Scooter,21,2.0,43.7
4312,5.6,Clear,Low,Night,Car,17,2.0,33.0
4313,6.49,Clear,Medium,Afternoon,Bike,30,2.0,48.3
4314,7.33,Clear,Low,Afternoon,Scooter,15,1.0,23.9
4315,7.7,Clear,Low,Evening,Bike,24,1.0,50.5
4316,4.32,Clear,Medium,Morning,Scooter,25,2.0,47.5
4317,4.19,Clear,High,Afternoon,Bike,11,2.0,41.5
4318,5.45,Foggy,Low,Afternoon,Bike,9,1.0,36.2
4319,7.24,Rainy,Low,Morning,Car,32,2.0,58.3
4320,7.63,Windy,High,Afternoon,Bike,15,3.0,52.5
4321,4.67,Clear,Low,Afternoon,Bike,21,1.0,37.4
4322,5.14,Clear,Low,Morning,Bike,8,3.0,32.1
4323,7.61,Clear,Medium,Afternoon,Scooter,23,2.0,42.8
4324,6.3,Clear,Medium,Morning,Bike,15,2.0,41.7
4325,5.63,Clear,Medium,Afternoon,Bike,19,3.0,44.2
4326,4.97,Windy,Medium,Night,Car,9,3.0,30.3
4327,4.45,Clear,Low,Afternoon,Bike,11,3.0,29.0
4328,4.43,Clear,Medium,Afternoon,Bike,25,3.0,44.7
4329,6.7,Rainy,Medium,Afternoon,Scooter,19,2.0,46.0
4330,6.88,Rainy,Low,Evening,Bike,23,3.0,55.4
4331,5.46,Rainy,Medium,Afternoon,Bike,12,3.0,37.9
4332,6.42,Clear,Low,Evening,Scooter,15,3.0,38.3
4333,4.62,Snowy,Low,Evening,Scooter,26,3.0,48.9
4334,4.08,Clear,Medium,Evening,Bike,19,2.0,41.9
4335,4.4,Clear,Medium,Evening,Scooter,21,3.0,43.1
4336,4.42,Rainy,Low,Evening,Car,13,3.0,29.7
4337,7.94,Snowy,Medium,Evening,Scooter,19,3.0,53.2
4338,4.94,Clear,Low,Evening,Scooter,22,1.0,41.7
4339,4.54,Rainy,Low,Morning,Car,12,1.0,29.3
4340,7.18,Clear,Low,Evening,Bike,14,3.0,38.8
4341,5.47,Clear,Low,Morning,Scooter,7,2.0,23.9
4342,4.83,Clear,High,Afternoon,Bike,30,2.0,51.7
4343,4.88,Foggy,Medium,Morning,Bike,27,3.0,53.8
4344,4.56,Clear,High,Afternoon,Car,10,3.0,31.3
4345,4.32,Foggy,High,Morning,Bike,25,1.0,64.6
4346,6.72,Clear,Low,Afternoon,Bike,18,1.0,35.9
4347,5.76,Snowy,Medium,Afternoon,Bike,30,2.0,60.8
4348,4.59,Snowy,Medium,Night,Scooter,18,1.0,47.4
4349,7.17,Clear,High,Afternoon,Car,13,3.0,41.4
4350,4.08,Clear,Medium,Afternoon,Bike,26,1.0,49.2
4351,5.72,Clear,High,Morning,Car,29,2.0,57.0
4352,4.51,Snowy,Low,Evening,Bike,18,1.0,45.7
4353,4.11,Clear,Low,Evening,Car,16,1.0,30.8
4354,6.2,Rainy,Low,Afternoon,Car,23,2.0,42.2
4355,4.62,Clear,Medium,Afternoon,Bike,10,3.0,32.4
4356,4.27,Foggy,Low,Morning,Car,25,1.0,41.2
4357,5.92,Rainy,High,Afternoon,Bike,26,2.0,62.2
4358,7.37,Rainy,Medium,Evening,Bike,14,3.0,53.0
4359,5.94,Windy,High,Afternoon,Bike,7,2.0,33.7
4360,4.32,Clear,High,Evening,Bike,7,3.0,40.7
4361,5.22,Snowy,Medium,Evening,Car,31,3.0,60.5
4362,5.78,Clear,Low,Afternoon,Scooter,24,2.0,29.1
4363,5.12,Clear,Medium,Morning,Scooter,15,2.0,37.6
4364,5.35,Snowy,Low,Afternoon,Car,27,3.0,45.7
4365,6.0,Rainy,High,Afternoon,Bike,27,3.0,60.3
4366,7.77,Rainy,High,Morning,Bike,28,2.0,78.8
4367,7.22,Clear,High,Evening,Car,18,3.0,50.6
4368,4.82,Clear,Medium,Morning,Bike,25,3.0,49.3
4369,7.14,Clear,Low,Evening,Scooter,8,1.0,29.3
4370,5.58,Rainy,Medium,Afternoon,Bike,12,3.0,42.3
4371,7.26,Clear,High,Morning,Bike,20,1.0,52.5
4372,6.47,Clear,Medium,Morning,Bike,11,3.0,47.3
4373,6.72,Clear,Medium,Evening,Bike,9,1.0,39.3
4374,5.45,Clear,Medium,Morning,Bike,11,1.0,43.8
4375,6.85,Clear,Medium,Morning,Bike,17,3.0,43.7
4376,6.26,Clear,Medium,Afternoon,Bike,17,3.0,42.7
4377,6.47,Snowy,Medium,Evening,Scooter,28,2.0,59.5
4378,6.19,Rainy,High,Afternoon,Bike,16,3.0,44.2
4379,4.22,Clear,Low,Evening,Bike,18,2.0,38.8
4380,5.9,Rainy,Medium,Evening,Bike,24,1.0,60.0
4381,4.21,Snowy,Low,Evening,Bike,24,3.0,49.9
4382,4.67,Clear,Low,Morning,Bike,15,1.0,24.5
4383,5.9,Clear,Low,Evening,Bike,22,3.0,41.8
4384,5.62,Clear,Medium,Afternoon,Bike,27,3.0,50.4
4385,4.19,Clear,Low,Night,Car,25,1.0,30.4
4386,4.55,Foggy,Medium,Morning,Bike,15,3.0,44.6
4387,5.86,Windy,Medium,Evening,Bike,23,2.0,51.8
4388,7.87,Clear,Low,Afternoon,Scooter,22,2.0,36.5
4389,5.95,Foggy,Low,Morning,Bike,14,1.0,41.1
4390,7.09,Clear,Low,Afternoon,Bike,21,1.0,35.5
4391,5.77,Rainy,Medium,Morning,Bike,10,1.0,46.6
4392,4.77,Foggy,Low,Afternoon,Scooter,14,2.0,30.6
4393,4.08,Clear,Low,Evening,Car,8,3.0,21.0
4394,5.5,Clear,Medium,Morning,Bike,11,1.0,41.9
4395,7.68,Rainy,Medium,Afternoon,Car,11,1.0,39.5
4396,5.3,Windy,Medium,Morning,Scooter,29,3.0,45.8
4397,5.47,Clear,Medium,Afternoon,Scooter,12,2.0,30.1
4398,6.77,Clear,Medium,Afternoon,Bike,10,1.0,32.9
4399,6.95,Clear,Medium,Evening,Car,23,3.0,50.8
4400,6.43,Rainy,Low,Morning,Bike,20,2.0,48.8
4401,5.35,Rainy,Low,Evening,Bike,20,1.0,50.7
4402,7.78,Foggy,Low,Evening,Scooter,27,2.0,58.3
4403,5.41,Foggy,Low,Afternoon,Car,21,1.0,35.1
4404,5.17,Snowy,Medium,Afternoon,Bike,21,3.0,52.8
4405,7.37,Snowy,High,Evening,Bike,17,2.0,64.1
4406,7.74,Clear,Low,Afternoon,Car,19,3.0,40.8
4407,7.83,Rainy,Low,Afternoon,Car,23,1.0,50.4
4408,6.13,Clear,Medium,Afternoon,Scooter,15,2.0,32.1
4409,7.48,Clear,Low,Morning,Bike,8,3.0,30.8
4410,4.73,Windy,Low,Evening,Bike,16,1.0,37.4
4411,7.56,Rainy,Low,Evening,Car,16,2.0,40.0
4412,7.03,Windy,Low,Afternoon,Bike,12,1.0,34.9
4413,5.6,Clear,High,Afternoon,Scooter,22,3.0,44.9
4414,4.98,Rainy,High,Afternoon,Scooter,24,2.0,54.9
4415,7.04,Rainy,Low,Morning,Car,12,1.0,37.5
4416,5.72,Clear,High,Afternoon,Scooter,17,1.0,46.4
4417,7.91,Clear,High,Afternoon,Bike,15,2.0,46.9
4418,7.42,Rainy,Medium,Morning,Scooter,19,2.0,48.1
4419,7.16,Clear,Low,Morning,Car,10,3.0,26.5
4420,5.34,Windy,Medium,Morning,Car,29,2.0,50.7
4421,6.85,Clear,Medium,Evening,Bike,9,3.0,42.7
4422,7.02,Clear,Medium,Evening,Bike,25,2.0,57.8
4423,5.64,Foggy,Low,Morning,Scooter,13,2.0,39.1
4424,4.38,Clear,Medium,Evening,Scooter,23,1.0,46.9
4425,6.94,Snowy,Medium,Afternoon,Bike,14,2.0,44.2
4426,5.18,Foggy,Medium,Afternoon,Bike,24,3.0,48.0
4427,4.53,Clear,Low,Afternoon,Bike,28,1.0,38.9
4428,4.17,Rainy,High,Afternoon,Bike,29,3.0,66.1
4429,5.31,Rainy,High,Evening,Bike,26,2.0,68.0
4430,6.04,Foggy,Low,Afternoon,Car,16,2.0,34.3
4431,4.15,Snowy,Medium,Evening,Scooter,16,2.0,44.2
4432,6.25,Foggy,High,Afternoon,Bike,30,2.0,64.2
4433,7.58,Rainy,Medium,Afternoon,Scooter,27,2.0,54.9
4434,6.39,Clear,High,Afternoon,Bike,17,2.0,49.8
4435,6.1,Foggy,Low,Evening,Scooter,16,1.0,40.1
4436,4.93,Windy,Low,Morning,Car,10,2.0,28.7
4437,5.76,Rainy,Medium,Evening,Bike,15,2.0,50.7
4438,6.4,Rainy,Medium,Morning,Car,17,3.0,48.8
4439,7.46,Clear,Low,Morning,Bike,25,2.0,51.8
4440,7.53,Foggy,Low,Evening,Scooter,15,2.0,44.7
4441,5.81,Windy,High,Morning,Car,15,3.0,47.2
4442,4.73,Clear,Low,Afternoon,Scooter,8,1.0,18.3
4443,6.83,Clear,Low,Afternoon,Bike,8,3.0,28.7
4444,7.8,Rainy,Medium,Afternoon,Bike,24,3.0,59.3
4445,7.83,Clear,Low,Evening,Bike,12,3.0,36.9
4446,7.98,Rainy,Medium,Morning,Bike,31,2.0,70.3
4447,5.01,Clear,Low,Morning,Bike,9,2.0,31.8
4448,7.35,Clear,Low,Afternoon,Bike,24,1.0,47.2
4449,4.21,Rainy,High,Morning,Scooter,11,1.0,47.5
4450,4.06,Rainy,Low,Afternoon,Bike,20,1.0,41.5
4451,6.7,Rainy,Medium,Morning,Bike,23,3.0,62.4
4452,4.48,Foggy,High,Evening,Scooter,13,2.0,47.0
4453,5.55,Rainy,Low,Morning,Bike,19,3.0,44.0
4454,4.05,Foggy,Low,Evening,Scooter,24,2.0,41.6
4455,4.35,Rainy,Low,Morning,Scooter,12,3.0,30.2
4456,4.83,Rainy,High,Afternoon,Scooter,18,3.0,44.6
4457,6.22,Rainy,Medium,Morning,Bike,18,2.0,61.5
4458,5.33,Clear,Medium,Morning,Scooter,23,1.0,51.1
4459,6.26,Clear,Low,Morning,Scooter,15,3.0,36.4
4460,6.6,Rainy,Medium,Night,Scooter,20,2.0,49.7
4461,4.01,Snowy,High,Afternoon,Scooter,30,1.0,60.6
4462,7.39,Rainy,Medium,Afternoon,Car,22,1.0,47.3
4463,4.23,Clear,Medium,Evening,Bike,7,3.0,29.9
4464,7.49,Rainy,Medium,Afternoon,Bike,12,2.0,44.1
4465,7.9,Clear,High,Morning,Scooter,16,2.0,52.3
4466,7.61,Foggy,Low,Afternoon,Scooter,16,3.0,38.4
4467,6.17,Snowy,Medium,Afternoon,Scooter,15,2.0,47.9
4468,7.08,Rainy,Medium,Morning,Bike,17,1.0,55.7
4469,4.69,Rainy,Medium,Morning,Bike,29,1.0,56.6
4470,7.75,Clear,Medium,Evening,Scooter,24,3.0,50.7
4471,4.09,Clear,Low,Morning,Car,11,1.0,24.6
4472,6.21,Snowy,Medium,Morning,Bike,17,1.0,56.9
4473,5.84,Foggy,Medium,Evening,Car,21,1.0,46.6
4474,7.19,Rainy,Medium,Morning,Scooter,12,3.0,43.5
4475,6.98,Clear,Low,Afternoon,Scooter,9,2.0,23.2
4476,5.32,Clear,Low,Evening,Car,30,2.0,39.5
4477,4.65,Clear,Low,Afternoon,Bike,24,1.0,39.5
4478,7.18,Clear,Low,Evening,Bike,27,2.0,53.9
4479,7.91,Clear,High,Evening,Bike,24,2.0,60.8
4480,4.39,Windy,Low,Evening,Bike,21,3.0,38.1
4481,6.93,Rainy,High,Afternoon,Bike,23,3.0,64.4
4482,6.06,Clear,Low,Evening,Scooter,18,2.0,40.2
4483,5.25,Clear,Medium,Afternoon,Scooter,14,3.0,30.4
4484,4.06,Clear,High,Afternoon,Bike,10,3.0,32.3
4485,6.9,Snowy,Low,Afternoon,Bike,19,1.0,49.1
4486,4.53,Clear,Low,Morning,Scooter,13,2.0,28.6
4487,7.4,Foggy,Medium,Morning,Scooter,25,3.0,55.1
4488,5.06,Snowy,Low,Evening,Car,18,3.0,36.6
4489,6.37,Clear,High,Afternoon,Bike,33,3.0,66.1
4490,5.14,Rainy,Medium,Afternoon,Bike,16,1.0,46.4
4491,6.81,Windy,Medium,Afternoon,Car,16,3.0,42.8
4492,4.47,Clear,Medium,Morning,Bike,14,2.0,38.8
4493,5.37,Clear,Low,Afternoon,Scooter,14,1.0,31.6
4494,6.04,Windy,High,Evening,Bike,17,3.0,52.8
4495,6.34,Snowy,Low,Night,Bike,9,3.0,35.3
4496,6.32,Rainy,High,Afternoon,Scooter,25,2.0,57.2
4497,4.32,Rainy,Low,Evening,Scooter,10,3.0,36.2
4498,4.14,Clear,Medium,Afternoon,Bike,28,3.0,46.7
4499,4.95,Snowy,Medium,Evening,Car,16,2.0,50.4
4500,4.15,Rainy,Medium,Evening,Car,17,3.0,39.9
4501,4.88,Clear,Low,Evening,Scooter,30,2.0,41.4
4502,4.24,Rainy,Medium,Morning,Car,22,1.0,49.8
4503,6.11,Windy,Medium,Morning,Car,14,1.0,37.9
4504,4.42,Snowy,High,Afternoon,Scooter,15,3.0,47.8
4505,5.66,Clear,Low,Evening,Scooter,12,1.0,30.5
4506,7.08,Clear,Medium,Afternoon,Car,20,3.0,40.3
4507,7.09,Windy,Low,Evening,Car,21,3.0,46.7
4508,6.25,Windy,Low,Afternoon,Scooter,27,1.0,45.9
4509,4.12,Rainy,High,Afternoon,Bike,14,1.0,47.8
4510,6.15,Rainy,Low,Afternoon,Bike,9,1.0,33.9
4511,5.01,Clear,Medium,Evening,Scooter,13,3.0,35.8
4512,6.27,Clear,Medium,Night,Car,30,1.0,50.5
4513,7.63,Clear,Medium,Evening,Bike,32,3.0,61.8
4514,6.4,Clear,Low,Afternoon,Car,15,3.0,30.1
4515,7.76,Clear,Low,Evening,Bike,18,2.0,43.3
4516,4.83,Snowy,Low,Morning,Bike,25,3.0,55.6
4517,5.07,Clear,Low,Afternoon,Car,17,2.0,23.0
4518,4.59,Clear,Medium,Evening,Car,30,3.0,51.0
4519,4.31,Rainy,Medium,Morning,Scooter,25,3.0,49.5
4520,4.04,Clear,Medium,Evening,Car,23,2.0,42.7
4521,7.71,Clear,Medium,Morning,Car,20,1.0,50.2
4522,5.81,Rainy,Low,Night,Car,13,3.0,32.2
4523,7.76,Clear,High,Afternoon,Car,12,3.0,42.7
4524,7.46,Rainy,Medium,Morning,Bike,26,1.0,61.6
4525,6.98,Windy,Low,Afternoon,Bike,14,1.0,37.5
4526,7.67,Clear,Medium,Evening,Bike,14,3.0,43.1
4527,5.06,Windy,Low,Afternoon,Bike,25,1.0,42.5
4528,7.43,Windy,Medium,Evening,Bike,9,3.0,37.8
4529,6.72,Snowy,Low,Morning,Bike,22,1.0,56.4
4530,6.4,Rainy,Medium,Morning,Bike,20,2.0,58.7
4531,6.47,Rainy,Medium,Afternoon,Scooter,8,1.0,40.4
4532,7.62,Rainy,Low,Afternoon,Bike,12,1.0,38.0
4533,7.72,Rainy,Medium,Afternoon,Bike,14,1.0,47.9
4534,4.71,Clear,Low,Morning,Bike,13,3.0,29.3
4535,4.32,Windy,Medium,Afternoon,Bike,12,1.0,33.5
4536,5.09,Rainy,High,Evening,Scooter,26,3.0,59.5
4537,7.24,Foggy,Medium,Afternoon,Car,28,2.0,53.8
4538,4.39,Clear,Low,Morning,Scooter,12,3.0,25.0
4539,6.65,Clear,High,Afternoon,Scooter,19,2.0,42.3
4540,5.6,Rainy,Low,Night,Car,17,2.0,38.0
4541,7.65,Rainy,Medium,Morning,Scooter,16,1.0,51.8
4542,7.28,Clear,Low,Afternoon,Bike,30,2.0,52.0
4543,6.03,Clear,Medium,Evening,Bike,9,2.0,38.4
4544,5.52,Clear,Low,Morning,Scooter,31,2.0,49.8
4545,7.34,Rainy,Low,Morning,Scooter,15,1.0,44.0
4546,4.98,Clear,Low,Afternoon,Car,19,2.0,26.3
4547,6.17,Windy,High,Morning,Bike,29,3.0,70.3
4548,7.73,Clear,Medium,Morning,Car,20,3.0,47.1
4549,6.41,Clear,Medium,Afternoon,Scooter,23,2.0,41.2
4550,7.72,Clear,Medium,Evening,Car,10,1.0,33.7
4551,5.77,Rainy,Low,Afternoon,Scooter,19,1.0,46.1
4552,6.52,Rainy,Medium,Evening,Bike,15,2.0,50.7
4553,7.76,Rainy,Low,Evening,Bike,16,3.0,46.2
4554,6.95,Windy,Low,Afternoon,Bike,13,3.0,33.9
4555,7.62,Clear,High,Morning,Bike,20,2.0,58.9
4556,7.33,Rainy,Low,Morning,Car,18,1.0,43.1
4557,4.31,Clear,Medium,Afternoon,Bike,11,1.0,32.3
4558,5.03,Clear,Medium,Night,Bike,22,2.0,50.8
4559,6.97,Clear,Low,Evening,Bike,14,1.0,34.0
4560,7.56,Clear,Medium,Night,Scooter,19,3.0,40.6
4561,7.21,Rainy,Medium,Afternoon,Bike,26,2.0,59.8
4562,5.25,Rainy,Medium,Evening,Bike,16,2.0,44.1
4563,6.48,Foggy,Low,Evening,Car,20,3.0,43.0
4564,6.65,Rainy,High,Morning,Bike,26,2.0,71.1
4565,5.75,Rainy,Medium,Evening,Car,20,2.0,44.3
4566,6.35,Clear,Medium,Morning,Bike,32,3.0,59.9
4567,7.94,Clear,Low,Evening,Scooter,10,1.0,33.4
4568,6.18,Clear,Medium,Morning,Scooter,15,1.0,41.7
4569,4.78,Rainy,High,Night,Bike,22,2.0,64.3
4570,6.02,Windy,Low,Evening,Scooter,17,3.0,35.2
4571,4.7,Clear,Low,Evening,Bike,14,2.0,34.8
4572,6.75,Rainy,High,Evening,Bike,15,3.0,56.7
4573,7.61,Foggy,Low,Morning,Car,22,3.0,45.0
4574,6.7,Snowy,Medium,Evening,Car,24,1.0,58.2
4575,7.51,Rainy,Low,Afternoon,Bike,20,2.0,49.6
4576,6.91,Rainy,Medium,Afternoon,Scooter,27,1.0,56.6
4577,5.75,Foggy,Low,Evening,Bike,18,3.0,44.7
4578,6.15,Snowy,High,Afternoon,Bike,25,1.0,65.7
4579,6.13,Clear,Medium,Morning,Bike,11,1.0,37.1
4580,5.57,Windy,Low,Afternoon,Scooter,32,3.0,49.9
4581,4.37,Clear,Medium,Morning,Scooter,26,2.0,49.5
4582,6.81,Snowy,Medium,Afternoon,Scooter,27,2.0,61.7
4583,4.19,Clear,Low,Night,Car,27,2.0,37.0
4584,4.82,Clear,Low,Afternoon,Scooter,25,2.0,34.1
4585,5.82,Clear,Low,Morning,Bike,10,3.0,28.1
4586,7.95,Clear,Medium,Evening,Bike,28,3.0,62.4
4587,5.23,Clear,Medium,Afternoon,Scooter,12,3.0,26.1
4588,7.18,Clear,Low,Evening,Bike,26,2.0,48.5
4589,5.68,Clear,Low,Evening,Bike,19,3.0,46.1
4590,4.89,Clear,Low,Evening,Bike,14,2.0,35.1
4591,4.11,Foggy,Low,Morning,Bike,15,1.0,38.9
4592,4.35,Snowy,High,Evening,Scooter,14,3.0,44.2
4593,5.67,Rainy,Low,Morning,Scooter,22,2.0,44.3
4594,5.6,Clear,Medium,Afternoon,Scooter,22,2.0,43.6
4595,6.51,Clear,Low,Evening,Car,16,3.0,28.1
4596,4.25,Windy,Low,Morning,Car,16,3.0,31.8
4597,5.14,Clear,High,Morning,Bike,13,3.0,40.4
4598,4.09,Clear,Low,Night,Scooter,16,2.0,23.9
4599,7.49,Windy,Low,Evening,Bike,21,2.0,44.6
4600,5.59,Windy,Medium,Afternoon,Car,20,2.0,40.4
4601,6.34,Clear,Low,Afternoon,Scooter,11,2.0,20.6
4602,6.84,Rainy,High,Afternoon,Bike,22,1.0,61.2
4603,5.07,Clear,High,Evening,Scooter,33,1.0,63.5
4604,4.54,Foggy,Medium,Afternoon,Bike,24,3.0,49.8
4605,6.32,Clear,Medium,Morning,Car,7,1.0,31.7
4606,7.61,Clear,Low,Evening,Bike,25,2.0,51.2
4607,7.57,Rainy,Low,Morning,Bike,8,1.0,40.8
4608,5.23,Clear,High,Night,Car,11,3.0,32.5
4609,5.06,Rainy,Medium,Evening,Bike,14,2.0,47.8
4610,5.41,Clear,High,Morning,Bike,18,2.0,47.4
4611,4.98,Snowy,Low,Afternoon,Scooter,25,3.0,45.0
4612,7.86,Snowy,Medium,Morning,Scooter,24,3.0,67.6
4613,4.14,Rainy,Medium,Evening,Bike,16,1.0,49.0
4614,4.77,Foggy,Low,Afternoon,Bike,17,1.0,41.6
4615,4.11,Clear,Medium,Afternoon,Bike,12,2.0,32.9
4616,7.42,Rainy,Low,Afternoon,Bike,30,3.0,55.3
4617,5.89,Clear,Low,Evening,Bike,14,3.0,34.2
4618,4.91,Snowy,Low,Evening,Bike,13,2.0,37.4
4619,5.58,Snowy,Medium,Morning,Scooter,32,2.0,69.2
4620,4.42,Windy,High,Evening,Scooter,13,1.0,45.8
4621,4.43,Snowy,Low,Evening,Bike,12,3.0,37.4
4622,7.79,Windy,Low,Morning,Bike,32,2.0,63.2
4623,6.78,Clear,Low,Morning,Bike,10,2.0,35.7
4624,6.55,Windy,Low,Morning,Bike,8,1.0,35.0
4625,5.89,Rainy,High,Morning,Car,17,2.0,53.2
4626,5.96,Clear,Low,Morning,Bike,14,1.0,38.2
4627,7.09,Rainy,Low,Evening,Car,26,2.0,52.6
4628,4.21,Clear,Medium,Evening,Scooter,22,2.0,42.5
4629,6.67,Clear,Medium,Evening,Car,18,2.0,41.7
4630,6.2,Clear,Low,Morning,Car,7,3.0,21.1
4631,5.23,Clear,Medium,Evening,Scooter,14,2.0,39.0
4632,4.86,Rainy,Low,Afternoon,Scooter,27,3.0,50.8
4633,7.45,Snowy,High,Morning,Bike,14,1.0,58.4
4634,7.73,Rainy,Low,Morning,Scooter,8,3.0,36.3
4635,4.38,Rainy,Medium,Evening,Bike,13,2.0,42.5
4636,4.68,Clear,Low,Morning,Bike,23,1.0,44.3
4637,6.67,Clear,Medium,Evening,Car,26,3.0,50.2
4638,7.1,Clear,Low,Evening,Scooter,14,1.0,35.4
4639,5.97,Snowy,Low,Evening,Bike,13,3.0,42.6
4640,7.71,Clear,Low,Afternoon,Car,25,1.0,39.9
4641,7.49,Foggy,Low,Afternoon,Bike,13,3.0,36.4
4642,4.51,Foggy,Low,Evening,Car,15,3.0,27.0
4643,4.57,Rainy,Medium,Evening,Scooter,16,1.0,48.1
4644,4.34,Snowy,Medium,Night,Bike,16,3.0,47.8
4645,7.5,Clear,Low,Evening,Bike,10,3.0,38.6
4646,6.23,Snowy,High,Night,Car,25,2.0,58.5
4647,7.77,Foggy,Medium,Afternoon,Bike,13,1.0,48.0
4648,6.92,Foggy,Medium,Morning,Car,16,2.0,42.5
4649,6.93,Rainy,Medium,Morning,Bike,20,3.0,54.7
4650,4.5,Snowy,Low,Morning,Bike,24,1.0,59.4
4651,4.44,Windy,Medium,Afternoon,Scooter,19,1.0,38.0
4652,7.72,Clear,Low,Morning,Bike,15,2.0,43.6
4653,5.93,Snowy,Medium,Afternoon,Bike,6,1.0,41.2
4654,7.98,Foggy,Low,Evening,Scooter,18,3.0,40.6
4655,5.29,Clear,Medium,Afternoon,Bike,19,2.0,41.0
4656,6.49,Windy,Low,Afternoon,Bike,15,2.0,38.2
4657,6.29,Clear,Medium,Morning,Car,20,2.0,44.8
4658,4.27,Rainy,Low,Evening,Scooter,24,2.0,39.8
4659,6.08,Clear,High,Evening,Scooter,8,1.0,35.9
4660,7.7,Clear,Medium,Afternoon,Scooter,24,2.0,48.7
4661,5.82,Snowy,High,Afternoon,Scooter,19,1.0,52.4
4662,5.89,Clear,Medium,Evening,Bike,15,2.0,46.4
4663,6.8,Clear,Low,Afternoon,Car,21,3.0,34.0
4664,7.12,Clear,Low,Evening,Bike,22,2.0,47.9
4665,7.31,Rainy,Medium,Morning,Car,23,1.0,59.4
4666,5.81,Snowy,Low,Afternoon,Car,16,3.0,33.3
4667,5.78,Snowy,Medium,Evening,Scooter,19,1.0,54.5
4668,5.89,Clear,Low,Afternoon,Bike,17,2.0,35.2
4669,7.88,Rainy,Low,Evening,Bike,15,3.0,48.0
4670,7.72,Clear,High,Evening,Bike,11,1.0,48.7
4671,6.49,Rainy,Medium,Evening,Scooter,28,1.0,61.2
4672,5.14,Clear,High,Evening,Bike,11,2.0,34.3
4673,7.6,Clear,Medium,Morning,Bike,20,2.0,55.3
4674,4.68,Clear,Low,Afternoon,Scooter,16,1.0,23.7
4675,4.43,Rainy,Medium,Morning,Bike,25,1.0,62.5
4676,5.66,Rainy,Medium,Morning,Bike,17,1.0,49.0
4677,6.74,Clear,Medium,Evening,Bike,12,1.0,39.2
4678,4.21,Snowy,Low,Evening,Bike,12,1.0,41.9
4679,5.25,Foggy,Medium,Evening,Bike,16,3.0,47.6
4680,7.14,Clear,Low,Afternoon,Bike,18,3.0,39.3
4681,6.64,Foggy,High,Afternoon,Scooter,20,3.0,52.9
4682,4.34,Snowy,Medium,Evening,Car,25,1.0,53.5
4683,4.81,Clear,Medium,Evening,Bike,16,2.0,40.3
4684,6.9,Rainy,Medium,Morning,Scooter,24,3.0,58.1
4685,4.47,Clear,Medium,Evening,Bike,13,1.0,36.2
4686,4.04,Foggy,Low,Afternoon,Scooter,26,2.0,41.0
4687,7.97,Clear,Low,Evening,Bike,10,2.0,31.3
4688,6.46,Rainy,Medium,Night,Car,24,2.0,50.8
4689,5.72,Clear,Medium,Morning,Scooter,14,3.0,37.1
4690,6.39,Rainy,Low,Afternoon,Scooter,21,3.0,42.1
4691,6.68,Windy,Medium,Afternoon,Bike,18,3.0,51.0
4692,5.98,Clear,Low,Afternoon,Car,19,1.0,36.0
4693,6.63,Snowy,High,Afternoon,Bike,32,1.0,76.7
4694,6.83,Windy,Medium,Morning,Scooter,19,3.0,49.9
4695,4.72,Snowy,Low,Afternoon,Scooter,13,1.0,35.1
4696,5.69,Clear,High,Evening,Scooter,16,2.0,46.2
4697,5.22,Snowy,Low,Evening,Car,10,3.0,35.0
4698,7.19,Clear,Low,Morning,Scooter,15,1.0,38.0
4699,7.08,Clear,Low,Morning,Scooter,14,2.0,34.6
4700,7.24,Snowy,Low,Afternoon,Bike,20,3.0,51.8
4701,5.75,Rainy,Low,Morning,Bike,28,3.0,56.0
4702,6.3,Rainy,Low,Evening,Bike,14,1.0,45.5
4703,6.82,Clear,Low,Morning,Scooter,25,1.0,48.2
4704,5.29,Snowy,Low,Afternoon,Scooter,26,1.0,47.1
4705,7.91,Foggy,Medium,Afternoon,Scooter,20,2.0,49.6
4706,5.51,Clear,High,Night,Scooter,22,3.0,46.5
4707,6.15,Snowy,Medium,Evening,Bike,24,3.0,58.7
4708,7.31,Clear,Medium,Morning,Bike,16,1.0,51.7
4709,6.99,Clear,Medium,Morning,Car,32,2.0,53.7
4710,6.01,Rainy,Medium,Morning,Bike,16,3.0,54.7
4711,5.63,Windy,Low,Evening,Bike,10,3.0,29.6
4712,6.55,Clear,Medium,Night,Scooter,22,1.0,39.3
4713,5.74,Clear,Low,Morning,Bike,15,3.0,34.8
4714,6.37,Clear,Low,Evening,Bike,8,3.0,31.4
4715,7.2,Snowy,Medium,Afternoon,Scooter,12,2.0,45.8
4716,4.49,Clear,Medium,Evening,Bike,16,2.0,44.6
4717,6.79,Rainy,Low,Afternoon,Car,13,3.0,30.8
4718,4.22,Windy,Low,Evening,Car,11,1.0,29.5
4719,6.94,Clear,Medium,Morning,Bike,12,1.0,37.7
4720,4.84,Rainy,Medium,Evening,Car,20,3.0,42.9
4721,5.97,Rainy,Medium,Evening,Bike,11,2.0,45.1
4722,5.07,Snowy,Medium,Afternoon,Bike,24,3.0,52.1
4723,5.29,Clear,Medium,Morning,Scooter,25,2.0,49.1
4724,6.51,Clear,High,Evening,Scooter,22,3.0,50.6
4725,5.72,Clear,Medium,Night,Bike,14,3.0,39.8
4726,5.95,Foggy,Medium,Evening,Bike,19,2.0,54.5
4727,8.0,Foggy,High,Morning,Bike,9,2.0,50.4
4728,4.49,Clear,Low,Night,Bike,29,3.0,42.0
4729,5.54,Clear,Low,Morning,Bike,6,1.0,27.3
4730,6.12,Snowy,Low,Afternoon,Car,13,1.0,39.9
4731,7.25,Clear,High,Morning,Car,10,1.0,38.5
4732,5.13,Clear,Medium,Afternoon,Scooter,33,2.0,44.0
4733,5.58,Rainy,Medium,Morning,Bike,8,2.0,40.8
4734,7.29,Clear,High,Evening,Bike,6,2.0,40.1
4735,6.12,Clear,Low,Night,Bike,10,3.0,23.1
4736,7.42,Clear,High,Evening,Scooter,27,2.0,60.0
4737,4.26,Clear,Medium,Morning,Scooter,16,1.0,33.3
4738,5.15,Rainy,High,Morning,Bike,29,1.0,69.7
4739,6.23,Foggy,Medium,Morning,Car,30,3.0,53.3
4740,4.49,Rainy,Low,Morning,Car,22,3.0,49.9
4741,5.93,Clear,High,Evening,Bike,12,2.0,49.0
4742,4.07,Snowy,Medium,Evening,Car,31,1.0,57.2
4743,6.02,Clear,Medium,Night,Bike,17,2.0,38.7
4744,7.68,Foggy,Low,Afternoon,Car,17,2.0,37.1
4745,7.79,Clear,High,Night,Scooter,20,2.0,52.1
4746,5.28,Foggy,Medium,Evening,Bike,22,2.0,52.1
4747,4.01,Clear,High,Evening,Bike,30,1.0,56.7
4748,7.65,Clear,Medium,Evening,Scooter,31,1.0,54.9
4749,6.27,Rainy,Low,Evening,Car,16,1.0,40.1
4750,6.32,Clear,Medium,Morning,Car,12,2.0,32.5
4751,7.26,Clear,High,Afternoon,Bike,28,3.0,61.0
4752,5.57,Foggy,Medium,Afternoon,Car,11,1.0,27.3
4753,5.68,Snowy,Low,Evening,Bike,19,3.0,51.1
4754,7.41,Clear,Medium,Evening,Bike,12,1.0,42.7
4755,5.97,Snowy,High,Morning,Bike,15,3.0,53.1
4756,6.94,Foggy,High,Evening,Car,18,3.0,53.6
4757,7.62,Snowy,Medium,Evening,Scooter,22,1.0,61.7
4758,5.57,Foggy,Medium,Afternoon,Bike,31,2.0,56.6
4759,7.56,Rainy,Medium,Evening,Scooter,28,3.0,63.8
4760,5.31,Rainy,Low,Evening,Car,18,2.0,35.4
4761,7.72,Rainy,High,Afternoon,Bike,15,3.0,48.3
4762,5.22,Windy,Low,Afternoon,Bike,18,1.0,37.4
4763,4.94,Clear,Low,Afternoon,Bike,16,2.0,29.0
4764,6.88,Clear,Low,Evening,Bike,17,2.0,37.2
4765,7.69,Clear,Low,Evening,Bike,28,2.0,55.4
4766,7.07,Windy,Medium,Afternoon,Scooter,18,1.0,44.6
4767,6.96,Clear,Medium,Afternoon,Bike,9,2.0,40.0
4768,7.89,Rainy,Medium,Night,Car,21,1.0,52.0
4769,6.23,Snowy,Low,Evening,Car,14,1.0,42.8
4770,7.55,Windy,Medium,Afternoon,Bike,13,2.0,40.8
4771,4.15,Clear,Low,Morning,Bike,23,3.0,33.9
4772,4.53,Foggy,Medium,Morning,Bike,12,3.0,47.1
4773,5.09,Snowy,Low,Morning,Scooter,20,3.0,46.9
4774,7.78,Clear,Medium,Morning,Bike,25,1.0,62.3
4775,4.79,Foggy,Low,Evening,Scooter,14,2.0,30.8
4776,5.53,Clear,Medium,Evening,Scooter,17,1.0,43.6
4777,4.14,Rainy,Medium,Afternoon,Scooter,19,2.0,42.8
4778,4.31,Rainy,Medium,Evening,Scooter,20,3.0,49.9
4779,6.33,Clear,Low,Morning,Car,31,2.0,49.5
4780,4.39,Clear,Low,Afternoon,Car,27,1.0,35.4
4781,7.6,Clear,Medium,Morning,Scooter,13,1.0,42.0
4782,7.54,Clear,Low,Morning,Bike,18,1.0,42.9
4783,6.49,Rainy,Low,Night,Scooter,12,2.0,36.6
4784,5.59,Clear,Low,Morning,Car,9,3.0,21.1
4785,7.55,Clear,Low,Evening,Scooter,16,2.0,35.3
4786,5.95,Rainy,Medium,Afternoon,Scooter,15,1.0,42.0
4787,4.76,Rainy,Low,Evening,Bike,19,1.0,47.7
4788,5.38,Rainy,Low,Evening,Bike,20,3.0,47.2
4789,5.45,Windy,Low,Afternoon,Scooter,16,1.0,31.4
4790,6.32,Clear,Medium,Evening,Car,26,3.0,51.3
4791,5.6,Snowy,Low,Evening,Bike,25,1.0,58.5
4792,7.27,Clear,Medium,Afternoon,Bike,22,1.0,48.0
4793,6.51,Foggy,Low,Morning,Bike,15,1.0,40.6
4794,5.01,Windy,Medium,Evening,Bike,14,2.0,42.3
4795,5.61,Snowy,Medium,Morning,Scooter,11,2.0,42.3
4796,6.89,Rainy,Low,Morning,Bike,14,2.0,42.6
4797,4.97,Rainy,High,Night,Scooter,30,1.0,63.6
4798,4.37,Clear,Medium,Afternoon,Scooter,16,1.0,36.4
4799,6.84,Rainy,Low,Morning,Scooter,16,2.0,42.7
4800,5.63,Foggy,Low,Evening,Scooter,17,1.0,39.8
4801,4.5,Windy,High,Morning,Scooter,20,3.0,46.9
4802,5.92,Rainy,Low,Afternoon,Bike,28,3.0,49.0
4803,6.24,Clear,Medium,Evening,Bike,11,1.0,42.5
4804,4.1,Rainy,Medium,Night,Scooter,25,1.0,44.6
4805,7.16,Clear,Low,Morning,Bike,17,3.0,39.1
4806,5.97,Clear,Medium,Evening,Bike,14,3.0,39.4
4807,4.1,Clear,High,Night,Car,18,2.0,39.1
4808,7.45,Foggy,High,Afternoon,Scooter,18,2.0,51.6
4809,6.34,Clear,High,Morning,Bike,11,1.0,44.6
4810,7.85,Clear,Medium,Evening,Scooter,10,2.0,42.1
4811,5.12,Clear,Low,Afternoon,Bike,20,3.0,40.4
4812,5.65,Snowy,Low,Afternoon,Bike,22,2.0,50.4
4813,6.65,Rainy,Medium,Afternoon,Bike,20,2.0,52.9
4814,7.66,Clear,Medium,Afternoon,Bike,15,2.0,41.1
4815,7.16,Clear,Medium,Night,Bike,19,3.0,44.9
4816,6.57,Rainy,Medium,Evening,Scooter,28,2.0,56.6
4817,7.18,Clear,High,Morning,Bike,28,2.0,67.6
4818,4.38,Rainy,High,Evening,Bike,13,2.0,50.0
4819,6.9,Clear,Medium,Afternoon,Bike,10,1.0,34.5
4820,6.31,Windy,Low,Evening,Bike,21,3.0,45.1
4821,5.1,Clear,Medium,Morning,Scooter,12,2.0,36.1
4822,4.95,Rainy,Medium,Afternoon,Bike,24,3.0,51.3
4823,5.15,Clear,Medium,Evening,Scooter,14,2.0,33.8
4824,4.49,Windy,Low,Night,Bike,12,1.0,24.0
4825,5.09,Windy,Low,Evening,Bike,24,3.0,46.2
4826,4.29,Foggy,High,Afternoon,Scooter,13,1.0,42.0
4827,6.69,Clear,High,Evening,Scooter,7,3.0,36.4
4828,6.05,Clear,Medium,Morning,Scooter,25,3.0,46.1
4829,4.51,Snowy,Low,Evening,Bike,10,1.0,35.9
4830,6.79,Foggy,Medium,Morning,Bike,16,1.0,50.2
4831,4.71,Clear,Medium,Afternoon,Scooter,16,1.0,30.4
4832,5.98,Clear,Low,Afternoon,Car,12,3.0,20.0
4833,7.68,Clear,Medium,Morning,Bike,8,2.0,38.3
4834,7.04,Snowy,Medium,Evening,Scooter,10,1.0,52.5
4835,6.34,Rainy,Medium,Night,Bike,16,2.0,54.8
4836,6.34,Rainy,Medium,Morning,Car,30,1.0,63.9
4837,4.26,Rainy,High,Afternoon,Bike,22,2.0,57.1
4838,5.71,Clear,Medium,Morning,Bike,22,1.0,44.1
4839,5.23,Clear,Low,Morning,Bike,21,1.0,49.9
4840,5.9,Clear,High,Evening,Scooter,23,1.0,54.6
4841,7.81,Foggy,Low,Morning,Scooter,18,1.0,42.3
4842,7.15,Clear,Low,Afternoon,Scooter,32,3.0,56.0
4843,6.44,Clear,High,Afternoon,Scooter,20,3.0,46.1
4844,6.82,Clear,Medium,Afternoon,Bike,20,2.0,48.3
4845,6.92,Clear,Medium,Afternoon,Bike,8,1.0,33.7
4846,5.83,Rainy,Low,Afternoon,Car,23,3.0,42.7
4847,7.47,Clear,Low,Afternoon,Bike,15,2.0,38.3
4848,6.47,Clear,High,Afternoon,Bike,23,2.0,56.6
4849,6.95,Foggy,Medium,Afternoon,Bike,25,3.0,59.3
4850,4.04,Clear,Low,Evening,Bike,8,3.0,25.6
4851,6.15,Clear,Low,Evening,Bike,16,3.0,38.4
4852,5.46,Clear,High,Evening,Scooter,27,3.0,55.1
4853,4.22,Snowy,Medium,Evening,Scooter,11,1.0,38.6
4854,6.58,Clear,Medium,Evening,Bike,23,1.0,50.2
4855,7.72,Foggy,High,Evening,Bike,15,3.0,56.3
4856,6.93,Windy,Low,Evening,Car,18,3.0,42.2
4857,4.32,Rainy,Medium,Morning,Scooter,27,2.0,55.7
4858,4.23,Clear,Medium,Afternoon,Car,20,2.0,33.8
4859,5.38,Foggy,Low,Afternoon,Bike,17,3.0,37.2
4860,4.95,Clear,Low,Evening,Car,22,2.0,32.2
4861,4.11,Clear,Low,Night,Car,13,1.0,18.7
4862,4.16,Rainy,High,Night,Bike,7,2.0,40.4
4863,5.38,Clear,Medium,Afternoon,Scooter,20,3.0,38.1
4864,4.53,Clear,Medium,Morning,Bike,26,2.0,53.1
4865,4.78,Clear,Low,Evening,Scooter,22,2.0,36.7
4866,7.48,Clear,High,Evening,Scooter,18,1.0,53.6
4867,7.97,Clear,Medium,Afternoon,Bike,12,2.0,35.7
4868,7.22,Rainy,Low,Afternoon,Bike,10,1.0,35.4
4869,4.93,Windy,Medium,Afternoon,Bike,14,1.0,40.0
4870,4.7,Clear,Medium,Afternoon,Scooter,30,3.0,46.6
4871,6.31,Rainy,High,Night,Scooter,17,2.0,52.9
4872,7.14,Clear,Medium,Evening,Bike,24,3.0,57.4
4873,6.63,Clear,Medium,Afternoon,Car,7,3.0,29.4
4874,7.22,Clear,Low,Afternoon,Bike,17,3.0,41.8
4875,5.95,Clear,Medium,Evening,Bike,14,2.0,47.4
4876,7.95,Clear,Medium,Afternoon,Bike,30,3.0,56.6
4877,7.15,Clear,High,Morning,Scooter,13,3.0,51.8
4878,4.2,Clear,Medium,Morning,Scooter,9,2.0,37.7
4879,5.46,Rainy,Low,Night,Scooter,12,2.0,27.9
4880,6.24,Clear,Medium,Evening,Car,9,3.0,29.2
4881,4.9,Clear,Medium,Evening,Bike,15,2.0,41.7
4882,5.61,Clear,Low,Night,Bike,33,2.0,50.8
4883,6.52,Rainy,Medium,Evening,Scooter,29,3.0,55.5
4884,6.21,Clear,High,Morning,Bike,19,3.0,50.0
4885,7.45,Rainy,High,Morning,Scooter,25,3.0,65.2
4886,5.05,Clear,High,Evening,Bike,16,2.0,47.3
4887,7.68,Clear,Medium,Morning,Bike,27,3.0,60.0
4888,5.29,Windy,Medium,Morning,Bike,13,2.0,48.3
4889,7.68,Clear,High,Afternoon,Bike,16,2.0,46.0
4890,4.99,Clear,Low,Evening,Car,11,2.0,31.7
4891,6.03,Clear,Low,Evening,Bike,29,3.0,56.1
4892,7.73,Windy,High,Morning,Car,15,1.0,45.2
4893,5.11,Rainy,Medium,Evening,Bike,14,3.0,42.9
4894,7.4,Rainy,Medium,Afternoon,Car,13,1.0,40.5
4895,6.0,Windy,Low,Evening,Scooter,17,3.0,34.5
4896,5.68,Clear,Low,Evening,Bike,18,3.0,40.4
4897,6.65,Windy,Medium,Morning,Bike,21,1.0,55.9
4898,4.79,Clear,Low,Morning,Bike,24,2.0,43.8
4899,6.64,Rainy,Low,Morning,Scooter,22,2.0,49.5
4900,4.71,Clear,Medium,Evening,Bike,18,1.0,43.4
4901,6.84,Clear,Medium,Morning,Bike,18,2.0,49.0
4902,6.44,Windy,Low,Morning,Scooter,31,3.0,58.1
4903,4.56,Clear,Low,Morning,Scooter,17,3.0,24.1
4904,4.4,Windy,High,Afternoon,Bike,15,3.0,43.9
4905,6.43,Clear,Medium,Evening,Bike,20,2.0,50.3
4906,4.49,Rainy,High,Evening,Scooter,21,3.0,53.8
4907,6.5,Windy,Low,Evening,Bike,29,1.0,56.6
4908,8.0,Clear,Low,Evening,Scooter,15,1.0,41.6
4909,4.49,Windy,Medium,Morning,Bike,18,3.0,43.5
4910,5.9,Rainy,Medium,Evening,Car,20,1.0,56.0
4911,7.7,Foggy,Low,Evening,Scooter,22,3.0,43.7
4912,7.75,Clear,Medium,Evening,Scooter,8,3.0,37.1
4913,4.12,Rainy,Medium,Morning,Car,27,2.0,51.8
4914,7.23,Rainy,High,Night,Car,12,1.0,47.1
4915,4.95,Clear,Medium,Afternoon,Scooter,13,3.0,32.4
4916,6.99,Clear,High,Morning,Scooter,21,1.0,51.9
4917,5.42,Clear,Low,Afternoon,Car,13,3.0,26.4
4918,4.9,Snowy,High,Morning,Bike,11,1.0,59.1
4919,5.88,Clear,Medium,Morning,Scooter,29,2.0,51.9
4920,4.7,Foggy,Low,Morning,Scooter,20,3.0,38.0
4921,5.7,Windy,Low,Night,Scooter,29,1.0,49.7
4922,5.58,Clear,High,Morning,Car,9,2.0,39.0
4923,7.85,Clear,Medium,Afternoon,Scooter,8,3.0,26.8
4924,6.17,Rainy,Medium,Afternoon,Scooter,14,3.0,42.4
4925,6.79,Clear,High,Evening,Car,8,2.0,40.1
4926,4.7,Rainy,Medium,Evening,Scooter,17,3.0,44.4
4927,7.99,Rainy,Low,Morning,Bike,30,3.0,67.3
4928,5.99,Rainy,Medium,Afternoon,Bike,15,3.0,40.6
4929,4.3,Clear,Medium,Evening,Scooter,22,2.0,35.8
4930,6.44,Foggy,Low,Evening,Bike,20,1.0,51.8
4931,5.27,Rainy,Low,Morning,Scooter,8,3.0,28.4
4932,5.18,Clear,Low,Afternoon,Car,13,2.0,23.1
4933,5.27,Rainy,Low,Afternoon,Bike,20,2.0,40.0
4934,5.8,Snowy,Low,Evening,Car,10,2.0,38.1
4935,5.15,Rainy,High,Evening,Scooter,17,3.0,52.6
4936,7.11,Clear,Medium,Evening,Car,21,3.0,44.4
4937,4.72,Clear,Medium,Evening,Bike,15,2.0,36.5
4938,4.57,Clear,Medium,Morning,Bike,15,2.0,39.4
4939,4.42,Clear,Low,Afternoon,Scooter,22,3.0,32.9
4940,5.64,Clear,Medium,Morning,Scooter,16,1.0,38.2
4941,4.45,Windy,Low,Morning,Car,18,2.0,32.1
4942,4.1,Clear,Low,Morning,Car,13,2.0,24.9
4943,5.18,Snowy,Low,Morning,Bike,24,2.0,56.2
4944,7.92,Clear,High,Evening,Bike,20,2.0,59.5
4945,4.04,Clear,Low,Afternoon,Scooter,31,3.0,43.6
4946,4.26,Clear,Low,Evening,Bike,23,1.0,41.5
4947,6.33,Clear,Medium,Evening,Car,19,1.0,45.4
4948,5.99,Foggy,Low,Evening,Scooter,20,2.0,39.5
4949,4.42,Windy,Medium,Evening,Car,15,3.0,37.1
4950,7.58,Snowy,High,Afternoon,Car,17,2.0,55.5
4951,6.7,Clear,Medium,Afternoon,Bike,21,2.0,53.6
4952,5.98,Foggy,Medium,Afternoon,Bike,18,2.0,44.9
4953,6.17,Clear,Medium,Afternoon,Scooter,30,3.0,46.2
4954,7.18,Windy,Low,Afternoon,Car,19,1.0,34.9
4955,4.39,Rainy,High,Evening,Scooter,7,2.0,38.6
4956,7.73,Clear,Medium,Evening,Bike,11,2.0,44.0
4957,4.45,Clear,Medium,Afternoon,Scooter,9,1.0,22.4
4958,5.83,Clear,Low,Morning,Bike,27,1.0,50.3
4959,4.99,Clear,High,Evening,Bike,15,3.0,46.3
4960,6.66,Windy,High,Night,Car,25,1.0,56.8
4961,7.36,Foggy,Medium,Evening,Bike,17,1.0,55.4
4962,6.47,Windy,Low,Morning,Bike,28,2.0,56.5
4963,4.9,Clear,Low,Evening,Bike,17,1.0,38.7
4964,7.12,Rainy,Low,Morning,Car,26,1.0,55.6
4965,7.77,Clear,Low,Evening,Bike,21,2.0,42.4
4966,4.64,Rainy,Low,Evening,Bike,14,2.0,35.6
4967,5.01,Clear,Low,Evening,Bike,19,3.0,38.2
4968,6.12,Clear,Medium,Evening,Scooter,14,2.0,38.5
4969,6.96,Rainy,Medium,Morning,Bike,13,1.0,47.6
4970,4.51,Clear,Medium,Evening,Scooter,15,2.0,37.4
4971,4.2,Clear,Medium,Morning,Car,14,1.0,28.7
4972,6.27,Rainy,Medium,Evening,Scooter,18,1.0,49.4
4973,7.19,Clear,High,Afternoon,Bike,20,1.0,53.2
4974,5.19,Windy,High,Morning,Scooter,31,1.0,64.5
4975,6.33,Rainy,Medium,Night,Bike,17,3.0,46.6
4976,7.21,Snowy,Medium,Afternoon,Bike,23,2.0,63.3
4977,4.12,Rainy,Low,Morning,Scooter,18,2.0,43.9
4978,5.34,Foggy,Low,Evening,Bike,17,1.0,47.8
4979,5.21,Foggy,Medium,Morning,Bike,16,1.0,53.3
4980,6.89,Snowy,High,Morning,Bike,26,1.0,75.8
4981,6.66,Rainy,Medium,Night,Bike,12,2.0,46.3
4982,7.31,Clear,Medium,Afternoon,Bike,14,3.0,38.0
4983,6.19,Clear,Low,Afternoon,Bike,22,2.0,38.7
4984,4.91,Rainy,Low,Afternoon,Scooter,14,1.0,36.0
4985,5.73,Clear,Medium,Afternoon,Bike,6,1.0,24.7
4986,5.58,Clear,Low,Afternoon,Bike,13,2.0,34.0
4987,6.67,Clear,High,Morning,Car,8,2.0,35.7
4988,7.82,Rainy,Medium,Morning,Scooter,14,1.0,48.0
4989,5.83,Clear,Low,Evening,Car,15,2.0,33.0
4990,6.56,Rainy,Medium,Evening,Bike,30,1.0,67.7
4991,4.71,Foggy,Low,Evening,Bike,24,1.0,47.5
4992,6.3,Snowy,Low,Morning,Bike,11,3.0,40.3
4993,6.91,Clear,Medium,Afternoon,Scooter,11,1.0,29.1
4994,7.05,Rainy,Medium,Morning,Car,34,3.0,58.2
4995,7.89,Rainy,High,Afternoon,Bike,21,1.0,67.1
4996,7.95,Clear,Medium,Evening,Bike,20,1.0,52.2
4997,6.06,Rainy,High,Morning,Bike,19,3.0,56.9
4998,7.44,Clear,Medium,Afternoon,Bike,12,1.0,42.0
4999,6.95,Windy,High,Evening,Bike,14,1.0,51.4
5000,6.1,Clear,Low,Afternoon,Car,17,2.0,26.9
5001,4.12,Snowy,Medium,Afternoon,Bike,17,1.0,51.0
5002,7.91,Rainy,Low,Morning,Bike,31,2.0,66.4
5003,7.86,Clear,Low,Morning,Scooter,9,2.0,31.6
5004,6.07,Foggy,Low,Morning,Bike,7,2.0,32.5
5005,5.38,Clear,Low,Morning,Car,28,1.0,43.9
5006,4.45,Foggy,Low,Night,Bike,26,1.0,47.9
5007,4.22,Rainy,Low,Afternoon,Car,14,1.0,30.5
5008,7.21,Clear,Low,Evening,Bike,15,3.0,42.7
5009,5.64,Clear,Low,Afternoon,Bike,19,1.0,33.8
5010,6.25,Foggy,Medium,Night,Scooter,13,3.0,37.2
5011,5.21,Clear,Low,Morning,Car,26,3.0,41.3
5012,6.46,Snowy,Low,Morning,Bike,14,2.0,45.3
5013,7.04,Foggy,High,Afternoon,Bike,9,3.0,48.5
5014,7.57,Foggy,Medium,Afternoon,Bike,18,3.0,53.9
5015,5.98,Clear,Medium,Morning,Bike,22,3.0,49.5
5016,5.2,Foggy,Medium,Evening,Car,30,1.0,57.0
5017,4.31,Windy,Low,Morning,Car,20,3.0,34.1
5018,7.42,Clear,Low,Evening,Scooter,11,1.0,31.8
5019,7.41,Clear,Medium,Afternoon,Bike,21,1.0,52.6
5020,5.41,Clear,Medium,Morning,Scooter,10,1.0,30.8
5021,4.83,Clear,High,Afternoon,Scooter,13,3.0,38.3
5022,6.69,Foggy,Low,Evening,Bike,14,1.0,41.6
5023,7.03,Clear,Low,Afternoon,Bike,9,2.0,26.7
5024,6.89,Rainy,Medium,Afternoon,Scooter,15,1.0,47.6
5025,4.29,Clear,Medium,Evening,Car,23,2.0,43.3
5026,7.94,Clear,Medium,Morning,Bike,9,3.0,38.7
5027,6.18,Clear,Medium,Morning,Car,18,3.0,39.3
5028,6.43,Snowy,Low,Afternoon,Scooter,13,3.0,37.0
5029,4.18,Rainy,Medium,Afternoon,Car,19,3.0,40.1
5030,4.05,Clear,Medium,Morning,Car,18,2.0,34.2
5031,4.51,Foggy,Medium,Night,Bike,12,1.0,43.5
5032,5.56,Clear,Medium,Afternoon,Bike,26,2.0,45.7
5033,7.78,Clear,Medium,Morning,Scooter,18,2.0,41.4
5034,6.91,Clear,Medium,Morning,Car,32,1.0,56.3
5035,8.0,Windy,Medium,Evening,Bike,32,3.0,60.8
5036,6.72,Foggy,Low,Morning,Scooter,14,1.0,36.9
5037,4.4,Rainy,High,Night,Car,27,1.0,53.2
5038,6.78,Clear,Low,Afternoon,Bike,22,2.0,41.8
5039,6.57,Clear,Medium,Morning,Bike,17,1.0,46.3
5040,7.55,Rainy,High,Evening,Bike,24,3.0,68.5
5041,6.18,Clear,High,Morning,Bike,16,3.0,47.5
5042,4.98,Windy,Low,Evening,Scooter,18,3.0,35.0
5043,6.93,Foggy,Medium,Morning,Bike,16,1.0,53.4
5044,7.01,Clear,Low,Afternoon,Scooter,25,2.0,34.4
5045,6.06,Foggy,High,Afternoon,Bike,28,3.0,63.8
5046,4.38,Windy,Low,Afternoon,Car,12,3.0,16.4
5047,5.66,Clear,Low,Morning,Bike,19,1.0,40.9
5048,7.36,Rainy,Low,Evening,Scooter,11,1.0,41.2
5049,5.21,Windy,High,Afternoon,Bike,27,1.0,59.8
5050,6.93,Clear,Medium,Evening,Scooter,13,1.0,37.8
5051,5.01,Snowy,Medium,Evening,Bike,8,3.0,44.0
5052,5.31,Clear,High,Night,Scooter,23,1.0,45.3
5053,5.35,Rainy,Medium,Afternoon,Bike,21,2.0,54.7
5054,4.54,Foggy,Medium,Afternoon,Bike,16,3.0,43.7
5055,5.4,Rainy,Medium,Evening,Scooter,20,3.0,46.2
5056,6.89,Rainy,Medium,Evening,Bike,23,2.0,64.1
5057,5.61,Rainy,Medium,Evening,Car,12,2.0,40.7
5058,5.2,Clear,Low,Evening,Scooter,15,2.0,27.9
5059,6.8,Clear,Medium,Morning,Bike,17,3.0,49.7
5060,6.06,Clear,Low,Afternoon,Car,20,3.0,36.5
5061,5.74,Rainy,Medium,Evening,Bike,20,2.0,53.7
5062,7.18,Clear,High,Evening,Car,18,2.0,49.7
5063,5.53,Clear,Low,Afternoon,Bike,21,3.0,37.3
5064,6.18,Snowy,High,Afternoon,Scooter,8,2.0,46.1
5065,4.13,Clear,Medium,Morning,Car,15,1.0,35.9
5066,5.36,Clear,Medium,Evening,Bike,19,1.0,49.2
5067,4.95,Clear,Low,Evening,Scooter,15,2.0,25.1
5068,7.54,Clear,High,Morning,Bike,29,2.0,64.8
5069,4.08,Foggy,Medium,Morning,Scooter,30,3.0,57.1
5070,6.8,Clear,Low,Afternoon,Bike,16,3.0,33.1
5071,7.02,Clear,Low,Afternoon,Bike,13,2.0,34.3
5072,5.33,Windy,Medium,Night,Bike,13,3.0,35.2
5073,5.03,Snowy,Low,Evening,Scooter,17,3.0,44.3
5074,4.66,Foggy,Medium,Evening,Car,30,1.0,54.8
5075,5.11,Snowy,Medium,Morning,Car,13,3.0,44.3
5076,7.66,Windy,High,Night,Scooter,15,3.0,48.2
5077,4.17,Clear,Low,Afternoon,Car,19,3.0,22.2
5078,5.83,Rainy,Low,Night,Car,19,1.0,44.5
5079,5.06,Rainy,Low,Evening,Scooter,21,1.0,40.6
5080,6.78,Clear,High,Morning,Bike,22,3.0,64.6
5081,5.34,Clear,Low,Evening,Scooter,24,3.0,33.5
5082,5.38,Clear,Low,Evening,Bike,18,1.0,39.4
5083,4.23,Rainy,Medium,Evening,Car,10,3.0,30.3
5084,7.64,Foggy,Low,Morning,Bike,21,1.0,57.1
5085,6.09,Foggy,Low,Morning,Bike,19,3.0,42.6
5086,4.28,Clear,Low,Evening,Car,13,2.0,21.9
5087,7.01,Clear,Medium,Night,Bike,26,2.0,52.3
5088,7.12,Clear,Medium,Afternoon,Car,23,3.0,47.2
5089,5.84,Rainy,High,Afternoon,Car,16,2.0,50.3
5090,7.92,Windy,High,Morning,Scooter,31,1.0,68.2
5091,4.9,Snowy,Medium,Afternoon,Scooter,21,3.0,47.0
5092,7.38,Windy,Low,Evening,Bike,29,1.0,59.2
5093,7.39,Snowy,Low,Morning,Bike,22,2.0,56.9
5094,6.08,Windy,Low,Evening,Car,22,1.0,42.0
5095,6.16,Clear,Medium,Morning,Bike,13,3.0,40.3
5096,4.45,Clear,Low,Afternoon,Bike,16,3.0,31.8
5097,4.53,Clear,Medium,Afternoon,Bike,20,2.0,42.1
5098,5.69,Clear,Medium,Morning,Scooter,25,2.0,52.9
5099,7.67,Clear,Low,Evening,Scooter,28,2.0,47.8
5100,4.86,Clear,Medium,Evening,Bike,10,3.0,33.0
5101,5.9,Windy,Medium,Morning,Bike,22,2.0,52.5
5102,4.26,Clear,Medium,Afternoon,Car,14,1.0,28.2
5103,5.2,Windy,Low,Afternoon,Bike,22,3.0,43.2
5104,5.49,Foggy,Low,Afternoon,Bike,15,2.0,33.7
5105,7.85,Rainy,Medium,Morning,Bike,19,1.0,62.5
5106,4.77,Rainy,Low,Evening,Scooter,18,2.0,39.4
5107,4.4,Clear,High,Morning,Bike,26,1.0,60.6
5108,4.22,Rainy,Medium,Morning,Bike,21,1.0,60.3
5109,6.09,Clear,High,Morning,Scooter,14,3.0,46.7
5110,6.08,Windy,Medium,Morning,Bike,20,2.0,53.1
5111,4.78,Clear,Low,Evening,Car,20,2.0,36.7
5112,4.99,Clear,Medium,Evening,Car,15,2.0,33.9
5113,5.28,Foggy,Medium,Afternoon,Scooter,14,3.0,37.6
5114,4.04,Rainy,Medium,Evening,Bike,28,1.0,57.3
5115,7.27,Clear,Medium,Morning,Bike,12,3.0,40.4
5116,7.09,Rainy,High,Night,Scooter,12,2.0,48.3
5117,5.28,Clear,Low,Afternoon,Bike,19,2.0,35.7
5118,6.3,Rainy,High,Morning,Scooter,15,2.0,54.0
5119,5.31,Clear,Low,Evening,Bike,18,3.0,38.3
5120,4.11,Clear,Low,Morning,Scooter,14,2.0,27.0
5121,6.36,Clear,Medium,Night,Bike,16,2.0,43.6
5122,6.89,Clear,Low,Evening,Bike,16,2.0,38.1
5123,5.34,Clear,Medium,Morning,Bike,19,3.0,45.7
5124,4.97,Clear,High,Afternoon,Bike,10,3.0,40.6
5125,5.06,Clear,High,Afternoon,Bike,17,3.0,46.5
5126,5.4,Clear,Medium,Morning,Bike,21,2.0,47.6
5127,5.87,Rainy,Low,Evening,Car,22,1.0,39.9
5128,7.02,Clear,Low,Evening,Bike,14,2.0,37.2
5129,4.8,Rainy,Low,Morning,Bike,18,2.0,50.7
5130,6.83,Windy,Medium,Morning,Scooter,16,1.0,44.7
5131,7.86,Clear,Low,Afternoon,Bike,8,3.0,29.5
5132,4.72,Windy,High,Afternoon,Car,17,3.0,41.1
5133,6.03,Clear,Medium,Afternoon,Bike,21,2.0,46.3
5134,5.45,Clear,Low,Afternoon,Car,29,1.0,38.4
5135,6.4,Foggy,Medium,Evening,Scooter,11,3.0,42.6
5136,7.52,Foggy,High,Evening,Bike,16,1.0,60.2
5137,7.55,Snowy,Medium,Afternoon,Bike,29,3.0,60.6
5138,5.77,Clear,Medium,Morning,Bike,17,2.0,36.9
5139,7.03,Foggy,Medium,Morning,Scooter,27,3.0,56.1
5140,6.05,Clear,High,Morning,Bike,21,3.0,50.9
5141,7.09,Clear,Low,Afternoon,Scooter,26,1.0,43.9
5142,7.54,Clear,Medium,Evening,Scooter,23,1.0,49.9
5143,6.85,Windy,Medium,Evening,Scooter,10,3.0,39.7
5144,4.24,Clear,Low,Evening,Scooter,23,2.0,38.6
5145,4.98,Snowy,Low,Afternoon,Car,11,3.0,27.1
5146,7.14,Rainy,Medium,Morning,Bike,23,1.0,60.0
5147,4.08,Foggy,High,Evening,Bike,16,3.0,48.5
5148,6.07,Foggy,Medium,Afternoon,Bike,21,1.0,53.6
5149,6.44,Snowy,Low,Afternoon,Bike,9,1.0,38.0
5150,7.28,Clear,Medium,Evening,Bike,11,2.0,45.6
5151,7.23,Clear,Low,Morning,Bike,11,3.0,39.0
5152,4.29,Rainy,Low,Night,Scooter,16,1.0,33.4
5153,6.72,Clear,Medium,Evening,Bike,12,2.0,39.8
5154,7.16,Clear,Low,Afternoon,Scooter,7,3.0,20.3
5155,4.42,Clear,High,Afternoon,Bike,26,2.0,54.7
5156,5.94,Clear,High,Afternoon,Bike,23,1.0,53.2
5157,6.6,Clear,Low,Morning,Bike,19,1.0,40.7
5158,5.37,Clear,Low,Evening,Bike,22,2.0,45.3
5159,5.48,Windy,High,Morning,Bike,15,2.0,53.6
5160,4.41,Clear,Medium,Morning,Bike,22,1.0,44.3
5161,7.1,Windy,Medium,Morning,Scooter,18,2.0,48.5
5162,4.95,Windy,Medium,Evening,Bike,10,1.0,41.1
5163,5.74,Clear,High,Evening,Bike,21,2.0,59.5
5164,6.07,Foggy,Medium,Afternoon,Bike,33,2.0,61.7
5165,4.35,Rainy,Medium,Morning,Bike,14,2.0,45.4
5166,5.72,Rainy,Low,Morning,Bike,6,2.0,36.4
5167,4.61,Clear,Medium,Evening,Bike,23,3.0,51.1
5168,4.93,Clear,Medium,Afternoon,Scooter,14,1.0,33.4
5169,5.43,Clear,Low,Morning,Scooter,16,1.0,34.0
5170,5.96,Rainy,Medium,Afternoon,Car,7,1.0,30.8
5171,5.74,Windy,High,Evening,Car,9,3.0,37.9
5172,4.29,Rainy,Medium,Evening,Bike,22,1.0,53.4
5173,5.4,Foggy,High,Afternoon,Bike,30,1.0,66.4
5174,4.16,Windy,Low,Evening,Car,19,3.0,34.7
5175,5.0,Rainy,Medium,Afternoon,Bike,25,3.0,51.1
5176,4.34,Clear,Medium,Night,Bike,13,3.0,35.3
5177,4.67,Snowy,Low,Morning,Scooter,10,1.0,35.2
5178,6.01,Clear,Medium,Evening,Scooter,15,1.0,39.2
5179,7.71,Clear,Medium,Night,Bike,13,1.0,43.7
5180,4.78,Rainy,High,Afternoon,Bike,20,1.0,57.6
5181,6.92,Windy,Low,Evening,Bike,30,3.0,57.5
5182,4.17,Clear,High,Morning,Bike,13,2.0,48.6
5183,5.34,Rainy,Medium,Evening,Bike,27,2.0,54.9
5184,5.61,Clear,Medium,Afternoon,Scooter,18,2.0,40.0
5185,4.43,Clear,Low,Afternoon,Bike,11,2.0,22.5
5186,6.55,Clear,Medium,Morning,Bike,18,1.0,47.8
5187,4.58,Foggy,Medium,Morning,Bike,17,1.0,47.5
5188,7.2,Snowy,Medium,Afternoon,Car,23,1.0,54.1
5189,6.37,Clear,Medium,Evening,Bike,23,1.0,49.7
5190,6.97,Clear,Low,Night,Bike,20,2.0,36.1
5191,4.66,Clear,Medium,Evening,Scooter,21,1.0,36.9
5192,5.27,Clear,High,Evening,Bike,20,3.0,51.2
5193,6.82,Rainy,Medium,Morning,Bike,13,2.0,50.2
5194,5.81,Foggy,Medium,Evening,Bike,28,2.0,62.4
5195,6.53,Rainy,Medium,Evening,Car,13,3.0,46.1
5196,5.65,Clear,Low,Morning,Scooter,19,3.0,38.2
5197,6.69,Rainy,High,Morning,Scooter,23,1.0,65.1
5198,6.57,Clear,High,Morning,Car,10,1.0,36.9
5199,5.2,Clear,Medium,Afternoon,Scooter,17,3.0,38.0
5200,7.53,Windy,Low,Morning,Bike,8,1.0,38.1
5201,6.93,Foggy,High,Evening,Bike,13,1.0,50.8
5202,4.27,Windy,Medium,Afternoon,Bike,20,2.0,46.4
5203,4.15,Windy,Low,Morning,Bike,28,3.0,45.7
5204,6.86,Rainy,Medium,Evening,Scooter,15,2.0,44.8
5205,6.53,Windy,Low,Afternoon,Bike,25,3.0,51.2
5206,7.7,Clear,Low,Evening,Bike,18,1.0,45.1
5207,6.7,Clear,Medium,Evening,Bike,23,3.0,48.8
5208,4.83,Clear,High,Afternoon,Bike,24,1.0,50.4
5209,4.17,Clear,Low,Night,Car,20,2.0,31.2
5210,6.13,Clear,High,Afternoon,Bike,16,1.0,43.3
5211,5.99,Clear,Low,Evening,Bike,19,2.0,40.6
5212,7.75,Foggy,Medium,Evening,Scooter,21,3.0,52.8
5213,6.83,Foggy,Low,Evening,Scooter,26,3.0,58.4
5214,7.6,Rainy,Medium,Morning,Bike,19,1.0,53.8
5215,7.03,Clear,High,Evening,Bike,26,2.0,58.0
5216,6.64,Foggy,Medium,Afternoon,Scooter,16,3.0,40.1
5217,6.25,Clear,High,Morning,Bike,23,1.0,56.3
5218,6.32,Clear,Low,Afternoon,Scooter,20,3.0,34.2
5219,6.03,Clear,Low,Night,Scooter,10,2.0,22.7
5220,7.36,Clear,Low,Morning,Scooter,18,2.0,41.6
5221,4.94,Clear,Low,Morning,Car,23,3.0,36.4
5222,7.66,Snowy,Low,Night,Car,21,3.0,43.2
5223,6.24,Foggy,Low,Morning,Bike,19,3.0,45.2
5224,5.75,Foggy,Medium,Afternoon,Car,24,1.0,46.3
5225,4.84,Clear,Low,Morning,Scooter,27,1.0,46.5
5226,5.1,Snowy,Medium,Morning,Bike,12,1.0,51.2
5227,6.34,Rainy,Low,Morning,Car,14,2.0,39.9
5228,4.61,Clear,Low,Morning,Car,32,2.0,42.8
5229,4.01,Rainy,Medium,Night,Scooter,14,1.0,38.2
5230,5.04,Clear,Low,Morning,Bike,25,3.0,40.9
5231,5.22,Clear,Low,Morning,Bike,18,1.0,40.9
5232,7.77,Clear,Low,Afternoon,Car,16,3.0,35.0
5233,6.33,Rainy,Low,Night,Car,22,2.0,35.5
5234,5.62,Clear,Low,Evening,Bike,23,2.0,43.9
5235,7.93,Clear,Low,Afternoon,Bike,14,1.0,36.6
5236,5.47,Clear,Medium,Morning,Scooter,7,1.0,33.2
5237,7.83,Windy,Medium,Afternoon,Bike,23,1.0,52.9
5238,7.77,Clear,Low,Afternoon,Scooter,21,1.0,37.7
5239,6.76,Clear,Medium,Afternoon,Car,11,1.0,31.8
5240,6.1,Clear,Medium,Afternoon,Bike,8,2.0,34.1
5241,7.29,Snowy,Medium,Night,Scooter,21,3.0,53.9
5242,5.3,Rainy,Medium,Evening,Scooter,20,3.0,51.6
5243,5.47,Windy,High,Afternoon,Bike,23,3.0,56.4
5244,4.83,Clear,Medium,Afternoon,Bike,26,2.0,45.9
5245,5.02,Clear,Medium,Morning,Scooter,21,1.0,43.6
5246,4.55,Rainy,High,Night,Scooter,20,3.0,50.9
5247,7.4,Clear,High,Afternoon,Scooter,18,3.0,44.2
5248,4.0,Snowy,Medium,Afternoon,Car,19,1.0,41.2
5249,5.7,Snowy,High,Evening,Bike,31,3.0,69.4
5250,5.46,Clear,Medium,Afternoon,Car,9,2.0,29.4
5251,5.55,Windy,Low,Morning,Scooter,18,2.0,44.6
5252,7.38,Rainy,Medium,Night,Bike,14,1.0,46.7
5253,7.28,Clear,Low,Morning,Bike,22,3.0,48.0
5254,6.65,Rainy,Medium,Evening,Bike,23,2.0,63.2
5255,6.76,Clear,Low,Morning,Bike,14,2.0,34.2
5256,7.21,Snowy,Medium,Afternoon,Car,23,3.0,54.2
5257,5.54,Clear,Low,Evening,Scooter,20,3.0,40.4
5258,5.8,Clear,Low,Afternoon,Bike,29,2.0,45.8
5259,4.98,Rainy,Medium,Afternoon,Bike,24,1.0,53.2
5260,4.95,Clear,High,Evening,Bike,23,2.0,58.9
5261,7.74,Clear,Medium,Afternoon,Car,11,2.0,31.7
5262,7.04,Foggy,Medium,Afternoon,Scooter,32,1.0,58.3
5263,5.81,Clear,Medium,Evening,Bike,24,1.0,51.7
5264,4.16,Clear,Medium,Evening,Bike,25,3.0,53.9
5265,6.97,Clear,Medium,Morning,Bike,23,2.0,55.6
5266,7.79,Clear,Low,Morning,Scooter,26,2.0,49.7
5267,7.71,Clear,Low,Evening,Bike,20,2.0,47.5
5268,6.86,Foggy,Low,Evening,Bike,7,3.0,32.1
5269,6.59,Windy,Low,Evening,Car,17,2.0,39.1
5270,4.48,Clear,Low,Night,Bike,14,1.0,28.1
5271,4.34,Windy,Medium,Morning,Car,15,3.0,35.3
5272,5.06,Rainy,Low,Afternoon,Scooter,14,1.0,33.0
5273,6.25,Rainy,High,Afternoon,Bike,20,3.0,60.0
5274,7.65,Foggy,Medium,Afternoon,Bike,24,2.0,62.3
5275,7.48,Foggy,Low,Evening,Scooter,26,2.0,49.7
5276,5.22,Snowy,High,Morning,Scooter,26,2.0,67.7
5277,5.46,Clear,Low,Afternoon,Bike,7,2.0,23.6
5278,5.24,Rainy,High,Afternoon,Car,23,2.0,54.9
5279,6.12,Clear,Medium,Afternoon,Scooter,29,1.0,51.1
5280,7.24,Clear,Low,Morning,Scooter,23,2.0,42.2
5281,7.13,Rainy,Medium,Evening,Bike,11,1.0,47.5
5282,7.55,Clear,Medium,Evening,Bike,30,2.0,61.1
5283,6.09,Clear,High,Afternoon,Bike,18,3.0,49.0
5284,6.63,Clear,Medium,Afternoon,Bike,19,2.0,46.2
5285,7.82,Clear,High,Morning,Car,14,2.0,55.2
5286,6.7,Rainy,Low,Morning,Bike,25,1.0,58.1
5287,4.67,Rainy,High,Morning,Bike,26,1.0,61.1
5288,5.31,Clear,High,Morning,Scooter,24,3.0,56.0
5289,4.3,Clear,Low,Morning,Scooter,13,3.0,28.8
5290,4.44,Clear,High,Morning,Bike,11,3.0,40.8
5291,5.97,Clear,Low,Evening,Scooter,31,2.0,46.0
5292,6.95,Foggy,Low,Afternoon,Scooter,26,1.0,47.2
5293,4.76,Rainy,Low,Afternoon,Bike,26,1.0,52.7
5294,5.28,Rainy,Medium,Evening,Bike,24,3.0,58.7
5295,5.35,Rainy,Medium,Morning,Scooter,11,1.0,45.6
5296,7.36,Windy,Medium,Afternoon,Scooter,18,3.0,47.7
5297,4.74,Foggy,Low,Evening,Bike,11,1.0,36.8
5298,4.14,Rainy,Medium,Morning,Bike,16,2.0,37.8
5299,6.5,Clear,Low,Evening,Scooter,12,1.0,29.3
5300,6.11,Clear,Low,Night,Bike,17,3.0,30.4
5301,4.01,Windy,Low,Evening,Car,21,2.0,40.2
5302,7.06,Clear,High,Night,Bike,25,2.0,59.2
5303,5.7,Clear,High,Morning,Scooter,10,1.0,39.6
5304,6.19,Windy,High,Morning,Car,27,1.0,57.8
5305,6.68,Foggy,Low,Morning,Bike,13,2.0,45.1
5306,4.21,Clear,Medium,Afternoon,Scooter,29,1.0,43.3
5307,4.69,Clear,High,Evening,Bike,17,3.0,44.0
5308,5.85,Clear,Medium,Evening,Scooter,9,2.0,28.9
5309,4.69,Rainy,Medium,Night,Car,24,3.0,46.2
5310,4.47,Clear,Medium,Evening,Car,9,1.0,26.1
5311,5.3,Windy,Low,Morning,Bike,20,1.0,47.4
5312,5.71,Windy,Low,Afternoon,Car,24,3.0,38.0
5313,7.4,Rainy,Medium,Morning,Car,17,1.0,45.8
5314,6.38,Rainy,Low,Evening,Bike,21,3.0,49.8
5315,7.72,Clear,Medium,Afternoon,Car,19,3.0,37.5
5316,5.83,Clear,Medium,Evening,Bike,10,2.0,37.5
5317,5.89,Foggy,Medium,Morning,Car,21,2.0,51.3
5318,5.25,Clear,Medium,Evening,Car,30,2.0,50.1
5319,4.33,Clear,Low,Morning,Scooter,15,2.0,27.5
5320,4.69,Clear,Medium,Morning,Bike,11,3.0,37.1
5321,4.27,Clear,Medium,Evening,Car,14,1.0,31.7
5322,6.81,Clear,Medium,Morning,Bike,20,3.0,51.0
5323,5.4,Foggy,Low,Morning,Bike,32,2.0,58.9
5324,4.13,Snowy,High,Evening,Bike,24,1.0,61.5
5325,7.01,Rainy,Low,Evening,Bike,24,2.0,51.5
5326,5.02,Snowy,Low,Evening,Bike,15,3.0,43.3
5327,7.57,Clear,High,Night,Bike,20,1.0,55.5
5328,7.29,Snowy,Medium,Morning,Car,16,2.0,56.2
5329,5.22,Rainy,Medium,Morning,Car,9,2.0,33.1
5330,4.94,Clear,Low,Afternoon,Car,18,1.0,25.4
5331,7.97,Windy,Medium,Morning,Scooter,19,1.0,54.0
5332,7.28,Clear,Low,Night,Scooter,25,1.0,43.1
5333,7.71,Clear,Low,Afternoon,Scooter,23,2.0,40.4
5334,4.07,Clear,Medium,Evening,Scooter,17,3.0,38.3
5335,6.39,Clear,Low,Morning,Car,18,1.0,39.3
5336,5.07,Clear,Medium,Evening,Bike,24,1.0,53.8
5337,5.5,Rainy,Medium,Afternoon,Car,14,3.0,35.3
5338,4.36,Snowy,High,Morning,Car,15,3.0,50.2
5339,6.99,Clear,Low,Afternoon,Bike,27,2.0,50.7
5340,6.1,Rainy,Medium,Afternoon,Car,23,3.0,46.9
5341,7.17,Clear,Medium,Afternoon,Car,29,1.0,51.4
5342,4.47,Snowy,Medium,Morning,Bike,26,1.0,59.6
5343,7.99,Clear,Medium,Afternoon,Bike,23,3.0,48.1
5344,5.39,Clear,Medium,Afternoon,Scooter,14,1.0,34.6
5345,7.81,Rainy,Medium,Morning,Scooter,18,2.0,55.9
5346,6.71,Rainy,High,Afternoon,Bike,16,2.0,57.0
5347,4.44,Foggy,High,Morning,Bike,16,2.0,47.7
5348,7.13,Rainy,Low,Night,Scooter,23,1.0,51.2
5349,6.24,Foggy,Low,Morning,Bike,16,2.0,45.4
5350,4.75,Clear,Low,Morning,Bike,12,2.0,34.8
5351,4.75,Clear,Low,Afternoon,Bike,15,3.0,27.0
5352,7.81,Clear,High,Morning,Car,24,3.0,58.1
5353,7.99,Clear,Low,Morning,Bike,18,3.0,45.9
5354,6.3,Clear,Low,Morning,Scooter,7,2.0,22.0
5355,4.75,Rainy,High,Afternoon,Scooter,20,3.0,51.2
5356,5.36,Clear,Low,Morning,Car,12,2.0,23.7
5357,4.85,Rainy,Medium,Afternoon,Car,11,1.0,34.3
5358,6.43,Clear,Medium,Evening,Car,15,3.0,44.5
5359,5.6,Rainy,Low,Evening,Scooter,23,3.0,47.6
5360,5.51,Rainy,Medium,Evening,Bike,9,3.0,42.2
5361,7.21,Clear,Medium,Morning,Bike,13,3.0,38.8
5362,7.85,Clear,Medium,Night,Bike,13,3.0,41.5
5363,4.79,Rainy,Medium,Afternoon,Bike,25,3.0,52.5
5364,5.66,Rainy,High,Night,Bike,14,1.0,45.0
5365,6.15,Clear,Medium,Afternoon,Bike,19,3.0,39.7
5366,4.98,Clear,Medium,Afternoon,Bike,11,1.0,36.2
5367,5.61,Rainy,Low,Night,Scooter,24,1.0,48.8
5368,4.22,Rainy,Medium,Evening,Car,14,2.0,39.5
5369,4.16,Clear,Low,Afternoon,Bike,17,3.0,33.6
5370,7.15,Clear,Low,Morning,Bike,15,1.0,40.4
5371,5.36,Snowy,Medium,Morning,Scooter,21,1.0,52.1
5372,6.83,Clear,Low,Evening,Bike,14,2.0,44.6
5373,4.33,Snowy,Medium,Evening,Car,5,2.0,29.3
5374,6.68,Clear,Low,Evening,Bike,18,3.0,42.4
5375,6.61,Rainy,High,Evening,Bike,31,1.0,72.2
5376,7.29,Clear,High,Evening,Scooter,25,3.0,56.8
5377,4.82,Clear,Medium,Afternoon,Bike,33,1.0,60.0
5378,6.2,Windy,Low,Evening,Scooter,17,2.0,38.8
5379,7.6,Clear,Low,Morning,Bike,19,3.0,43.2
5380,4.88,Windy,High,Afternoon,Bike,24,3.0,52.5
5381,4.5,Clear,Medium,Afternoon,Bike,15,2.0,37.6
5382,5.38,Snowy,Low,Afternoon,Scooter,11,2.0,31.0
5383,7.86,Windy,Medium,Morning,Bike,12,2.0,47.6
5384,4.63,Rainy,Medium,Morning,Bike,30,2.0,61.8
5385,4.48,Clear,Low,Night,Scooter,24,3.0,31.9
5386,7.99,Rainy,Low,Morning,Scooter,14,1.0,39.9
5387,5.57,Rainy,Medium,Afternoon,Bike,24,3.0,53.8
5388,4.6,Windy,High,Evening,Car,22,1.0,49.6
5389,6.23,Clear,Low,Evening,Scooter,17,1.0,37.0
5390,4.06,Clear,High,Afternoon,Car,8,3.0,20.8
5391,5.7,Clear,Low,Evening,Bike,22,1.0,42.8
5392,4.14,Foggy,High,Morning,Scooter,14,2.0,47.7
5393,6.26,Windy,Low,Afternoon,Bike,14,1.0,31.4
5394,6.5,Clear,Medium,Morning,Bike,18,3.0,52.3
5395,4.01,Foggy,Medium,Morning,Bike,14,1.0,44.5
5396,6.05,Windy,High,Evening,Bike,22,1.0,59.5
5397,7.78,Clear,Medium,Evening,Car,14,1.0,41.0
5398,5.59,Clear,Medium,Afternoon,Car,24,1.0,39.3
5399,7.82,Rainy,Low,Evening,Bike,17,3.0,53.9
5400,7.85,Rainy,Medium,Evening,Bike,18,1.0,58.4
5401,4.96,Clear,Medium,Evening,Bike,8,2.0,34.1
5402,6.31,Snowy,Low,Afternoon,Scooter,7,2.0,34.9
5403,7.32,Rainy,Medium,Morning,Bike,13,1.0,52.9
5404,6.84,Windy,Low,Night,Scooter,15,2.0,32.0
5405,7.04,Snowy,Medium,Evening,Bike,12,1.0,53.0
5406,5.04,Snowy,Low,Evening,Scooter,18,2.0,45.8
5407,7.67,Rainy,Medium,Afternoon,Car,20,1.0,49.6
5408,4.94,Clear,Low,Evening,Bike,24,1.0,40.4
5409,6.58,Rainy,Medium,Evening,Car,18,1.0,53.3
5410,7.54,Clear,Medium,Afternoon,Car,16,1.0,38.7
5411,5.44,Rainy,High,Afternoon,Scooter,28,2.0,58.8
5412,6.21,Clear,Medium,Evening,Bike,17,1.0,48.2
5413,6.76,Rainy,Low,Afternoon,Scooter,14,1.0,36.0
5414,7.71,Clear,Medium,Evening,Bike,10,1.0,38.0
5415,5.79,Clear,Medium,Afternoon,Car,12,3.0,29.1
5416,6.41,Clear,Medium,Morning,Scooter,21,3.0,47.5
5417,4.57,Rainy,High,Morning,Scooter,13,3.0,45.6
5418,4.26,Foggy,Medium,Evening,Scooter,15,1.0,40.3
5419,4.09,Clear,Medium,Morning,Bike,8,3.0,30.8
5420,5.91,Snowy,Low,Afternoon,Bike,16,1.0,44.3
5421,6.18,Snowy,Medium,Morning,Car,20,1.0,53.6
5422,4.35,Clear,Low,Morning,Bike,13,3.0,33.3
5423,4.72,Rainy,High,Afternoon,Bike,6,1.0,43.2
5424,5.07,Clear,Low,Evening,Car,25,3.0,44.6
5425,7.57,Clear,Low,Night,Bike,22,3.0,48.3
5426,4.4,Rainy,Medium,Morning,Car,33,2.0,56.1
5427,5.96,Clear,High,Morning,Bike,11,2.0,44.4
5428,7.16,Snowy,Low,Morning,Scooter,21,1.0,54.5
5429,7.48,Windy,Medium,Evening,Scooter,14,2.0,39.1
5430,6.77,Snowy,High,Morning,Bike,18,2.0,64.8
5431,5.06,Rainy,High,Afternoon,Bike,23,2.0,55.5
5432,4.49,Rainy,Low,Morning,Bike,12,1.0,38.3
5433,4.63,Windy,Medium,Night,Scooter,17,2.0,37.2
5434,7.08,Clear,Low,Evening,Bike,14,1.0,33.8
5435,5.19,Clear,High,Afternoon,Bike,12,2.0,47.6
5436,5.35,Rainy,Low,Morning,Scooter,22,3.0,43.5
5437,4.7,Clear,Medium,Morning,Car,14,1.0,38.2
5438,5.74,Clear,Medium,Evening,Bike,18,3.0,40.1
5439,5.34,Clear,Medium,Evening,Scooter,21,3.0,41.1
5440,5.43,Rainy,Medium,Evening,Car,17,1.0,47.9
5441,4.14,Clear,Low,Evening,Scooter,11,1.0,24.9
5442,5.85,Clear,Medium,Morning,Car,7,3.0,30.6
5443,4.45,Clear,Medium,Night,Scooter,16,3.0,34.0
5444,6.14,Clear,High,Morning,Scooter,33,2.0,60.9
5445,6.68,Snowy,Low,Morning,Scooter,31,1.0,64.9
5446,6.18,Clear,Medium,Evening,Bike,17,2.0,47.2
5447,4.59,Rainy,High,Morning,Scooter,16,1.0,46.3
5448,6.47,Foggy,Medium,Evening,Scooter,20,1.0,51.1
5449,5.65,Clear,High,Afternoon,Bike,25,2.0,56.3
5450,5.44,Snowy,Medium,Evening,Bike,19,3.0,55.0
5451,4.6,Rainy,Low,Afternoon,Scooter,22,1.0,40.8
5452,7.98,Rainy,Low,Morning,Bike,8,1.0,43.5
5453,5.57,Clear,Medium,Morning,Bike,26,1.0,48.9
5454,5.83,Clear,Low,Afternoon,Bike,18,1.0,35.7
5455,4.38,Windy,Medium,Morning,Bike,18,3.0,43.8
5456,6.7,Foggy,Low,Morning,Scooter,13,1.0,40.5
5457,5.13,Windy,Medium,Evening,Bike,11,1.0,39.1
5458,6.96,Windy,Low,Afternoon,Bike,16,2.0,45.1
5459,4.27,Clear,Low,Morning,Bike,28,2.0,44.5
5460,5.19,Foggy,Low,Afternoon,Car,19,3.0,30.3
5461,6.98,Clear,Medium,Evening,Car,16,2.0,43.9
5462,5.58,Foggy,Low,Night,Bike,11,1.0,35.6
5463,4.14,Clear,Low,Morning,Bike,9,2.0,28.1
5464,7.16,Clear,Medium,Afternoon,Bike,20,1.0,46.5
5465,7.86,Foggy,Low,Evening,Bike,30,2.0,60.1
5466,5.51,Foggy,Medium,Afternoon,Scooter,17,3.0,41.8
5467,6.49,Rainy,Medium,Evening,Scooter,13,2.0,43.4
5468,5.49,Clear,Low,Afternoon,Scooter,16,2.0,34.3
5469,6.22,Clear,Medium,Afternoon,Car,18,2.0,37.3
5470,6.95,Windy,Medium,Evening,Car,23,3.0,48.7
5471,6.53,Clear,Low,Morning,Bike,17,2.0,39.0
5472,5.26,Clear,Low,Morning,Scooter,28,3.0,40.2
5473,4.78,Rainy,Medium,Night,Bike,20,3.0,49.9
5474,6.18,Clear,Medium,Night,Scooter,11,3.0,28.5
5475,6.64,Rainy,Low,Morning,Bike,11,3.0,40.4
5476,6.3,Clear,Low,Morning,Bike,19,2.0,49.3
5477,4.51,Snowy,Low,Morning,Bike,24,1.0,47.9
5478,5.42,Windy,Low,Morning,Bike,18,1.0,42.0
5479,6.98,Windy,Low,Morning,Bike,24,1.0,47.7
5480,4.59,Rainy,High,Afternoon,Scooter,10,2.0,38.3
5481,7.53,Clear,Medium,Morning,Bike,15,1.0,46.5
5482,5.87,Foggy,Medium,Afternoon,Car,9,2.0,27.8
5483,7.16,Snowy,Medium,Night,Bike,15,3.0,52.2
5484,5.36,Rainy,Medium,Morning,Car,19,2.0,51.0
5485,5.44,Foggy,Medium,Evening,Bike,28,2.0,60.8
5486,7.87,Foggy,High,Evening,Bike,17,2.0,62.6
5487,6.27,Rainy,Medium,Morning,Bike,16,1.0,57.1
5488,4.41,Foggy,Medium,Afternoon,Bike,21,1.0,48.9
5489,7.83,Clear,Low,Evening,Bike,22,3.0,40.4
5490,5.5,Rainy,High,Morning,Scooter,12,2.0,48.4
5491,6.84,Rainy,Medium,Afternoon,Bike,22,3.0,46.7
5492,4.51,Clear,Low,Morning,Bike,18,2.0,34.6
5493,7.42,Snowy,High,Morning,Bike,18,1.0,61.2
5494,7.84,Rainy,Medium,Night,Scooter,32,3.0,63.3
5495,5.53,Clear,Low,Morning,Bike,23,3.0,40.7
5496,4.58,Snowy,Low,Morning,Bike,24,1.0,54.4
5497,6.23,Foggy,Medium,Morning,Bike,25,3.0,60.2
5498,4.65,Foggy,Low,Evening,Scooter,20,2.0,37.2
5499,5.77,Clear,Medium,Evening,Scooter,8,1.0,32.8
5500,6.49,Snowy,Low,Afternoon,Bike,16,2.0,37.2
5501,4.56,Clear,High,Evening,Scooter,23,2.0,45.4
5502,7.79,Rainy,Medium,Evening,Bike,12,1.0,55.3
5503,6.82,Clear,Low,Morning,Bike,30,1.0,51.8
5504,5.45,Rainy,Medium,Evening,Scooter,6,2.0,34.2
5505,5.66,Foggy,Medium,Night,Scooter,19,3.0,40.2
5506,7.39,Rainy,Low,Afternoon,Bike,10,2.0,32.9
5507,5.9,Rainy,Medium,Afternoon,Scooter,23,3.0,46.1
5508,7.95,Snowy,Low,Morning,Bike,20,3.0,55.7
5509,4.25,Rainy,Medium,Evening,Scooter,16,3.0,41.4
5510,5.09,Clear,High,Afternoon,Scooter,11,1.0,38.8
5511,6.07,Windy,Medium,Afternoon,Scooter,17,3.0,37.7
5512,4.54,Foggy,Medium,Afternoon,Bike,15,3.0,40.2
5513,5.42,Windy,Low,Evening,Bike,13,3.0,34.5
5514,6.08,Windy,Low,Morning,Bike,12,1.0,40.6
5515,5.04,Windy,Medium,Morning,Bike,25,1.0,50.2
5516,4.66,Foggy,High,Morning,Bike,15,2.0,52.5
5517,5.07,Rainy,Medium,Evening,Scooter,10,2.0,40.2
5518,4.33,Clear,Medium,Morning,Scooter,12,2.0,29.9
5519,4.78,Rainy,Low,Evening,Scooter,21,3.0,42.4
5520,4.24,Foggy,Low,Evening,Scooter,16,1.0,36.9
5521,7.81,Rainy,Low,Evening,Bike,9,1.0,40.5
5522,4.64,Snowy,High,Evening,Bike,9,1.0,48.5
5523,4.01,Clear,Low,Morning,Bike,9,2.0,22.9
5524,7.83,Clear,Medium,Evening,Scooter,22,1.0,56.7
5525,7.03,Rainy,Medium,Night,Bike,26,2.0,57.9
5526,5.07,Clear,Medium,Evening,Bike,25,2.0,47.3
5527,7.52,Clear,Low,Afternoon,Bike,18,1.0,34.6
5528,7.49,Clear,Medium,Evening,Scooter,16,2.0,40.9
5529,6.96,Snowy,Low,Afternoon,Car,15,2.0,39.9
5530,6.37,Clear,Low,Evening,Car,23,3.0,38.4
5531,6.34,Clear,Low,Afternoon,Bike,24,1.0,44.4
5532,7.88,Clear,Medium,Afternoon,Scooter,29,1.0,55.9
5533,5.86,Clear,Medium,Evening,Bike,32,3.0,58.6
5534,7.23,Clear,High,Afternoon,Scooter,22,3.0,49.7
5535,4.45,Foggy,Low,Afternoon,Bike,13,3.0,36.7
5536,6.8,Foggy,Low,Afternoon,Bike,30,3.0,56.4
5537,7.96,Clear,Low,Morning,Bike,11,1.0,39.1
5538,4.04,Rainy,High,Morning,Bike,14,1.0,50.3
5539,5.03,Clear,Medium,Afternoon,Car,25,2.0,42.9
5540,7.14,Clear,High,Afternoon,Bike,18,3.0,51.0
5541,6.94,Snowy,Medium,Night,Car,14,3.0,44.4
5542,6.94,Rainy,High,Morning,Bike,18,3.0,62.6
5543,7.93,Snowy,Medium,Afternoon,Bike,23,3.0,61.6
5544,4.38,Clear,Medium,Afternoon,Scooter,14,1.0,26.5
5545,6.7,Clear,Medium,Afternoon,Scooter,18,1.0,40.3
5546,6.56,Clear,High,Afternoon,Car,14,2.0,35.9
5547,4.82,Clear,High,Morning,Scooter,16,1.0,45.9
5548,4.85,Windy,Medium,Afternoon,Scooter,13,3.0,28.2
5549,6.6,Clear,Medium,Evening,Bike,22,3.0,50.6
5550,6.62,Snowy,Medium,Evening,Car,15,3.0,47.9
5551,6.4,Snowy,Medium,Morning,Scooter,18,1.0,50.0
5552,5.85,Rainy,Low,Afternoon,Scooter,24,3.0,43.8
5553,6.75,Clear,Medium,Morning,Scooter,12,1.0,40.6
5554,5.29,Rainy,High,Evening,Bike,21,2.0,58.8
5555,4.94,Clear,High,Afternoon,Car,15,2.0,37.5
5556,6.38,Foggy,Medium,Night,Bike,17,1.0,49.0
5557,6.47,Rainy,Low,Afternoon,Scooter,22,3.0,40.2
5558,7.25,Windy,High,Morning,Scooter,28,3.0,63.3
5559,5.66,Rainy,High,Morning,Bike,26,2.0,65.6
5560,7.06,Rainy,Low,Evening,Scooter,27,2.0,54.3
5561,7.67,Foggy,Medium,Morning,Scooter,9,1.0,37.5
5562,5.7,Rainy,Medium,Afternoon,Bike,16,2.0,42.1
5563,6.17,Windy,Low,Evening,Scooter,24,3.0,48.4
5564,7.64,Clear,Medium,Morning,Scooter,24,2.0,53.9
5565,5.2,Windy,Low,Afternoon,Car,16,3.0,29.3
5566,6.89,Snowy,Low,Morning,Car,14,2.0,44.7
5567,6.31,Snowy,Low,Morning,Bike,19,1.0,48.3
5568,5.66,Clear,Medium,Evening,Bike,23,3.0,49.0
5569,7.46,Snowy,Medium,Morning,Bike,21,2.0,61.2
5570,4.63,Clear,High,Morning,Scooter,14,2.0,38.7
5571,4.14,Foggy,Medium,Night,Car,5,2.0,20.5
5572,4.83,Clear,Medium,Afternoon,Scooter,27,2.0,48.4
5573,7.51,Clear,High,Afternoon,Car,17,3.0,41.8
5574,5.37,Clear,Low,Afternoon,Scooter,25,3.0,38.4
5575,6.74,Clear,Low,Morning,Scooter,26,3.0,46.0
5576,4.92,Clear,High,Afternoon,Car,29,1.0,54.4
5577,5.96,Snowy,Low,Evening,Bike,15,1.0,49.7
5578,6.09,Clear,High,Morning,Bike,21,3.0,53.7
5579,4.98,Foggy,High,Morning,Bike,19,1.0,52.6
5580,5.55,Clear,Medium,Evening,Bike,12,2.0,41.7
5581,5.05,Foggy,Medium,Morning,Scooter,17,3.0,47.0
5582,4.4,Foggy,Medium,Morning,Bike,17,2.0,53.9
5583,5.73,Clear,Low,Evening,Bike,13,2.0,37.3
5584,6.25,Foggy,Low,Evening,Bike,16,3.0,41.0
5585,4.36,Windy,Low,Morning,Bike,17,2.0,36.9
5586,5.43,Foggy,High,Evening,Bike,24,3.0,54.9
5587,5.85,Clear,Low,Morning,Car,26,1.0,39.8
5588,7.73,Clear,Low,Evening,Scooter,22,2.0,40.0
5589,6.44,Foggy,Low,Morning,Scooter,24,2.0,49.7
5590,7.77,Clear,Low,Evening,Bike,10,3.0,38.2
5591,6.1,Snowy,Medium,Afternoon,Bike,19,3.0,59.4
5592,7.21,Clear,Low,Afternoon,Scooter,14,2.0,39.9
5593,4.39,Snowy,Low,Morning,Bike,16,3.0,44.6
5594,6.26,Clear,Medium,Evening,Bike,22,2.0,48.8
5595,5.41,Clear,Low,Afternoon,Scooter,29,1.0,41.1
5596,6.91,Windy,Low,Morning,Scooter,15,3.0,35.3
5597,7.51,Snowy,Medium,Evening,Car,19,1.0,62.0
5598,6.85,Snowy,High,Evening,Bike,11,3.0,48.0
5599,4.35,Windy,Medium,Afternoon,Scooter,21,3.0,44.6
5600,6.48,Clear,Low,Evening,Bike,13,3.0,32.7
5601,6.98,Clear,Low,Night,Scooter,17,2.0,32.0
5602,4.12,Clear,Medium,Afternoon,Car,15,3.0,20.5
5603,4.68,Rainy,Low,Evening,Scooter,9,1.0,34.9
5604,6.72,Clear,Medium,Morning,Bike,23,1.0,55.6
5605,5.26,Windy,Medium,Evening,Scooter,20,2.0,42.1
5606,4.25,Clear,Low,Morning,Scooter,25,3.0,41.9
5607,7.56,Clear,Medium,Evening,Car,29,1.0,57.8
5608,7.81,Clear,High,Morning,Scooter,16,2.0,48.4
5609,5.49,Clear,Medium,Afternoon,Car,23,3.0,33.1
5610,7.97,Clear,Medium,Afternoon,Bike,15,2.0,42.7
5611,7.43,Rainy,High,Night,Scooter,17,1.0,56.9
5612,6.22,Clear,Low,Morning,Bike,25,3.0,44.1
5613,6.99,Rainy,Low,Afternoon,Scooter,27,2.0,53.4
5614,7.74,Snowy,Low,Afternoon,Car,16,2.0,39.2
5615,6.91,Rainy,High,Afternoon,Scooter,24,2.0,58.7
5616,5.35,Rainy,Medium,Afternoon,Scooter,23,1.0,47.0
5617,4.77,Clear,Medium,Morning,Bike,12,1.0,38.4
5618,5.73,Clear,High,Afternoon,Bike,20,3.0,51.3
5619,4.75,Clear,Medium,Evening,Scooter,18,3.0,43.5
5620,4.09,Windy,Low,Afternoon,Bike,9,1.0,27.0
5621,5.82,Rainy,Low,Morning,Bike,19,2.0,42.9
5622,5.32,Clear,Low,Morning,Scooter,31,3.0,48.8
5623,4.38,Clear,Low,Morning,Scooter,24,3.0,36.9
5624,7.49,Snowy,High,Evening,Bike,13,3.0,58.7
5625,4.49,Rainy,Medium,Evening,Bike,13,1.0,45.6
5626,6.52,Rainy,Low,Afternoon,Bike,15,3.0,42.2
5627,6.28,Snowy,Low,Morning,Scooter,7,1.0,35.0
5628,7.92,Rainy,Medium,Morning,Car,10,2.0,45.0
5629,5.02,Rainy,High,Evening,Bike,22,2.0,62.1
5630,4.94,Clear,Low,Morning,Bike,19,3.0,39.8
5631,6.51,Clear,Medium,Evening,Car,21,2.0,46.8
5632,6.23,Windy,High,Afternoon,Bike,22,2.0,48.9
5633,7.25,Rainy,High,Night,Scooter,10,2.0,44.6
5634,4.69,Clear,Medium,Morning,Bike,29,1.0,54.3
5635,5.2,Rainy,Low,Morning,Car,31,1.0,52.1
5636,4.02,Clear,Medium,Afternoon,Scooter,8,3.0,20.4
5637,6.89,Snowy,Medium,Morning,Bike,10,2.0,48.0
5638,5.3,Clear,Medium,Afternoon,Bike,25,3.0,48.4
5639,4.94,Snowy,High,Evening,Bike,20,2.0,63.1
5640,6.42,Rainy,Medium,Afternoon,Bike,33,3.0,64.4
5641,5.01,Clear,Medium,Morning,Bike,14,1.0,37.4
5642,4.23,Clear,Low,Night,Scooter,24,2.0,36.7
5643,4.95,Snowy,Low,Night,Scooter,18,1.0,42.7
5644,7.4,Clear,Medium,Morning,Bike,19,1.0,54.0
5645,6.38,Clear,Medium,Evening,Bike,13,1.0,40.1
5646,5.88,Foggy,Low,Evening,Car,20,1.0,52.2
5647,5.97,Clear,Low,Morning,Bike,16,1.0,39.2
5648,7.99,Clear,Low,Night,Scooter,13,2.0,29.1
5649,4.13,Clear,Medium,Morning,Scooter,25,2.0,52.0
5650,4.64,Snowy,Low,Morning,Scooter,13,3.0,39.7
5651,7.46,Clear,High,Morning,Scooter,14,3.0,47.2
5652,6.14,Clear,Medium,Evening,Car,10,2.0,33.3
5653,7.98,Clear,Medium,Afternoon,Bike,21,2.0,53.2
5654,6.74,Clear,Medium,Afternoon,Bike,14,1.0,41.0
5655,6.89,Clear,Medium,Afternoon,Bike,30,1.0,51.4
5656,6.32,Clear,Medium,Morning,Bike,23,1.0,52.2
5657,4.07,Clear,High,Afternoon,Bike,27,2.0,55.5
5658,7.63,Clear,Low,Evening,Bike,13,2.0,38.4
5659,6.09,Snowy,Low,Evening,Scooter,20,1.0,45.8
5660,4.04,Clear,Medium,Evening,Bike,27,2.0,50.6
5661,4.84,Clear,Low,Night,Car,30,1.0,42.6
5662,5.4,Windy,Low,Afternoon,Bike,21,3.0,43.9
5663,5.14,Snowy,High,Afternoon,Scooter,29,3.0,59.2
5664,4.11,Rainy,Low,Evening,Bike,12,3.0,32.7
5665,5.12,Clear,Low,Morning,Bike,8,1.0,28.5
5666,7.59,Clear,Medium,Evening,Scooter,17,2.0,42.4
5667,6.36,Clear,Low,Afternoon,Bike,15,3.0,31.5
5668,5.31,Clear,High,Afternoon,Scooter,28,2.0,51.7
5669,4.35,Clear,Low,Evening,Scooter,7,3.0,23.1
5670,7.01,Rainy,Low,Morning,Scooter,15,1.0,40.3
5671,6.87,Clear,High,Morning,Scooter,15,1.0,44.0
5672,4.01,Rainy,High,Morning,Car,22,2.0,50.4
5673,7.97,Clear,Medium,Afternoon,Bike,6,2.0,29.8
5674,5.06,Clear,Medium,Night,Car,26,2.0,42.1
5675,5.05,Foggy,Low,Evening,Bike,29,3.0,53.6
5676,5.2,Snowy,High,Afternoon,Bike,17,1.0,58.9
5677,7.85,Clear,Low,Afternoon,Car,11,3.0,23.3
5678,7.36,Rainy,Medium,Morning,Bike,9,1.0,48.0
5679,6.55,Clear,Low,Morning,Car,14,1.0,32.8
5680,5.98,Clear,Medium,Morning,Scooter,11,3.0,29.7
5681,5.31,Foggy,Medium,Night,Car,18,2.0,40.1
5682,5.34,Clear,Medium,Morning,Bike,16,2.0,43.3
5683,5.3,Clear,Medium,Evening,Scooter,13,2.0,35.1
5684,7.45,Rainy,Low,Evening,Bike,25,2.0,53.3
5685,6.73,Clear,Medium,Afternoon,Bike,20,3.0,44.8
5686,5.63,Clear,Medium,Morning,Scooter,20,2.0,37.3
5687,7.97,Clear,Low,Night,Scooter,21,1.0,40.9
5688,4.71,Windy,Medium,Evening,Scooter,26,2.0,52.4
5689,4.31,Rainy,Medium,Night,Scooter,21,1.0,44.2
5690,5.47,Clear,Medium,Evening,Scooter,11,1.0,38.3
5691,7.93,Clear,Medium,Evening,Bike,16,3.0,45.6
5692,4.1,Rainy,Low,Afternoon,Bike,18,3.0,36.0
5693,4.32,Clear,Medium,Evening,Scooter,12,3.0,30.9
5694,5.37,Rainy,Medium,Morning,Scooter,29,1.0,66.0
5695,7.95,Foggy,Medium,Afternoon,Bike,14,3.0,45.8
5696,5.37,Clear,Medium,Evening,Bike,23,1.0,56.6
5697,6.71,Clear,Medium,Evening,Bike,30,1.0,60.0
5698,7.46,Clear,Medium,Afternoon,Scooter,14,2.0,34.8
5699,6.68,Clear,Medium,Afternoon,Bike,17,2.0,48.4
5700,4.36,Clear,Medium,Evening,Scooter,14,2.0,34.9
5701,4.59,Snowy,High,Evening,Scooter,25,3.0,60.4
5702,5.04,Clear,Medium,Morning,Car,24,2.0,46.5
5703,7.18,Rainy,Medium,Evening,Bike,27,1.0,68.9
5704,7.21,Rainy,Low,Morning,Car,9,3.0,32.3
5705,4.68,Clear,Medium,Morning,Scooter,23,3.0,46.2
5706,5.52,Clear,Low,Afternoon,Bike,19,1.0,35.9
5707,4.56,Clear,Medium,Morning,Bike,16,1.0,38.5
5708,5.89,Rainy,Low,Morning,Bike,27,1.0,54.2
5709,5.46,Clear,High,Afternoon,Bike,26,1.0,51.9
5710,7.97,Foggy,Medium,Afternoon,Bike,22,1.0,56.2
5711,5.55,Snowy,Medium,Afternoon,Bike,12,3.0,44.7
5712,4.2,Foggy,Low,Evening,Car,14,1.0,35.1
5713,6.08,Windy,High,Evening,Bike,12,3.0,51.2
5714,7.63,Foggy,Medium,Night,Bike,14,3.0,44.8
5715,5.48,Snowy,Low,Morning,Scooter,23,1.0,49.9
5716,7.27,Snowy,Medium,Morning,Car,15,2.0,47.8
5717,5.67,Foggy,Low,Morning,Car,14,1.0,35.2
5718,6.27,Snowy,Medium,Afternoon,Car,14,1.0,42.5
5719,6.01,Windy,Low,Morning,Car,9,1.0,28.8
5720,7.5,Clear,Medium,Evening,Bike,15,3.0,50.1
5721,6.27,Rainy,Low,Evening,Scooter,10,1.0,40.7
5722,5.52,Rainy,Medium,Night,Bike,19,3.0,46.5
5723,7.07,Snowy,Low,Morning,Car,12,3.0,42.1
5724,4.2,Clear,Low,Evening,Bike,14,3.0,33.4
5725,5.09,Snowy,High,Night,Scooter,17,2.0,49.4
5726,5.15,Foggy,High,Morning,Bike,16,2.0,57.4
5727,6.28,Windy,Low,Evening,Car,15,3.0,29.6
5728,7.34,Clear,Low,Morning,Bike,30,3.0,57.6
5729,6.22,Foggy,Medium,Morning,Car,9,1.0,36.7
5730,5.83,Foggy,High,Morning,Car,27,1.0,57.0
5731,4.26,Windy,Low,Evening,Bike,28,2.0,48.6
5732,7.88,Windy,Low,Morning,Scooter,31,3.0,61.2
5733,5.18,Rainy,Low,Afternoon,Bike,26,2.0,56.7
5734,4.52,Rainy,Low,Evening,Bike,24,3.0,46.8
5735,7.33,Clear,High,Evening,Bike,13,2.0,49.8
5736,7.56,Windy,High,Afternoon,Scooter,12,2.0,43.9
5737,5.19,Clear,Low,Night,Bike,20,2.0,36.2
5738,6.19,Foggy,Medium,Morning,Scooter,18,2.0,52.3
5739,7.13,Foggy,High,Morning,Scooter,22,1.0,58.9
5740,4.09,Clear,Low,Morning,Bike,11,2.0,26.5
5741,7.95,Clear,Low,Afternoon,Bike,14,2.0,35.0
5742,5.3,Clear,Low,Afternoon,Bike,21,2.0,36.9
5743,5.92,Snowy,Low,Evening,Bike,20,3.0,53.5
5744,4.2,Rainy,Low,Morning,Car,15,2.0,34.4
5745,4.19,Clear,Low,Evening,Bike,12,3.0,31.4
5746,4.45,Foggy,High,Afternoon,Scooter,26,3.0,56.2
5747,5.28,Clear,High,Evening,Car,25,1.0,51.2
5748,7.69,Snowy,Low,Morning,Bike,12,3.0,46.9
5749,6.06,Clear,Medium,Evening,Scooter,23,2.0,48.6
5750,5.3,Clear,Low,Afternoon,Car,12,3.0,20.0
5751,5.8,Clear,Low,Night,Scooter,17,1.0,31.3
5752,5.06,Rainy,Low,Morning,Bike,17,1.0,47.7
5753,6.5,Clear,High,Night,Scooter,16,3.0,42.9
5754,6.03,Foggy,Medium,Evening,Car,15,2.0,45.9
5755,5.51,Clear,Medium,Afternoon,Scooter,17,1.0,33.8
5756,6.74,Clear,High,Afternoon,Scooter,22,2.0,50.6
5757,5.57,Clear,High,Evening,Scooter,15,3.0,45.2
5758,7.23,Clear,Low,Morning,Scooter,19,1.0,41.3
5759,6.39,Windy,Medium,Morning,Bike,15,1.0,46.6
5760,4.81,Clear,Low,Afternoon,Car,31,2.0,36.0
5761,4.65,Windy,Low,Evening,Bike,21,2.0,46.4
5762,5.02,Clear,Low,Evening,Car,26,1.0,36.2
5763,7.67,Clear,Medium,Evening,Bike,17,1.0,45.3
5764,7.29,Clear,Medium,Morning,Scooter,14,2.0,42.6
5765,7.89,Clear,Low,Morning,Car,10,2.0,29.1
5766,6.98,Foggy,Low,Afternoon,Scooter,25,1.0,47.2
5767,7.66,Rainy,Low,Evening,Bike,22,3.0,50.2
5768,5.42,Clear,Medium,Morning,Scooter,25,2.0,48.6
5769,6.48,Rainy,Medium,Evening,Bike,21,3.0,59.0
5770,5.57,Rainy,Medium,Night,Bike,8,3.0,32.8
5771,7.46,Windy,High,Morning,Scooter,16,2.0,53.0
5772,7.99,Windy,Medium,Morning,Car,15,1.0,47.7
5773,6.98,Rainy,Low,Evening,Car,17,1.0,38.8
5774,7.13,Snowy,Low,Morning,Scooter,21,1.0,52.5
5775,7.52,Foggy,High,Morning,Scooter,19,2.0,57.5
5776,4.38,Rainy,Medium,Morning,Bike,20,2.0,52.5
5777,5.93,Foggy,Low,Morning,Bike,13,3.0,38.4
5778,6.93,Clear,High,Afternoon,Scooter,18,2.0,41.7
5779,6.42,Foggy,Medium,Morning,Scooter,13,1.0,42.3
5780,6.16,Windy,Low,Evening,Scooter,18,3.0,37.1
5781,5.54,Clear,Medium,Afternoon,Bike,14,3.0,36.2
5782,4.88,Snowy,High,Morning,Bike,13,2.0,58.2
5783,7.69,Windy,Low,Morning,Bike,29,1.0,53.9
5784,6.94,Clear,Medium,Night,Scooter,14,3.0,38.3
5785,6.45,Rainy,High,Evening,Bike,20,3.0,66.7
5786,4.34,Windy,Low,Afternoon,Bike,20,1.0,43.1
5787,4.45,Windy,Low,Evening,Scooter,19,1.0,42.6
5788,5.73,Clear,Medium,Night,Bike,22,1.0,46.6
5789,4.5,Clear,Medium,Morning,Bike,20,2.0,44.9
5790,4.6,Foggy,Low,Morning,Scooter,26,3.0,39.9
5791,4.33,Clear,Low,Afternoon,Bike,8,1.0,22.3
5792,5.18,Clear,High,Morning,Scooter,10,1.0,42.2
5793,4.04,Clear,Medium,Evening,Car,19,3.0,31.8
5794,6.93,Clear,Low,Morning,Bike,16,2.0,37.5
5795,6.4,Rainy,Medium,Evening,Bike,13,1.0,49.8
5796,6.03,Rainy,Low,Afternoon,Scooter,15,2.0,31.1
5797,7.95,Rainy,Medium,Evening,Scooter,20,1.0,61.4
5798,5.93,Foggy,Medium,Evening,Car,26,3.0,54.0
5799,7.48,Clear,Medium,Morning,Bike,12,3.0,43.7
5800,4.76,Clear,Low,Morning,Car,14,2.0,29.7
5801,5.06,Clear,Medium,Afternoon,Bike,11,3.0,31.3
5802,5.31,Clear,Low,Morning,Bike,34,3.0,54.7
5803,7.96,Clear,Medium,Evening,Scooter,7,1.0,33.0
5804,7.63,Clear,Low,Evening,Bike,12,2.0,30.6
5805,5.79,Clear,Low,Evening,Bike,16,1.0,38.0
5806,7.38,Clear,Medium,Evening,Bike,13,1.0,49.4
5807,4.93,Rainy,Medium,Afternoon,Bike,21,2.0,54.7
5808,6.37,Rainy,Medium,Evening,Scooter,8,1.0,39.8
5809,4.65,Windy,Low,Morning,Bike,18,3.0,38.6
5810,6.3,Foggy,High,Night,Bike,13,2.0,44.0
5811,4.89,Rainy,Medium,Morning,Bike,20,3.0,55.1
5812,6.34,Clear,Low,Afternoon,Scooter,11,1.0,27.6
5813,5.71,Rainy,Low,Morning,Car,13,3.0,34.2
5814,6.24,Clear,Low,Evening,Bike,25,2.0,41.6
5815,4.64,Clear,Low,Evening,Car,27,3.0,34.0
5816,6.03,Clear,High,Morning,Scooter,15,2.0,45.5
5817,5.27,Clear,Low,Afternoon,Car,19,2.0,24.8
5818,4.58,Clear,High,Morning,Scooter,21,2.0,49.5
5819,6.0,Rainy,Medium,Evening,Bike,23,2.0,59.8
5820,4.55,Snowy,High,Afternoon,Scooter,18,2.0,46.9
5821,5.71,Foggy,High,Evening,Scooter,19,3.0,52.9
5822,5.29,Rainy,High,Evening,Car,24,3.0,54.0
5823,6.17,Rainy,Medium,Evening,Car,19,2.0,51.2
5824,5.94,Clear,High,Morning,Scooter,18,1.0,58.3
5825,4.54,Foggy,Medium,Night,Scooter,14,1.0,36.0
5826,5.12,Rainy,Low,Evening,Bike,25,3.0,55.9
5827,6.23,Clear,Medium,Afternoon,Scooter,17,1.0,41.2
5828,7.34,Clear,Low,Evening,Scooter,19,3.0,39.1
5829,4.24,Windy,Low,Evening,Scooter,20,3.0,38.1
5830,4.36,Rainy,Medium,Morning,Bike,18,3.0,45.0
5831,7.19,Clear,Medium,Morning,Car,17,1.0,42.6
5832,5.36,Rainy,Medium,Evening,Bike,17,2.0,49.7
5833,5.03,Clear,Low,Morning,Bike,10,2.0,33.9
5834,4.92,Clear,High,Morning,Bike,25,1.0,55.3
5835,7.88,Clear,Low,Evening,Bike,10,3.0,32.4
5836,6.04,Clear,Low,Evening,Bike,32,3.0,50.4
5837,4.64,Rainy,High,Evening,Bike,31,2.0,71.6
5838,5.62,Clear,Medium,Afternoon,Bike,27,3.0,49.0
5839,5.04,Foggy,Low,Evening,Bike,10,2.0,29.8
5840,4.67,Clear,Low,Morning,Bike,8,3.0,29.5
5841,7.91,Rainy,Medium,Afternoon,Car,20,3.0,44.1
5842,5.78,Rainy,Low,Evening,Scooter,12,3.0,34.3
5843,6.76,Rainy,Low,Evening,Bike,29,2.0,59.0
5844,7.59,Rainy,Low,Afternoon,Scooter,21,1.0,42.8
5845,4.82,Windy,Low,Morning,Scooter,26,3.0,38.7
5846,4.51,Rainy,Medium,Evening,Scooter,33,3.0,62.6
5847,5.04,Foggy,Low,Morning,Bike,29,3.0,55.2
5848,6.85,Foggy,Medium,Morning,Scooter,11,3.0,41.4
5849,5.53,Clear,High,Evening,Bike,32,1.0,66.7
5850,5.96,Clear,Medium,Morning,Bike,10,3.0,32.2
5851,4.08,Clear,Low,Morning,Car,23,1.0,36.9
5852,4.02,Clear,Low,Evening,Bike,23,2.0,41.9
5853,5.63,Clear,Medium,Morning,Bike,13,2.0,41.5
5854,4.6,Clear,Medium,Evening,Bike,16,3.0,41.6
5855,7.16,Rainy,Medium,Morning,Scooter,20,2.0,56.5
5856,7.81,Clear,Low,Evening,Bike,18,2.0,43.6
5857,7.7,Snowy,High,Evening,Bike,22,1.0,70.5
5858,5.86,Clear,Medium,Evening,Bike,11,2.0,34.7
5859,5.15,Foggy,Low,Afternoon,Bike,16,2.0,39.2
5860,5.94,Clear,High,Night,Bike,22,3.0,49.3
5861,4.42,Clear,Low,Morning,Bike,7,2.0,23.7
5862,7.78,Clear,High,Evening,Bike,21,1.0,58.3
5863,6.69,Rainy,Low,Afternoon,Bike,18,1.0,41.9
5864,5.15,Clear,Low,Afternoon,Car,28,3.0,37.2
5865,7.04,Windy,Medium,Night,Scooter,30,2.0,57.8
5866,4.98,Clear,Medium,Afternoon,Bike,21,2.0,39.4
5867,7.01,Rainy,Low,Afternoon,Bike,18,1.0,45.8
5868,5.61,Clear,High,Morning,Scooter,18,1.0,49.7
5869,7.46,Rainy,Medium,Morning,Scooter,17,2.0,43.8
5870,7.96,Clear,High,Evening,Bike,23,2.0,66.9
5871,5.28,Clear,Medium,Evening,Bike,15,2.0,40.0
5872,6.2,Clear,Low,Afternoon,Scooter,14,2.0,25.6
5873,4.95,Clear,High,Night,Bike,17,3.0,44.3
5874,7.2,Clear,High,Morning,Bike,15,1.0,50.2
5875,5.97,Windy,Low,Evening,Bike,24,2.0,48.7
5876,7.94,Clear,Medium,Afternoon,Scooter,14,3.0,35.4
5877,7.55,Clear,Medium,Afternoon,Bike,16,2.0,46.8
5878,5.09,Windy,Medium,Afternoon,Bike,14,2.0,47.0
5879,4.48,Clear,Low,Afternoon,Bike,18,2.0,34.8
5880,6.48,Clear,Medium,Night,Scooter,15,3.0,36.1
5881,5.27,Foggy,Low,Evening,Scooter,20,2.0,39.7
5882,5.01,Windy,Medium,Morning,Scooter,24,1.0,52.6
5883,6.18,Foggy,Low,Morning,Scooter,23,1.0,44.7
5884,6.15,Clear,Medium,Evening,Bike,15,1.0,44.9
5885,6.15,Windy,Low,Afternoon,Bike,19,3.0,38.2
5886,5.18,Clear,Low,Evening,Car,16,1.0,27.0
5887,4.62,Windy,High,Evening,Car,21,2.0,48.3
5888,4.73,Snowy,High,Evening,Bike,26,1.0,64.9
5889,6.88,Windy,Low,Afternoon,Scooter,25,2.0,48.4
5890,5.87,Clear,Medium,Morning,Bike,27,3.0,51.9
5891,5.88,Clear,High,Evening,Bike,16,1.0,49.9
5892,7.91,Rainy,High,Morning,Bike,24,2.0,67.3
5893,7.67,Rainy,High,Evening,Scooter,16,2.0,53.0
5894,4.26,Rainy,Low,Evening,Car,11,3.0,31.6
5895,7.19,Windy,Medium,Evening,Scooter,19,2.0,48.3
5896,4.99,Rainy,Low,Evening,Scooter,19,3.0,48.2
5897,6.89,Clear,Medium,Night,Bike,23,2.0,52.1
5898,4.69,Clear,Medium,Afternoon,Car,25,1.0,40.9
5899,4.58,Clear,Medium,Morning,Bike,27,2.0,53.0
5900,7.76,Clear,Low,Morning,Car,22,3.0,41.0
5901,6.23,Clear,Medium,Morning,Bike,20,2.0,45.4
5902,5.4,Snowy,Low,Morning,Bike,7,3.0,32.8
5903,7.56,Foggy,Low,Morning,Scooter,11,2.0,34.3
5904,5.16,Rainy,Low,Afternoon,Bike,11,1.0,38.8
5905,4.26,Clear,Medium,Night,Bike,14,1.0,35.5
5906,5.58,Rainy,High,Morning,Scooter,27,2.0,64.7
5907,6.83,Snowy,Low,Afternoon,Scooter,22,1.0,50.8
5908,6.65,Snowy,Low,Afternoon,Bike,20,2.0,48.8
5909,5.89,Rainy,Low,Evening,Scooter,11,2.0,33.9
5910,6.04,Snowy,Medium,Afternoon,Scooter,21,2.0,57.1
5911,6.12,Rainy,Low,Night,Bike,22,3.0,48.3
5912,5.5,Clear,Medium,Night,Bike,15,2.0,32.9
5913,4.33,Snowy,High,Afternoon,Scooter,14,1.0,41.7
5914,4.63,Clear,Medium,Evening,Car,21,2.0,42.2
5915,6.9,Clear,High,Morning,Bike,11,3.0,43.7
5916,7.24,Clear,Low,Night,Scooter,19,2.0,35.3
5917,5.58,Rainy,Medium,Morning,Bike,31,3.0,57.9
5918,5.32,Rainy,Low,Evening,Scooter,8,2.0,30.1
5919,6.43,Rainy,Medium,Morning,Scooter,12,1.0,47.3
5920,4.09,Clear,High,Evening,Scooter,18,2.0,42.2
5921,6.28,Clear,Low,Morning,Bike,10,2.0,29.1
5922,5.88,Snowy,Low,Afternoon,Car,22,3.0,42.4
5923,5.77,Clear,Low,Evening,Scooter,10,3.0,27.0
5924,4.01,Windy,High,Evening,Scooter,13,1.0,41.2
5925,7.77,Clear,Low,Evening,Scooter,19,1.0,36.8
5926,4.69,Rainy,Low,Evening,Bike,24,1.0,51.9
5927,4.45,Rainy,Medium,Afternoon,Bike,16,3.0,41.3
5928,5.54,Snowy,Medium,Afternoon,Scooter,9,2.0,38.5
5929,7.12,Clear,Low,Afternoon,Bike,15,2.0,32.5
5930,7.06,Windy,Low,Evening,Bike,10,2.0,41.1
5931,6.05,Rainy,High,Afternoon,Scooter,13,1.0,48.8
5932,6.2,Rainy,Low,Evening,Bike,17,2.0,45.4
5933,5.82,Rainy,Low,Afternoon,Scooter,27,1.0,49.1
5934,4.1,Clear,Low,Afternoon,Bike,27,2.0,45.7
5935,5.11,Rainy,Low,Evening,Scooter,22,1.0,49.2
5936,5.56,Clear,Low,Evening,Bike,25,1.0,51.2
5937,6.22,Clear,High,Afternoon,Scooter,18,3.0,45.7
5938,6.64,Rainy,Medium,Morning,Scooter,30,2.0,60.8
5939,7.95,Rainy,Low,Afternoon,Bike,25,3.0,55.5
5940,6.03,Clear,High,Evening,Car,21,2.0,54.2
5941,6.69,Clear,Low,Evening,Bike,13,3.0,37.7
5942,7.84,Clear,Medium,Afternoon,Bike,23,2.0,48.6
5943,5.11,Clear,Low,Morning,Scooter,26,2.0,42.2
5944,5.81,Rainy,Medium,Morning,Scooter,17,2.0,49.9
5945,6.88,Clear,Medium,Evening,Scooter,15,1.0,42.1
5946,6.26,Snowy,Low,Morning,Car,15,2.0,43.9
5947,7.57,Clear,High,Morning,Scooter,23,1.0,55.2
5948,6.26,Clear,Medium,Afternoon,Bike,30,2.0,53.9
5949,7.69,Snowy,High,Morning,Bike,16,1.0,65.3
5950,4.59,Clear,Low,Evening,Car,11,3.0,24.5
5951,7.21,Clear,High,Morning,Bike,9,2.0,43.8
5952,4.85,Windy,Low,Morning,Scooter,25,2.0,36.1
5953,4.2,Windy,High,Evening,Car,15,3.0,32.8
5954,4.45,Foggy,High,Night,Scooter,25,3.0,51.8
5955,6.32,Clear,High,Evening,Bike,11,1.0,46.9
5956,5.16,Rainy,Low,Morning,Scooter,8,3.0,29.9
5957,4.58,Windy,Medium,Evening,Bike,15,2.0,43.0
5958,6.52,Windy,Medium,Evening,Car,15,2.0,45.9
5959,5.95,Clear,Low,Evening,Scooter,34,3.0,49.8
5960,5.52,Clear,Medium,Morning,Scooter,13,3.0,36.4
5961,6.14,Clear,High,Morning,Bike,23,3.0,61.8
5962,7.45,Clear,Medium,Evening,Bike,28,2.0,56.1
5963,6.9,Rainy,High,Afternoon,Bike,24,2.0,68.3
5964,5.98,Clear,Low,Afternoon,Scooter,31,3.0,47.3
5965,7.29,Clear,High,Evening,Scooter,12,1.0,44.5
5966,7.45,Clear,High,Afternoon,Car,21,3.0,40.0
5967,5.51,Rainy,Low,Evening,Bike,18,3.0,49.5
5968,4.6,Clear,Low,Evening,Bike,26,2.0,50.2
5969,4.46,Clear,Medium,Afternoon,Scooter,23,1.0,38.1
5970,6.56,Clear,High,Morning,Scooter,23,2.0,59.7
5971,7.75,Windy,High,Night,Bike,16,1.0,48.4
5972,4.15,Clear,Medium,Evening,Bike,21,3.0,45.2
5973,5.99,Rainy,Medium,Evening,Bike,27,2.0,61.4
5974,4.78,Clear,Low,Evening,Scooter,13,2.0,24.3
5975,6.13,Clear,Medium,Afternoon,Car,8,2.0,25.5
5976,7.43,Clear,High,Morning,Car,15,2.0,46.1
5977,7.15,Clear,Medium,Afternoon,Scooter,26,1.0,45.6
5978,7.89,Clear,High,Morning,Scooter,17,2.0,53.2
5979,5.94,Rainy,High,Morning,Scooter,14,1.0,49.4
5980,6.65,Rainy,High,Afternoon,Scooter,28,2.0,61.4
5981,7.59,Clear,Low,Morning,Bike,9,1.0,39.4
5982,6.79,Clear,Medium,Evening,Bike,24,2.0,51.8
5983,7.86,Rainy,High,Evening,Car,24,1.0,56.9
5984,4.98,Clear,Low,Night,Car,18,3.0,26.4
5985,4.54,Clear,High,Afternoon,Scooter,14,1.0,37.7
5986,4.6,Clear,Medium,Evening,Bike,17,2.0,41.2
5987,7.41,Clear,Medium,Afternoon,Scooter,15,2.0,40.7
5988,4.21,Clear,High,Morning,Bike,12,3.0,42.7
5989,7.24,Windy,High,Evening,Bike,19,1.0,57.5
5990,5.86,Windy,Medium,Afternoon,Scooter,13,3.0,37.2
5991,6.76,Windy,Low,Afternoon,Scooter,33,2.0,53.1
5992,6.98,Clear,Medium,Afternoon,Bike,19,3.0,45.9
5993,5.7,Clear,Low,Afternoon,Scooter,11,3.0,23.3
5994,4.58,Clear,Medium,Evening,Scooter,20,2.0,41.7
5995,6.47,Clear,Medium,Night,Bike,16,3.0,40.8
5996,7.83,Clear,Medium,Morning,Bike,12,1.0,43.7
5997,4.1,Clear,Medium,Evening,Scooter,14,2.0,35.3
5998,4.91,Clear,Low,Afternoon,Car,14,2.0,25.3
5999,7.5,Clear,Medium,Morning,Car,19,2.0,46.0
6000,4.28,Clear,Low,Evening,Bike,14,2.0,34.1
6001,8.04,Foggy,Low,Afternoon,Scooter,9,5.0,23.9
6002,11.51,Clear,Low,Evening,Scooter,25,3.0,57.2
6003,11.07,Snowy,Low,Morning,Bike,14,4.0,53.1
6004,9.02,Clear,Medium,Morning,Scooter,15,6.0,46.6
6005,11.87,Rainy,Medium,Morning,Bike,17,6.0,58.4
6006,10.85,Clear,High,Morning,Scooter,24,3.0,68.8
6007,8.48,Rainy,High,Morning,Bike,20,3.0,59.3
6008,9.84,Clear,High,Afternoon,Bike,10,4.0,48.2
6009,11.46,Clear,High,Morning,Bike,17,3.0,61.3
6010,10.67,Rainy,Low,Afternoon,Bike,23,5.0,57.9
6011,10.34,Clear,High,Night,Bike,8,5.0,50.9
6012,9.67,Clear,Low,Evening,Bike,8,5.0,37.0
6013,8.99,Windy,Low,Night,Scooter,22,4.0,47.2
6014,10.45,Clear,High,Morning,Bike,18,4.0,65.2
6015,8.62,Rainy,Low,Afternoon,Bike,12,4.0,39.7
6016,11.24,Rainy,Low,Night,Bike,21,6.0,56.2
6017,8.84,Clear,Medium,Afternoon,Car,10,6.0,36.0
6018,8.48,Clear,Medium,Morning,Bike,17,6.0,49.1
6019,8.29,Clear,Medium,Morning,Scooter,25,4.0,51.1
6020,11.26,Foggy,High,Morning,Bike,12,3.0,63.5
6021,9.87,Clear,Low,Night,Bike,19,3.0,45.3
6022,9.59,Clear,Medium,Morning,Car,16,6.0,45.0
6023,10.08,Clear,Low,Evening,Scooter,27,6.0,50.0
6024,10.35,Windy,Medium,Evening,Scooter,20,5.0,55.5
6025,11.52,Foggy,Low,Evening,Bike,15,3.0,53.1
6026,9.38,Windy,Medium,Evening,Bike,17,4.0,52.8
6027,8.75,Rainy,Low,Evening,Bike,18,5.0,55.2
6028,11.48,Rainy,Low,Evening,Bike,32,6.0,69.1
6029,9.92,Clear,Low,Evening,Car,23,6.0,43.0
6030,10.32,Windy,Low,Evening,Bike,22,6.0,50.5
6031,8.63,Rainy,Medium,Evening,Bike,32,3.0,72.0
6032,11.45,Clear,Low,Evening,Bike,12,5.0,43.7
6033,11.75,Rainy,Medium,Afternoon,Bike,17,6.0,60.4
6034,9.79,Rainy,Low,Evening,Bike,30,4.0,62.4
6035,8.08,Clear,Low,Evening,Bike,26,5.0,45.7
6036,8.11,Clear,Low,Morning,Car,13,4.0,26.9
6037,9.21,Clear,High,Morning,Scooter,16,6.0,52.0
6038,9.97,Snowy,Medium,Afternoon,Bike,13,4.0,57.6
6039,9.73,Clear,High,Afternoon,Bike,22,6.0,60.7
6040,10.28,Snowy,Medium,Morning,Scooter,20,5.0,60.1
6041,9.03,Clear,Low,Evening,Bike,19,4.0,46.9
6042,8.84,Foggy,High,Evening,Car,27,5.0,57.7
6043,11.9,Clear,Low,Afternoon,Scooter,10,3.0,41.2
6044,9.12,Windy,High,Morning,Bike,29,6.0,73.9
6045,11.79,Clear,High,Night,Scooter,17,4.0,57.2
6046,10.29,Clear,Medium,Morning,Bike,8,4.0,41.5
6047,8.28,Clear,High,Night,Bike,28,4.0,60.7
6048,10.38,Clear,High,Morning,Scooter,29,5.0,66.3
6049,11.94,Clear,Low,Morning,Bike,29,6.0,66.8
6050,11.36,Foggy,Medium,Morning,Bike,25,5.0,71.0
6051,9.21,Windy,Medium,Morning,Car,14,3.0,44.9
6052,8.38,Rainy,High,Night,Scooter,14,5.0,52.2
6053,9.84,Rainy,High,Evening,Bike,15,5.0,59.9
6054,8.39,Clear,High,Morning,Car,13,6.0,39.7
6055,9.19,Snowy,Medium,Night,Bike,28,4.0,67.6
6056,11.67,Snowy,Medium,Morning,Scooter,18,6.0,58.7
6057,10.61,Clear,Low,Morning,Bike,14,6.0,38.7
6058,11.13,Windy,Medium,Morning,Scooter,23,3.0,60.8
6059,10.16,Clear,Medium,Evening,Scooter,20,6.0,50.0
6060,8.67,Foggy,Medium,Night,Bike,16,6.0,45.4
6061,8.6,Windy,Medium,Morning,Car,28,6.0,55.1
6062,11.06,Foggy,Medium,Afternoon,Bike,19,6.0,57.9
6063,9.72,Clear,Low,Morning,Car,20,3.0,42.9
6064,10.0,Rainy,Medium,Morning,Bike,8,3.0,51.6
6065,8.72,Clear,Low,Afternoon,Bike,20,5.0,41.7
6066,9.45,Foggy,Low,Afternoon,Bike,16,5.0,50.0
6067,8.53,Clear,High,Evening,Bike,23,6.0,64.2
6068,8.82,Foggy,Low,Morning,Scooter,9,5.0,36.8
6069,11.56,Windy,Low,Morning,Scooter,16,3.0,46.2
6070,10.87,Clear,Low,Afternoon,Car,9,5.0,28.2
6071,11.41,Clear,Low,Evening,Scooter,29,4.0,53.8
6072,11.5,Rainy,Low,Evening,Scooter,16,6.0,48.3
6073,10.36,Clear,Low,Morning,Bike,11,5.0,42.8
6074,9.22,Clear,Low,Afternoon,Scooter,23,6.0,39.9
6075,9.97,Clear,Low,Morning,Car,27,5.0,49.4
6076,8.08,Clear,Medium,Afternoon,Bike,23,3.0,54.5
6077,11.27,Rainy,Medium,Afternoon,Bike,26,6.0,67.9
6078,11.21,Rainy,Medium,Morning,Bike,25,3.0,71.1
6079,10.03,Clear,Low,Evening,Bike,32,4.0,61.3
6080,9.51,Clear,Low,Evening,Scooter,15,3.0,39.5
6081,8.69,Clear,Low,Evening,Bike,15,3.0,45.1
6082,8.3,Clear,Medium,Afternoon,Car,11,6.0,32.6
6083,9.3,Foggy,Medium,Evening,Bike,26,3.0,64.9
6084,11.75,Clear,Medium,Morning,Bike,29,3.0,65.2
6085,8.28,Rainy,Low,Evening,Bike,14,3.0,48.9
6086,11.8,Windy,Medium,Afternoon,Bike,20,5.0,59.0
6087,10.11,Rainy,Medium,Evening,Scooter,14,3.0,48.7
6088,9.76,Rainy,Medium,Afternoon,Car,26,5.0,57.0
6089,8.49,Clear,Low,Morning,Bike,6,4.0,33.3
6090,8.29,Clear,Medium,Morning,Bike,21,3.0,52.7
6091,10.18,Clear,Low,Morning,Scooter,18,3.0,50.0
6092,10.39,Foggy,Low,Afternoon,Scooter,14,3.0,46.6
6093,9.74,Snowy,High,Afternoon,Scooter,28,3.0,67.8
6094,9.15,Clear,Low,Evening,Bike,17,6.0,42.8
6095,8.05,Clear,Medium,Morning,Scooter,18,5.0,47.6
6096,9.07,Clear,Medium,Night,Bike,10,4.0,39.3
6097,10.86,Rainy,Low,Afternoon,Bike,16,6.0,51.5
6098,10.42,Rainy,Medium,Evening,Car,12,4.0,47.6
6099,8.63,Rainy,High,Afternoon,Bike,19,6.0,54.7
6100,11.17,Windy,Low,Night,Bike,19,4.0,52.3
6101,8.59,Clear,Medium,Morning,Bike,14,6.0,44.3
6102,11.18,Rainy,Medium,Evening,Bike,29,3.0,82.5
6103,10.05,Rainy,High,Evening,Car,15,5.0,59.9
6104,10.87,Clear,High,Evening,Bike,21,4.0,61.3
6105,8.33,Windy,High,Afternoon,Bike,31,6.0,68.7
6106,10.96,Clear,Medium,Evening,Car,24,4.0,55.5
6107,10.89,Foggy,Low,Morning,Bike,23,4.0,61.1
6108,8.7,Foggy,Medium,Evening,Bike,9,4.0,44.6
6109,8.55,Windy,Medium,Afternoon,Bike,18,5.0,49.7
6110,10.99,Rainy,Low,Morning,Bike,23,3.0,65.6
6111,9.66,Clear,High,Evening,Bike,21,4.0,64.3
6112,10.59,Snowy,Low,Morning,Scooter,19,5.0,58.6
6113,8.04,Foggy,Low,Afternoon,Bike,28,3.0,64.2
6114,8.73,Rainy,Medium,Morning,Scooter,19,4.0,53.4
6115,10.98,Foggy,Low,Morning,Car,25,3.0,61.8
6116,8.8,Clear,Medium,Afternoon,Bike,27,3.0,57.4
6117,8.32,Rainy,High,Morning,Bike,24,6.0,66.5
6118,8.7,Snowy,Medium,Afternoon,Bike,12,6.0,49.5
6119,11.33,Clear,Low,Evening,Bike,23,3.0,58.8
6120,9.39,Clear,Medium,Afternoon,Bike,24,5.0,52.6
6121,10.12,Windy,Low,Morning,Bike,21,3.0,48.6
6122,10.31,Foggy,Medium,Morning,Bike,16,6.0,58.6
6123,9.49,Snowy,Medium,Morning,Bike,14,6.0,58.0
6124,8.37,Clear,Low,Night,Bike,21,6.0,40.3
6125,9.03,Windy,Low,Afternoon,Scooter,22,4.0,40.7
6126,8.63,Clear,High,Morning,Bike,28,4.0,67.8
6127,11.64,Rainy,Medium,Morning,Scooter,15,6.0,59.9
6128,10.96,Clear,Low,Morning,Scooter,14,5.0,38.4
6129,11.29,Foggy,High,Morning,Bike,23,5.0,72.7
6130,11.25,Windy,Medium,Morning,Scooter,31,6.0,73.8
6131,8.01,Foggy,High,Afternoon,Bike,14,6.0,53.9
6132,11.0,Rainy,High,Morning,Scooter,14,4.0,60.8
6133,9.93,Clear,High,Afternoon,Bike,27,3.0,64.8
6134,11.1,Rainy,Low,Morning,Scooter,14,3.0,48.2
6135,11.84,Rainy,Low,Afternoon,Scooter,16,6.0,47.7
6136,9.43,Clear,Low,Evening,Scooter,33,3.0,56.7
6137,10.42,Rainy,Low,Morning,Scooter,24,4.0,56.8
6138,9.22,Snowy,High,Afternoon,Bike,14,6.0,58.4
6139,11.58,Foggy,Medium,Morning,Bike,30,4.0,69.3
6140,9.02,Foggy,Low,Afternoon,Bike,25,3.0,53.7
6141,9.41,Clear,Low,Afternoon,Bike,31,5.0,62.9
6142,11.55,Rainy,Medium,Night,Bike,16,6.0,52.8
6143,8.4,Clear,Low,Afternoon,Scooter,21,3.0,44.4
6144,9.98,Clear,Low,Morning,Scooter,16,5.0,44.2
6145,10.33,Clear,Low,Evening,Car,17,6.0,42.2
6146,10.32,Clear,High,Afternoon,Scooter,21,5.0,53.3
6147,8.48,Clear,Medium,Morning,Scooter,16,6.0,46.0
6148,8.16,Rainy,High,Evening,Car,16,4.0,60.3
6149,9.67,Clear,Low,Morning,Bike,18,6.0,49.2
6150,9.82,Clear,High,Afternoon,Scooter,11,4.0,45.2
6151,11.77,Clear,Medium,Evening,Bike,32,3.0,72.4
6152,11.02,Rainy,Low,Morning,Bike,25,4.0,62.2
6153,10.39,Clear,High,Night,Car,17,3.0,50.7
6154,8.84,Clear,Medium,Afternoon,Bike,23,5.0,53.4
6155,11.61,Rainy,Low,Morning,Car,34,4.0,68.6
6156,8.77,Clear,Low,Morning,Car,18,5.0,38.4
6157,11.79,Windy,Low,Afternoon,Car,22,5.0,48.0
6158,11.78,Clear,High,Morning,Scooter,10,5.0,56.7
6159,11.91,Clear,Low,Evening,Scooter,30,6.0,59.4
6160,9.13,Clear,High,Afternoon,Bike,12,4.0,48.6
6161,8.55,Rainy,Low,Morning,Bike,24,5.0,49.9
6162,10.52,Clear,Low,Morning,Car,17,5.0,44.4
6163,9.69,Snowy,High,Morning,Bike,20,5.0,72.4
6164,9.55,Clear,Low,Evening,Bike,19,4.0,49.5
6165,10.23,Rainy,Medium,Evening,Car,16,4.0,55.2
6166,10.76,Clear,Medium,Morning,Bike,30,6.0,63.5
6167,9.33,Clear,Low,Night,Car,15,6.0,31.4
6168,9.34,Clear,Low,Afternoon,Bike,13,3.0,43.3
6169,10.44,Rainy,Low,Morning,Bike,27,6.0,59.5
6170,8.29,Clear,Low,Evening,Scooter,14,6.0,30.9
6171,10.8,Windy,High,Evening,Bike,11,5.0,52.7
6172,11.2,Foggy,Medium,Evening,Scooter,12,5.0,50.4
6173,11.52,Windy,Low,Evening,Bike,15,4.0,56.0
6174,11.02,Clear,Low,Morning,Bike,26,5.0,58.4
6175,10.03,Foggy,Medium,Morning,Car,21,3.0,59.8
6176,11.5,Rainy,Low,Morning,Bike,11,4.0,45.2
6177,9.96,Rainy,Low,Morning,Scooter,18,6.0,47.1
6178,11.15,Windy,High,Afternoon,Bike,20,5.0,60.8
6179,8.25,Rainy,Low,Night,Car,24,4.0,51.9
6180,10.84,Snowy,Medium,Afternoon,Car,19,3.0,57.8
6181,8.34,Foggy,Low,Night,Scooter,15,6.0,36.9
6182,8.11,Clear,High,Evening,Bike,33,4.0,71.3
6183,10.01,Foggy,Low,Morning,Car,14,5.0,41.6
6184,8.48,Clear,Medium,Afternoon,Car,30,4.0,58.5
6185,9.3,Windy,High,Morning,Scooter,13,3.0,58.8
6186,11.1,Snowy,Medium,Morning,Scooter,18,4.0,65.7
6187,10.2,Clear,Medium,Night,Bike,11,5.0,45.8
6188,10.93,Clear,Low,Afternoon,Bike,27,3.0,54.0
6189,11.13,Clear,Low,Night,Scooter,17,5.0,42.2
6190,9.92,Rainy,High,Morning,Scooter,27,6.0,64.5
6191,11.94,Clear,Medium,Afternoon,Scooter,25,3.0,56.5
6192,8.81,Foggy,Low,Morning,Car,13,6.0,33.4
6193,8.34,Rainy,Low,Evening,Bike,9,3.0,44.4
6194,9.27,Snowy,High,Afternoon,Car,28,4.0,68.0
6195,11.05,Clear,High,Evening,Bike,19,5.0,64.9
6196,8.38,Rainy,Low,Afternoon,Car,26,3.0,51.9
6197,9.87,Clear,Medium,Afternoon,Bike,21,3.0,56.6
6198,10.29,Snowy,Medium,Afternoon,Bike,23,4.0,63.3
6199,11.23,Clear,High,Morning,Scooter,17,3.0,52.8
6200,11.38,Clear,Low,Morning,Bike,22,6.0,59.6
6201,8.96,Clear,Low,Night,Bike,28,4.0,50.0
6202,9.1,Snowy,High,Evening,Scooter,22,6.0,66.6
6203,10.74,Clear,High,Evening,Bike,29,4.0,75.8
6204,11.44,Rainy,Low,Morning,Scooter,14,6.0,48.0
6205,8.67,Foggy,High,Morning,Bike,24,3.0,65.2
6206,10.89,Foggy,Medium,Night,Bike,18,5.0,62.6
6207,8.95,Clear,Low,Evening,Bike,9,5.0,34.4
6208,8.72,Clear,High,Afternoon,Bike,20,5.0,60.0
6209,9.35,Clear,Medium,Morning,Bike,20,3.0,56.2
6210,11.18,Clear,Medium,Morning,Bike,33,3.0,75.1
6211,10.97,Foggy,Low,Evening,Bike,21,6.0,59.8
6212,9.91,Clear,Low,Afternoon,Bike,11,4.0,35.5
6213,10.86,Clear,Medium,Morning,Scooter,33,6.0,67.4
6214,9.62,Clear,Medium,Evening,Bike,15,6.0,54.8
6215,8.84,Rainy,Medium,Evening,Bike,22,5.0,65.7
6216,11.37,Clear,Medium,Morning,Bike,19,3.0,62.0
6217,8.22,Rainy,High,Evening,Car,15,4.0,56.1
6218,11.6,Clear,Low,Evening,Bike,16,3.0,49.8
6219,11.16,Windy,Low,Morning,Car,21,3.0,48.5
6220,10.89,Rainy,Medium,Afternoon,Bike,26,6.0,70.5
6221,10.28,Clear,Low,Morning,Car,29,4.0,51.9
6222,11.24,Clear,Medium,Afternoon,Bike,33,6.0,65.0
6223,8.11,Clear,High,Afternoon,Scooter,11,3.0,41.4
6224,10.36,Clear,High,Afternoon,Bike,13,3.0,48.0
6225,9.04,Clear,Low,Afternoon,Car,13,5.0,29.1
6226,10.56,Snowy,High,Evening,Bike,31,5.0,81.3
6227,10.7,Rainy,Medium,Morning,Scooter,10,4.0,46.2
6228,8.86,Clear,Medium,Evening,Bike,22,3.0,52.3
6229,8.62,Rainy,Low,Morning,Scooter,30,4.0,59.8
6230,10.35,Clear,Medium,Afternoon,Scooter,19,3.0,51.4
6231,11.76,Windy,High,Morning,Bike,7,3.0,56.1
6232,10.65,Clear,Medium,Evening,Scooter,9,4.0,39.1
6233,9.94,Foggy,Low,Evening,Scooter,22,5.0,50.2
6234,11.74,Foggy,Medium,Afternoon,Bike,16,5.0,57.2
6235,11.28,Clear,Medium,Evening,Bike,18,6.0,59.0
6236,10.93,Clear,Low,Evening,Bike,9,4.0,43.8
6237,9.75,Clear,High,Evening,Scooter,27,5.0,64.5
6238,9.97,Snowy,Low,Night,Bike,27,6.0,66.2
6239,9.06,Rainy,Low,Afternoon,Scooter,20,4.0,45.3
6240,11.27,Rainy,Medium,Morning,Bike,17,3.0,59.8
6241,9.14,Foggy,Medium,Afternoon,Car,16,4.0,44.2
6242,10.82,Snowy,Medium,Morning,Scooter,13,3.0,61.1
6243,11.5,Clear,High,Morning,Bike,29,4.0,76.3
6244,10.21,Rainy,Medium,Morning,Car,17,4.0,57.7
6245,8.63,Foggy,Medium,Evening,Scooter,11,6.0,43.5
6246,8.1,Clear,Low,Afternoon,Bike,24,5.0,45.6
6247,10.69,Snowy,Low,Evening,Bike,31,5.0,71.2
6248,8.9,Clear,Low,Afternoon,Bike,14,6.0,33.7
6249,8.16,Clear,Medium,Evening,Bike,21,6.0,51.8
6250,9.37,Foggy,Low,Morning,Bike,34,4.0,66.9
6251,10.33,Clear,Low,Evening,Bike,11,5.0,39.6
6252,10.21,Clear,Medium,Afternoon,Bike,24,5.0,57.6
6253,8.67,Clear,Low,Evening,Bike,18,3.0,46.0
6254,10.42,Rainy,Medium,Evening,Bike,21,3.0,69.5
6255,9.64,Snowy,High,Evening,Bike,12,4.0,60.6
6256,9.91,Clear,High,Evening,Scooter,13,3.0,50.1
6257,11.5,Clear,Medium,Morning,Bike,19,5.0,52.3
6258,8.31,Clear,Low,Afternoon,Bike,14,3.0,33.9
6259,10.11,Windy,Low,Morning,Car,19,3.0,48.7
6260,8.69,Clear,High,Morning,Scooter,10,3.0,48.1
6261,8.73,Windy,Low,Afternoon,Car,24,4.0,46.2
6262,10.44,Snowy,Low,Afternoon,Car,14,6.0,47.6
6263,10.68,Clear,Medium,Afternoon,Scooter,22,3.0,53.7
6264,10.42,Snowy,Medium,Evening,Scooter,12,5.0,54.5
6265,11.69,Rainy,Low,Night,Bike,24,5.0,62.1
6266,11.18,Rainy,Low,Evening,Scooter,7,6.0,39.1
6267,8.79,Clear,High,Evening,Scooter,12,5.0,41.8
6268,10.54,Snowy,High,Evening,Scooter,15,6.0,61.8
6269,10.48,Foggy,Low,Evening,Bike,24,5.0,58.6
6270,10.59,Foggy,Low,Evening,Car,8,6.0,37.4
6271,9.72,Windy,High,Night,Bike,23,4.0,61.0
6272,11.79,Clear,High,Morning,Scooter,13,4.0,53.1
6273,9.85,Snowy,High,Morning,Car,34,5.0,81.4
6274,11.16,Snowy,High,Evening,Car,14,3.0,59.5
6275,9.93,Clear,Low,Evening,Bike,12,5.0,40.9
6276,11.15,Clear,Low,Afternoon,Bike,21,3.0,48.3
6277,9.58,Clear,Low,Night,Scooter,14,6.0,28.8
6278,8.0,Snowy,Medium,Afternoon,Scooter,18,3.0,51.0
6279,10.0,Clear,Low,Night,Bike,23,3.0,46.9
6280,10.19,Foggy,Low,Morning,Scooter,24,3.0,54.8
6281,8.46,Clear,Low,Morning,Car,13,3.0,34.5
6282,10.66,Clear,Medium,Morning,Bike,13,3.0,44.5
6283,11.41,Rainy,Low,Afternoon,Bike,14,6.0,52.0
6284,11.47,Clear,Low,Morning,Scooter,16,5.0,53.7
6285,9.51,Snowy,Low,Morning,Scooter,23,4.0,55.1
6286,9.64,Clear,Medium,Evening,Car,18,4.0,45.4
6287,11.43,Windy,Low,Evening,Scooter,27,3.0,57.3
6288,11.99,Clear,Medium,Afternoon,Bike,22,5.0,54.5
6289,8.21,Windy,Medium,Afternoon,Scooter,20,4.0,53.0
6290,8.25,Rainy,Medium,Morning,Car,18,4.0,50.2
6291,8.22,Clear,High,Evening,Bike,16,4.0,56.2
6292,9.85,Clear,Low,Morning,Bike,15,4.0,48.2
6293,11.14,Clear,Low,Morning,Scooter,12,5.0,43.1
6294,8.37,Rainy,High,Morning,Bike,14,3.0,63.4
6295,10.76,Snowy,Low,Evening,Car,27,5.0,58.1
6296,8.68,Clear,High,Evening,Bike,25,5.0,66.2
6297,8.13,Clear,Medium,Afternoon,Bike,6,3.0,33.3
6298,10.38,Rainy,Medium,Afternoon,Car,13,6.0,50.6
6299,10.38,Rainy,Medium,Morning,Bike,24,6.0,64.0
6300,9.13,Rainy,Low,Afternoon,Bike,19,5.0,45.9
6301,9.29,Clear,High,Afternoon,Bike,10,6.0,45.1
6302,9.42,Foggy,Low,Morning,Car,24,6.0,52.3
6303,11.72,Windy,Low,Evening,Car,23,5.0,47.6
6304,11.47,Clear,Medium,Morning,Bike,14,4.0,51.8
6305,10.11,Clear,High,Morning,Scooter,23,3.0,58.4
6306,11.85,Clear,Low,Morning,Scooter,27,6.0,58.5
6307,10.33,Rainy,Medium,Morning,Bike,20,4.0,61.9
6308,8.41,Clear,High,Afternoon,Bike,23,5.0,60.1
6309,9.95,Windy,Low,Afternoon,Car,9,6.0,28.4
6310,11.58,Rainy,Medium,Evening,Bike,19,6.0,65.0
6311,10.65,Rainy,Medium,Afternoon,Scooter,23,5.0,54.5
6312,11.81,Foggy,Medium,Night,Bike,17,4.0,57.5
6313,10.12,Clear,High,Evening,Scooter,16,3.0,51.4
6314,11.65,Snowy,Low,Evening,Bike,19,6.0,65.8
6315,11.07,Clear,High,Afternoon,Bike,21,3.0,65.0
6316,11.29,Rainy,Medium,Night,Bike,25,5.0,66.7
6317,11.97,Windy,Low,Afternoon,Car,25,4.0,55.2
6318,9.21,Foggy,Low,Morning,Bike,22,4.0,53.6
6319,10.51,Snowy,Low,Afternoon,Bike,32,6.0,69.6
6320,9.03,Clear,Low,Morning,Bike,18,4.0,45.5
6321,11.42,Snowy,Low,Morning,Bike,17,3.0,62.1
6322,10.34,Rainy,Low,Evening,Scooter,15,4.0,48.9
6323,8.7,Rainy,High,Afternoon,Bike,11,3.0,53.4
6324,9.68,Clear,Medium,Morning,Scooter,13,6.0,37.5
6325,8.73,Clear,Low,Morning,Scooter,15,3.0,36.7
6326,9.83,Rainy,Low,Afternoon,Car,18,6.0,48.7
6327,8.31,Clear,Medium,Morning,Car,34,3.0,60.4
6328,11.86,Foggy,Medium,Afternoon,Bike,23,5.0,61.2
6329,10.39,Snowy,High,Evening,Scooter,27,6.0,74.6
6330,11.96,Windy,Medium,Evening,Scooter,12,3.0,47.2
6331,8.7,Clear,Medium,Morning,Car,8,6.0,32.4
6332,9.54,Windy,Low,Night,Car,6,4.0,28.4
6333,11.72,Clear,Medium,Afternoon,Scooter,18,5.0,50.5
6334,10.77,Clear,Medium,Morning,Bike,11,4.0,49.6
6335,8.28,Snowy,Medium,Afternoon,Bike,13,6.0,54.4
6336,11.53,Clear,Medium,Afternoon,Car,12,5.0,38.6
6337,8.76,Clear,Low,Morning,Car,22,4.0,38.6
6338,9.05,Clear,High,Evening,Bike,30,3.0,69.3
6339,10.93,Rainy,Medium,Afternoon,Scooter,11,6.0,45.0
6340,10.84,Snowy,Low,Evening,Bike,11,5.0,52.6
6341,10.64,Clear,Low,Night,Bike,15,3.0,42.0
6342,8.02,Clear,Medium,Morning,Bike,20,4.0,51.9
6343,9.0,Rainy,Low,Night,Bike,16,4.0,46.9
6344,9.38,Clear,Medium,Night,Scooter,14,4.0,43.1
6345,9.6,Foggy,Medium,Morning,Bike,11,4.0,50.9
6346,8.3,Windy,Medium,Evening,Scooter,17,3.0,49.3
6347,10.7,Foggy,Medium,Afternoon,Scooter,8,3.0,48.3
6348,11.56,Snowy,High,Afternoon,Scooter,20,3.0,62.9
6349,11.96,Rainy,High,Morning,Bike,25,6.0,77.5
6350,11.19,Snowy,High,Evening,Bike,31,6.0,83.9
6351,8.81,Clear,Medium,Afternoon,Scooter,15,3.0,41.0
6352,10.05,Clear,Low,Evening,Scooter,25,5.0,52.1
6353,11.66,Rainy,Low,Evening,Bike,18,3.0,56.6
6354,8.27,Clear,Medium,Evening,Bike,14,5.0,43.7
6355,8.91,Snowy,High,Night,Car,10,4.0,51.6
6356,9.06,Rainy,Low,Morning,Bike,17,3.0,51.9
6357,10.44,Windy,Medium,Night,Bike,26,6.0,57.7
6358,11.81,Clear,High,Evening,Car,29,6.0,70.0
6359,9.93,Rainy,Medium,Afternoon,Car,17,3.0,52.2
6360,10.26,Foggy,Low,Morning,Bike,23,3.0,59.5
6361,10.56,Clear,Medium,Afternoon,Car,13,3.0,41.9
6362,11.41,Rainy,Medium,Afternoon,Bike,23,4.0,66.6
6363,9.15,Rainy,High,Afternoon,Car,8,4.0,44.7
6364,10.5,Windy,Low,Morning,Scooter,16,5.0,46.2
6365,11.7,Foggy,Medium,Evening,Bike,23,5.0,63.4
6366,11.76,Clear,Low,Morning,Car,16,3.0,43.7
6367,9.53,Clear,High,Morning,Car,11,4.0,48.7
6368,8.45,Rainy,High,Afternoon,Bike,31,6.0,77.8
6369,11.7,Clear,High,Night,Scooter,14,6.0,50.7
6370,11.68,Clear,High,Afternoon,Scooter,9,6.0,42.6
6371,8.39,Clear,Low,Morning,Scooter,16,4.0,37.2
6372,8.33,Clear,Medium,Morning,Bike,22,5.0,49.2
6373,8.74,Rainy,High,Evening,Bike,16,3.0,64.6
6374,10.59,Clear,Medium,Morning,Car,27,4.0,58.2
6375,9.21,Rainy,Medium,Afternoon,Bike,13,4.0,47.2
6376,8.96,Clear,Low,Morning,Scooter,19,4.0,41.9
6377,11.2,Foggy,Medium,Morning,Scooter,11,6.0,51.4
6378,8.98,Clear,Low,Afternoon,Bike,11,5.0,34.1
6379,11.84,Snowy,High,Morning,Bike,13,6.0,65.6
6380,9.75,Clear,Low,Evening,Bike,13,4.0,45.3
6381,9.69,Rainy,Low,Evening,Bike,21,4.0,58.1
6382,11.77,Clear,Low,Morning,Car,25,6.0,49.2
6383,8.48,Clear,Low,Evening,Bike,26,3.0,53.1
6384,8.46,Clear,Medium,Evening,Bike,20,5.0,45.5
6385,9.73,Snowy,Medium,Afternoon,Scooter,16,5.0,53.4
6386,10.35,Windy,Low,Morning,Car,14,4.0,50.0
6387,10.03,Clear,Low,Evening,Bike,14,6.0,45.9
6388,11.82,Clear,Low,Afternoon,Bike,17,3.0,46.9
6389,11.97,Foggy,Medium,Morning,Scooter,20,4.0,61.9
6390,8.16,Rainy,Medium,Morning,Scooter,19,4.0,55.4
6391,8.66,Clear,Low,Morning,Scooter,23,4.0,47.7
6392,10.21,Foggy,Low,Morning,Bike,11,4.0,45.9
6393,11.8,Rainy,Low,Morning,Car,11,4.0,39.2
6394,9.12,Rainy,High,Night,Scooter,33,6.0,69.6
6395,9.47,Clear,Low,Evening,Car,15,4.0,35.8
6396,8.92,Clear,Medium,Evening,Car,31,5.0,57.5
6397,11.87,Clear,Low,Morning,Scooter,14,5.0,41.0
6398,8.62,Foggy,Medium,Morning,Bike,9,5.0,48.0
6399,10.26,Clear,Medium,Afternoon,Scooter,18,4.0,52.4
6400,8.09,Foggy,Low,Afternoon,Scooter,13,4.0,38.5
6401,10.41,Foggy,Medium,Night,Bike,27,4.0,64.5
6402,9.57,Foggy,Medium,Morning,Bike,17,4.0,61.4
6403,10.26,Clear,High,Morning,Bike,17,6.0,61.0
6404,8.32,Clear,Low,Afternoon,Car,16,4.0,34.3
6405,8.36,Clear,High,Evening,Scooter,11,6.0,42.2
6406,8.37,Rainy,High,Morning,Scooter,20,6.0,59.6
6407,11.34,Windy,Medium,Morning,Scooter,12,5.0,50.9
6408,10.9,Clear,Low,Morning,Scooter,20,5.0,53.6
6409,8.51,Snowy,Medium,Afternoon,Car,16,3.0,53.4
6410,9.26,Clear,Low,Afternoon,Bike,26,3.0,52.5
6411,9.75,Clear,Medium,Afternoon,Bike,18,5.0,49.1
6412,8.39,Clear,Medium,Evening,Scooter,27,6.0,56.3
6413,11.36,Foggy,Medium,Afternoon,Car,8,6.0,42.2
6414,9.45,Clear,Low,Afternoon,Car,22,4.0,45.2
6415,10.68,Clear,Medium,Afternoon,Car,19,5.0,42.4
6416,10.57,Foggy,Low,Evening,Scooter,12,5.0,43.5
6417,11.66,Rainy,High,Night,Bike,11,3.0,62.3
6418,10.97,Clear,Low,Morning,Bike,22,6.0,57.0
6419,8.14,Clear,Low,Evening,Bike,16,4.0,47.5
6420,8.62,Rainy,Medium,Afternoon,Scooter,10,5.0,36.8
6421,9.78,Clear,High,Afternoon,Scooter,21,4.0,52.1
6422,8.37,Clear,Low,Night,Bike,14,6.0,34.8
6423,9.57,Rainy,Low,Evening,Bike,14,4.0,46.1
6424,11.91,Clear,High,Afternoon,Car,10,6.0,49.8
6425,8.82,Rainy,Medium,Morning,Bike,16,6.0,55.4
6426,10.82,Clear,Low,Afternoon,Scooter,28,3.0,55.7
6427,9.04,Clear,Medium,Morning,Bike,26,4.0,59.1
6428,8.14,Clear,Medium,Evening,Scooter,15,5.0,43.3
6429,8.39,Clear,Medium,Night,Scooter,15,6.0,34.0
6430,8.42,Clear,Low,Afternoon,Bike,26,5.0,44.5
6431,9.2,Clear,Medium,Evening,Scooter,23,5.0,49.3
6432,11.84,Windy,Low,Morning,Scooter,13,4.0,40.7
6433,10.48,Snowy,High,Evening,Bike,27,3.0,83.5
6434,8.49,Clear,High,Morning,Car,28,6.0,59.2
6435,8.28,Rainy,Medium,Morning,Scooter,15,3.0,53.8
6436,11.88,Rainy,Low,Afternoon,Scooter,27,6.0,58.4
6437,8.69,Snowy,Medium,Evening,Bike,21,3.0,67.9
6438,9.08,Clear,Low,Morning,Bike,26,4.0,56.6
6439,11.37,Clear,Medium,Afternoon,Bike,16,6.0,49.2
6440,10.22,Clear,Low,Morning,Bike,16,3.0,47.5
6441,8.91,Clear,Medium,Evening,Scooter,18,4.0,48.4
6442,10.66,Clear,Low,Morning,Car,14,3.0,43.2
6443,9.49,Snowy,Medium,Morning,Bike,18,5.0,62.0
6444,10.33,Windy,Medium,Evening,Scooter,18,3.0,55.2
6445,8.39,Clear,Low,Afternoon,Scooter,13,5.0,26.2
6446,11.52,Clear,Medium,Evening,Scooter,27,5.0,58.9
6447,10.38,Clear,Low,Afternoon,Car,11,6.0,28.2
6448,8.02,Rainy,Low,Night,Bike,27,5.0,56.4
6449,10.24,Rainy,Low,Afternoon,Scooter,18,4.0,45.2
6450,9.45,Clear,Low,Night,Bike,17,3.0,42.5
6451,11.62,Snowy,Low,Night,Bike,26,4.0,64.9
6452,8.55,Windy,High,Afternoon,Scooter,17,5.0,50.0
6453,9.33,Rainy,Medium,Morning,Bike,15,6.0,57.7
6454,11.06,Rainy,Low,Morning,Bike,12,4.0,51.6
6455,8.9,Rainy,Low,Afternoon,Bike,21,4.0,50.6
6456,9.25,Clear,Medium,Afternoon,Bike,25,6.0,55.1
6457,11.08,Clear,Medium,Afternoon,Bike,18,6.0,55.8
6458,10.85,Rainy,Medium,Afternoon,Bike,14,6.0,53.6
6459,9.44,Clear,Low,Afternoon,Bike,29,3.0,50.3
6460,9.87,Snowy,Medium,Afternoon,Scooter,20,3.0,54.0
6461,10.21,Clear,Low,Afternoon,Scooter,18,4.0,39.2
6462,11.55,Clear,Low,Morning,Car,24,4.0,47.6
6463,10.65,Clear,Low,Evening,Car,15,4.0,32.9
6464,10.37,Windy,Medium,Morning,Car,22,6.0,53.3
6465,11.24,Clear,Low,Morning,Scooter,15,5.0,43.9
6466,9.22,Clear,Low,Evening,Bike,14,4.0,46.0
6467,9.78,Clear,Medium,Morning,Bike,13,5.0,47.5
6468,10.75,Rainy,Medium,Night,Car,27,6.0,61.0
6469,9.62,Windy,Medium,Evening,Car,24,4.0,57.3
6470,9.92,Clear,High,Afternoon,Scooter,13,3.0,47.3
6471,8.64,Windy,Medium,Morning,Scooter,10,4.0,39.6
6472,10.44,Clear,Medium,Afternoon,Bike,12,4.0,51.1
6473,10.56,Rainy,Medium,Evening,Bike,15,3.0,56.5
6474,11.42,Clear,Medium,Evening,Scooter,20,5.0,55.4
6475,8.34,Rainy,Low,Afternoon,Bike,21,5.0,47.0
6476,11.6,Rainy,High,Evening,Bike,11,4.0,63.5
6477,8.34,Rainy,Low,Evening,Scooter,17,4.0,47.2
6478,10.98,Clear,High,Afternoon,Scooter,18,6.0,51.9
6479,10.36,Snowy,Medium,Afternoon,Car,14,3.0,47.4
6480,9.62,Windy,Low,Morning,Bike,22,6.0,51.5
6481,11.69,Clear,Low,Night,Bike,19,4.0,51.7
6482,9.83,Rainy,Low,Evening,Scooter,22,5.0,49.1
6483,8.1,Foggy,High,Morning,Scooter,22,5.0,64.7
6484,10.08,Clear,Medium,Morning,Car,27,4.0,57.1
6485,10.13,Snowy,Low,Evening,Bike,21,3.0,63.6
6486,10.98,Clear,Low,Morning,Bike,24,5.0,52.0
6487,9.43,Foggy,Medium,Afternoon,Bike,18,6.0,51.7
6488,8.3,Clear,High,Evening,Scooter,13,6.0,43.7
6489,9.4,Clear,Medium,Night,Bike,10,5.0,40.6
6490,10.41,Rainy,Medium,Morning,Bike,17,3.0,57.8
6491,10.18,Rainy,Low,Evening,Bike,24,6.0,57.9
6492,11.39,Snowy,Low,Morning,Bike,19,4.0,67.9
6493,9.08,Windy,High,Evening,Scooter,8,4.0,48.5
6494,10.28,Clear,High,Evening,Bike,13,4.0,56.4
6495,11.9,Clear,Medium,Afternoon,Car,17,3.0,48.5
6496,9.25,Clear,Low,Afternoon,Scooter,16,4.0,40.3
6497,9.74,Clear,High,Morning,Bike,22,6.0,61.4
6498,11.98,Rainy,Medium,Morning,Bike,12,6.0,60.6
6499,8.58,Snowy,Low,Evening,Bike,16,5.0,44.8
6500,10.29,Foggy,High,Morning,Bike,18,6.0,63.7
6501,9.48,Clear,Medium,Afternoon,Scooter,32,3.0,58.1
6502,8.18,Clear,High,Evening,Car,28,6.0,56.8
6503,11.04,Rainy,Low,Afternoon,Bike,16,4.0,53.1
6504,8.8,Clear,High,Night,Bike,15,5.0,49.0
6505,11.57,Clear,Low,Evening,Car,30,6.0,55.4
6506,9.67,Clear,Low,Afternoon,Scooter,26,6.0,43.3
6507,8.58,Clear,Low,Afternoon,Bike,22,6.0,42.1
6508,8.98,Clear,Medium,Morning,Bike,20,3.0,47.9
6509,11.33,Foggy,Low,Afternoon,Bike,22,3.0,55.2
6510,9.5,Clear,High,Evening,Bike,22,3.0,58.9
6511,9.03,Rainy,High,Afternoon,Car,25,5.0,65.5
6512,9.0,Rainy,High,Afternoon,Scooter,22,5.0,62.0
6513,10.33,Snowy,Low,Afternoon,Bike,21,5.0,59.5
6514,9.03,Clear,Low,Afternoon,Car,29,4.0,42.5
6515,11.74,Clear,Low,Afternoon,Bike,29,4.0,60.9
6516,8.2,Clear,Low,Evening,Bike,16,6.0,38.4
6517,8.62,Clear,Low,Night,Car,34,3.0,52.0
6518,9.72,Clear,Medium,Afternoon,Scooter,16,6.0,41.2
6519,8.83,Foggy,Medium,Afternoon,Scooter,14,3.0,40.5
6520,11.11,Clear,Low,Afternoon,Bike,13,4.0,37.9
6521,11.67,Clear,Medium,Morning,Bike,11,3.0,52.9
6522,10.4,Clear,Medium,Evening,Car,15,3.0,48.0
6523,11.42,Foggy,Medium,Afternoon,Bike,31,3.0,67.2
6524,11.2,Snowy,High,Night,Car,15,4.0,62.7
6525,8.63,Foggy,High,Afternoon,Scooter,28,6.0,61.2
6526,8.31,Rainy,Low,Evening,Bike,11,4.0,40.0
6527,10.52,Foggy,High,Morning,Car,12,5.0,51.5
6528,11.93,Rainy,High,Evening,Car,12,5.0,54.2
6529,11.33,Clear,Medium,Evening,Car,19,6.0,48.1
6530,10.47,Rainy,Medium,Afternoon,Bike,33,6.0,70.0
6531,8.44,Foggy,Medium,Evening,Scooter,13,3.0,48.3
6532,11.12,Clear,Medium,Evening,Bike,15,3.0,56.1
6533,10.73,Rainy,Low,Evening,Bike,26,6.0,66.2
6534,11.74,Clear,Medium,Night,Car,18,6.0,48.6
6535,10.84,Rainy,High,Evening,Car,15,6.0,52.5
6536,8.41,Clear,Low,Morning,Bike,16,5.0,37.2
6537,10.44,Rainy,Medium,Evening,Scooter,22,5.0,64.3
6538,9.62,Snowy,High,Evening,Car,15,4.0,58.4
6539,9.69,Clear,High,Morning,Scooter,21,4.0,57.5
6540,10.53,Clear,Low,Afternoon,Bike,24,3.0,53.3
6541,11.6,Clear,Low,Morning,Bike,9,5.0,45.4
6542,11.04,Clear,High,Evening,Scooter,23,3.0,64.9
6543,8.09,Windy,Low,Evening,Car,29,5.0,48.2
6544,8.59,Rainy,High,Evening,Bike,10,5.0,51.2
6545,9.45,Clear,Medium,Evening,Bike,10,6.0,40.0
6546,10.74,Clear,Low,Afternoon,Scooter,20,6.0,45.7
6547,10.54,Windy,Low,Morning,Scooter,21,5.0,52.8
6548,10.01,Clear,Medium,Morning,Car,17,5.0,46.2
6549,9.72,Foggy,Medium,Afternoon,Car,29,4.0,54.7
6550,11.16,Clear,Medium,Afternoon,Scooter,11,6.0,42.6
6551,8.38,Clear,Medium,Morning,Car,11,5.0,37.0
6552,10.38,Rainy,Medium,Morning,Scooter,7,5.0,43.5
6553,11.23,Clear,Low,Night,Scooter,25,5.0,48.5
6554,9.09,Rainy,High,Morning,Bike,10,4.0,58.1
6555,8.81,Clear,Low,Night,Bike,20,4.0,41.6
6556,10.69,Foggy,Low,Afternoon,Bike,29,3.0,58.6
6557,8.7,Foggy,Medium,Morning,Car,9,4.0,41.3
6558,9.95,Foggy,High,Morning,Bike,11,6.0,57.0
6559,11.69,Clear,Medium,Night,Bike,26,3.0,56.2
6560,8.24,Foggy,Medium,Morning,Car,14,4.0,44.5
6561,11.64,Windy,Low,Evening,Scooter,16,6.0,44.5
6562,8.76,Clear,High,Morning,Scooter,19,6.0,54.1
6563,9.93,Clear,High,Evening,Scooter,22,6.0,53.1
6564,8.53,Snowy,Low,Afternoon,Bike,12,4.0,40.5
6565,10.84,Clear,Low,Afternoon,Bike,26,4.0,46.4
6566,11.99,Rainy,Low,Morning,Scooter,23,4.0,61.2
6567,9.21,Foggy,Low,Evening,Car,10,4.0,32.4
6568,11.7,Clear,Medium,Afternoon,Bike,11,5.0,41.8
6569,10.92,Rainy,Medium,Morning,Bike,22,5.0,65.8
6570,11.86,Rainy,High,Afternoon,Bike,17,5.0,64.6
6571,10.69,Clear,High,Afternoon,Scooter,17,4.0,54.0
6572,10.73,Snowy,Medium,Morning,Bike,13,5.0,61.8
6573,11.77,Clear,Medium,Night,Bike,22,4.0,60.9
6574,10.91,Clear,Medium,Evening,Bike,11,3.0,54.0
6575,11.39,Snowy,Low,Morning,Scooter,16,6.0,56.6
6576,9.14,Clear,Medium,Morning,Scooter,22,3.0,53.3
6577,8.68,Snowy,Low,Evening,Bike,32,6.0,68.1
6578,10.56,Clear,Medium,Morning,Bike,13,5.0,51.1
6579,9.01,Rainy,Medium,Morning,Bike,20,6.0,53.2
6580,9.72,Clear,Medium,Afternoon,Scooter,9,5.0,34.9
6581,11.42,Rainy,Low,Afternoon,Bike,14,3.0,44.8
6582,10.52,Foggy,Medium,Morning,Car,10,3.0,44.1
6583,11.78,Snowy,Low,Afternoon,Bike,25,3.0,60.7
6584,9.42,Windy,Low,Afternoon,Scooter,16,4.0,40.5
6585,9.12,Rainy,Low,Evening,Bike,27,6.0,62.3
6586,8.85,Foggy,Medium,Night,Scooter,8,5.0,41.1
6587,11.91,Rainy,Low,Morning,Scooter,22,6.0,54.7
6588,9.72,Windy,Medium,Morning,Bike,18,5.0,53.4
6589,11.68,Rainy,Low,Morning,Bike,21,3.0,65.1
6590,9.38,Snowy,Low,Evening,Bike,31,3.0,68.3
6591,9.15,Clear,High,Evening,Scooter,31,3.0,65.2
6592,11.08,Rainy,High,Morning,Car,25,6.0,70.9
6593,10.47,Foggy,Low,Evening,Scooter,13,6.0,45.0
6594,10.1,Clear,High,Afternoon,Scooter,23,3.0,60.3
6595,9.76,Clear,Medium,Afternoon,Bike,30,3.0,63.1
6596,9.87,Windy,Low,Afternoon,Bike,15,4.0,42.1
6597,11.34,Clear,Medium,Afternoon,Scooter,15,5.0,49.1
6598,8.61,Clear,Medium,Afternoon,Bike,17,3.0,48.8
6599,8.2,Clear,Low,Evening,Bike,21,6.0,45.4
6600,8.02,Clear,Low,Evening,Bike,14,4.0,41.9
6601,9.98,Rainy,Low,Morning,Bike,12,6.0,47.3
6602,11.27,Windy,High,Morning,Car,14,5.0,52.0
6603,10.68,Windy,Low,Evening,Bike,20,4.0,54.4
6604,11.96,Rainy,High,Evening,Bike,9,3.0,68.3
6605,10.44,Foggy,High,Morning,Bike,28,5.0,78.1
6606,10.04,Clear,High,Morning,Bike,19,3.0,62.5
6607,10.33,Snowy,Medium,Afternoon,Bike,11,5.0,50.0
6608,11.53,Clear,Low,Morning,Bike,22,3.0,52.0
6609,8.06,Clear,Low,Evening,Bike,14,6.0,37.4
6610,9.87,Windy,High,Morning,Bike,23,3.0,66.1
6611,9.64,Snowy,Medium,Morning,Scooter,27,4.0,67.9
6612,11.81,Clear,Medium,Afternoon,Scooter,18,4.0,50.0
6613,8.75,Rainy,Medium,Morning,Scooter,12,6.0,42.4
6614,8.1,Clear,Medium,Morning,Bike,17,3.0,46.5
6615,10.53,Clear,High,Night,Bike,19,6.0,55.5
6616,10.5,Clear,Medium,Evening,Car,15,4.0,47.0
6617,9.28,Clear,Medium,Evening,Bike,23,3.0,59.0
6618,10.16,Rainy,Low,Afternoon,Bike,14,6.0,42.7
6619,10.39,Clear,Low,Morning,Bike,25,3.0,52.4
6620,9.41,Rainy,Medium,Evening,Bike,17,4.0,55.5
6621,9.68,Clear,Low,Evening,Scooter,19,5.0,45.7
6622,8.57,Windy,Low,Morning,Scooter,9,3.0,33.6
6623,11.08,Rainy,High,Morning,Bike,13,5.0,63.7
6624,9.56,Snowy,Low,Evening,Bike,17,5.0,56.3
6625,10.58,Clear,High,Morning,Bike,22,6.0,67.4
6626,9.71,Rainy,Medium,Morning,Bike,31,3.0,69.9
6627,8.65,Snowy,Low,Evening,Car,10,6.0,43.1
6628,10.8,Clear,Low,Evening,Scooter,29,3.0,58.7
6629,9.67,Clear,Low,Evening,Bike,15,6.0,47.7
6630,8.74,Clear,Low,Morning,Bike,32,4.0,63.0
6631,11.73,Clear,Medium,Afternoon,Scooter,9,3.0,41.3
6632,11.57,Clear,Medium,Afternoon,Bike,18,4.0,50.8
6633,10.91,Clear,High,Evening,Car,23,4.0,62.6
6634,10.3,Clear,High,Afternoon,Car,15,3.0,44.5
6635,10.5,Rainy,Medium,Evening,Bike,31,4.0,75.3
6636,9.44,Clear,Low,Morning,Scooter,28,4.0,50.1
6637,9.05,Clear,Low,Evening,Bike,15,3.0,42.4
6638,10.37,Rainy,Low,Evening,Bike,6,4.0,36.9
6639,10.96,Clear,Medium,Afternoon,Car,12,3.0,40.1
6640,9.98,Clear,High,Evening,Scooter,8,4.0,45.9
6641,11.58,Clear,Low,Morning,Bike,21,3.0,53.1
6642,9.55,Clear,Low,Afternoon,Car,12,3.0,31.0
6643,9.51,Clear,Low,Morning,Bike,17,4.0,42.3
6644,9.7,Clear,Low,Afternoon,Scooter,12,6.0,34.1
6645,10.82,Clear,Medium,Evening,Car,26,4.0,57.5
6646,8.11,Windy,High,Night,Car,14,5.0,50.6
6647,9.42,Windy,Medium,Morning,Bike,22,3.0,60.8
6648,10.97,Clear,High,Afternoon,Bike,19,5.0,59.3
6649,10.22,Clear,High,Evening,Car,16,5.0,50.1
6650,9.24,Clear,Low,Night,Bike,23,4.0,50.5
6651,10.63,Snowy,Low,Night,Car,11,4.0,40.7
6652,11.6,Snowy,Medium,Afternoon,Bike,22,5.0,71.7
6653,10.02,Clear,Low,Morning,Bike,12,5.0,46.1
6654,10.96,Clear,Low,Evening,Bike,10,5.0,39.6
6655,8.79,Clear,Medium,Afternoon,Scooter,31,3.0,55.7
6656,9.89,Snowy,Medium,Afternoon,Bike,12,4.0,51.2
6657,9.17,Snowy,High,Afternoon,Bike,14,6.0,54.6
6658,11.97,Clear,Medium,Afternoon,Car,7,6.0,36.6
6659,8.87,Rainy,Medium,Morning,Bike,21,6.0,59.9
6660,11.79,Clear,Medium,Morning,Scooter,23,6.0,59.3
6661,9.63,Rainy,Low,Evening,Bike,7,3.0,43.2
6662,9.99,Windy,Low,Afternoon,Scooter,18,4.0,45.2
6663,10.1,Clear,Low,Evening,Bike,25,4.0,54.7
6664,8.97,Clear,Low,Morning,Car,24,4.0,44.7
6665,8.96,Rainy,Medium,Afternoon,Bike,24,4.0,60.6
6666,9.5,Clear,Low,Morning,Scooter,10,3.0,37.4
6667,10.98,Snowy,Medium,Evening,Bike,14,6.0,59.4
6668,10.8,Clear,High,Evening,Bike,18,5.0,63.5
6669,11.99,Snowy,Medium,Evening,Bike,18,3.0,66.4
6670,8.35,Clear,Medium,Morning,Scooter,23,6.0,48.8
6671,11.04,Clear,Low,Afternoon,Bike,28,4.0,50.3
6672,8.78,Clear,Medium,Afternoon,Scooter,22,5.0,45.3
6673,10.04,Clear,Low,Afternoon,Bike,17,4.0,39.3
6674,8.79,Clear,Low,Night,Scooter,19,4.0,39.6
6675,11.74,Rainy,High,Morning,Bike,6,4.0,60.0
6676,10.03,Clear,Medium,Morning,Scooter,17,4.0,52.3
6677,9.88,Clear,Low,Morning,Car,11,3.0,39.9
6678,9.23,Clear,Low,Afternoon,Bike,22,5.0,44.8
6679,9.8,Clear,Medium,Morning,Bike,24,5.0,56.3
6680,8.44,Snowy,Low,Night,Scooter,35,5.0,64.0
6681,10.74,Windy,High,Evening,Bike,17,6.0,60.9
6682,10.28,Clear,Low,Afternoon,Bike,10,5.0,33.8
6683,8.4,Foggy,High,Evening,Bike,11,4.0,54.0
6684,8.41,Foggy,Low,Afternoon,Bike,28,5.0,52.7
6685,9.17,Windy,Medium,Evening,Car,13,6.0,48.8
6686,9.89,Clear,High,Evening,Bike,15,5.0,55.0
6687,8.89,Clear,Medium,Afternoon,Bike,11,5.0,39.5
6688,8.53,Clear,Low,Morning,Bike,25,5.0,53.2
6689,8.39,Snowy,Low,Afternoon,Bike,15,6.0,52.4
6690,9.22,Foggy,High,Afternoon,Scooter,16,5.0,51.6
6691,10.52,Clear,High,Afternoon,Scooter,23,5.0,51.5
6692,10.71,Clear,Medium,Morning,Car,19,5.0,49.3
6693,9.13,Foggy,Low,Morning,Bike,19,6.0,45.4
6694,9.76,Snowy,Medium,Morning,Bike,9,6.0,51.3
6695,10.51,Clear,Low,Afternoon,Bike,13,4.0,44.2
6696,9.44,Rainy,Low,Morning,Scooter,14,5.0,42.4
6697,11.91,Clear,Medium,Night,Scooter,33,5.0,61.1
6698,10.77,Clear,High,Night,Scooter,13,5.0,50.3
6699,10.31,Rainy,Low,Morning,Car,16,5.0,46.0
6700,9.99,Foggy,Low,Afternoon,Bike,13,6.0,46.0
6701,9.97,Windy,High,Morning,Car,17,6.0,53.5
6702,9.17,Clear,Low,Evening,Car,5,6.0,27.5
6703,8.31,Clear,Low,Morning,Bike,24,4.0,45.3
6704,11.35,Clear,Medium,Afternoon,Bike,27,4.0,58.8
6705,11.62,Clear,Medium,Afternoon,Scooter,18,3.0,49.2
6706,11.9,Clear,Medium,Morning,Bike,25,6.0,62.4
6707,9.62,Clear,Medium,Morning,Bike,6,5.0,47.7
6708,11.79,Clear,Medium,Evening,Bike,17,6.0,58.4
6709,10.81,Clear,Low,Evening,Scooter,12,5.0,41.8
6710,9.69,Clear,Low,Morning,Car,16,3.0,39.0
6711,11.67,Foggy,Medium,Afternoon,Car,16,4.0,46.1
6712,11.87,Clear,Low,Night,Car,21,4.0,49.7
6713,10.14,Rainy,High,Evening,Bike,24,6.0,66.8
6714,11.12,Windy,Medium,Afternoon,Scooter,29,4.0,60.4
6715,11.11,Rainy,Low,Afternoon,Bike,14,6.0,49.6
6716,10.44,Clear,Medium,Evening,Scooter,21,5.0,60.8
6717,9.69,Clear,Low,Afternoon,Car,25,4.0,49.1
6718,8.54,Rainy,Low,Evening,Car,16,6.0,44.1
6719,11.99,Rainy,Medium,Evening,Scooter,19,5.0,67.8
6720,8.29,Clear,Medium,Morning,Bike,21,4.0,51.4
6721,8.54,Clear,High,Afternoon,Bike,10,4.0,45.7
6722,9.5,Rainy,Medium,Morning,Scooter,20,6.0,60.7
6723,9.59,Clear,Low,Morning,Bike,18,3.0,43.1
6724,9.07,Rainy,Low,Evening,Bike,15,6.0,49.5
6725,8.31,Clear,Medium,Evening,Car,33,3.0,60.8
6726,11.6,Clear,Low,Morning,Bike,10,5.0,43.8
6727,10.05,Snowy,Low,Morning,Bike,30,5.0,66.0
6728,11.88,Clear,Medium,Afternoon,Bike,20,5.0,56.4
6729,11.51,Rainy,High,Evening,Bike,9,3.0,62.4
6730,9.98,Clear,Low,Evening,Bike,12,5.0,39.3
6731,9.55,Clear,Low,Afternoon,Bike,24,6.0,49.8
6732,9.02,Windy,Medium,Afternoon,Scooter,13,4.0,45.5
6733,11.97,Clear,Medium,Morning,Bike,9,6.0,45.6
6734,10.42,Clear,Low,Evening,Bike,19,3.0,51.6
6735,11.36,Windy,Low,Morning,Car,34,6.0,66.5
6736,11.94,Foggy,Medium,Evening,Bike,16,4.0,65.1
6737,8.9,Rainy,Low,Afternoon,Scooter,17,5.0,42.1
6738,11.7,Clear,Low,Morning,Scooter,23,3.0,56.2
6739,11.18,Clear,Medium,Evening,Scooter,19,5.0,51.9
6740,9.82,Rainy,Low,Morning,Bike,14,5.0,52.1
6741,11.8,Clear,Low,Evening,Car,19,4.0,44.3
6742,10.36,Clear,Low,Morning,Bike,17,6.0,41.6
6743,9.57,Foggy,Low,Afternoon,Scooter,7,6.0,33.1
6744,8.64,Clear,Low,Evening,Scooter,11,3.0,36.8
6745,10.91,Clear,High,Morning,Car,20,6.0,58.5
6746,11.1,Clear,High,Afternoon,Scooter,12,5.0,45.0
6747,8.83,Clear,Medium,Morning,Bike,23,5.0,48.0
6748,9.49,Rainy,Low,Evening,Bike,18,3.0,56.7
6749,8.22,Snowy,High,Evening,Scooter,10,5.0,57.5
6750,10.23,Clear,High,Morning,Bike,30,4.0,66.4
6751,10.4,Clear,Medium,Morning,Car,25,3.0,55.2
6752,11.39,Rainy,Medium,Morning,Car,20,3.0,57.4
6753,8.1,Clear,Medium,Afternoon,Bike,23,3.0,51.8
6754,8.48,Clear,High,Afternoon,Bike,21,4.0,59.3
6755,8.13,Windy,High,Morning,Car,7,3.0,41.4
6756,11.78,Rainy,High,Morning,Bike,20,6.0,69.8
6757,10.05,Clear,Medium,Afternoon,Bike,14,4.0,46.9
6758,8.98,Windy,High,Morning,Bike,29,4.0,65.0
6759,8.08,Clear,Medium,Morning,Bike,16,5.0,49.3
6760,8.39,Windy,Low,Afternoon,Bike,22,3.0,50.8
6761,10.88,Rainy,Medium,Morning,Scooter,12,4.0,52.6
6762,9.92,Rainy,Low,Night,Scooter,17,3.0,44.7
6763,10.94,Windy,Low,Morning,Bike,11,5.0,44.2
6764,9.06,Rainy,Medium,Afternoon,Scooter,16,6.0,46.5
6765,9.76,Clear,Medium,Evening,Bike,19,5.0,53.3
6766,10.5,Clear,High,Morning,Scooter,20,4.0,54.0
6767,8.85,Rainy,Medium,Evening,Bike,16,3.0,57.9
6768,9.15,Rainy,Low,Night,Car,12,6.0,34.4
6769,8.57,Clear,Medium,Evening,Car,21,4.0,47.5
6770,10.85,Foggy,Medium,Morning,Scooter,7,5.0,43.1
6771,10.33,Rainy,Medium,Night,Scooter,24,5.0,59.9
6772,9.78,Clear,Low,Morning,Scooter,21,5.0,49.5
6773,10.27,Clear,Low,Morning,Bike,23,3.0,54.4
6774,8.68,Clear,Medium,Morning,Scooter,31,4.0,54.8
6775,11.25,Clear,High,Afternoon,Car,15,4.0,49.4
6776,11.02,Clear,Medium,Morning,Car,18,6.0,49.3
6777,8.73,Clear,Low,Morning,Scooter,20,4.0,42.6
6778,11.54,Clear,Medium,Night,Scooter,19,6.0,46.5
6779,9.58,Clear,High,Evening,Bike,20,5.0,59.9
6780,9.85,Rainy,Medium,Morning,Bike,29,3.0,74.4
6781,10.13,Clear,Low,Evening,Scooter,17,6.0,40.8
6782,11.17,Windy,Low,Morning,Car,26,4.0,59.3
6783,8.66,Windy,Low,Evening,Car,20,5.0,41.1
6784,9.06,Rainy,High,Evening,Car,24,4.0,61.4
6785,11.75,Windy,Medium,Afternoon,Bike,15,6.0,51.6
6786,11.75,Snowy,Low,Afternoon,Scooter,15,6.0,43.2
6787,11.24,Clear,High,Evening,Scooter,29,3.0,69.9
6788,8.67,Foggy,High,Morning,Scooter,25,5.0,63.1
6789,10.38,Clear,Low,Evening,Bike,18,5.0,49.9
6790,9.78,Rainy,Low,Afternoon,Scooter,17,4.0,40.0
6791,8.32,Rainy,Low,Afternoon,Bike,14,4.0,45.2
6792,8.3,Clear,Low,Afternoon,Scooter,13,4.0,31.3
6793,11.43,Clear,High,Night,Car,13,4.0,52.5
6794,8.36,Windy,High,Afternoon,Scooter,29,4.0,61.5
6795,9.09,Clear,Low,Night,Bike,14,6.0,37.4
6796,8.6,Clear,Low,Afternoon,Bike,17,6.0,40.2
6797,10.3,Clear,Low,Morning,Scooter,21,6.0,40.0
6798,11.04,Clear,Medium,Evening,Scooter,20,4.0,57.2
6799,9.06,Snowy,High,Morning,Bike,23,5.0,71.5
6800,11.13,Foggy,Low,Morning,Scooter,16,3.0,45.9
6801,8.7,Clear,Medium,Morning,Car,15,3.0,42.1
6802,9.43,Clear,Low,Evening,Bike,18,5.0,49.3
6803,8.97,Clear,Medium,Afternoon,Scooter,20,5.0,43.7
6804,9.82,Clear,Medium,Evening,Car,33,3.0,63.1
6805,11.92,Snowy,Low,Morning,Scooter,19,5.0,52.2
6806,10.95,Foggy,Low,Night,Car,23,5.0,46.5
6807,8.82,Clear,Low,Evening,Scooter,28,5.0,52.5
6808,11.87,Rainy,Medium,Morning,Scooter,6,5.0,51.3
6809,10.73,Clear,Low,Morning,Bike,14,6.0,44.6
6810,9.82,Rainy,Medium,Morning,Bike,6,6.0,48.8
6811,11.67,Rainy,High,Afternoon,Bike,27,5.0,73.5
6812,11.05,Rainy,Medium,Morning,Scooter,16,5.0,56.4
6813,10.92,Rainy,High,Night,Bike,19,6.0,61.2
6814,8.8,Windy,Medium,Morning,Bike,17,3.0,52.1
6815,8.51,Clear,Medium,Afternoon,Car,23,6.0,44.0
6816,11.46,Clear,Low,Morning,Bike,16,6.0,42.9
6817,10.72,Clear,Low,Evening,Bike,7,5.0,44.8
6818,11.27,Rainy,High,Evening,Scooter,15,6.0,59.1
6819,11.06,Rainy,Low,Evening,Bike,17,5.0,56.0
6820,11.61,Rainy,Medium,Night,Scooter,16,4.0,50.4
6821,9.5,Foggy,Medium,Afternoon,Bike,14,4.0,40.4
6822,9.4,Clear,Low,Morning,Scooter,10,5.0,38.8
6823,8.95,Rainy,Medium,Afternoon,Scooter,8,4.0,40.5
6824,8.42,Foggy,High,Morning,Scooter,28,5.0,60.0
6825,9.93,Clear,Low,Night,Bike,9,4.0,31.4
6826,9.99,Clear,Low,Evening,Scooter,16,5.0,47.2
6827,8.46,Clear,High,Morning,Bike,10,4.0,49.7
6828,10.41,Clear,Medium,Morning,Scooter,11,3.0,36.4
6829,9.45,Foggy,Low,Morning,Bike,20,5.0,51.3
6830,9.82,Windy,High,Night,Bike,28,4.0,67.7
6831,10.04,Rainy,Low,Morning,Bike,15,3.0,53.9
6832,9.24,Clear,Low,Morning,Bike,23,3.0,51.5
6833,10.74,Rainy,High,Afternoon,Bike,24,5.0,64.4
6834,10.04,Foggy,Medium,Morning,Bike,20,6.0,57.6
6835,9.77,Clear,High,Morning,Car,26,4.0,58.4
6836,9.64,Snowy,Medium,Afternoon,Scooter,12,6.0,49.9
6837,8.09,Clear,Low,Morning,Scooter,10,6.0,28.6
6838,11.08,Clear,Medium,Afternoon,Bike,17,3.0,49.9
6839,11.87,Clear,Low,Evening,Bike,18,3.0,51.5
6840,8.52,Clear,Medium,Morning,Car,16,5.0,39.2
6841,9.16,Snowy,Medium,Evening,Bike,28,5.0,75.7
6842,11.39,Clear,Low,Morning,Car,11,3.0,41.6
6843,10.83,Clear,Medium,Evening,Scooter,29,6.0,64.7
6844,9.25,Clear,Low,Evening,Bike,16,3.0,40.8
6845,10.6,Clear,Medium,Afternoon,Scooter,25,4.0,55.0
6846,11.67,Clear,Medium,Evening,Scooter,16,3.0,54.2
6847,8.88,Clear,Medium,Afternoon,Car,18,6.0,36.9
6848,10.72,Rainy,Low,Morning,Scooter,21,4.0,51.7
6849,11.25,Clear,Medium,Night,Bike,17,5.0,47.8
6850,8.38,Foggy,Medium,Morning,Scooter,26,6.0,53.5
6851,11.74,Clear,Low,Afternoon,Bike,18,4.0,50.6
6852,11.84,Foggy,Low,Evening,Bike,7,4.0,48.5
6853,10.93,Snowy,Low,Morning,Scooter,24,5.0,60.1
6854,10.06,Clear,Medium,Evening,Bike,18,6.0,52.3
6855,10.42,Clear,High,Night,Car,21,3.0,52.1
6856,10.59,Windy,Low,Afternoon,Car,15,4.0,45.8
6857,8.62,Clear,Low,Afternoon,Bike,22,4.0,43.3
6858,9.18,Rainy,Medium,Evening,Bike,22,3.0,61.8
6859,8.4,Clear,Medium,Evening,Bike,34,3.0,66.3
6860,9.48,Clear,Low,Morning,Bike,15,4.0,39.5
6861,10.98,Rainy,Medium,Afternoon,Bike,13,3.0,55.2
6862,11.54,Snowy,Low,Morning,Car,17,5.0,57.7
6863,9.49,Clear,Medium,Afternoon,Bike,21,3.0,51.6
6864,10.46,Foggy,Medium,Afternoon,Bike,17,5.0,56.4
6865,10.38,Rainy,Medium,Evening,Bike,26,3.0,64.2
6866,9.89,Clear,Medium,Afternoon,Bike,30,4.0,58.5
6867,10.78,Clear,Low,Evening,Car,32,3.0,58.2
6868,8.6,Clear,Medium,Morning,Car,11,3.0,32.6
6869,8.3,Clear,Low,Morning,Bike,14,4.0,40.8
6870,9.39,Rainy,Medium,Morning,Bike,14,5.0,53.7
6871,11.88,Clear,Low,Morning,Car,28,4.0,56.6
6872,11.81,Clear,High,Afternoon,Scooter,24,4.0,60.9
6873,10.53,Foggy,High,Afternoon,Scooter,11,5.0,49.7
6874,10.31,Rainy,Low,Evening,Bike,17,6.0,45.3
6875,10.53,Rainy,Low,Night,Scooter,28,6.0,53.3
6876,9.72,Rainy,Low,Afternoon,Bike,13,4.0,46.5
6877,9.15,Clear,High,Morning,Bike,19,5.0,53.9
6878,8.02,Rainy,Low,Evening,Scooter,21,3.0,46.9
6879,8.08,Clear,Medium,Afternoon,Bike,9,5.0,34.5
6880,11.89,Clear,Low,Morning,Scooter,17,6.0,44.5
6881,10.98,Clear,Medium,Evening,Scooter,28,6.0,62.7
6882,10.76,Rainy,Low,Night,Scooter,7,3.0,38.6
6883,11.38,Rainy,Medium,Afternoon,Scooter,20,5.0,55.1
6884,10.43,Clear,Medium,Afternoon,Bike,26,3.0,54.0
6885,10.67,Snowy,Low,Afternoon,Scooter,17,3.0,59.8
6886,11.16,Snowy,Low,Morning,Car,14,5.0,49.7
6887,8.5,Clear,Low,Afternoon,Bike,22,4.0,47.0
6888,8.75,Foggy,High,Afternoon,Car,16,4.0,42.7
6889,10.22,Clear,High,Morning,Car,15,5.0,49.4
6890,8.39,Windy,Low,Morning,Scooter,14,4.0,37.8
6891,10.64,Clear,High,Morning,Bike,30,3.0,72.2
6892,11.33,Clear,Medium,Afternoon,Scooter,23,4.0,55.9
6893,11.35,Clear,Medium,Afternoon,Bike,11,3.0,45.4
6894,9.29,Clear,High,Afternoon,Bike,14,6.0,47.5
6895,8.81,Rainy,Low,Morning,Bike,27,6.0,59.7
6896,11.83,Clear,High,Afternoon,Scooter,25,5.0,62.1
6897,11.65,Clear,Medium,Morning,Scooter,15,5.0,46.0
6898,9.25,Rainy,Medium,Night,Bike,22,5.0,61.3
6899,11.58,Snowy,Medium,Evening,Bike,10,4.0,57.3
6900,11.52,Foggy,Low,Afternoon,Bike,12,6.0,44.4
6901,9.35,Rainy,High,Morning,Bike,27,4.0,78.7
6902,9.45,Clear,Low,Morning,Bike,18,5.0,54.5
6903,11.73,Clear,Medium,Morning,Bike,11,4.0,51.8
6904,10.97,Snowy,Medium,Afternoon,Bike,18,4.0,56.5
6905,10.47,Foggy,Medium,Morning,Bike,17,4.0,57.8
6906,11.81,Rainy,Low,Afternoon,Scooter,34,6.0,70.5
6907,11.46,Snowy,Low,Morning,Scooter,7,4.0,45.1
6908,8.3,Clear,Medium,Evening,Scooter,23,6.0,52.2
6909,10.0,Rainy,Low,Morning,Bike,23,4.0,62.1
6910,11.58,Clear,Low,Morning,Bike,23,4.0,54.0
6911,8.44,Clear,Medium,Evening,Bike,23,5.0,60.2
6912,8.29,Clear,Low,Evening,Bike,22,5.0,48.5
6913,11.44,Clear,Low,Evening,Bike,16,4.0,48.7
6914,11.11,Windy,Low,Evening,Scooter,9,4.0,39.6
6915,8.67,Clear,Medium,Morning,Bike,31,3.0,60.8
6916,8.72,Snowy,Medium,Evening,Bike,14,3.0,55.0
6917,11.33,Foggy,Low,Afternoon,Bike,15,3.0,46.1
6918,8.84,Rainy,Medium,Morning,Bike,12,5.0,58.3
6919,8.58,Windy,High,Evening,Scooter,15,4.0,55.6
6920,11.63,Clear,Low,Morning,Bike,15,4.0,45.2
6921,11.22,Clear,Low,Morning,Bike,15,5.0,52.2
6922,9.62,Clear,Low,Morning,Scooter,16,4.0,44.9
6923,10.5,Clear,Medium,Evening,Bike,21,3.0,56.4
6924,9.72,Snowy,Medium,Morning,Bike,31,4.0,77.6
6925,9.1,Clear,Medium,Afternoon,Scooter,18,4.0,41.6
6926,11.95,Clear,Low,Afternoon,Bike,33,5.0,65.4
6927,10.18,Clear,Low,Morning,Car,9,5.0,33.9
6928,10.55,Rainy,High,Evening,Scooter,16,6.0,59.3
6929,9.63,Foggy,Low,Morning,Bike,8,5.0,37.5
6930,10.0,Clear,Low,Morning,Bike,19,6.0,47.2
6931,9.15,Foggy,Medium,Night,Bike,31,6.0,66.0
6932,9.72,Rainy,Medium,Evening,Scooter,13,5.0,54.3
6933,10.51,Foggy,High,Morning,Bike,22,6.0,70.4
6934,11.25,Clear,Medium,Afternoon,Scooter,23,6.0,54.9
6935,11.21,Rainy,High,Night,Bike,11,6.0,54.8
6936,8.05,Clear,Medium,Evening,Scooter,17,3.0,39.0
6937,10.14,Clear,Low,Afternoon,Car,11,5.0,25.2
6938,9.49,Foggy,Medium,Afternoon,Bike,15,3.0,50.2
6939,10.43,Rainy,Low,Afternoon,Bike,24,4.0,55.2
6940,11.53,Clear,Medium,Evening,Scooter,14,6.0,47.4
6941,11.1,Snowy,Low,Afternoon,Scooter,29,5.0,64.6
6942,9.32,Clear,High,Evening,Bike,23,5.0,64.4
6943,10.96,Rainy,Low,Morning,Scooter,14,4.0,41.7
6944,8.41,Windy,Medium,Morning,Scooter,16,6.0,53.6
6945,8.51,Rainy,Low,Evening,Car,20,4.0,48.5
6946,8.9,Foggy,Low,Morning,Scooter,20,5.0,48.4
6947,9.6,Rainy,Medium,Morning,Scooter,19,6.0,55.1
6948,10.04,Foggy,Low,Evening,Bike,16,3.0,50.4
6949,9.59,Rainy,High,Night,Bike,29,6.0,74.8
6950,10.51,Rainy,Low,Morning,Scooter,10,5.0,40.2
6951,8.5,Clear,Low,Morning,Scooter,20,3.0,43.8
6952,10.09,Foggy,Low,Afternoon,Car,8,3.0,37.9
6953,9.09,Clear,Low,Evening,Bike,19,3.0,47.8
6954,9.46,Windy,Medium,Afternoon,Bike,12,4.0,47.0
6955,10.04,Clear,Low,Evening,Bike,10,3.0,36.1
6956,8.53,Clear,Medium,Evening,Bike,9,5.0,43.2
6957,9.55,Snowy,Medium,Morning,Bike,30,3.0,76.3
6958,11.04,Clear,Medium,Evening,Bike,11,5.0,48.0
6959,9.11,Clear,High,Afternoon,Bike,15,5.0,52.2
6960,11.06,Foggy,Medium,Morning,Bike,17,4.0,56.5
6961,8.92,Clear,Medium,Morning,Bike,8,4.0,46.6
6962,11.02,Clear,Medium,Evening,Car,28,5.0,67.9
6963,8.78,Rainy,Medium,Afternoon,Car,7,6.0,33.9
6964,11.8,Clear,High,Evening,Bike,28,6.0,75.9
6965,8.62,Clear,Low,Afternoon,Scooter,8,5.0,25.5
6966,12.0,Clear,Low,Afternoon,Bike,16,3.0,42.9
6967,8.92,Clear,Low,Morning,Car,24,4.0,49.1
6968,10.84,Clear,Medium,Afternoon,Scooter,8,3.0,37.2
6969,9.22,Clear,High,Afternoon,Bike,24,3.0,62.3
6970,8.33,Rainy,High,Morning,Bike,17,3.0,68.3
6971,8.1,Rainy,Low,Evening,Car,17,6.0,43.8
6972,8.59,Clear,Low,Morning,Car,12,4.0,33.1
6973,9.63,Clear,Low,Afternoon,Bike,13,5.0,34.3
6974,10.32,Snowy,High,Evening,Scooter,24,4.0,69.4
6975,9.91,Rainy,Medium,Evening,Scooter,7,3.0,45.6
6976,10.52,Clear,Low,Afternoon,Scooter,15,4.0,36.6
6977,8.38,Clear,Medium,Evening,Bike,15,4.0,49.1
6978,10.71,Clear,Low,Morning,Bike,14,3.0,42.5
6979,11.14,Snowy,High,Afternoon,Bike,15,5.0,62.2
6980,8.92,Windy,Low,Afternoon,Scooter,11,3.0,33.4
6981,11.17,Windy,Medium,Evening,Bike,12,5.0,52.9
6982,9.0,Clear,Low,Evening,Car,19,4.0,40.6
6983,9.78,Clear,High,Afternoon,Car,19,3.0,50.1
6984,11.22,Clear,Low,Evening,Bike,29,6.0,57.7
6985,10.75,Clear,High,Night,Car,18,5.0,52.4
6986,10.01,Clear,High,Evening,Scooter,17,4.0,58.2
6987,9.48,Rainy,High,Afternoon,Scooter,10,3.0,51.0
6988,10.25,Clear,Medium,Afternoon,Bike,22,3.0,53.0
6989,10.08,Windy,Low,Morning,Bike,17,6.0,42.8
6990,11.89,Clear,High,Morning,Car,23,4.0,67.7
6991,11.3,Clear,High,Night,Scooter,13,3.0,49.5
6992,8.47,Snowy,Medium,Afternoon,Scooter,20,6.0,57.0
6993,9.65,Foggy,Medium,Evening,Bike,22,6.0,65.6
6994,10.35,Clear,Medium,Morning,Bike,15,4.0,53.8
6995,10.82,Rainy,Low,Morning,Bike,17,5.0,57.7
6996,8.71,Clear,High,Morning,Scooter,9,6.0,45.2
6997,11.32,Clear,Low,Evening,Car,14,5.0,39.2
6998,10.52,Clear,Medium,Evening,Bike,12,4.0,45.3
6999,8.27,Clear,Medium,Morning,Bike,16,6.0,49.0
7000,8.24,Rainy,High,Afternoon,Bike,10,3.0,46.7
7001,10.74,Clear,Medium,Night,Bike,25,5.0,56.4
7002,11.02,Rainy,Medium,Night,Bike,22,4.0,60.9
7003,9.24,Foggy,Medium,Afternoon,Bike,26,5.0,62.0
7004,8.65,Clear,High,Evening,Scooter,29,5.0,63.7
7005,8.88,Clear,Low,Evening,Bike,19,3.0,44.8
7006,9.57,Clear,Medium,Evening,Car,23,6.0,49.2
7007,10.53,Foggy,Medium,Morning,Car,18,4.0,59.6
7008,8.75,Rainy,High,Afternoon,Bike,24,3.0,64.1
7009,11.17,Foggy,Low,Afternoon,Scooter,18,5.0,46.0
7010,9.0,Clear,Low,Afternoon,Bike,22,6.0,45.9
7011,11.24,Clear,Medium,Morning,Bike,14,6.0,51.3
7012,11.7,Rainy,Medium,Morning,Bike,21,4.0,69.2
7013,8.66,Clear,High,Afternoon,Bike,19,5.0,56.3
7014,11.67,Foggy,Low,Morning,Scooter,14,5.0,52.0
7015,10.82,Clear,Low,Morning,Scooter,21,5.0,47.9
7016,11.55,Clear,High,Afternoon,Scooter,16,6.0,53.0
7017,9.39,Rainy,Medium,Afternoon,Scooter,20,3.0,54.5
7018,11.45,Rainy,High,Morning,Scooter,21,4.0,66.1
7019,9.91,Rainy,Medium,Morning,Scooter,21,5.0,59.4
7020,8.76,Clear,Medium,Afternoon,Car,21,6.0,37.7
7021,11.99,Windy,High,Night,Scooter,16,3.0,58.7
7022,11.79,Snowy,High,Evening,Bike,20,5.0,68.5
7023,8.5,Snowy,Low,Afternoon,Scooter,28,6.0,52.1
7024,9.82,Rainy,Low,Evening,Bike,10,3.0,49.4
7025,11.94,Rainy,High,Afternoon,Bike,24,3.0,74.9
7026,10.19,Rainy,Low,Evening,Car,11,3.0,42.6
7027,9.99,Clear,Medium,Afternoon,Car,17,6.0,40.0
7028,8.78,Clear,Low,Afternoon,Car,12,6.0,25.1
7029,9.68,Rainy,Low,Morning,Bike,24,4.0,58.2
7030,9.99,Clear,Low,Morning,Bike,8,6.0,38.4
7031,10.86,Clear,High,Afternoon,Bike,22,5.0,60.1
7032,9.8,Snowy,Low,Morning,Scooter,16,6.0,43.7
7033,10.54,Clear,Medium,Afternoon,Scooter,14,3.0,39.7
7034,8.41,Rainy,Medium,Evening,Scooter,30,5.0,62.1
7035,11.06,Rainy,High,Morning,Car,14,5.0,57.5
7036,8.01,Clear,Medium,Afternoon,Bike,13,5.0,38.7
7037,10.57,Snowy,High,Evening,Bike,17,4.0,66.7
7038,11.31,Clear,Medium,Afternoon,Scooter,15,3.0,47.9
7039,11.07,Snowy,Medium,Morning,Bike,22,3.0,64.6
7040,8.59,Foggy,High,Morning,Scooter,8,5.0,44.7
7041,11.38,Clear,Low,Morning,Bike,21,5.0,55.4
7042,8.32,Clear,High,Morning,Scooter,16,4.0,51.5
7043,8.27,Clear,Medium,Afternoon,Car,24,3.0,45.6
7044,11.29,Clear,Low,Evening,Bike,15,4.0,50.3
7045,8.73,Clear,Low,Morning,Bike,7,6.0,33.4
7046,9.79,Windy,High,Night,Car,23,5.0,56.7
7047,11.75,Clear,Medium,Morning,Bike,11,6.0,51.1
7048,8.84,Snowy,Medium,Evening,Scooter,17,3.0,57.9
7049,11.12,Clear,Low,Afternoon,Car,25,4.0,51.1
7050,10.34,Windy,High,Afternoon,Bike,28,5.0,67.9
7051,9.62,Clear,High,Evening,Bike,14,6.0,52.8
7052,9.84,Clear,High,Night,Bike,25,6.0,61.6
7053,9.64,Rainy,Low,Evening,Bike,23,3.0,59.5
7054,11.31,Clear,Low,Morning,Bike,28,6.0,64.9
7055,11.26,Snowy,High,Morning,Bike,24,3.0,80.5
7056,9.49,Clear,High,Night,Bike,10,4.0,44.3
7057,10.79,Rainy,High,Morning,Scooter,29,3.0,71.5
7058,10.13,Rainy,High,Afternoon,Bike,8,4.0,57.6
7059,10.99,Rainy,High,Morning,Bike,15,4.0,64.7
7060,8.2,Clear,Medium,Morning,Bike,16,5.0,48.0
7061,9.34,Clear,Medium,Afternoon,Scooter,17,3.0,43.7
7062,9.34,Clear,High,Night,Bike,13,3.0,52.2
7063,10.39,Clear,Low,Morning,Bike,11,5.0,39.2
7064,8.83,Clear,Medium,Morning,Car,25,3.0,53.0
7065,10.13,Windy,Low,Afternoon,Scooter,20,3.0,43.8
7066,11.92,Rainy,Low,Evening,Scooter,17,6.0,61.0
7067,8.17,Rainy,High,Evening,Scooter,23,3.0,61.9
7068,10.01,Clear,High,Morning,Bike,28,3.0,71.9
7069,8.55,Clear,Medium,Night,Bike,13,4.0,49.9
7070,10.33,Rainy,Low,Morning,Bike,15,4.0,55.6
7071,8.96,Clear,Medium,Morning,Car,29,3.0,56.8
7072,11.61,Clear,High,Evening,Car,18,4.0,57.6
7073,9.27,Clear,Medium,Morning,Scooter,14,6.0,40.4
7074,11.83,Rainy,Low,Evening,Bike,12,6.0,56.5
7075,8.02,Windy,Low,Evening,Scooter,32,3.0,56.2
7076,11.33,Clear,Low,Evening,Scooter,18,5.0,45.7
7077,9.05,Rainy,Low,Evening,Bike,26,5.0,57.3
7078,8.81,Clear,Low,Morning,Bike,20,6.0,44.8
7079,11.54,Clear,Low,Afternoon,Bike,17,6.0,45.0
7080,9.22,Foggy,Medium,Evening,Bike,26,5.0,67.6
7081,10.34,Clear,Medium,Evening,Scooter,15,6.0,46.9
7082,10.95,Rainy,Low,Morning,Bike,23,4.0,65.0
7083,9.68,Clear,Medium,Evening,Scooter,17,3.0,41.6
7084,8.41,Clear,Low,Afternoon,Bike,27,4.0,53.3
7085,11.69,Windy,Medium,Afternoon,Bike,18,3.0,52.9
7086,10.59,Clear,High,Afternoon,Scooter,15,3.0,52.8
7087,11.57,Foggy,Medium,Morning,Scooter,22,3.0,53.3
7088,11.07,Clear,Low,Night,Car,26,5.0,47.6
7089,11.1,Windy,Medium,Morning,Scooter,26,6.0,64.7
7090,10.36,Clear,Low,Morning,Car,17,3.0,39.5
7091,8.02,Clear,Medium,Evening,Bike,17,5.0,47.8
7092,11.53,Foggy,Low,Morning,Scooter,12,6.0,47.5
7093,11.32,Clear,Medium,Evening,Bike,8,4.0,48.7
7094,10.91,Clear,Low,Morning,Scooter,29,3.0,52.5
7095,11.51,Windy,Low,Afternoon,Scooter,22,5.0,52.3
7096,8.74,Rainy,High,Afternoon,Bike,19,3.0,66.6
7097,9.13,Rainy,Low,Evening,Scooter,19,3.0,53.9
7098,8.63,Rainy,Low,Evening,Scooter,8,4.0,33.9
7099,10.59,Snowy,High,Morning,Bike,17,3.0,67.2
7100,9.75,Snowy,Medium,Afternoon,Scooter,28,4.0,65.3
7101,8.41,Rainy,Low,Evening,Car,17,6.0,44.7
7102,10.3,Clear,Medium,Evening,Bike,19,3.0,58.5
7103,9.36,Clear,Low,Morning,Scooter,16,5.0,37.2
7104,9.96,Rainy,Medium,Morning,Car,11,6.0,46.1
7105,9.05,Snowy,Low,Evening,Bike,15,3.0,50.7
7106,8.64,Clear,Low,Afternoon,Bike,10,4.0,29.6
7107,9.8,Clear,Low,Afternoon,Scooter,19,5.0,40.8
7108,8.9,Clear,Medium,Night,Scooter,32,5.0,56.4
7109,9.62,Rainy,Low,Evening,Scooter,15,4.0,48.1
7110,9.53,Snowy,High,Evening,Scooter,26,5.0,70.3
7111,11.76,Clear,Medium,Afternoon,Scooter,9,5.0,41.9
7112,8.75,Rainy,Medium,Evening,Bike,18,3.0,55.1
7113,9.15,Foggy,High,Evening,Bike,21,6.0,63.2
7114,11.17,Windy,High,Afternoon,Scooter,15,4.0,50.9
7115,9.18,Clear,Medium,Morning,Bike,10,5.0,44.0
7116,9.92,Windy,Low,Morning,Car,13,5.0,44.3
7117,11.05,Rainy,Medium,Evening,Bike,10,5.0,55.4
7118,8.02,Foggy,High,Evening,Bike,27,6.0,67.7
7119,11.83,Clear,Low,Morning,Scooter,6,6.0,33.8
7120,9.85,Rainy,Low,Morning,Bike,10,5.0,43.9
7121,11.04,Rainy,Medium,Morning,Bike,24,5.0,71.6
7122,11.68,Clear,Low,Afternoon,Car,14,4.0,38.5
7123,11.51,Clear,Medium,Afternoon,Scooter,15,5.0,40.3
7124,8.88,Rainy,High,Afternoon,Bike,15,3.0,61.0
7125,10.22,Rainy,Low,Afternoon,Bike,27,3.0,58.1
7126,9.64,Clear,Low,Morning,Scooter,28,5.0,50.2
7127,10.13,Clear,High,Morning,Bike,28,4.0,71.1
7128,11.12,Clear,Medium,Evening,Bike,15,4.0,51.3
7129,9.42,Windy,Medium,Evening,Bike,13,6.0,55.9
7130,9.91,Windy,Low,Afternoon,Scooter,25,4.0,48.7
7131,10.43,Clear,Low,Morning,Bike,25,4.0,57.4
7132,9.08,Clear,Medium,Night,Scooter,15,5.0,35.3
7133,10.43,Clear,Low,Morning,Bike,19,5.0,47.1
7134,8.6,Clear,Low,Evening,Scooter,16,6.0,36.9
7135,10.49,Snowy,Low,Afternoon,Scooter,7,4.0,42.7
7136,8.57,Rainy,Low,Evening,Bike,16,6.0,45.0
7137,11.1,Clear,Medium,Afternoon,Scooter,27,3.0,61.2
7138,8.78,Clear,Medium,Afternoon,Bike,26,5.0,54.7
7139,10.58,Clear,Low,Afternoon,Car,11,3.0,33.5
7140,10.32,Snowy,Low,Afternoon,Scooter,15,6.0,43.9
7141,9.7,Rainy,Low,Evening,Bike,10,6.0,41.8
7142,10.58,Rainy,High,Evening,Scooter,14,4.0,53.3
7143,11.39,Clear,Medium,Afternoon,Car,14,6.0,42.4
7144,8.48,Windy,Low,Evening,Bike,9,3.0,40.7
7145,10.71,Clear,Medium,Evening,Bike,27,4.0,63.1
7146,9.64,Snowy,Medium,Evening,Scooter,25,4.0,61.1
7147,10.7,Snowy,High,Morning,Bike,28,5.0,78.9
7148,11.5,Clear,High,Evening,Scooter,23,5.0,64.4
7149,10.61,Snowy,Medium,Night,Bike,23,3.0,67.1
7150,8.64,Clear,High,Morning,Scooter,24,6.0,59.4
7151,9.66,Rainy,Medium,Morning,Bike,21,3.0,58.6
7152,10.2,Clear,High,Morning,Bike,12,6.0,51.6
7153,8.51,Clear,High,Evening,Car,12,4.0,44.0
7154,10.57,Clear,Medium,Morning,Scooter,18,5.0,52.2
7155,10.85,Clear,Low,Afternoon,Bike,21,4.0,46.7
7156,11.05,Clear,High,Morning,Scooter,8,4.0,49.5
7157,8.48,Clear,Medium,Morning,Bike,19,4.0,48.4
7158,10.82,Rainy,Medium,Morning,Bike,27,4.0,72.1
7159,9.46,Clear,Low,Morning,Scooter,11,6.0,33.3
7160,8.84,Clear,Medium,Afternoon,Car,15,5.0,36.4
7161,10.1,Windy,Medium,Afternoon,Bike,32,4.0,74.1
7162,10.29,Windy,Medium,Afternoon,Car,15,5.0,42.6
7163,9.83,Clear,Low,Afternoon,Scooter,8,3.0,28.6
7164,11.36,Clear,Medium,Morning,Bike,21,5.0,54.7
7165,8.62,Rainy,Low,Afternoon,Scooter,32,3.0,61.1
7166,9.63,Foggy,Medium,Evening,Bike,13,3.0,51.8
7167,9.07,Clear,Medium,Afternoon,Scooter,13,5.0,37.9
7168,8.2,Foggy,Low,Evening,Scooter,17,4.0,41.1
7169,9.36,Clear,Medium,Evening,Bike,18,3.0,54.0
7170,10.87,Clear,Low,Morning,Bike,24,3.0,58.9
7171,10.09,Foggy,Medium,Morning,Bike,33,5.0,77.1
7172,9.67,Rainy,Low,Evening,Bike,24,5.0,58.9
7173,9.9,Snowy,Medium,Evening,Car,14,3.0,52.2
7174,9.25,Clear,High,Night,Car,24,3.0,52.6
7175,8.49,Clear,Medium,Morning,Scooter,20,5.0,47.7
7176,10.36,Clear,High,Evening,Scooter,18,6.0,56.0
7177,11.26,Clear,Medium,Evening,Bike,20,6.0,58.8
7178,11.16,Clear,Medium,Morning,Scooter,17,6.0,47.4
7179,8.93,Rainy,Low,Evening,Bike,20,3.0,55.2
7180,9.74,Rainy,Medium,Evening,Bike,22,5.0,60.4
7181,10.21,Rainy,Low,Evening,Bike,7,4.0,43.7
7182,11.21,Clear,High,Morning,Car,20,3.0,63.0
7183,8.79,Clear,Low,Morning,Scooter,12,3.0,34.9
7184,8.53,Rainy,Low,Morning,Bike,15,4.0,45.7
7185,11.73,Clear,High,Afternoon,Car,17,4.0,53.5
7186,8.58,Snowy,Low,Afternoon,Scooter,31,3.0,62.8
7187,11.96,Clear,Medium,Morning,Scooter,15,6.0,47.4
7188,10.4,Rainy,High,Afternoon,Bike,25,3.0,67.0
7189,10.0,Snowy,Medium,Night,Bike,15,6.0,53.0
7190,8.76,Rainy,Medium,Morning,Bike,13,4.0,51.6
7191,11.44,Rainy,Medium,Morning,Scooter,17,4.0,63.3
7192,8.69,Rainy,Medium,Morning,Scooter,10,4.0,41.5
7193,9.61,Clear,Medium,Morning,Bike,25,5.0,54.1
7194,8.19,Rainy,Medium,Afternoon,Bike,18,6.0,52.2
7195,8.09,Snowy,Low,Afternoon,Scooter,21,4.0,46.3
7196,10.92,Windy,Low,Evening,Car,24,6.0,48.4
7197,8.83,Clear,High,Evening,Bike,16,6.0,55.8
7198,10.4,Clear,Medium,Afternoon,Scooter,17,6.0,44.6
7199,10.89,Foggy,Medium,Morning,Car,14,5.0,53.0
7200,9.97,Rainy,Low,Morning,Scooter,22,3.0,57.3
7201,10.63,Clear,Medium,Morning,Bike,25,4.0,58.4
7202,8.96,Clear,Medium,Afternoon,Scooter,19,5.0,38.7
7203,11.27,Clear,Low,Afternoon,Car,8,6.0,32.6
7204,8.82,Clear,Low,Afternoon,Scooter,22,3.0,41.2
7205,10.36,Clear,Medium,Afternoon,Bike,21,5.0,61.8
7206,11.34,Clear,Low,Morning,Bike,15,5.0,49.8
7207,11.17,Clear,Low,Evening,Bike,16,3.0,52.9
7208,8.21,Windy,High,Afternoon,Bike,18,5.0,51.2
7209,9.47,Clear,Medium,Night,Scooter,24,4.0,50.2
7210,11.41,Clear,Low,Evening,Bike,21,4.0,56.1
7211,11.4,Clear,Low,Morning,Scooter,18,5.0,45.8
7212,10.55,Clear,Medium,Night,Scooter,24,3.0,53.6
7213,8.43,Windy,Low,Evening,Scooter,26,6.0,50.7
7214,9.62,Windy,Low,Evening,Bike,9,3.0,39.2
7215,11.84,Clear,Medium,Morning,Bike,10,5.0,46.4
7216,8.43,Clear,Low,Morning,Bike,17,4.0,42.6
7217,11.21,Clear,Low,Evening,Car,24,5.0,48.4
7218,9.67,Clear,Low,Evening,Bike,11,3.0,37.8
7219,10.98,Clear,Medium,Morning,Bike,26,6.0,62.2
7220,8.22,Clear,Low,Morning,Bike,11,3.0,33.4
7221,8.04,Clear,Medium,Evening,Scooter,21,4.0,50.6
7222,9.2,Rainy,Low,Evening,Scooter,24,6.0,55.4
7223,11.48,Clear,Low,Morning,Car,9,4.0,37.9
7224,10.72,Clear,Low,Morning,Bike,25,3.0,54.3
7225,10.45,Clear,Low,Afternoon,Bike,25,3.0,49.3
7226,11.99,Clear,Medium,Night,Scooter,12,3.0,48.5
7227,9.39,Clear,Medium,Evening,Bike,13,3.0,47.3
7228,11.4,Clear,Low,Afternoon,Bike,26,6.0,55.2
7229,8.44,Clear,Medium,Afternoon,Car,30,6.0,47.5
7230,8.68,Clear,Low,Morning,Scooter,17,6.0,37.6
7231,9.91,Foggy,Low,Afternoon,Bike,11,5.0,44.4
7232,11.84,Windy,High,Evening,Car,14,4.0,57.0
7233,10.81,Clear,Medium,Evening,Bike,15,6.0,50.4
7234,8.45,Clear,Low,Evening,Bike,20,6.0,46.7
7235,11.82,Foggy,Medium,Morning,Bike,22,5.0,67.0
7236,11.06,Rainy,High,Afternoon,Bike,20,3.0,73.8
7237,10.95,Clear,Low,Afternoon,Bike,27,6.0,53.6
7238,10.21,Clear,Low,Morning,Car,7,5.0,32.4
7239,9.57,Clear,Low,Evening,Car,16,5.0,37.6
7240,8.44,Rainy,Medium,Night,Scooter,14,6.0,41.0
7241,10.48,Clear,Low,Afternoon,Car,23,4.0,44.9
7242,8.51,Clear,High,Afternoon,Bike,21,4.0,50.9
7243,10.36,Clear,Medium,Morning,Bike,27,4.0,66.4
7244,10.16,Clear,High,Evening,Bike,15,3.0,53.6
7245,10.39,Clear,High,Morning,Bike,26,5.0,65.2
7246,11.31,Rainy,High,Afternoon,Bike,18,5.0,62.0
7247,9.64,Rainy,High,Afternoon,Bike,12,4.0,57.7
7248,9.75,Clear,Medium,Afternoon,Car,25,5.0,46.1
7249,8.24,Clear,Low,Morning,Bike,13,4.0,40.3
7250,9.15,Snowy,Medium,Night,Scooter,23,6.0,55.5
7251,8.32,Clear,Low,Night,Bike,18,5.0,39.0
7252,8.57,Clear,Medium,Afternoon,Scooter,18,4.0,40.8
7253,9.71,Clear,High,Afternoon,Scooter,18,5.0,57.3
7254,9.63,Snowy,Medium,Evening,Bike,31,4.0,70.8
7255,11.74,Foggy,Medium,Morning,Bike,19,5.0,64.3
7256,8.48,Snowy,Medium,Morning,Scooter,9,5.0,46.6
7257,8.6,Rainy,Low,Morning,Scooter,30,3.0,57.8
7258,11.0,Clear,Medium,Morning,Bike,14,3.0,53.6
7259,8.09,Clear,Medium,Afternoon,Bike,17,3.0,42.1
7260,10.6,Clear,Medium,Evening,Bike,25,3.0,59.3
7261,10.99,Rainy,Medium,Morning,Bike,10,5.0,50.7
7262,10.52,Rainy,High,Morning,Car,13,3.0,57.6
7263,9.15,Clear,Low,Afternoon,Bike,26,6.0,46.7
7264,8.41,Snowy,Medium,Night,Bike,11,4.0,46.5
7265,11.98,Clear,Medium,Evening,Scooter,18,4.0,55.0
7266,11.44,Clear,Medium,Afternoon,Scooter,12,4.0,46.0
7267,10.92,Clear,Medium,Night,Bike,15,5.0,43.8
7268,8.75,Snowy,Medium,Afternoon,Scooter,24,5.0,59.2
7269,9.72,Windy,Medium,Afternoon,Scooter,30,5.0,61.0
7270,10.84,Rainy,Medium,Evening,Bike,19,3.0,67.9
7271,8.41,Windy,Medium,Night,Bike,15,6.0,44.0
7272,11.83,Snowy,Low,Morning,Car,10,4.0,52.3
7273,11.82,Snowy,Medium,Afternoon,Bike,16,6.0,62.2
7274,8.6,Snowy,Low,Evening,Bike,24,5.0,54.3
7275,8.79,Clear,Low,Morning,Scooter,23,3.0,47.4
7276,9.46,Foggy,High,Afternoon,Bike,15,5.0,55.8
7277,9.8,Rainy,Medium,Afternoon,Bike,12,6.0,51.9
7278,9.76,Foggy,Low,Afternoon,Bike,18,6.0,50.4
7279,10.75,Clear,High,Night,Bike,25,5.0,60.7
7280,9.88,Foggy,High,Afternoon,Scooter,19,6.0,58.9
7281,8.74,Windy,High,Evening,Bike,18,5.0,58.8
7282,9.04,Clear,Medium,Night,Bike,22,3.0,50.0
7283,9.64,Windy,High,Morning,Scooter,11,3.0,55.8
7284,10.08,Clear,High,Morning,Scooter,20,6.0,55.1
7285,11.69,Clear,Medium,Evening,Scooter,10,5.0,44.8
7286,8.38,Clear,Medium,Evening,Bike,12,6.0,42.6
7287,11.22,Foggy,High,Afternoon,Bike,9,6.0,54.6
7288,9.24,Rainy,Medium,Afternoon,Car,20,4.0,54.9
7289,10.91,Clear,Low,Morning,Bike,30,3.0,67.0
7290,9.03,Rainy,Low,Afternoon,Bike,12,6.0,44.0
7291,9.54,Clear,Low,Evening,Scooter,17,6.0,35.3
7292,9.77,Clear,Medium,Night,Scooter,27,5.0,57.9
7293,11.0,Snowy,Low,Evening,Car,26,3.0,64.2
7294,8.67,Rainy,Low,Evening,Bike,16,6.0,51.8
7295,9.39,Foggy,High,Afternoon,Car,23,6.0,56.2
7296,10.11,Rainy,Medium,Evening,Bike,9,5.0,51.2
7297,10.63,Windy,Medium,Morning,Car,23,5.0,59.2
7298,8.3,Clear,Medium,Morning,Bike,22,6.0,58.7
7299,8.38,Clear,Medium,Morning,Car,19,6.0,44.4
7300,10.87,Clear,High,Evening,Car,11,3.0,45.4
7301,9.46,Rainy,Medium,Afternoon,Scooter,14,4.0,49.2
7302,8.66,Rainy,Medium,Evening,Scooter,12,5.0,46.5
7303,9.05,Foggy,High,Afternoon,Bike,9,3.0,46.9
7304,10.39,Clear,Medium,Morning,Bike,27,3.0,63.7
7305,11.81,Clear,Medium,Morning,Bike,12,5.0,52.4
7306,10.93,Rainy,Low,Afternoon,Scooter,13,6.0,45.6
7307,11.19,Windy,Medium,Afternoon,Bike,22,6.0,56.6
7308,10.43,Clear,High,Afternoon,Bike,15,3.0,52.8
7309,9.48,Clear,Low,Afternoon,Bike,16,3.0,40.8
7310,11.85,Clear,Medium,Night,Scooter,9,4.0,45.9
7311,8.33,Clear,Low,Night,Bike,28,6.0,52.8
7312,11.23,Clear,High,Afternoon,Scooter,34,6.0,70.8
7313,9.03,Clear,Medium,Evening,Bike,16,6.0,49.8
7314,10.43,Rainy,Low,Morning,Bike,13,4.0,49.6
7315,11.93,Clear,Low,Afternoon,Scooter,22,3.0,50.8
7316,11.37,Clear,Low,Evening,Bike,23,5.0,52.0
7317,11.4,Clear,Low,Morning,Scooter,12,6.0,40.9
7318,11.29,Windy,Medium,Morning,Bike,17,4.0,52.3
7319,9.82,Clear,Low,Night,Car,13,3.0,27.9
7320,9.57,Clear,Medium,Morning,Bike,13,5.0,41.3
7321,10.07,Clear,Low,Afternoon,Bike,18,3.0,50.0
7322,9.14,Rainy,Low,Afternoon,Car,16,6.0,39.0
7323,9.91,Snowy,Medium,Afternoon,Car,17,4.0,48.3
7324,8.51,Clear,Medium,Morning,Bike,16,6.0,54.4
7325,11.57,Clear,High,Afternoon,Bike,10,5.0,48.1
7326,10.94,Clear,Medium,Afternoon,Bike,10,4.0,45.2
7327,8.25,Rainy,Medium,Morning,Scooter,14,4.0,46.4
7328,10.64,Windy,Medium,Afternoon,Bike,18,5.0,55.8
7329,11.03,Clear,Low,Morning,Bike,13,3.0,45.4
7330,11.45,Clear,Medium,Afternoon,Scooter,20,4.0,48.5
7331,9.32,Foggy,High,Afternoon,Bike,23,6.0,58.9
7332,10.52,Foggy,Low,Evening,Car,27,6.0,53.4
7333,9.1,Clear,Medium,Night,Bike,29,3.0,56.2
7334,11.4,Clear,Low,Evening,Car,15,5.0,35.8
7335,11.5,Clear,Medium,Afternoon,Scooter,29,6.0,60.9
7336,8.31,Foggy,Medium,Afternoon,Car,26,4.0,56.2
7337,9.14,Foggy,Low,Morning,Scooter,15,3.0,42.3
7338,8.41,Rainy,Medium,Night,Bike,16,4.0,44.9
7339,9.6,Snowy,High,Afternoon,Bike,12,6.0,58.6
7340,8.02,Clear,Low,Evening,Bike,26,3.0,52.3
7341,11.13,Clear,Medium,Afternoon,Scooter,18,4.0,45.1
7342,9.73,Clear,High,Morning,Bike,13,6.0,52.6
7343,10.14,Snowy,Low,Morning,Scooter,24,5.0,51.0
7344,10.97,Rainy,Medium,Morning,Car,26,4.0,64.8
7345,10.85,Clear,Low,Evening,Bike,20,5.0,50.4
7346,9.26,Clear,High,Morning,Scooter,16,3.0,56.6
7347,11.13,Foggy,Low,Morning,Car,13,5.0,44.2
7348,10.56,Foggy,Low,Night,Scooter,23,4.0,51.1
7349,8.87,Rainy,Low,Evening,Bike,23,6.0,61.8
7350,8.12,Clear,Medium,Afternoon,Bike,18,5.0,42.5
7351,11.02,Windy,Medium,Morning,Scooter,23,3.0,56.0
7352,8.66,Foggy,Low,Morning,Bike,13,5.0,46.8
7353,8.45,Rainy,High,Afternoon,Scooter,18,5.0,57.7
7354,9.68,Rainy,Low,Evening,Car,15,4.0,48.1
7355,11.69,Windy,Medium,Evening,Bike,33,5.0,74.0
7356,10.87,Windy,Medium,Night,Bike,16,4.0,50.4
7357,11.19,Rainy,Medium,Morning,Bike,13,5.0,53.9
7358,9.08,Clear,Medium,Evening,Car,13,3.0,38.5
7359,11.34,Clear,Low,Afternoon,Bike,33,4.0,57.0
7360,9.66,Snowy,Medium,Morning,Bike,34,5.0,76.9
7361,11.92,Rainy,High,Afternoon,Scooter,24,3.0,74.4
7362,10.28,Clear,Low,Evening,Bike,17,6.0,44.4
7363,10.42,Clear,Low,Morning,Bike,21,3.0,52.5
7364,11.66,Snowy,High,Evening,Scooter,22,6.0,73.7
7365,11.79,Snowy,Low,Evening,Scooter,11,5.0,48.9
7366,8.07,Windy,High,Afternoon,Bike,12,5.0,46.6
7367,8.93,Clear,High,Night,Bike,16,4.0,55.1
7368,10.46,Foggy,Low,Afternoon,Scooter,16,4.0,44.2
7369,8.01,Snowy,Medium,Evening,Bike,17,5.0,61.0
7370,9.27,Clear,Medium,Night,Car,15,4.0,46.2
7371,8.79,Clear,High,Afternoon,Bike,20,5.0,51.7
7372,10.09,Windy,Medium,Morning,Bike,23,6.0,60.1
7373,10.39,Clear,High,Morning,Scooter,26,5.0,63.4
7374,8.76,Rainy,Medium,Morning,Scooter,16,5.0,49.8
7375,10.15,Rainy,Low,Morning,Bike,14,5.0,49.0
7376,9.59,Rainy,Medium,Evening,Scooter,12,3.0,54.5
7377,11.96,Clear,High,Evening,Car,19,3.0,59.8
7378,8.26,Foggy,Medium,Night,Bike,8,3.0,48.8
7379,11.36,Clear,Medium,Evening,Bike,26,4.0,63.4
7380,12.0,Snowy,High,Morning,Bike,17,4.0,77.5
7381,10.17,Clear,Medium,Night,Bike,20,3.0,57.9
7382,10.72,Foggy,Medium,Evening,Bike,16,5.0,57.3
7383,8.51,Foggy,High,Morning,Car,6,6.0,43.5
7384,9.4,Clear,High,Morning,Car,24,6.0,59.7
7385,8.73,Clear,Medium,Afternoon,Car,17,5.0,37.5
7386,10.33,Foggy,Low,Evening,Bike,16,3.0,56.9
7387,11.77,Clear,Medium,Afternoon,Bike,23,5.0,55.5
7388,8.12,Clear,Medium,Afternoon,Bike,15,6.0,39.7
7389,9.98,Clear,Low,Afternoon,Bike,20,6.0,42.8
7390,10.89,Windy,Medium,Afternoon,Scooter,22,6.0,54.0
7391,9.72,Rainy,Low,Afternoon,Bike,32,3.0,65.6
7392,10.16,Clear,Medium,Afternoon,Bike,23,4.0,53.0
7393,9.81,Windy,High,Morning,Car,8,5.0,45.2
7394,10.39,Clear,Low,Evening,Scooter,20,3.0,43.7
7395,8.27,Clear,Medium,Evening,Car,20,4.0,49.3
7396,10.19,Clear,High,Evening,Bike,11,3.0,55.7
7397,10.05,Clear,High,Evening,Car,23,3.0,58.3
7398,8.73,Clear,Medium,Afternoon,Bike,16,5.0,43.6
7399,10.14,Rainy,High,Evening,Bike,20,5.0,66.3
7400,9.85,Clear,Medium,Evening,Bike,14,3.0,47.1
7401,10.37,Rainy,Medium,Evening,Scooter,12,5.0,47.6
7402,10.26,Clear,Medium,Afternoon,Bike,16,6.0,44.2
7403,9.62,Clear,Medium,Evening,Scooter,13,3.0,47.2
7404,11.12,Clear,Low,Afternoon,Bike,32,6.0,62.0
7405,9.43,Rainy,Low,Evening,Car,22,5.0,46.6
7406,9.9,Foggy,High,Evening,Bike,8,6.0,55.3
7407,9.71,Clear,Medium,Afternoon,Scooter,16,6.0,38.1
7408,9.94,Clear,Medium,Night,Car,28,5.0,55.2
7409,11.2,Clear,Medium,Afternoon,Scooter,19,4.0,49.5
7410,10.84,Snowy,Medium,Night,Car,17,3.0,53.5
7411,8.17,Clear,High,Evening,Scooter,18,6.0,51.7
7412,9.98,Foggy,Low,Night,Bike,15,5.0,49.0
7413,8.5,Clear,Low,Afternoon,Scooter,16,4.0,28.7
7414,10.92,Clear,Low,Afternoon,Scooter,13,5.0,39.4
7415,11.95,Foggy,Medium,Afternoon,Bike,22,5.0,59.9
7416,10.48,Clear,Medium,Afternoon,Bike,13,3.0,50.5
7417,9.52,Clear,Low,Evening,Bike,16,4.0,47.1
7418,8.29,Windy,High,Evening,Bike,28,4.0,65.5
7419,9.33,Clear,Medium,Evening,Car,16,5.0,41.8
7420,10.1,Clear,Medium,Afternoon,Car,15,4.0,42.3
7421,11.52,Clear,Low,Evening,Scooter,16,4.0,47.8
7422,10.05,Rainy,Medium,Afternoon,Bike,14,5.0,53.5
7423,11.94,Foggy,Low,Evening,Bike,22,6.0,60.8
7424,9.48,Clear,Medium,Evening,Bike,21,3.0,54.1
7425,8.0,Windy,Low,Morning,Bike,14,3.0,42.9
7426,10.51,Rainy,Medium,Morning,Scooter,16,5.0,54.9
7427,8.88,Windy,High,Afternoon,Scooter,18,6.0,46.4
7428,8.98,Snowy,Low,Evening,Bike,26,6.0,63.2
7429,8.07,Windy,Medium,Morning,Bike,15,4.0,48.3
7430,10.13,Rainy,Low,Evening,Car,19,4.0,54.0
7431,8.99,Clear,Low,Evening,Bike,29,6.0,58.7
7432,11.98,Clear,Low,Morning,Bike,14,3.0,49.1
7433,11.34,Rainy,High,Morning,Bike,22,4.0,76.9
7434,10.88,Clear,High,Afternoon,Bike,21,4.0,62.4
7435,9.42,Foggy,Medium,Afternoon,Scooter,12,4.0,43.3
7436,8.29,Clear,Medium,Night,Scooter,32,4.0,51.6
7437,10.68,Snowy,Medium,Morning,Scooter,24,6.0,65.4
7438,8.09,Clear,Low,Morning,Bike,16,6.0,39.2
7439,9.77,Windy,High,Morning,Car,19,4.0,56.8
7440,8.21,Clear,Low,Evening,Scooter,15,4.0,36.0
7441,10.24,Clear,Medium,Morning,Car,14,6.0,46.2
7442,10.24,Snowy,High,Morning,Bike,27,3.0,83.4
7443,10.12,Snowy,Low,Evening,Car,19,5.0,50.8
7444,10.86,Foggy,Medium,Evening,Scooter,16,3.0,51.1
7445,8.91,Windy,High,Evening,Bike,26,5.0,64.7
7446,8.97,Clear,Medium,Afternoon,Bike,17,3.0,50.7
7447,9.66,Snowy,Low,Afternoon,Bike,12,3.0,50.3
7448,10.81,Clear,Low,Evening,Car,12,5.0,33.4
7449,8.47,Rainy,High,Morning,Bike,29,5.0,69.2
7450,11.54,Clear,Medium,Evening,Scooter,16,4.0,49.2
7451,9.01,Clear,Medium,Morning,Scooter,16,3.0,51.4
7452,8.51,Rainy,Low,Morning,Scooter,18,6.0,47.4
7453,10.4,Foggy,High,Evening,Bike,19,6.0,64.6
7454,9.1,Clear,Medium,Morning,Car,17,5.0,43.6
7455,9.64,Windy,Medium,Morning,Bike,29,5.0,60.6
7456,8.24,Rainy,High,Afternoon,Car,15,5.0,48.3
7457,9.86,Clear,Low,Afternoon,Bike,11,6.0,38.8
7458,9.21,Rainy,Medium,Morning,Bike,33,3.0,73.3
7459,8.68,Clear,Medium,Evening,Bike,13,5.0,44.4
7460,9.55,Clear,Low,Night,Scooter,29,3.0,51.2
7461,11.08,Rainy,Low,Morning,Scooter,25,4.0,56.6
7462,11.05,Clear,Low,Afternoon,Bike,23,4.0,51.9
7463,9.44,Clear,Low,Morning,Bike,11,6.0,35.7
7464,11.9,Foggy,Medium,Night,Scooter,8,4.0,43.3
7465,8.5,Clear,High,Morning,Bike,12,3.0,49.8
7466,11.42,Snowy,Medium,Morning,Bike,16,5.0,63.0
7467,11.92,Foggy,High,Night,Scooter,24,4.0,67.1
7468,10.29,Clear,Medium,Afternoon,Bike,16,5.0,47.4
7469,8.24,Rainy,Medium,Morning,Bike,8,3.0,46.8
7470,11.68,Clear,Medium,Afternoon,Bike,10,6.0,44.5
7471,9.75,Rainy,Medium,Afternoon,Scooter,17,5.0,47.7
7472,8.69,Clear,Medium,Evening,Scooter,8,5.0,29.6
7473,11.57,Windy,Low,Morning,Bike,23,6.0,57.8
7474,9.71,Clear,High,Morning,Bike,14,3.0,53.5
7475,10.0,Rainy,Low,Night,Bike,17,4.0,51.0
7476,10.28,Clear,Low,Morning,Bike,24,4.0,52.6
7477,11.63,Clear,Medium,Morning,Bike,19,4.0,52.5
7478,10.01,Clear,High,Morning,Bike,27,6.0,67.1
7479,11.55,Rainy,Medium,Morning,Scooter,25,6.0,69.0
7480,8.68,Windy,Medium,Evening,Bike,12,3.0,49.2
7481,10.47,Clear,Medium,Evening,Car,8,3.0,35.0
7482,10.1,Clear,Medium,Morning,Car,26,3.0,54.5
7483,9.3,Clear,Low,Morning,Bike,21,3.0,48.2
7484,8.85,Clear,Medium,Morning,Scooter,28,6.0,55.3
7485,8.28,Snowy,Medium,Morning,Scooter,10,3.0,46.7
7486,9.05,Windy,High,Morning,Bike,32,3.0,69.8
7487,10.72,Snowy,Medium,Afternoon,Bike,32,6.0,73.6
7488,9.11,Clear,Low,Morning,Car,14,5.0,39.3
7489,10.91,Clear,Medium,Morning,Bike,9,5.0,44.0
7490,11.5,Foggy,High,Evening,Scooter,16,3.0,58.8
7491,10.78,Clear,Low,Afternoon,Scooter,17,3.0,45.2
7492,11.22,Rainy,Medium,Afternoon,Bike,14,5.0,60.4
7493,10.29,Clear,High,Night,Scooter,9,5.0,41.4
7494,11.79,Clear,Low,Morning,Car,26,3.0,54.9
7495,11.05,Snowy,Medium,Morning,Bike,13,4.0,61.6
7496,9.29,Clear,Low,Morning,Bike,26,6.0,55.5
7497,10.89,Windy,Low,Morning,Bike,14,6.0,44.0
7498,10.69,Clear,Medium,Night,Scooter,26,3.0,55.6
7499,11.01,Clear,Medium,Evening,Scooter,14,3.0,45.2
7500,9.28,Clear,Medium,Afternoon,Scooter,10,4.0,37.1
7501,10.04,Clear,Low,Night,Scooter,25,5.0,50.6
7502,11.52,Rainy,High,Afternoon,Car,14,6.0,55.7
7503,11.9,Clear,Low,Evening,Bike,15,5.0,45.6
7504,9.44,Rainy,High,Afternoon,Car,16,5.0,55.8
7505,9.95,Snowy,Medium,Evening,Bike,20,4.0,63.7
7506,9.32,Clear,Low,Morning,Bike,20,4.0,49.5
7507,10.87,Clear,High,Evening,Bike,10,3.0,51.8
7508,8.16,Clear,Low,Night,Bike,30,4.0,47.6
7509,11.82,Foggy,Medium,Afternoon,Car,9,6.0,40.1
7510,10.2,Rainy,Medium,Evening,Bike,25,5.0,59.3
7511,9.08,Clear,Medium,Afternoon,Scooter,22,5.0,43.7
7512,8.15,Rainy,Low,Evening,Bike,14,6.0,51.8
7513,10.24,Clear,High,Afternoon,Bike,19,3.0,49.3
7514,10.34,Clear,Medium,Evening,Car,19,5.0,44.0
7515,10.78,Clear,Medium,Morning,Car,21,4.0,57.5
7516,10.1,Windy,Medium,Morning,Bike,22,4.0,57.9
7517,10.06,Clear,Low,Afternoon,Bike,18,3.0,43.1
7518,9.22,Clear,Low,Night,Bike,22,4.0,45.8
7519,8.78,Clear,Medium,Morning,Car,13,5.0,34.4
7520,9.0,Rainy,Low,Morning,Bike,21,5.0,57.9
7521,9.5,Clear,Medium,Morning,Bike,16,4.0,50.1
7522,11.09,Clear,Low,Afternoon,Scooter,29,6.0,49.9
7523,8.47,Clear,Low,Evening,Car,26,3.0,49.7
7524,10.57,Rainy,Medium,Evening,Bike,6,3.0,46.5
7525,8.15,Clear,Low,Morning,Scooter,23,5.0,44.0
7526,8.17,Windy,Low,Morning,Bike,20,4.0,45.5
7527,9.09,Clear,Low,Night,Scooter,22,4.0,37.8
7528,9.43,Clear,High,Evening,Bike,14,3.0,61.0
7529,8.76,Windy,Low,Morning,Car,24,5.0,47.7
7530,11.54,Snowy,Medium,Morning,Scooter,11,5.0,58.2
7531,9.22,Clear,High,Morning,Car,27,5.0,58.7
7532,9.87,Snowy,High,Morning,Bike,17,6.0,64.0
7533,11.98,Rainy,Medium,Morning,Car,11,5.0,42.0
7534,9.02,Clear,High,Afternoon,Scooter,22,5.0,51.9
7535,10.48,Snowy,Low,Morning,Scooter,16,4.0,47.7
7536,10.99,Foggy,Medium,Evening,Bike,14,6.0,55.9
7537,9.08,Clear,Low,Evening,Car,21,6.0,37.5
7538,8.23,Rainy,Medium,Evening,Bike,15,6.0,53.9
7539,11.17,Clear,Low,Evening,Scooter,13,3.0,47.9
7540,9.16,Clear,High,Afternoon,Scooter,20,6.0,59.0
7541,9.29,Windy,Medium,Morning,Scooter,15,5.0,48.4
7542,9.66,Rainy,Low,Afternoon,Scooter,9,4.0,36.8
7543,8.16,Rainy,Medium,Morning,Scooter,13,3.0,46.0
7544,11.41,Rainy,Low,Morning,Scooter,17,3.0,51.0
7545,11.45,Rainy,High,Morning,Scooter,19,6.0,62.8
7546,11.49,Clear,Medium,Afternoon,Bike,17,5.0,55.7
7547,8.73,Windy,Low,Evening,Scooter,28,6.0,51.4
7548,11.9,Rainy,Medium,Afternoon,Car,15,6.0,57.1
7549,10.65,Rainy,Low,Morning,Scooter,26,6.0,56.0
7550,10.37,Clear,Low,Evening,Bike,17,4.0,47.0
7551,10.89,Clear,Low,Morning,Bike,21,4.0,48.8
7552,11.02,Clear,Medium,Morning,Car,18,4.0,51.4
7553,9.66,Clear,Low,Evening,Car,11,3.0,33.8
7554,10.34,Clear,Low,Morning,Bike,16,5.0,45.6
7555,10.34,Rainy,Low,Evening,Car,21,6.0,50.2
7556,8.03,Snowy,Low,Evening,Bike,14,3.0,51.5
7557,8.04,Clear,High,Afternoon,Car,15,6.0,43.1
7558,9.88,Clear,Medium,Afternoon,Car,22,5.0,49.2
7559,10.23,Rainy,Medium,Morning,Scooter,22,5.0,57.7
7560,10.83,Clear,High,Morning,Car,18,5.0,55.8
7561,11.01,Windy,Medium,Evening,Scooter,22,3.0,57.9
7562,10.34,Clear,High,Morning,Bike,25,6.0,70.1
7563,9.14,Clear,Low,Morning,Car,18,6.0,39.3
7564,10.48,Clear,High,Evening,Bike,21,5.0,64.0
7565,9.04,Windy,Low,Evening,Bike,7,4.0,36.7
7566,11.27,Clear,High,Evening,Bike,8,3.0,50.6
7567,9.69,Rainy,Low,Morning,Scooter,20,4.0,52.1
7568,11.58,Clear,Low,Morning,Scooter,20,4.0,52.8
7569,8.51,Clear,Medium,Morning,Car,14,6.0,36.8
7570,10.82,Snowy,Medium,Morning,Car,20,4.0,65.4
7571,9.72,Clear,Medium,Afternoon,Car,11,5.0,37.1
7572,8.51,Clear,High,Morning,Scooter,23,4.0,51.2
7573,10.24,Rainy,Medium,Morning,Car,15,3.0,50.0
7574,8.85,Snowy,Low,Afternoon,Bike,19,6.0,57.7
7575,9.17,Clear,Low,Evening,Scooter,31,4.0,54.4
7576,9.82,Clear,Medium,Morning,Bike,18,5.0,49.9
7577,9.46,Windy,High,Afternoon,Bike,18,4.0,54.8
7578,9.55,Rainy,Medium,Afternoon,Bike,11,5.0,47.6
7579,9.59,Snowy,Low,Night,Bike,9,6.0,45.3
7580,8.07,Foggy,Low,Afternoon,Car,28,5.0,46.7
7581,9.47,Foggy,Medium,Afternoon,Bike,26,6.0,57.9
7582,9.57,Clear,Medium,Morning,Car,24,5.0,45.3
7583,10.37,Clear,Low,Evening,Bike,33,5.0,60.1
7584,9.92,Foggy,Medium,Morning,Scooter,10,6.0,43.1
7585,8.69,Foggy,High,Evening,Bike,23,5.0,67.1
7586,10.35,Windy,Low,Night,Car,11,3.0,36.2
7587,8.14,Rainy,Medium,Morning,Bike,20,4.0,62.8
7588,9.33,Clear,Medium,Afternoon,Scooter,22,3.0,45.2
7589,10.48,Rainy,Medium,Evening,Car,21,6.0,57.9
7590,10.5,Rainy,High,Morning,Scooter,14,3.0,60.8
7591,8.72,Clear,Low,Afternoon,Car,27,3.0,41.4
7592,9.36,Foggy,Medium,Evening,Bike,19,6.0,59.7
7593,9.83,Rainy,Low,Evening,Bike,28,3.0,69.9
7594,9.65,Clear,Low,Evening,Bike,17,6.0,44.7
7595,10.74,Rainy,Low,Morning,Bike,15,3.0,52.4
7596,10.96,Rainy,Medium,Morning,Bike,27,6.0,75.0
7597,8.16,Windy,Medium,Afternoon,Scooter,24,5.0,51.3
7598,10.98,Clear,Medium,Afternoon,Car,10,3.0,34.7
7599,11.51,Rainy,Low,Afternoon,Scooter,17,6.0,47.1
7600,11.66,Clear,Low,Afternoon,Car,10,6.0,31.0
7601,8.22,Rainy,Medium,Afternoon,Scooter,26,6.0,52.9
7602,11.53,Clear,Medium,Morning,Bike,17,6.0,52.4
7603,8.65,Snowy,Low,Afternoon,Scooter,14,3.0,41.2
7604,9.35,Windy,Medium,Afternoon,Bike,10,3.0,46.2
7605,9.53,Rainy,Low,Evening,Bike,14,4.0,48.7
7606,9.2,Rainy,Low,Evening,Car,15,5.0,43.5
7607,9.18,Clear,Medium,Afternoon,Bike,31,6.0,62.5
7608,8.68,Rainy,Low,Night,Bike,33,6.0,60.6
7609,10.64,Clear,Medium,Night,Bike,17,4.0,46.4
7610,10.32,Foggy,Low,Evening,Scooter,28,4.0,62.1
7611,10.45,Clear,Medium,Afternoon,Bike,24,6.0,54.2
7612,10.09,Foggy,Low,Evening,Scooter,23,6.0,57.9
7613,8.88,Clear,Low,Afternoon,Bike,14,4.0,40.2
7614,10.35,Rainy,Medium,Afternoon,Scooter,23,5.0,59.4
7615,10.61,Rainy,Low,Night,Car,33,4.0,61.6
7616,8.21,Clear,Low,Night,Bike,25,4.0,50.0
7617,11.95,Clear,High,Evening,Scooter,18,6.0,59.4
7618,10.32,Snowy,Medium,Night,Bike,6,3.0,42.4
7619,10.55,Rainy,Medium,Afternoon,Bike,16,4.0,55.5
7620,10.28,Clear,Medium,Morning,Bike,21,3.0,59.5
7621,10.76,Clear,High,Morning,Bike,11,4.0,51.3
7622,10.63,Clear,Low,Afternoon,Car,16,5.0,44.2
7623,11.2,Rainy,Medium,Morning,Scooter,22,6.0,61.6
7624,8.65,Rainy,Low,Morning,Car,27,4.0,56.3
7625,8.65,Clear,Medium,Evening,Bike,22,6.0,56.9
7626,8.88,Rainy,Low,Morning,Scooter,20,4.0,51.9
7627,11.85,Foggy,Low,Evening,Scooter,13,4.0,47.4
7628,9.43,Foggy,Low,Afternoon,Bike,21,6.0,50.3
7629,9.26,Clear,Low,Morning,Scooter,25,5.0,47.8
7630,8.92,Clear,Medium,Afternoon,Car,17,3.0,40.5
7631,9.93,Clear,Low,Morning,Car,27,3.0,47.6
7632,11.62,Clear,Low,Afternoon,Car,15,4.0,37.4
7633,10.7,Clear,Medium,Evening,Bike,20,3.0,54.1
7634,8.75,Clear,High,Afternoon,Car,25,6.0,52.6
7635,11.35,Clear,Low,Afternoon,Car,27,5.0,47.7
7636,11.78,Rainy,High,Afternoon,Scooter,17,6.0,61.8
7637,10.85,Clear,Low,Evening,Bike,17,3.0,44.6
7638,10.37,Foggy,Medium,Evening,Bike,29,6.0,66.4
7639,10.69,Clear,Low,Morning,Bike,17,5.0,44.8
7640,10.94,Rainy,Medium,Evening,Bike,6,4.0,50.6
7641,11.44,Clear,Medium,Evening,Car,17,4.0,49.0
7642,10.63,Foggy,Low,Evening,Car,20,3.0,53.9
7643,10.13,Foggy,Medium,Morning,Car,23,6.0,56.8
7644,8.73,Clear,Medium,Evening,Bike,10,6.0,41.6
7645,9.5,Rainy,High,Evening,Scooter,19,5.0,58.7
7646,8.34,Clear,Medium,Evening,Bike,20,6.0,49.9
7647,10.91,Rainy,Low,Afternoon,Bike,21,5.0,51.0
7648,11.97,Clear,Low,Evening,Bike,14,5.0,48.8
7649,8.38,Clear,Low,Evening,Car,23,6.0,44.3
7650,9.76,Clear,Medium,Evening,Scooter,24,4.0,50.5
7651,10.8,Snowy,Low,Afternoon,Car,11,5.0,41.9
7652,8.12,Clear,Low,Afternoon,Bike,23,5.0,43.6
7653,9.76,Rainy,High,Morning,Bike,20,6.0,70.5
7654,11.18,Clear,Medium,Morning,Scooter,17,5.0,47.6
7655,9.17,Clear,Medium,Afternoon,Scooter,23,4.0,46.5
7656,10.64,Clear,Low,Afternoon,Car,11,6.0,31.6
7657,10.43,Windy,Medium,Morning,Bike,15,6.0,51.9
7658,10.8,Foggy,Low,Evening,Bike,27,3.0,62.7
7659,8.96,Clear,Low,Morning,Car,12,5.0,31.4
7660,8.67,Foggy,Low,Afternoon,Scooter,28,4.0,53.2
7661,8.07,Clear,High,Morning,Scooter,20,4.0,56.8
7662,9.92,Clear,Low,Afternoon,Car,6,4.0,25.2
7663,8.75,Rainy,High,Afternoon,Scooter,12,4.0,49.0
7664,10.6,Clear,Low,Afternoon,Scooter,9,6.0,32.7
7665,10.2,Clear,Medium,Night,Bike,23,3.0,56.3
7666,11.33,Foggy,High,Evening,Scooter,14,6.0,58.8
7667,11.21,Clear,Low,Afternoon,Bike,19,3.0,51.3
7668,9.44,Snowy,High,Afternoon,Scooter,26,4.0,65.2
7669,9.19,Rainy,Medium,Afternoon,Scooter,27,4.0,59.0
7670,8.33,Snowy,Medium,Evening,Bike,25,5.0,63.4
7671,11.03,Rainy,High,Morning,Bike,18,6.0,66.1
7672,9.98,Snowy,Medium,Night,Bike,12,5.0,49.1
7673,9.35,Clear,Low,Morning,Bike,15,5.0,41.4
7674,10.81,Rainy,Low,Night,Bike,15,3.0,51.1
7675,9.1,Rainy,Medium,Morning,Car,33,3.0,60.3
7676,9.91,Windy,Medium,Evening,Bike,24,6.0,60.2
7677,9.74,Clear,High,Night,Bike,15,5.0,51.2
7678,9.08,Rainy,Medium,Afternoon,Scooter,16,4.0,47.7
7679,11.16,Foggy,Low,Evening,Scooter,14,5.0,41.5
7680,10.83,Clear,Low,Evening,Bike,16,6.0,49.1
7681,10.08,Snowy,Low,Morning,Bike,10,4.0,52.6
7682,10.76,Clear,Low,Morning,Bike,25,5.0,59.1
7683,8.36,Clear,Medium,Evening,Bike,18,5.0,47.7
7684,9.72,Rainy,High,Evening,Bike,20,6.0,67.3
7685,10.4,Clear,Medium,Morning,Scooter,13,3.0,43.9
7686,9.58,Clear,Medium,Evening,Scooter,17,3.0,45.1
7687,10.86,Clear,High,Night,Bike,17,6.0,51.9
7688,10.09,Clear,Medium,Afternoon,Scooter,10,4.0,38.4
7689,9.53,Foggy,Medium,Evening,Bike,8,5.0,49.5
7690,9.66,Snowy,High,Night,Car,20,4.0,64.7
7691,10.86,Rainy,Medium,Evening,Scooter,19,4.0,59.3
7692,8.26,Clear,Medium,Evening,Scooter,20,3.0,46.3
7693,11.35,Rainy,Low,Evening,Bike,27,5.0,65.7
7694,8.23,Snowy,Low,Afternoon,Scooter,34,5.0,64.0
7695,8.53,Foggy,High,Morning,Bike,25,5.0,72.6
7696,11.24,Clear,Low,Morning,Car,8,6.0,36.7
7697,9.5,Clear,High,Night,Bike,15,4.0,54.7
7698,9.84,Snowy,Medium,Afternoon,Bike,23,4.0,68.3
7699,9.49,Snowy,Low,Afternoon,Scooter,27,5.0,57.1
7700,8.37,Clear,Medium,Afternoon,Scooter,28,6.0,51.7
7701,10.43,Snowy,High,Afternoon,Scooter,21,3.0,69.3
7702,10.76,Clear,High,Morning,Car,25,4.0,63.8
7703,8.76,Clear,Medium,Afternoon,Bike,12,3.0,44.1
7704,11.01,Foggy,High,Morning,Bike,16,4.0,63.0
7705,8.4,Rainy,Low,Morning,Car,10,6.0,40.1
7706,11.1,Clear,Medium,Night,Bike,14,3.0,47.1
7707,10.81,Windy,Low,Morning,Scooter,23,6.0,55.5
7708,11.65,Snowy,High,Morning,Bike,12,6.0,65.8
7709,11.25,Clear,Medium,Morning,Bike,23,5.0,59.1
7710,11.38,Rainy,Medium,Afternoon,Bike,23,3.0,59.3
7711,11.83,Foggy,High,Night,Car,27,3.0,67.6
7712,11.38,Rainy,Low,Morning,Bike,31,3.0,67.5
7713,11.19,Windy,Low,Evening,Bike,23,6.0,54.2
7714,8.78,Rainy,Low,Afternoon,Bike,21,3.0,53.0
7715,11.02,Clear,Low,Afternoon,Bike,24,5.0,46.7
7716,10.53,Clear,Medium,Morning,Bike,13,4.0,53.5
7717,11.85,Snowy,Medium,Evening,Car,22,6.0,72.0
7718,10.88,Windy,High,Evening,Scooter,28,4.0,69.1
7719,9.04,Clear,Low,Morning,Bike,17,4.0,48.1
7720,8.66,Clear,Low,Afternoon,Bike,8,4.0,26.5
7721,9.13,Foggy,High,Morning,Bike,15,6.0,59.7
7722,9.92,Clear,Medium,Afternoon,Bike,10,6.0,41.3
7723,10.61,Clear,High,Afternoon,Bike,20,6.0,67.0
7724,8.86,Snowy,Low,Afternoon,Car,25,4.0,51.0
7725,8.93,Foggy,High,Afternoon,Bike,10,6.0,50.4
7726,9.21,Snowy,Medium,Morning,Bike,16,3.0,59.9
7727,11.23,Rainy,Medium,Morning,Scooter,21,5.0,60.6
7728,9.46,Clear,Low,Evening,Bike,28,5.0,55.4
7729,8.31,Windy,High,Afternoon,Scooter,13,3.0,45.9
7730,10.18,Clear,High,Afternoon,Scooter,18,3.0,50.7
7731,8.02,Clear,Low,Evening,Bike,7,6.0,31.8
7732,10.69,Snowy,Low,Afternoon,Car,16,3.0,45.0
7733,11.37,Rainy,Medium,Morning,Bike,15,5.0,58.8
7734,8.67,Snowy,Low,Morning,Bike,12,6.0,53.2
7735,11.38,Clear,High,Morning,Scooter,12,6.0,51.1
7736,10.72,Windy,High,Afternoon,Scooter,16,3.0,57.4
7737,8.39,Rainy,Medium,Evening,Bike,9,5.0,47.2
7738,8.91,Rainy,High,Evening,Bike,28,6.0,75.3
7739,8.91,Windy,Medium,Afternoon,Car,30,6.0,54.5
7740,8.82,Clear,Low,Morning,Scooter,26,5.0,40.6
7741,9.34,Foggy,Low,Morning,Scooter,6,3.0,35.7
7742,11.63,Rainy,Low,Morning,Scooter,15,6.0,47.0
7743,8.9,Foggy,Low,Morning,Scooter,17,6.0,43.1
7744,11.71,Snowy,Low,Evening,Scooter,15,4.0,56.4
7745,10.2,Rainy,Medium,Morning,Bike,24,4.0,72.5
7746,10.07,Clear,Medium,Afternoon,Bike,21,5.0,47.9
7747,10.7,Clear,Low,Afternoon,Scooter,13,6.0,34.2
7748,11.22,Windy,Low,Night,Scooter,10,5.0,36.7
7749,11.83,Windy,Low,Morning,Scooter,20,5.0,52.2
7750,8.01,Windy,Medium,Evening,Scooter,25,6.0,54.2
7751,9.59,Clear,Medium,Morning,Scooter,20,3.0,53.0
7752,8.72,Clear,Low,Morning,Bike,14,4.0,39.5
7753,8.61,Foggy,Low,Evening,Car,19,6.0,42.7
7754,8.59,Foggy,Low,Evening,Car,18,5.0,44.1
7755,10.84,Clear,Low,Afternoon,Car,24,3.0,44.0
7756,8.2,Rainy,Medium,Afternoon,Car,16,5.0,42.3
7757,11.35,Clear,Medium,Morning,Car,22,3.0,55.0
7758,11.01,Rainy,Medium,Night,Bike,14,3.0,53.6
7759,9.64,Clear,Low,Morning,Scooter,8,4.0,29.9
7760,9.7,Clear,Medium,Night,Scooter,23,3.0,47.3
7761,10.71,Clear,Medium,Afternoon,Bike,32,6.0,63.8
7762,8.04,Windy,High,Morning,Car,32,6.0,69.2
7763,9.55,Foggy,Medium,Evening,Bike,23,3.0,64.4
7764,8.72,Windy,Low,Morning,Bike,21,5.0,47.3
7765,8.72,Clear,Medium,Afternoon,Bike,16,4.0,49.4
7766,10.2,Clear,Medium,Morning,Bike,28,5.0,61.9
7767,8.98,Clear,Medium,Afternoon,Bike,17,5.0,50.5
7768,9.5,Rainy,High,Morning,Bike,22,5.0,68.7
7769,10.87,Clear,Low,Night,Bike,19,6.0,46.1
7770,10.48,Foggy,Low,Morning,Bike,27,3.0,62.2
7771,9.32,Snowy,High,Afternoon,Scooter,21,6.0,61.0
7772,8.2,Snowy,Medium,Afternoon,Scooter,15,3.0,53.4
7773,8.11,Clear,Low,Morning,Bike,28,5.0,52.3
7774,9.95,Rainy,Medium,Morning,Car,12,5.0,50.7
7775,9.69,Clear,Low,Evening,Bike,13,5.0,41.5
7776,11.19,Clear,High,Afternoon,Scooter,15,5.0,50.3
7777,8.33,Foggy,Medium,Afternoon,Car,16,3.0,45.4
7778,11.4,Rainy,High,Morning,Car,25,5.0,69.7
7779,8.85,Foggy,Low,Afternoon,Scooter,17,4.0,38.7
7780,9.4,Clear,Medium,Night,Bike,26,4.0,54.0
7781,11.44,Windy,Medium,Afternoon,Car,15,3.0,49.1
7782,11.35,Windy,Low,Morning,Scooter,16,5.0,40.3
7783,10.06,Clear,Low,Morning,Scooter,23,4.0,49.9
7784,8.33,Snowy,Medium,Night,Bike,14,5.0,47.0
7785,10.36,Clear,Low,Afternoon,Car,11,4.0,31.9
7786,11.05,Foggy,Medium,Afternoon,Car,11,4.0,47.9
7787,9.05,Snowy,High,Afternoon,Scooter,13,5.0,51.3
7788,8.73,Snowy,Medium,Morning,Car,20,5.0,57.8
7789,9.99,Snowy,Low,Afternoon,Bike,8,5.0,46.4
7790,11.0,Clear,Low,Afternoon,Bike,21,3.0,47.7
7791,10.02,Snowy,Low,Afternoon,Scooter,23,6.0,51.5
7792,8.96,Rainy,High,Afternoon,Scooter,23,3.0,63.0
7793,11.48,Clear,High,Evening,Bike,20,3.0,69.2
7794,11.49,Clear,Medium,Morning,Bike,17,6.0,61.5
7795,10.63,Foggy,Medium,Afternoon,Scooter,32,3.0,64.4
7796,8.3,Rainy,Low,Afternoon,Bike,10,4.0,40.8
7797,8.93,Rainy,Medium,Evening,Scooter,23,5.0,57.2
7798,10.47,Windy,Low,Night,Car,16,6.0,35.0
7799,11.13,Rainy,Medium,Morning,Bike,25,6.0,68.2
7800,9.9,Clear,High,Evening,Car,20,5.0,54.1
7801,9.22,Clear,Low,Night,Bike,11,3.0,35.7
7802,11.54,Rainy,Low,Afternoon,Bike,25,4.0,62.2
7803,9.53,Foggy,Low,Afternoon,Car,10,3.0,34.9
7804,11.66,Rainy,High,Afternoon,Bike,24,6.0,74.7
7805,10.13,Rainy,Low,Evening,Bike,19,3.0,62.1
7806,10.46,Foggy,High,Morning,Car,12,3.0,54.3
7807,8.5,Foggy,High,Afternoon,Bike,19,6.0,55.6
7808,9.07,Snowy,Medium,Evening,Bike,19,3.0,62.6
7809,11.9,Clear,Medium,Evening,Bike,15,4.0,54.1
7810,10.87,Foggy,Medium,Evening,Bike,24,4.0,64.7
7811,9.91,Rainy,Low,Morning,Bike,11,3.0,43.5
7812,10.09,Clear,Low,Morning,Car,11,5.0,30.2
7813,8.35,Rainy,Medium,Evening,Scooter,14,4.0,51.0
7814,11.13,Foggy,High,Afternoon,Bike,26,4.0,73.3
7815,8.29,Rainy,Medium,Evening,Scooter,12,5.0,47.2
7816,9.55,Foggy,Low,Morning,Bike,24,4.0,56.9
7817,9.64,Clear,Low,Evening,Bike,23,3.0,50.9
7818,10.41,Clear,Low,Afternoon,Car,20,6.0,35.2
7819,9.66,Clear,Medium,Morning,Scooter,17,5.0,45.3
7820,11.84,Clear,Low,Evening,Scooter,15,6.0,41.3
7821,11.19,Foggy,Low,Afternoon,Scooter,13,4.0,38.0
7822,11.84,Snowy,Medium,Evening,Car,21,6.0,64.1
7823,10.07,Foggy,Low,Evening,Scooter,17,6.0,44.3
7824,9.21,Clear,Low,Afternoon,Bike,14,3.0,38.6
7825,11.93,Clear,Medium,Morning,Bike,15,3.0,51.0
7826,8.32,Clear,Low,Morning,Bike,11,6.0,37.5
7827,11.71,Rainy,Low,Morning,Car,9,4.0,44.6
7828,8.38,Clear,High,Afternoon,Scooter,17,6.0,44.3
7829,11.23,Rainy,Low,Afternoon,Bike,31,4.0,70.4
7830,11.12,Foggy,Medium,Afternoon,Bike,29,4.0,67.8
7831,10.64,Rainy,High,Night,Car,11,3.0,52.0
7832,11.13,Clear,Medium,Afternoon,Bike,19,3.0,49.0
7833,8.35,Clear,High,Morning,Scooter,15,5.0,46.0
7834,9.49,Rainy,Low,Morning,Car,21,3.0,49.1
7835,9.35,Rainy,Medium,Afternoon,Car,8,3.0,42.1
7836,11.93,Clear,Low,Afternoon,Bike,18,6.0,49.5
7837,9.89,Snowy,Medium,Evening,Scooter,17,4.0,56.6
7838,8.2,Rainy,High,Evening,Bike,19,5.0,63.6
7839,9.04,Clear,High,Evening,Car,12,4.0,48.1
7840,11.38,Clear,Low,Evening,Bike,20,3.0,52.2
7841,11.57,Clear,Low,Afternoon,Scooter,14,4.0,34.7
7842,11.71,Clear,Low,Afternoon,Scooter,18,3.0,46.1
7843,8.58,Clear,Low,Afternoon,Car,26,5.0,43.2
7844,10.75,Rainy,Medium,Morning,Bike,10,6.0,53.9
7845,9.61,Clear,High,Afternoon,Bike,16,6.0,54.4
7846,10.94,Snowy,Medium,Morning,Car,19,5.0,63.2
7847,11.3,Windy,Medium,Morning,Bike,16,3.0,59.9
7848,9.05,Clear,Medium,Afternoon,Bike,17,6.0,41.8
7849,10.0,Clear,High,Night,Bike,22,6.0,53.9
7850,9.31,Foggy,High,Night,Car,21,3.0,57.7
7851,9.82,Windy,Medium,Morning,Scooter,17,4.0,51.4
7852,9.16,Snowy,Medium,Morning,Scooter,14,6.0,53.0
7853,9.36,Clear,High,Afternoon,Car,14,6.0,48.1
7854,9.09,Clear,Low,Afternoon,Car,23,3.0,44.0
7855,9.19,Clear,High,Evening,Bike,17,5.0,55.7
7856,10.31,Snowy,High,Morning,Bike,15,4.0,65.1
7857,10.4,Rainy,Low,Evening,Scooter,21,6.0,55.2
7858,11.68,Rainy,Medium,Morning,Scooter,18,6.0,60.5
7859,9.56,Rainy,Low,Morning,Bike,17,6.0,50.8
7860,10.63,Clear,High,Afternoon,Car,11,4.0,35.8
7861,11.86,Rainy,Medium,Morning,Bike,27,4.0,70.8
7862,9.87,Clear,High,Afternoon,Bike,25,5.0,64.3
7863,11.12,Rainy,Low,Afternoon,Scooter,25,6.0,51.0
7864,11.88,Foggy,High,Evening,Car,12,4.0,58.5
7865,11.16,Rainy,Low,Evening,Bike,18,5.0,57.9
7866,8.32,Clear,Medium,Night,Bike,29,5.0,53.3
7867,8.77,Snowy,Low,Evening,Bike,28,4.0,67.6
7868,9.18,Foggy,Medium,Afternoon,Car,8,4.0,36.6
7869,10.74,Clear,Medium,Evening,Bike,6,4.0,42.8
7870,10.69,Clear,High,Evening,Bike,18,4.0,57.7
7871,8.55,Rainy,Medium,Night,Car,13,3.0,46.9
7872,9.8,Clear,High,Morning,Scooter,13,3.0,47.2
7873,9.69,Clear,Medium,Morning,Bike,17,5.0,47.7
7874,10.76,Clear,Low,Night,Bike,9,6.0,35.5
7875,9.04,Clear,High,Evening,Scooter,21,6.0,52.3
7876,8.95,Clear,Low,Morning,Bike,15,6.0,47.3
7877,10.39,Rainy,High,Night,Bike,10,6.0,51.3
7878,8.33,Clear,High,Morning,Bike,25,6.0,64.1
7879,10.68,Foggy,Low,Evening,Car,18,3.0,53.6
7880,9.76,Clear,Low,Afternoon,Scooter,28,6.0,50.0
7881,10.15,Clear,Medium,Afternoon,Scooter,6,4.0,31.7
7882,11.21,Clear,Low,Evening,Bike,19,5.0,51.7
7883,8.72,Foggy,Medium,Morning,Bike,17,6.0,57.6
7884,8.84,Windy,High,Afternoon,Car,29,3.0,57.2
7885,11.6,Rainy,Low,Afternoon,Scooter,12,4.0,47.4
7886,10.96,Clear,Low,Morning,Bike,18,3.0,51.8
7887,9.05,Clear,High,Evening,Scooter,12,4.0,53.2
7888,10.88,Clear,Medium,Evening,Bike,26,6.0,63.6
7889,9.83,Snowy,High,Morning,Bike,15,4.0,66.7
7890,10.47,Clear,Medium,Afternoon,Bike,17,5.0,51.1
7891,11.15,Windy,Medium,Night,Car,21,3.0,49.0
7892,8.18,Rainy,Low,Morning,Scooter,14,4.0,40.1
7893,10.44,Rainy,Medium,Night,Bike,11,5.0,50.2
7894,9.35,Snowy,Low,Afternoon,Bike,17,3.0,50.2
7895,10.06,Clear,Low,Afternoon,Car,16,4.0,33.9
7896,9.46,Foggy,High,Night,Bike,15,6.0,61.3
7897,11.76,Clear,Medium,Evening,Bike,7,5.0,51.3
7898,10.39,Snowy,Medium,Night,Car,23,3.0,52.4
7899,11.39,Rainy,Medium,Morning,Car,23,4.0,62.8
7900,9.03,Clear,Low,Evening,Bike,22,4.0,45.9
7901,9.46,Snowy,Medium,Evening,Bike,16,5.0,63.3
7902,11.15,Clear,Medium,Morning,Scooter,18,5.0,52.2
7903,8.94,Clear,High,Afternoon,Bike,21,6.0,59.5
7904,12.0,Foggy,High,Evening,Scooter,30,5.0,73.8
7905,10.64,Clear,High,Evening,Scooter,14,3.0,50.8
7906,11.59,Snowy,Medium,Evening,Scooter,23,3.0,68.0
7907,8.42,Rainy,Low,Morning,Bike,20,3.0,51.9
7908,9.66,Rainy,Medium,Morning,Car,20,5.0,55.0
7909,9.34,Clear,Medium,Morning,Car,10,5.0,41.1
7910,11.88,Clear,Low,Night,Scooter,23,4.0,50.1
7911,8.58,Windy,High,Afternoon,Bike,16,5.0,52.0
7912,10.99,Clear,Low,Evening,Car,15,3.0,41.5
7913,10.52,Rainy,Medium,Afternoon,Bike,17,5.0,51.4
7914,11.41,Clear,Low,Afternoon,Bike,26,5.0,48.2
7915,11.91,Clear,High,Morning,Bike,21,3.0,71.0
7916,11.22,Rainy,Medium,Morning,Bike,7,6.0,48.8
7917,9.01,Foggy,High,Evening,Bike,13,6.0,60.5
7918,11.34,Foggy,Medium,Morning,Scooter,21,6.0,58.4
7919,10.11,Snowy,Medium,Afternoon,Bike,26,5.0,67.6
7920,10.61,Clear,High,Morning,Bike,18,3.0,64.0
7921,9.12,Clear,Medium,Evening,Car,19,6.0,48.3
7922,11.26,Clear,Low,Evening,Bike,14,3.0,45.4
7923,9.78,Foggy,Medium,Afternoon,Scooter,11,6.0,42.1
7924,11.23,Clear,Low,Night,Car,17,4.0,39.3
7925,9.71,Rainy,Low,Evening,Bike,18,5.0,54.5
7926,10.47,Clear,High,Morning,Bike,19,3.0,62.8
7927,8.41,Snowy,High,Afternoon,Bike,13,4.0,54.9
7928,8.37,Snowy,Low,Morning,Scooter,10,3.0,43.1
7929,11.81,Snowy,Medium,Morning,Bike,15,5.0,59.6
7930,10.9,Clear,Medium,Afternoon,Car,24,4.0,51.6
7931,8.69,Windy,Low,Morning,Scooter,14,4.0,40.1
7932,10.39,Clear,Low,Morning,Scooter,21,3.0,45.1
7933,11.12,Clear,Medium,Evening,Car,14,3.0,45.8
7934,10.39,Clear,High,Evening,Bike,13,5.0,53.3
7935,9.79,Clear,Medium,Night,Scooter,13,4.0,38.7
7936,11.34,Rainy,Medium,Morning,Scooter,16,3.0,60.4
7937,8.2,Clear,High,Evening,Scooter,14,6.0,47.8
7938,10.53,Clear,Low,Afternoon,Scooter,15,3.0,41.2
7939,9.89,Rainy,Low,Afternoon,Bike,19,3.0,58.2
7940,10.59,Snowy,Medium,Evening,Car,25,3.0,69.8
7941,9.16,Rainy,Low,Afternoon,Scooter,23,4.0,45.1
7942,8.65,Rainy,Low,Afternoon,Scooter,17,5.0,40.1
7943,11.9,Clear,Medium,Morning,Car,15,3.0,53.4
7944,11.46,Snowy,Low,Morning,Scooter,21,4.0,58.6
7945,11.64,Clear,Medium,Afternoon,Car,17,4.0,44.8
7946,11.08,Clear,Medium,Morning,Bike,23,3.0,62.6
7947,8.26,Clear,Medium,Evening,Bike,26,5.0,56.3
7948,10.51,Rainy,Medium,Evening,Bike,14,4.0,62.9
7949,9.53,Clear,Medium,Morning,Bike,16,5.0,49.5
7950,9.34,Rainy,Low,Morning,Scooter,8,3.0,47.0
7951,9.0,Clear,Low,Evening,Bike,16,3.0,42.3
7952,8.72,Clear,Medium,Afternoon,Scooter,17,6.0,38.6
7953,8.56,Clear,Low,Afternoon,Car,28,4.0,41.9
7954,8.48,Clear,Medium,Evening,Scooter,16,4.0,41.9
7955,10.85,Clear,Low,Morning,Bike,16,4.0,49.6
7956,11.72,Rainy,High,Night,Car,15,5.0,52.8
7957,9.52,Rainy,Low,Afternoon,Scooter,11,5.0,34.9
7958,8.42,Clear,Low,Afternoon,Car,20,5.0,37.1
7959,8.88,Rainy,Medium,Morning,Bike,13,6.0,45.4
7960,10.99,Clear,Medium,Morning,Scooter,18,5.0,46.8
7961,9.39,Clear,Low,Morning,Bike,23,4.0,51.1
7962,10.65,Clear,Low,Afternoon,Bike,22,5.0,49.7
7963,8.82,Rainy,Low,Afternoon,Bike,11,4.0,40.0
7964,11.03,Clear,High,Morning,Scooter,16,4.0,57.2
7965,10.62,Rainy,Medium,Afternoon,Bike,24,3.0,62.0
7966,8.89,Clear,High,Afternoon,Bike,6,4.0,45.7
7967,11.73,Foggy,Low,Afternoon,Scooter,12,5.0,44.5
7968,10.09,Clear,Medium,Evening,Bike,16,4.0,49.4
7969,8.88,Rainy,Medium,Morning,Bike,18,3.0,58.2
7970,10.27,Foggy,Low,Night,Car,18,3.0,37.9
7971,9.66,Clear,Medium,Morning,Car,27,3.0,59.2
7972,11.67,Clear,Low,Morning,Car,23,4.0,46.4
7973,9.24,Rainy,Low,Morning,Scooter,30,6.0,58.1
7974,11.55,Windy,Low,Evening,Bike,30,4.0,65.1
7975,10.97,Windy,Low,Morning,Bike,9,6.0,38.4
7976,10.72,Clear,Low,Evening,Bike,10,3.0,39.3
7977,8.74,Foggy,Low,Night,Car,24,6.0,45.7
7978,8.34,Clear,High,Evening,Bike,29,6.0,64.3
7979,11.46,Clear,Medium,Night,Bike,21,3.0,59.0
7980,10.28,Rainy,High,Afternoon,Scooter,7,3.0,51.0
7981,11.86,Rainy,Medium,Afternoon,Scooter,10,5.0,45.5
7982,10.07,Rainy,Medium,Evening,Bike,31,3.0,73.0
7983,10.37,Snowy,Low,Afternoon,Car,10,5.0,38.5
7984,11.99,Clear,Medium,Evening,Scooter,27,5.0,61.2
7985,10.86,Rainy,Medium,Morning,Car,16,3.0,59.5
7986,9.44,Clear,Medium,Night,Bike,29,6.0,58.7
7987,11.31,Clear,Low,Evening,Bike,13,6.0,39.3
7988,9.18,Clear,Low,Afternoon,Bike,31,4.0,52.8
7989,10.1,Windy,Medium,Evening,Bike,18,6.0,54.2
7990,8.95,Clear,Low,Evening,Bike,23,5.0,51.0
7991,11.98,Clear,Medium,Afternoon,Bike,13,5.0,53.8
7992,11.74,Rainy,High,Afternoon,Bike,11,4.0,61.8
7993,11.5,Windy,Medium,Evening,Bike,13,5.0,54.0
7994,9.6,Windy,Low,Afternoon,Bike,23,6.0,47.0
7995,10.91,Rainy,Low,Evening,Bike,5,6.0,46.7
7996,9.04,Clear,Low,Morning,Bike,21,5.0,47.0
7997,9.56,Rainy,High,Afternoon,Bike,11,4.0,50.4
7998,11.22,Snowy,Medium,Morning,Bike,21,3.0,71.0
7999,8.23,Snowy,Low,Evening,Car,15,4.0,41.0
8000,8.2,Snowy,Low,Morning,Bike,27,5.0,64.0
8001,14.64,Clear,Low,Morning,Scooter,15,8.0,47.2
8002,15.1,Clear,Medium,Night,Bike,28,6.0,68.7
8003,13.53,Rainy,Medium,Morning,Bike,19,7.0,59.3
8004,14.7,Clear,Medium,Afternoon,Bike,13,8.0,55.8
8005,15.61,Clear,Medium,Afternoon,Bike,26,6.0,65.2
8006,12.4,Rainy,High,Morning,Car,14,8.0,57.3
8007,15.32,Rainy,Low,Night,Car,20,10.0,55.3
8008,14.33,Snowy,Medium,Morning,Scooter,18,9.0,65.7
8009,13.69,Foggy,Low,Evening,Bike,24,10.0,70.0
8010,12.21,Snowy,Low,Afternoon,Scooter,14,10.0,41.7
8011,13.54,Foggy,Medium,Afternoon,Scooter,11,6.0,49.0
8012,15.18,Foggy,Low,Evening,Bike,28,7.0,74.6
8013,14.17,Clear,Low,Afternoon,Bike,15,7.0,46.6
8014,12.71,Rainy,Medium,Night,Bike,20,9.0,61.6
8015,12.93,Clear,Low,Evening,Bike,26,6.0,68.6
8016,15.39,Clear,Medium,Afternoon,Scooter,10,9.0,46.7
8017,13.73,Clear,Medium,Evening,Bike,14,7.0,60.2
8018,12.38,Snowy,Low,Evening,Scooter,10,6.0,51.6
8019,15.89,Foggy,Low,Evening,Bike,28,7.0,76.0
8020,13.01,Windy,High,Morning,Bike,29,9.0,76.6
8021,15.19,Windy,Medium,Afternoon,Bike,27,8.0,65.7
8022,12.05,Snowy,Low,Morning,Scooter,15,10.0,54.8
8023,13.03,Clear,High,Morning,Bike,17,10.0,63.3
8024,13.35,Snowy,Low,Evening,Bike,28,8.0,74.2
8025,15.44,Snowy,High,Morning,Bike,27,9.0,87.1
8026,14.99,Snowy,High,Evening,Bike,7,8.0,65.2
8027,13.23,Clear,High,Evening,Bike,12,7.0,62.9
8028,15.15,Clear,High,Morning,Scooter,16,9.0,62.9
8029,15.24,Windy,Low,Morning,Bike,23,6.0,60.4
8030,14.05,Clear,Low,Morning,Bike,16,10.0,50.7
8031,14.03,Clear,High,Evening,Bike,13,9.0,59.6
8032,14.04,Clear,High,Morning,Bike,25,7.0,65.8
8033,12.67,Clear,Medium,Afternoon,Bike,15,6.0,49.0
8034,15.25,Clear,Medium,Afternoon,Car,11,6.0,54.7
8035,14.86,Windy,Medium,Evening,Scooter,20,9.0,55.2
8036,15.4,Snowy,High,Morning,Scooter,26,9.0,79.0
8037,15.26,Windy,Medium,Evening,Bike,19,9.0,58.9
8038,15.14,Clear,Medium,Evening,Car,34,6.0,69.0
8039,15.12,Clear,Low,Evening,Scooter,26,6.0,56.1
8040,15.78,Clear,Medium,Night,Bike,14,10.0,51.2
8041,14.42,Clear,High,Morning,Scooter,15,8.0,65.1
8042,15.31,Clear,Low,Morning,Bike,13,7.0,55.2
8043,15.21,Foggy,Medium,Afternoon,Car,19,6.0,59.1
8044,13.08,Windy,Medium,Night,Bike,21,6.0,66.2
8045,14.26,Rainy,High,Evening,Car,23,9.0,70.5
8046,14.92,Clear,Low,Evening,Car,18,9.0,46.6
8047,12.41,Clear,Low,Morning,Bike,11,7.0,42.8
8048,14.12,Clear,Medium,Afternoon,Car,14,7.0,42.1
8049,12.01,Clear,High,Evening,Bike,17,7.0,55.6
8050,12.96,Rainy,Low,Evening,Scooter,14,8.0,52.7
8051,13.95,Clear,Low,Morning,Bike,9,10.0,44.7
8052,13.23,Rainy,Low,Evening,Bike,27,8.0,64.4
8053,15.08,Snowy,High,Afternoon,Bike,18,9.0,75.2
8054,14.55,Clear,Low,Morning,Scooter,19,10.0,52.5
8055,13.07,Clear,Low,Evening,Scooter,11,8.0,39.1
8056,12.07,Clear,High,Morning,Bike,28,7.0,69.5
8057,13.02,Clear,High,Afternoon,Bike,26,10.0,69.0
8058,14.08,Rainy,Low,Morning,Bike,16,9.0,59.9
8059,15.05,Snowy,Low,Afternoon,Scooter,13,9.0,57.9
8060,14.41,Snowy,Low,Evening,Bike,24,10.0,71.0
8061,12.22,Rainy,Low,Evening,Bike,19,9.0,52.2
8062,13.87,Clear,Medium,Evening,Car,25,8.0,56.1
8063,15.84,Clear,Low,Evening,Car,17,10.0,49.2
8064,15.62,Clear,Medium,Evening,Scooter,27,6.0,72.2
8065,14.97,Clear,Medium,Evening,Bike,22,10.0,65.9
8066,13.14,Snowy,High,Morning,Scooter,15,7.0,65.9
8067,12.09,Rainy,Medium,Evening,Bike,23,10.0,61.5
8068,13.83,Clear,High,Afternoon,Bike,15,8.0,63.0
8069,13.5,Clear,Medium,Morning,Car,16,10.0,54.0
8070,14.7,Clear,Medium,Afternoon,Bike,16,7.0,51.9
8071,12.28,Windy,Medium,Afternoon,Bike,16,9.0,54.6
8072,15.69,Clear,Low,Afternoon,Scooter,22,8.0,54.5
8073,14.94,Clear,Low,Morning,Car,14,9.0,47.5
8074,15.88,Clear,Medium,Evening,Scooter,15,8.0,61.7
8075,15.46,Snowy,Low,Afternoon,Bike,18,10.0,66.3
8076,13.72,Rainy,Low,Evening,Scooter,14,9.0,53.3
8077,14.65,Rainy,Medium,Morning,Car,11,7.0,55.3
8078,15.38,Clear,Medium,Evening,Scooter,22,9.0,61.5
8079,12.82,Clear,Medium,Evening,Bike,19,7.0,58.3
8080,12.04,Snowy,Medium,Morning,Scooter,29,9.0,80.3
8081,13.23,Clear,Medium,Morning,Car,23,8.0,57.4
8082,13.75,Clear,Low,Afternoon,Bike,19,7.0,53.4
8083,14.5,Rainy,Low,Evening,Scooter,14,7.0,55.9
8084,13.05,Clear,High,Morning,Scooter,13,8.0,51.9
8085,13.77,Clear,Low,Night,Scooter,18,8.0,46.9
8086,14.59,Foggy,Low,Morning,Bike,17,10.0,56.1
8087,15.3,Rainy,Medium,Morning,Bike,16,9.0,64.4
8088,12.91,Clear,Medium,Morning,Scooter,17,9.0,53.8
8089,15.2,Clear,Low,Morning,Bike,13,6.0,49.0
8090,15.76,Foggy,Medium,Evening,Bike,16,6.0,70.7
8091,13.64,Clear,Medium,Morning,Bike,8,6.0,52.1
8092,14.21,Clear,High,Afternoon,Bike,19,6.0,68.5
8093,12.04,Rainy,Medium,Afternoon,Scooter,19,6.0,58.3
8094,14.84,Rainy,Medium,Evening,Car,21,9.0,62.4
8095,15.49,Windy,High,Afternoon,Bike,22,8.0,75.6
8096,12.08,Clear,Medium,Evening,Bike,21,8.0,62.3
8097,15.37,Clear,Medium,Afternoon,Bike,24,9.0,67.1
8098,12.6,Rainy,Medium,Morning,Scooter,11,8.0,55.1
8099,15.37,Rainy,Low,Evening,Bike,27,6.0,69.8
8100,14.17,Clear,High,Morning,Car,16,6.0,62.1
8101,13.48,Rainy,Low,Morning,Scooter,21,6.0,56.3
8102,15.77,Clear,Low,Afternoon,Bike,11,7.0,45.6
8103,14.45,Snowy,Medium,Morning,Bike,13,10.0,62.3
8104,12.15,Snowy,Medium,Evening,Scooter,29,6.0,69.4
8105,15.06,Clear,Low,Morning,Bike,11,9.0,49.3
8106,12.73,Windy,Medium,Afternoon,Bike,17,6.0,56.3
8107,15.69,Windy,Medium,Evening,Bike,10,6.0,63.9
8108,12.67,Clear,Low,Morning,Scooter,10,7.0,43.3
8109,13.95,Clear,High,Evening,Scooter,33,9.0,76.8
8110,14.09,Rainy,High,Morning,Car,20,10.0,70.4
8111,14.26,Clear,High,Morning,Bike,20,9.0,67.7
8112,14.13,Clear,Low,Afternoon,Car,14,10.0,38.8
8113,13.76,Clear,Low,Night,Scooter,12,8.0,39.8
8114,14.85,Windy,High,Afternoon,Scooter,20,7.0,65.0
8115,12.62,Clear,Medium,Morning,Scooter,14,8.0,49.6
8116,15.15,Foggy,Low,Morning,Car,14,7.0,54.1
8117,12.15,Clear,Medium,Afternoon,Scooter,16,7.0,42.9
8118,15.37,Clear,High,Morning,Bike,13,6.0,64.0
8119,15.0,Snowy,High,Afternoon,Bike,29,9.0,86.9
8120,15.18,Clear,High,Evening,Car,19,10.0,60.7
8121,13.19,Clear,Medium,Afternoon,Bike,10,6.0,45.8
8122,15.4,Clear,High,Evening,Car,17,6.0,66.3
8123,14.76,Rainy,Medium,Night,Car,19,10.0,56.3
8124,15.87,Clear,Medium,Evening,Bike,15,10.0,61.2
8125,12.08,Clear,Low,Afternoon,Car,26,6.0,49.4
8126,15.16,Clear,Low,Morning,Bike,18,9.0,58.6
8127,14.49,Clear,High,Evening,Bike,13,8.0,61.9
8128,15.96,Clear,Medium,Morning,Scooter,18,9.0,57.3
8129,13.77,Rainy,Medium,Morning,Car,22,8.0,62.5
8130,13.12,Clear,Low,Evening,Bike,15,7.0,54.6
8131,15.52,Clear,Medium,Morning,Bike,26,7.0,70.3
8132,13.3,Rainy,High,Night,Scooter,9,9.0,52.1
8133,14.81,Foggy,Medium,Afternoon,Scooter,14,7.0,54.0
8134,13.33,Clear,Medium,Afternoon,Scooter,28,6.0,60.9
8135,15.78,Clear,Low,Evening,Bike,14,8.0,52.7
8136,14.1,Clear,Low,Morning,Bike,10,9.0,47.3
8137,13.28,Windy,High,Evening,Scooter,9,9.0,54.1
8138,15.29,Clear,Medium,Morning,Bike,23,9.0,65.5
8139,12.25,Clear,Medium,Evening,Car,15,8.0,49.3
8140,12.38,Clear,High,Afternoon,Bike,23,10.0,63.1
8141,15.35,Clear,Low,Morning,Bike,21,8.0,64.0
8142,13.29,Clear,Medium,Morning,Car,23,9.0,57.8
8143,12.71,Clear,Medium,Morning,Scooter,28,10.0,61.6
8144,14.35,Rainy,High,Evening,Scooter,24,10.0,74.0
8145,13.02,Rainy,Low,Morning,Bike,12,8.0,53.3
8146,15.95,Rainy,Medium,Evening,Bike,28,8.0,82.4
8147,15.28,Foggy,Medium,Morning,Scooter,15,10.0,59.6
8148,15.56,Clear,Medium,Morning,Car,24,8.0,62.1
8149,15.33,Windy,Medium,Afternoon,Scooter,18,9.0,59.2
8150,15.54,Foggy,Medium,Night,Bike,12,6.0,60.9
8151,13.35,Snowy,Medium,Morning,Bike,21,10.0,70.4
8152,14.69,Foggy,Medium,Morning,Car,21,6.0,66.7
8153,15.63,Clear,Medium,Morning,Scooter,28,7.0,70.0
8154,14.74,Clear,Low,Afternoon,Bike,16,6.0,50.9
8155,15.99,Clear,Low,Evening,Bike,22,10.0,63.1
8156,15.46,Clear,High,Evening,Bike,18,6.0,72.8
8157,12.28,Clear,Medium,Evening,Bike,19,8.0,59.2
8158,14.01,Clear,High,Night,Car,15,6.0,51.9
8159,13.1,Clear,High,Morning,Scooter,15,6.0,59.3
8160,15.5,Windy,High,Morning,Bike,24,7.0,79.0
8161,15.75,Rainy,Medium,Evening,Car,20,6.0,69.2
8162,14.27,Rainy,Medium,Evening,Car,21,7.0,70.7
8163,12.23,Clear,Low,Morning,Car,29,6.0,55.7
8164,13.39,Rainy,Medium,Afternoon,Scooter,21,9.0,60.1
8165,12.75,Snowy,Medium,Afternoon,Car,22,6.0,60.8
8166,14.12,Rainy,Medium,Night,Bike,23,8.0,67.7
8167,15.94,Rainy,Low,Night,Car,16,6.0,52.4
8168,13.37,Clear,High,Evening,Bike,17,10.0,59.2
8169,14.94,Clear,Medium,Afternoon,Bike,31,8.0,65.2
8170,15.32,Foggy,High,Afternoon,Bike,19,7.0,69.4
8171,15.32,Windy,Low,Evening,Bike,16,7.0,56.6
8172,12.6,Clear,Medium,Afternoon,Scooter,9,6.0,40.9
8173,12.95,Clear,Low,Night,Car,13,7.0,35.7
8174,12.89,Clear,Medium,Afternoon,Bike,23,10.0,60.5
8175,13.19,Clear,High,Afternoon,Car,28,7.0,65.5
8176,12.19,Windy,Low,Morning,Scooter,24,10.0,56.0
8177,14.16,Foggy,Low,Afternoon,Bike,24,6.0,65.5
8178,14.96,Clear,Low,Evening,Scooter,26,7.0,64.9
8179,13.04,Clear,Medium,Afternoon,Bike,17,9.0,55.2
8180,14.56,Clear,High,Afternoon,Bike,11,6.0,54.8
8181,14.18,Clear,High,Evening,Scooter,20,7.0,67.6
8182,12.4,Rainy,Low,Morning,Car,28,10.0,61.2
8183,12.96,Snowy,Low,Afternoon,Bike,17,8.0,60.8
8184,12.97,Rainy,Medium,Morning,Bike,25,10.0,70.6
8185,13.95,Clear,Medium,Morning,Scooter,26,6.0,68.5
8186,14.51,Foggy,Medium,Morning,Scooter,10,10.0,53.2
8187,13.21,Foggy,Low,Afternoon,Car,16,10.0,44.5
8188,12.51,Clear,High,Morning,Bike,17,7.0,64.3
8189,13.08,Rainy,High,Evening,Car,17,8.0,63.0
8190,12.16,Rainy,Medium,Afternoon,Scooter,14,6.0,53.8
8191,14.99,Snowy,Medium,Evening,Bike,17,6.0,67.8
8192,14.8,Clear,Medium,Afternoon,Scooter,22,7.0,59.8
8193,14.68,Clear,High,Evening,Bike,21,7.0,67.3
8194,14.47,Rainy,Low,Morning,Scooter,29,8.0,70.7
8195,13.19,Clear,Low,Afternoon,Bike,22,10.0,41.7
8196,12.46,Clear,Low,Evening,Bike,23,6.0,51.4
8197,14.4,Foggy,Low,Night,Car,14,10.0,44.8
8198,14.93,Clear,Medium,Morning,Car,8,7.0,46.9
8199,15.24,Clear,Medium,Afternoon,Bike,18,9.0,57.4
8200,14.91,Windy,Medium,Evening,Scooter,23,10.0,67.0
8201,14.63,Rainy,Medium,Afternoon,Car,16,9.0,58.6
8202,15.3,Rainy,Low,Morning,Bike,24,6.0,78.7
8203,15.05,Rainy,Medium,Afternoon,Scooter,20,8.0,63.4
8204,15.78,Clear,Low,Morning,Bike,15,6.0,59.2
8205,12.02,Clear,Low,Afternoon,Scooter,15,7.0,36.8
8206,12.59,Rainy,Low,Morning,Bike,21,8.0,59.3
8207,14.32,Clear,High,Evening,Scooter,19,8.0,61.2
8208,13.6,Clear,Medium,Afternoon,Bike,9,10.0,44.6
8209,13.36,Clear,Low,Evening,Bike,19,7.0,54.9
8210,14.98,Snowy,Medium,Afternoon,Car,9,10.0,55.1
8211,14.14,Clear,Low,Afternoon,Bike,19,8.0,52.3
8212,14.11,Foggy,Low,Morning,Car,28,7.0,67.9
8213,12.2,Clear,Medium,Afternoon,Bike,10,9.0,47.5
8214,13.85,Rainy,Medium,Evening,Bike,17,9.0,65.2
8215,14.43,Clear,Low,Evening,Scooter,23,10.0,54.4
8216,13.12,Clear,Low,Morning,Bike,16,10.0,44.3
8217,12.96,Rainy,Low,Evening,Scooter,15,9.0,49.5
8218,14.2,Foggy,Low,Afternoon,Scooter,19,9.0,49.4
8219,15.65,Clear,Low,Night,Scooter,26,7.0,55.9
8220,12.47,Clear,Low,Night,Scooter,26,7.0,50.0
8221,13.24,Clear,Medium,Afternoon,Bike,14,8.0,51.9
8222,12.23,Clear,Low,Morning,Bike,31,9.0,63.4
8223,13.3,Rainy,Low,Evening,Bike,12,7.0,57.0
8224,14.78,Clear,High,Morning,Car,13,8.0,57.9
8225,13.27,Rainy,Low,Afternoon,Bike,22,8.0,57.6
8226,13.59,Clear,Low,Morning,Bike,26,8.0,63.4
8227,15.74,Rainy,High,Night,Bike,12,6.0,63.9
8228,13.39,Clear,High,Morning,Scooter,15,8.0,60.6
8229,14.16,Clear,Medium,Morning,Scooter,10,7.0,46.7
8230,15.73,Clear,High,Afternoon,Bike,17,6.0,59.1
8231,14.03,Windy,Medium,Morning,Car,18,8.0,58.7
8232,12.68,Rainy,High,Morning,Car,19,9.0,63.6
8233,12.57,Snowy,Medium,Evening,Car,12,9.0,57.8
8234,15.6,Clear,Low,Night,Scooter,14,7.0,49.0
8235,15.54,Clear,High,Morning,Bike,23,8.0,71.4
8236,13.0,Clear,Medium,Evening,Bike,11,6.0,56.6
8237,14.49,Clear,High,Morning,Bike,6,7.0,50.0
8238,12.67,Rainy,Low,Evening,Scooter,16,8.0,53.5
8239,12.93,Snowy,Medium,Evening,Bike,19,7.0,73.5
8240,15.68,Rainy,High,Evening,Bike,27,9.0,82.0
8241,13.61,Rainy,Low,Evening,Scooter,8,9.0,51.9
8242,12.83,Clear,High,Night,Scooter,15,8.0,52.9
8243,14.1,Clear,High,Afternoon,Bike,26,6.0,72.5
8244,15.4,Foggy,Medium,Afternoon,Car,22,10.0,64.4
8245,15.33,Clear,Medium,Evening,Bike,20,8.0,66.2
8246,14.65,Clear,Medium,Morning,Scooter,7,10.0,41.3
8247,15.25,Windy,Low,Morning,Car,17,7.0,43.7
8248,15.12,Windy,Medium,Evening,Bike,31,9.0,74.9
8249,15.85,Rainy,Medium,Morning,Car,21,7.0,66.0
8250,14.62,Clear,High,Morning,Scooter,24,8.0,66.5
8251,14.39,Snowy,Medium,Evening,Car,18,10.0,61.8
8252,15.62,Clear,Low,Morning,Bike,15,8.0,46.0
8253,13.45,Clear,Low,Morning,Bike,15,10.0,45.0
8254,13.97,Clear,Medium,Evening,Bike,24,7.0,68.2
8255,15.44,Windy,Medium,Afternoon,Scooter,17,6.0,61.5
8256,15.92,Windy,Medium,Morning,Bike,15,8.0,62.0
8257,13.69,Rainy,Low,Afternoon,Bike,21,10.0,60.2
8258,14.36,Clear,Medium,Morning,Car,34,8.0,63.0
8259,15.35,Clear,High,Night,Bike,17,9.0,64.2
8260,14.08,Clear,High,Evening,Bike,12,10.0,62.5
8261,13.62,Snowy,Medium,Evening,Scooter,20,7.0,69.3
8262,12.26,Clear,High,Afternoon,Bike,16,9.0,55.5
8263,12.85,Clear,High,Evening,Scooter,19,10.0,51.6
8264,13.33,Foggy,Medium,Evening,Bike,34,6.0,86.4
8265,13.61,Clear,High,Evening,Bike,17,6.0,71.2
8266,15.1,Snowy,Medium,Night,Bike,15,10.0,66.3
8267,12.67,Clear,Low,Afternoon,Scooter,32,10.0,59.9
8268,12.29,Snowy,Medium,Evening,Bike,21,10.0,68.0
8269,14.35,Clear,High,Afternoon,Bike,15,10.0,60.9
8270,12.03,Clear,High,Morning,Car,15,7.0,55.8
8271,15.72,Clear,High,Evening,Car,20,8.0,65.6
8272,13.02,Clear,High,Evening,Scooter,15,10.0,53.2
8273,15.33,Rainy,Medium,Evening,Car,23,9.0,71.0
8274,13.52,Clear,Low,Night,Bike,13,8.0,49.6
8275,16.0,Clear,Medium,Afternoon,Scooter,13,9.0,54.5
8276,14.01,Foggy,Medium,Afternoon,Car,13,7.0,51.6
8277,15.85,Clear,Medium,Afternoon,Scooter,26,7.0,65.5
8278,13.88,Rainy,High,Evening,Bike,10,9.0,65.1
8279,14.86,Foggy,Low,Afternoon,Car,20,10.0,44.8
8280,12.25,Clear,Medium,Morning,Bike,26,6.0,65.0
8281,13.78,Foggy,High,Afternoon,Bike,12,8.0,59.9
8282,13.08,Clear,High,Morning,Scooter,28,9.0,65.8
8283,15.17,Clear,Medium,Afternoon,Bike,22,8.0,65.7
8284,14.13,Clear,Low,Afternoon,Bike,13,10.0,44.9
8285,14.56,Snowy,Low,Morning,Bike,32,9.0,70.8
8286,13.02,Rainy,Low,Morning,Bike,25,7.0,67.1
8287,12.47,Rainy,Low,Evening,Bike,9,9.0,51.9
8288,14.72,Windy,Low,Morning,Scooter,25,7.0,60.4
8289,13.77,Clear,Medium,Afternoon,Scooter,19,8.0,49.4
8290,13.67,Snowy,Low,Morning,Scooter,27,7.0,65.0
8291,15.86,Foggy,Medium,Evening,Bike,19,10.0,69.2
8292,12.47,Windy,Medium,Morning,Bike,24,8.0,63.5
8293,14.58,Windy,Medium,Morning,Car,25,10.0,59.7
8294,12.24,Windy,Low,Morning,Bike,24,8.0,64.0
8295,14.74,Clear,Low,Afternoon,Bike,9,6.0,44.4
8296,14.24,Foggy,Low,Afternoon,Car,21,9.0,50.4
8297,14.91,Snowy,Medium,Night,Bike,27,6.0,83.2
8298,15.0,Rainy,High,Evening,Bike,29,10.0,85.8
8299,12.53,Clear,Medium,Morning,Bike,23,10.0,60.2
8300,13.1,Windy,Low,Morning,Scooter,15,8.0,48.7
8301,13.01,Clear,Medium,Evening,Bike,26,7.0,64.8
8302,14.43,Rainy,Low,Morning,Scooter,8,8.0,47.5
8303,13.03,Rainy,Low,Morning,Scooter,23,9.0,61.0
8304,14.06,Clear,Low,Evening,Scooter,17,7.0,54.8
8305,13.77,Foggy,High,Morning,Bike,27,6.0,79.0
8306,14.34,Clear,Low,Evening,Bike,18,8.0,56.6
8307,13.41,Rainy,Low,Evening,Car,16,9.0,46.7
8308,15.7,Snowy,Low,Afternoon,Car,25,6.0,67.5
8309,15.86,Clear,High,Evening,Bike,15,7.0,73.1
8310,13.4,Foggy,High,Afternoon,Bike,17,8.0,64.8
8311,15.66,Clear,Low,Evening,Scooter,25,9.0,58.3
8312,15.17,Snowy,Low,Morning,Car,7,8.0,48.0
8313,12.9,Windy,High,Morning,Car,15,9.0,58.4
8314,14.25,Clear,High,Morning,Scooter,25,9.0,69.1
8315,13.51,Rainy,Medium,Evening,Bike,26,9.0,72.1
8316,15.2,Rainy,High,Afternoon,Scooter,12,6.0,64.8
8317,15.58,Rainy,Low,Afternoon,Car,17,10.0,49.6
8318,14.49,Foggy,Low,Morning,Bike,15,8.0,59.7
8319,14.52,Rainy,Low,Morning,Bike,31,8.0,74.2
8320,14.89,Rainy,Medium,Morning,Bike,19,9.0,71.3
8321,13.98,Clear,High,Night,Bike,16,8.0,62.5
8322,13.88,Clear,Low,Morning,Car,26,9.0,49.3
8323,14.25,Snowy,Medium,Evening,Bike,22,10.0,73.1
8324,15.27,Clear,Low,Morning,Scooter,22,8.0,52.2
8325,14.59,Rainy,Medium,Afternoon,Bike,20,8.0,61.1
8326,12.58,Clear,Low,Evening,Bike,16,10.0,47.0
8327,12.56,Snowy,Low,Morning,Scooter,10,9.0,49.2
8328,13.66,Rainy,Low,Evening,Bike,20,9.0,57.0
8329,14.64,Clear,Medium,Afternoon,Scooter,16,9.0,51.6
8330,13.56,Clear,Medium,Evening,Bike,17,9.0,54.8
8331,13.53,Clear,Medium,Night,Scooter,28,9.0,60.6
8332,15.58,Windy,Low,Afternoon,Car,22,9.0,61.5
8333,15.47,Rainy,High,Evening,Bike,24,8.0,81.3
8334,13.9,Clear,Low,Night,Bike,23,9.0,50.8
8335,14.87,Foggy,Low,Afternoon,Car,17,8.0,49.9
8336,13.81,Clear,Medium,Evening,Bike,19,10.0,58.8
8337,14.41,Clear,Medium,Afternoon,Bike,18,8.0,55.9
8338,13.1,Clear,High,Evening,Car,13,6.0,54.3
8339,13.99,Clear,Low,Evening,Bike,20,10.0,54.2
8340,14.57,Foggy,Medium,Evening,Scooter,16,8.0,56.5
8341,13.77,Snowy,Low,Afternoon,Bike,9,6.0,54.2
8342,15.04,Windy,Low,Night,Scooter,31,10.0,67.0
8343,13.07,Snowy,Medium,Evening,Scooter,16,6.0,62.0
8344,12.05,Clear,Medium,Afternoon,Scooter,15,6.0,47.0
8345,15.66,Clear,Low,Afternoon,Scooter,20,9.0,44.9
8346,13.44,Rainy,Medium,Afternoon,Bike,17,6.0,61.9
8347,13.01,Windy,Low,Evening,Bike,31,7.0,74.2
8348,13.9,Foggy,High,Morning,Scooter,9,8.0,60.2
8349,13.0,Rainy,High,Morning,Car,25,10.0,71.1
8350,14.93,Rainy,Medium,Morning,Scooter,8,8.0,54.9
8351,13.23,Foggy,Medium,Morning,Scooter,12,10.0,51.2
8352,15.97,Windy,Low,Morning,Bike,12,9.0,56.0
8353,13.1,Foggy,Medium,Morning,Scooter,15,7.0,59.7
8354,13.45,Clear,High,Afternoon,Scooter,26,8.0,63.3
8355,14.15,Clear,Low,Evening,Bike,14,7.0,53.2
8356,12.01,Rainy,Low,Evening,Bike,18,7.0,54.8
8357,12.02,Clear,Low,Afternoon,Bike,17,8.0,43.3
8358,12.94,Windy,Medium,Morning,Bike,13,10.0,51.1
8359,12.33,Rainy,Low,Afternoon,Scooter,17,9.0,48.2
8360,15.04,Clear,High,Afternoon,Bike,25,7.0,72.1
8361,15.49,Clear,Medium,Evening,Scooter,22,7.0,65.1
8362,13.65,Rainy,Medium,Evening,Car,16,10.0,58.0
8363,14.07,Rainy,High,Evening,Car,14,9.0,64.7
8364,14.45,Clear,Low,Evening,Car,18,8.0,55.2
8365,12.38,Snowy,Medium,Evening,Car,13,10.0,56.4
8366,13.88,Clear,Medium,Evening,Bike,12,6.0,49.0
8367,15.84,Clear,Low,Evening,Scooter,9,9.0,43.7
8368,12.83,Clear,Low,Evening,Scooter,7,8.0,36.3
8369,12.34,Rainy,Low,Morning,Car,31,8.0,59.6
8370,13.12,Foggy,Medium,Morning,Scooter,15,9.0,58.0
8371,14.19,Snowy,Medium,Evening,Bike,8,7.0,66.4
8372,15.47,Clear,Low,Morning,Car,19,10.0,48.4
8373,13.42,Windy,High,Afternoon,Scooter,17,6.0,63.7
8374,13.38,Foggy,Low,Afternoon,Bike,19,8.0,57.9
8375,13.37,Clear,Low,Afternoon,Scooter,18,8.0,45.4
8376,15.36,Clear,High,Morning,Scooter,10,10.0,58.3
8377,13.88,Clear,Medium,Evening,Scooter,23,9.0,57.8
8378,13.33,Snowy,Medium,Afternoon,Car,16,7.0,60.6
8379,12.71,Clear,Medium,Afternoon,Scooter,33,8.0,68.0
8380,12.5,Clear,Medium,Night,Car,19,7.0,49.7
8381,15.9,Foggy,High,Evening,Bike,18,6.0,77.3
8382,13.95,Snowy,Medium,Morning,Bike,15,8.0,64.5
8383,12.29,Rainy,High,Evening,Bike,18,6.0,73.3
8384,15.63,Foggy,Medium,Night,Scooter,17,9.0,59.0
8385,15.82,Clear,Low,Afternoon,Car,18,10.0,46.4
8386,12.95,Snowy,Medium,Afternoon,Scooter,31,6.0,76.7
8387,13.26,Clear,Medium,Afternoon,Bike,16,10.0,50.3
8388,15.84,Clear,Medium,Night,Bike,14,6.0,55.1
8389,12.06,Windy,Low,Evening,Car,16,8.0,48.0
8390,13.3,Clear,Low,Night,Bike,9,9.0,34.3
8391,13.72,Clear,High,Afternoon,Bike,17,9.0,62.0
8392,15.08,Rainy,High,Afternoon,Scooter,28,7.0,74.3
8393,13.47,Clear,Low,Night,Scooter,13,6.0,35.6
8394,13.35,Clear,High,Evening,Bike,10,9.0,57.9
8395,14.92,Rainy,Medium,Afternoon,Bike,7,8.0,55.0
8396,15.4,Foggy,Medium,Evening,Scooter,20,7.0,64.8
8397,12.37,Foggy,Low,Afternoon,Bike,23,8.0,52.9
8398,12.57,Clear,Low,Afternoon,Bike,21,8.0,50.9
8399,14.64,Rainy,Low,Afternoon,Bike,20,8.0,59.0
8400,13.26,Snowy,Low,Evening,Bike,25,8.0,71.7
8401,14.67,Clear,High,Afternoon,Bike,26,8.0,69.7
8402,12.7,Clear,Medium,Afternoon,Scooter,15,10.0,43.7
8403,15.22,Clear,High,Afternoon,Bike,19,10.0,67.8
8404,13.29,Rainy,Low,Evening,Bike,21,6.0,60.6
8405,13.34,Clear,Low,Afternoon,Bike,15,9.0,40.6
8406,12.72,Foggy,Medium,Afternoon,Bike,20,7.0,58.0
8407,12.85,Windy,Medium,Evening,Scooter,21,6.0,61.4
8408,14.39,Clear,Medium,Evening,Bike,5,6.0,54.8
8409,14.33,Rainy,Low,Afternoon,Car,10,9.0,43.6
8410,15.3,Clear,Low,Afternoon,Scooter,22,10.0,49.0
8411,14.52,Clear,Medium,Morning,Bike,10,9.0,50.1
8412,13.71,Foggy,Low,Morning,Car,18,6.0,54.8
8413,15.21,Clear,Low,Afternoon,Bike,9,7.0,39.1
8414,12.07,Windy,High,Night,Bike,25,10.0,60.9
8415,14.81,Rainy,Low,Evening,Bike,19,9.0,63.8
8416,14.17,Clear,Low,Night,Scooter,13,8.0,44.0
8417,12.88,Clear,Low,Evening,Scooter,26,6.0,59.5
8418,14.55,Clear,Low,Morning,Scooter,11,9.0,44.6
8419,15.95,Snowy,Low,Afternoon,Car,28,10.0,70.7
8420,13.39,Rainy,Medium,Morning,Car,31,7.0,72.7
8421,14.55,Clear,High,Morning,Bike,21,10.0,67.9
8422,13.76,Rainy,Low,Night,Car,25,8.0,57.3
8423,13.57,Rainy,Low,Evening,Bike,25,6.0,69.1
8424,13.23,Foggy,Low,Morning,Car,17,10.0,60.8
8425,12.92,Clear,Low,Evening,Bike,11,6.0,45.2
8426,12.94,Clear,Medium,Evening,Bike,10,6.0,51.4
8427,15.1,Clear,Medium,Afternoon,Bike,11,8.0,56.6
8428,13.3,Clear,Medium,Evening,Bike,18,9.0,59.5
8429,14.12,Clear,Medium,Evening,Car,8,9.0,38.6
8430,12.85,Clear,Medium,Evening,Bike,17,10.0,60.4
8431,12.85,Clear,Low,Afternoon,Bike,14,8.0,44.4
8432,14.35,Clear,Medium,Night,Car,26,6.0,51.5
8433,14.33,Clear,High,Evening,Scooter,10,8.0,53.5
8434,14.02,Windy,High,Afternoon,Scooter,21,10.0,60.7
8435,14.77,Rainy,Medium,Night,Car,10,6.0,50.5
8436,14.55,Clear,Low,Evening,Bike,18,7.0,55.7
8437,12.8,Rainy,Low,Morning,Bike,15,9.0,56.9
8438,12.22,Clear,High,Evening,Bike,19,7.0,67.5
8439,13.08,Snowy,Low,Afternoon,Bike,10,8.0,53.9
8440,13.72,Rainy,Medium,Morning,Bike,18,6.0,72.4
8441,12.83,Rainy,Medium,Morning,Scooter,18,6.0,61.0
8442,13.93,Windy,High,Afternoon,Bike,25,9.0,65.0
8443,12.15,Snowy,Medium,Afternoon,Scooter,9,9.0,40.8
8444,13.91,Snowy,High,Morning,Scooter,11,6.0,68.3
8445,13.41,Clear,Medium,Evening,Bike,32,8.0,72.5
8446,15.84,Clear,Low,Morning,Scooter,17,8.0,57.5
8447,15.51,Rainy,Low,Night,Bike,22,7.0,66.3
8448,15.8,Clear,Medium,Afternoon,Scooter,14,9.0,46.1
8449,14.64,Rainy,Medium,Evening,Bike,20,9.0,68.0
8450,15.89,Foggy,Medium,Afternoon,Car,16,6.0,59.6
8451,12.76,Clear,Low,Evening,Scooter,25,10.0,49.7
8452,14.13,Clear,Low,Afternoon,Scooter,17,7.0,50.4
8453,14.97,Rainy,Medium,Morning,Bike,21,8.0,70.8
8454,13.93,Clear,Low,Morning,Bike,15,6.0,51.1
8455,12.85,Rainy,Medium,Evening,Bike,13,9.0,54.1
8456,14.62,Foggy,Low,Morning,Scooter,13,6.0,58.7
8457,15.88,Clear,Low,Afternoon,Scooter,19,7.0,51.1
8458,14.09,Foggy,High,Evening,Scooter,18,8.0,68.1
8459,12.99,Rainy,High,Morning,Bike,22,6.0,73.7
8460,12.16,Foggy,Medium,Afternoon,Car,25,8.0,56.8
8461,12.42,Clear,Medium,Evening,Car,8,8.0,41.4
8462,15.11,Foggy,High,Evening,Bike,24,10.0,79.5
8463,13.94,Foggy,Medium,Morning,Bike,26,7.0,75.2
8464,12.83,Clear,Medium,Night,Scooter,22,9.0,55.9
8465,15.44,Rainy,Medium,Afternoon,Bike,21,7.0,71.8
8466,13.74,Snowy,Low,Afternoon,Bike,29,10.0,70.9
8467,15.18,Clear,Low,Afternoon,Scooter,27,10.0,54.4
8468,15.25,Foggy,High,Evening,Scooter,16,9.0,66.5
8469,14.87,Windy,Medium,Morning,Bike,20,7.0,63.8
8470,15.89,Snowy,Medium,Afternoon,Car,18,10.0,61.5
8471,15.59,Clear,Medium,Morning,Bike,11,7.0,58.4
8472,12.5,Rainy,Low,Night,Bike,13,7.0,50.5
8473,13.38,Windy,Medium,Morning,Bike,18,8.0,63.6
8474,15.82,Rainy,High,Evening,Car,17,6.0,75.6
8475,14.62,Clear,Low,Evening,Car,19,7.0,47.0
8476,13.77,Clear,Low,Evening,Bike,24,7.0,54.5
8477,15.45,Foggy,High,Afternoon,Scooter,24,10.0,70.2
8478,14.56,Clear,Low,Afternoon,Bike,14,8.0,51.7
8479,13.48,Clear,Low,Afternoon,Bike,14,9.0,48.6
8480,13.08,Clear,Medium,Afternoon,Bike,20,10.0,55.4
8481,15.4,Foggy,High,Evening,Car,16,10.0,64.0
8482,15.39,Clear,High,Evening,Bike,30,8.0,81.8
8483,15.67,Snowy,Low,Afternoon,Scooter,20,8.0,65.0
8484,15.14,Foggy,Medium,Morning,Bike,14,10.0,60.0
8485,12.74,Windy,High,Morning,Car,11,9.0,50.9
8486,13.55,Snowy,High,Morning,Car,22,7.0,73.9
8487,13.31,Clear,Low,Afternoon,Bike,15,8.0,48.8
8488,13.03,Rainy,High,Afternoon,Scooter,13,8.0,60.4
8489,15.18,Clear,Low,Morning,Scooter,14,8.0,42.7
8490,12.5,Windy,Medium,Morning,Car,21,9.0,58.6
8491,13.92,Clear,Low,Morning,Bike,21,8.0,56.8
8492,15.46,Rainy,Medium,Evening,Bike,10,6.0,65.3
8493,15.16,Snowy,Low,Morning,Bike,21,7.0,69.5
8494,13.07,Clear,Low,Afternoon,Scooter,20,9.0,46.9
8495,12.14,Snowy,Medium,Night,Bike,24,10.0,66.8
8496,13.66,Clear,Medium,Afternoon,Bike,10,9.0,45.0
8497,14.37,Clear,Low,Afternoon,Car,14,9.0,37.9
8498,15.42,Clear,Low,Night,Car,24,6.0,53.7
8499,14.11,Clear,High,Afternoon,Bike,17,9.0,56.8
8500,13.06,Rainy,Medium,Evening,Scooter,28,8.0,69.6
8501,14.76,Windy,High,Afternoon,Bike,21,9.0,68.1
8502,13.61,Clear,Medium,Evening,Scooter,9,9.0,48.7
8503,15.3,Rainy,Medium,Evening,Bike,17,9.0,70.3
8504,12.09,Snowy,Low,Morning,Bike,14,9.0,61.2
8505,13.68,Foggy,Low,Afternoon,Bike,23,9.0,53.7
8506,13.69,Clear,Low,Afternoon,Car,12,8.0,36.5
8507,14.35,Windy,Medium,Afternoon,Bike,27,10.0,71.3
8508,13.43,Clear,Medium,Evening,Bike,22,9.0,63.0
8509,13.61,Rainy,Low,Evening,Bike,19,6.0,61.7
8510,14.94,Rainy,Medium,Afternoon,Car,19,7.0,57.9
8511,12.69,Foggy,Medium,Afternoon,Bike,30,7.0,72.8
8512,12.95,Clear,Medium,Evening,Bike,26,7.0,66.8
8513,12.41,Clear,Medium,Evening,Scooter,28,9.0,60.9
8514,13.03,Foggy,Low,Evening,Bike,25,6.0,68.1
8515,14.02,Clear,Medium,Afternoon,Scooter,15,7.0,56.4
8516,12.76,Clear,Low,Morning,Scooter,12,8.0,38.6
8517,12.29,Foggy,Low,Afternoon,Scooter,14,6.0,46.2
8518,15.99,Rainy,Low,Morning,Scooter,30,6.0,75.0
8519,13.82,Clear,Low,Night,Bike,30,8.0,63.6
8520,15.33,Clear,Low,Evening,Scooter,13,9.0,51.3
8521,14.96,Windy,High,Afternoon,Car,13,7.0,61.0
8522,12.66,Clear,Medium,Afternoon,Bike,21,10.0,53.4
8523,14.05,Clear,High,Afternoon,Scooter,19,8.0,54.1
8524,14.27,Clear,Medium,Afternoon,Scooter,19,10.0,52.1
8525,12.63,Clear,Low,Morning,Scooter,28,8.0,56.7
8526,12.45,Windy,Low,Morning,Bike,19,7.0,46.9
8527,13.05,Clear,Medium,Morning,Car,19,6.0,57.1
8528,13.05,Clear,Medium,Afternoon,Bike,21,9.0,54.7
8529,13.11,Rainy,Medium,Afternoon,Bike,18,8.0,60.9
8530,13.01,Clear,Medium,Morning,Bike,19,10.0,55.9
8531,14.19,Clear,Low,Afternoon,Scooter,23,10.0,49.6
8532,13.18,Windy,Medium,Morning,Scooter,28,8.0,71.0
8533,15.09,Foggy,High,Evening,Scooter,29,7.0,81.3
8534,12.21,Clear,High,Evening,Bike,21,7.0,72.0
8535,14.49,Clear,Medium,Afternoon,Scooter,14,6.0,52.2
8536,15.09,Clear,Medium,Morning,Bike,26,6.0,73.7
8537,13.75,Clear,Low,Afternoon,Scooter,21,8.0,47.8
8538,13.28,Rainy,High,Afternoon,Bike,16,6.0,66.4
8539,13.21,Rainy,Medium,Evening,Bike,20,10.0,69.2
8540,13.31,Foggy,Medium,Morning,Bike,16,10.0,63.8
8541,12.47,Snowy,High,Afternoon,Bike,25,6.0,77.6
8542,14.32,Clear,Low,Afternoon,Scooter,15,7.0,46.0
8543,14.49,Windy,Medium,Evening,Car,17,10.0,55.5
8544,13.56,Rainy,High,Morning,Scooter,24,7.0,75.3
8545,15.82,Clear,High,Evening,Bike,13,7.0,65.9
8546,15.65,Snowy,Low,Evening,Bike,19,9.0,68.1
8547,13.19,Clear,Medium,Morning,Scooter,17,8.0,56.2
8548,14.93,Rainy,Low,Afternoon,Bike,16,10.0,55.7
8549,12.47,Foggy,Medium,Evening,Scooter,11,8.0,48.7
8550,15.03,Clear,Low,Afternoon,Scooter,7,7.0,37.1
8551,14.94,Snowy,Medium,Evening,Bike,20,6.0,74.4
8552,13.43,Clear,Low,Afternoon,Car,19,9.0,44.5
8553,13.55,Snowy,Low,Night,Bike,29,8.0,68.3
8554,14.34,Clear,High,Evening,Scooter,15,8.0,63.1
8555,13.12,Clear,High,Morning,Bike,8,9.0,52.7
8556,14.29,Clear,Medium,Evening,Bike,17,7.0,64.9
8557,15.55,Snowy,Medium,Evening,Bike,9,10.0,63.3
8558,13.78,Clear,Low,Afternoon,Scooter,14,8.0,43.1
8559,12.82,Snowy,Medium,Afternoon,Bike,21,10.0,68.2
8560,14.23,Clear,Medium,Afternoon,Car,17,9.0,52.6
8561,14.61,Clear,Low,Night,Bike,15,9.0,49.6
8562,14.1,Clear,Medium,Morning,Bike,24,6.0,75.3
8563,12.09,Clear,Medium,Morning,Scooter,15,9.0,48.2
8564,14.68,Windy,Low,Morning,Bike,12,6.0,49.2
8565,12.15,Clear,High,Afternoon,Bike,14,9.0,53.2
8566,13.67,Rainy,Low,Morning,Bike,30,10.0,73.5
8567,13.66,Rainy,Medium,Morning,Scooter,14,8.0,59.6
8568,15.39,Rainy,Low,Night,Bike,15,10.0,52.8
8569,15.45,Rainy,High,Morning,Bike,12,9.0,68.6
8570,15.1,Snowy,Medium,Morning,Scooter,20,8.0,68.0
8571,15.28,Foggy,Low,Evening,Car,14,8.0,49.8
8572,12.88,Rainy,Low,Morning,Bike,13,6.0,54.5
8573,14.87,Rainy,Low,Morning,Scooter,19,6.0,62.5
8574,15.0,Rainy,Medium,Morning,Bike,23,6.0,73.2
8575,15.11,Clear,High,Evening,Bike,19,10.0,66.3
8576,15.18,Rainy,Medium,Afternoon,Bike,18,6.0,68.9
8577,12.65,Clear,Medium,Evening,Bike,31,9.0,66.9
8578,13.03,Foggy,Medium,Afternoon,Bike,14,7.0,52.8
8579,15.13,Windy,Low,Afternoon,Bike,17,7.0,61.7
8580,12.59,Windy,Medium,Afternoon,Bike,13,9.0,48.7
8581,12.5,Snowy,Low,Night,Bike,18,10.0,50.0
8582,15.91,Rainy,High,Evening,Bike,17,6.0,73.7
8583,15.87,Foggy,Medium,Morning,Bike,23,8.0,68.1
8584,13.35,Clear,High,Morning,Bike,17,6.0,69.7
8585,12.03,Clear,High,Morning,Scooter,12,7.0,52.0
8586,13.59,Clear,Medium,Afternoon,Bike,30,9.0,63.4
8587,12.1,Clear,Low,Evening,Bike,14,6.0,48.7
8588,12.57,Windy,High,Morning,Bike,14,7.0,67.6
8589,12.9,Snowy,High,Morning,Scooter,27,8.0,78.1
8590,15.36,Rainy,Low,Afternoon,Scooter,21,7.0,64.5
8591,13.5,Clear,High,Evening,Scooter,27,7.0,69.5
8592,12.03,Rainy,Low,Morning,Bike,14,8.0,49.1
8593,14.55,Clear,Medium,Afternoon,Scooter,9,10.0,48.4
8594,12.28,Snowy,Medium,Afternoon,Bike,17,6.0,60.3
8595,15.58,Windy,Low,Evening,Car,14,8.0,48.8
8596,12.98,Clear,Medium,Evening,Scooter,22,9.0,60.3
8597,12.95,Clear,Medium,Afternoon,Bike,13,8.0,48.8
8598,13.59,Clear,Medium,Evening,Car,10,6.0,46.0
8599,12.43,Clear,High,Night,Bike,17,9.0,56.2
8600,12.09,Clear,Low,Afternoon,Car,14,7.0,34.4
8601,15.66,Clear,Medium,Afternoon,Bike,14,6.0,57.4
8602,15.45,Clear,Medium,Afternoon,Bike,15,8.0,57.7
8603,15.67,Clear,Medium,Night,Scooter,15,6.0,53.2
8604,14.71,Clear,Medium,Morning,Bike,17,9.0,61.7
8605,12.05,Foggy,Low,Morning,Scooter,19,8.0,52.9
8606,15.89,Clear,Medium,Afternoon,Bike,18,7.0,61.9
8607,14.84,Snowy,High,Morning,Bike,19,10.0,76.8
8608,13.66,Clear,Medium,Afternoon,Bike,11,10.0,45.9
8609,14.93,Clear,Medium,Evening,Car,9,7.0,48.8
8610,14.27,Clear,High,Evening,Car,29,10.0,66.8
8611,14.69,Foggy,Medium,Morning,Bike,13,7.0,70.8
8612,15.3,Clear,Medium,Afternoon,Scooter,25,8.0,54.3
8613,15.74,Rainy,Medium,Morning,Bike,9,8.0,60.1
8614,15.19,Clear,Low,Morning,Bike,21,7.0,61.8
8615,15.58,Windy,Medium,Evening,Car,20,9.0,64.1
8616,14.27,Clear,High,Morning,Scooter,17,6.0,60.3
8617,13.35,Clear,Low,Afternoon,Scooter,16,9.0,40.0
8618,14.68,Snowy,High,Night,Bike,26,10.0,80.4
8619,14.22,Clear,Low,Afternoon,Scooter,22,7.0,47.0
8620,12.22,Clear,Low,Evening,Car,20,6.0,43.7
8621,14.3,Snowy,Low,Evening,Car,28,8.0,71.3
8622,13.67,Clear,Low,Night,Scooter,9,7.0,39.3
8623,13.48,Clear,Low,Afternoon,Bike,23,9.0,53.3
8624,14.9,Clear,Low,Afternoon,Car,31,7.0,61.9
8625,15.54,Clear,Medium,Morning,Scooter,31,6.0,73.9
8626,12.79,Windy,Low,Morning,Bike,12,7.0,46.6
8627,15.18,Rainy,Medium,Morning,Bike,24,10.0,70.9
8628,12.68,Rainy,Low,Morning,Scooter,9,6.0,48.2
8629,14.31,Clear,Medium,Morning,Car,21,10.0,54.5
8630,15.39,Foggy,Medium,Afternoon,Car,20,7.0,63.1
8631,15.62,Rainy,Medium,Morning,Car,17,7.0,63.2
8632,13.23,Clear,Medium,Morning,Scooter,15,9.0,54.6
8633,15.28,Snowy,Medium,Afternoon,Car,13,10.0,53.7
8634,15.52,Rainy,Medium,Night,Bike,15,7.0,60.5
8635,12.69,Foggy,Low,Morning,Bike,10,10.0,47.5
8636,13.54,Clear,Medium,Morning,Bike,15,9.0,54.3
8637,15.1,Clear,High,Afternoon,Scooter,18,6.0,62.1
8638,12.06,Foggy,High,Night,Car,18,8.0,56.5
8639,14.5,Foggy,Medium,Afternoon,Car,19,7.0,56.2
8640,13.66,Clear,Low,Evening,Car,22,6.0,51.6
8641,14.07,Clear,Low,Afternoon,Scooter,11,10.0,31.4
8642,13.67,Snowy,Medium,Afternoon,Scooter,26,10.0,72.5
8643,12.78,Clear,Low,Morning,Bike,15,10.0,45.2
8644,13.39,Clear,Low,Evening,Scooter,13,9.0,44.4
8645,15.44,Rainy,Low,Afternoon,Scooter,12,9.0,43.3
8646,14.44,Clear,Medium,Afternoon,Bike,24,9.0,59.7
8647,13.91,Clear,Low,Morning,Bike,17,6.0,54.8
8648,14.82,Clear,Medium,Afternoon,Bike,14,6.0,60.4
8649,12.73,Windy,High,Afternoon,Car,29,10.0,67.3
8650,12.33,Clear,High,Morning,Scooter,19,9.0,60.4
8651,14.19,Rainy,Medium,Evening,Bike,20,7.0,68.5
8652,12.05,Windy,Low,Morning,Car,14,9.0,42.0
8653,12.59,Rainy,High,Night,Bike,16,8.0,63.3
8654,14.87,Rainy,Low,Morning,Bike,15,10.0,59.6
8655,15.61,Rainy,Medium,Afternoon,Scooter,14,8.0,62.2
8656,13.14,Clear,Low,Evening,Bike,27,9.0,59.4
8657,13.53,Rainy,Low,Afternoon,Bike,11,10.0,47.8
8658,14.72,Windy,Medium,Night,Scooter,10,8.0,47.4
8659,15.22,Foggy,Low,Night,Bike,16,10.0,53.7
8660,13.04,Clear,Low,Afternoon,Bike,21,10.0,53.1
8661,15.3,Clear,Medium,Evening,Bike,15,6.0,62.4
8662,15.89,Snowy,High,Morning,Car,13,6.0,71.3
8663,12.35,Clear,Medium,Evening,Scooter,9,6.0,44.2
8664,12.9,Snowy,Low,Afternoon,Car,25,8.0,56.0
8665,14.9,Clear,Low,Evening,Scooter,22,10.0,56.8
8666,12.15,Foggy,Medium,Evening,Bike,20,9.0,64.8
8667,13.14,Snowy,Low,Morning,Bike,22,9.0,68.1
8668,15.38,Clear,Low,Afternoon,Bike,25,7.0,60.6
8669,14.73,Clear,Low,Morning,Scooter,14,6.0,46.4
8670,14.56,Snowy,Low,Evening,Scooter,24,6.0,70.3
8671,14.45,Clear,High,Evening,Scooter,11,6.0,60.4
8672,14.01,Clear,High,Evening,Scooter,29,6.0,76.7
8673,15.07,Rainy,Medium,Afternoon,Bike,19,10.0,62.8
8674,15.46,Clear,Medium,Afternoon,Car,23,6.0,60.5
8675,15.18,Rainy,Low,Afternoon,Bike,17,7.0,53.3
8676,13.93,Clear,High,Morning,Scooter,16,10.0,62.6
8677,15.11,Clear,High,Morning,Bike,22,7.0,73.5
8678,15.02,Snowy,Medium,Afternoon,Bike,15,9.0,65.2
8679,13.82,Clear,High,Morning,Scooter,20,8.0,68.2
8680,13.34,Clear,Medium,Afternoon,Bike,6,9.0,40.2
8681,13.64,Rainy,Medium,Night,Car,25,7.0,64.2
8682,13.97,Snowy,Low,Morning,Scooter,12,10.0,50.1
8683,12.59,Rainy,Medium,Afternoon,Scooter,20,9.0,52.8
8684,12.87,Snowy,Low,Evening,Bike,26,7.0,71.0
8685,12.41,Clear,Low,Morning,Car,21,9.0,47.6
8686,12.29,Clear,Low,Evening,Car,17,9.0,36.3
8687,14.26,Windy,High,Afternoon,Bike,18,10.0,66.6
8688,14.79,Snowy,Medium,Night,Scooter,17,7.0,63.2
8689,14.45,Rainy,Low,Morning,Car,8,10.0,47.0
8690,14.91,Clear,Low,Afternoon,Bike,23,9.0,57.1
8691,13.63,Clear,Medium,Evening,Bike,30,8.0,74.3
8692,15.2,Clear,Low,Morning,Car,22,9.0,57.5
8693,14.99,Snowy,Low,Afternoon,Bike,27,8.0,71.8
8694,14.84,Snowy,Medium,Afternoon,Car,26,10.0,71.4
8695,15.06,Clear,High,Afternoon,Bike,15,6.0,65.2
8696,12.93,Clear,Low,Night,Scooter,15,9.0,36.5
8697,14.28,Clear,Medium,Morning,Bike,17,10.0,55.8
8698,15.1,Clear,Medium,Evening,Bike,10,6.0,52.6
8699,12.4,Foggy,Low,Morning,Car,9,8.0,42.5
8700,12.99,Rainy,High,Afternoon,Scooter,6,9.0,48.1
8701,13.96,Clear,Medium,Morning,Car,18,10.0,46.6
8702,13.66,Rainy,Medium,Morning,Bike,18,6.0,64.4
8703,15.66,Windy,Medium,Afternoon,Car,10,7.0,48.1
8704,15.0,Clear,Low,Evening,Scooter,12,8.0,47.6
8705,12.16,Clear,Medium,Afternoon,Bike,23,9.0,60.2
8706,13.86,Rainy,Low,Night,Bike,18,6.0,60.7
8707,15.05,Clear,Medium,Evening,Bike,23,10.0,66.6
8708,14.68,Rainy,Low,Evening,Bike,13,8.0,55.0
8709,14.15,Rainy,Low,Night,Car,19,8.0,46.3
8710,12.34,Clear,Low,Afternoon,Car,13,9.0,33.3
8711,15.66,Clear,Medium,Morning,Bike,30,8.0,74.8
8712,13.66,Snowy,Low,Afternoon,Bike,28,7.0,70.2
8713,12.58,Clear,Low,Evening,Bike,15,8.0,50.6
8714,12.34,Rainy,Low,Afternoon,Car,12,6.0,44.6
8715,15.14,Rainy,Medium,Evening,Scooter,12,10.0,58.6
8716,14.45,Snowy,Medium,Morning,Scooter,12,7.0,60.4
8717,13.01,Foggy,Low,Afternoon,Scooter,20,7.0,46.9
8718,14.13,Snowy,Medium,Morning,Car,12,6.0,57.1
8719,15.79,Rainy,Low,Afternoon,Bike,12,7.0,52.6
8720,13.97,Clear,Medium,Afternoon,Bike,16,6.0,62.9
8721,13.56,Clear,Medium,Night,Scooter,24,6.0,64.2
8722,13.23,Clear,Low,Morning,Car,11,9.0,34.9
8723,12.73,Clear,Medium,Evening,Scooter,12,7.0,49.0
8724,15.64,Clear,Medium,Morning,Car,10,9.0,45.0
8725,12.69,Clear,High,Evening,Car,9,7.0,49.4
8726,12.22,Clear,Low,Evening,Bike,12,8.0,42.6
8727,12.57,Clear,High,Evening,Scooter,24,7.0,65.0
8728,12.73,Clear,Medium,Evening,Car,32,7.0,69.0
8729,13.7,Foggy,High,Night,Bike,13,10.0,61.3
8730,15.64,Rainy,High,Morning,Scooter,12,8.0,69.2
8731,12.54,Snowy,Medium,Evening,Bike,12,6.0,63.5
8732,12.58,Rainy,Low,Afternoon,Car,9,10.0,35.5
8733,13.75,Snowy,Low,Morning,Bike,25,10.0,65.3
8734,15.62,Foggy,Low,Afternoon,Bike,18,7.0,58.3
8735,15.71,Clear,Medium,Afternoon,Scooter,15,7.0,52.5
8736,15.8,Windy,High,Afternoon,Scooter,13,8.0,58.4
8737,12.51,Clear,Low,Afternoon,Bike,12,9.0,38.0
8738,14.82,Rainy,High,Afternoon,Bike,11,8.0,64.0
8739,14.59,Foggy,High,Night,Car,21,6.0,70.5
8740,12.12,Clear,High,Morning,Car,21,6.0,53.8
8741,14.69,Rainy,Low,Evening,Scooter,11,10.0,46.6
8742,14.79,Clear,Low,Afternoon,Bike,13,7.0,48.1
8743,14.63,Clear,High,Morning,Scooter,25,8.0,64.8
8744,12.86,Clear,Low,Evening,Scooter,18,9.0,42.6
8745,13.33,Clear,Medium,Afternoon,Bike,12,6.0,56.1
8746,14.22,Clear,Low,Morning,Bike,21,6.0,60.4
8747,12.55,Rainy,Medium,Evening,Bike,25,7.0,79.4
8748,12.64,Rainy,High,Afternoon,Bike,15,9.0,57.3
8749,14.79,Clear,Low,Morning,Scooter,23,10.0,61.8
8750,12.66,Rainy,Low,Morning,Bike,25,7.0,61.7
8751,12.07,Clear,Medium,Afternoon,Scooter,15,7.0,48.0
8752,12.74,Clear,Low,Afternoon,Scooter,28,7.0,47.3
8753,12.3,Foggy,Medium,Evening,Scooter,16,9.0,55.5
8754,13.13,Windy,Low,Evening,Scooter,11,8.0,45.2
8755,15.04,Clear,Low,Morning,Scooter,23,9.0,55.3
8756,15.14,Clear,Low,Afternoon,Bike,12,7.0,42.9
8757,12.29,Foggy,Medium,Morning,Bike,13,9.0,54.8
8758,14.28,Snowy,Low,Night,Scooter,21,7.0,60.9
8759,12.35,Clear,Low,Afternoon,Bike,18,10.0,41.7
8760,12.75,Clear,High,Morning,Bike,10,8.0,54.6
8761,15.14,Clear,High,Afternoon,Bike,24,6.0,71.5
8762,15.89,Rainy,Low,Night,Bike,7,9.0,50.9
8763,13.09,Windy,Medium,Afternoon,Bike,13,6.0,48.4
8764,15.11,Rainy,Medium,Evening,Scooter,20,10.0,64.5
8765,13.37,Clear,High,Morning,Scooter,23,8.0,66.1
8766,15.14,Rainy,High,Afternoon,Scooter,17,10.0,64.1
8767,14.28,Snowy,Medium,Afternoon,Bike,17,10.0,61.1
8768,14.19,Clear,Low,Evening,Car,29,8.0,62.2
8769,15.24,Snowy,Low,Morning,Bike,15,6.0,67.8
8770,14.78,Clear,Medium,Afternoon,Scooter,19,6.0,58.2
8771,15.88,Clear,High,Evening,Bike,20,7.0,71.6
8772,13.45,Rainy,High,Morning,Bike,28,6.0,82.4
8773,15.82,Clear,High,Morning,Scooter,23,9.0,74.1
8774,15.31,Windy,Medium,Morning,Bike,11,6.0,62.5
8775,13.97,Rainy,Low,Evening,Bike,23,9.0,69.1
8776,14.0,Clear,High,Morning,Bike,20,6.0,69.5
8777,15.61,Clear,Low,Evening,Car,23,6.0,59.6
8778,14.35,Rainy,Low,Morning,Car,10,6.0,51.0
8779,13.35,Clear,Low,Morning,Scooter,28,10.0,61.7
8780,12.17,Foggy,Medium,Morning,Bike,24,9.0,59.5
8781,13.2,Clear,Low,Evening,Bike,25,10.0,58.4
8782,12.87,Clear,High,Evening,Car,27,8.0,69.4
8783,12.52,Rainy,Medium,Evening,Bike,10,8.0,59.3
8784,14.69,Clear,Medium,Afternoon,Bike,24,6.0,63.4
8785,13.58,Rainy,Low,Evening,Car,22,6.0,60.4
8786,12.38,Rainy,Low,Afternoon,Bike,21,9.0,58.0
8787,13.31,Clear,Medium,Morning,Car,16,8.0,54.2
8788,12.56,Foggy,Medium,Evening,Scooter,14,10.0,53.7
8789,14.39,Foggy,Low,Morning,Car,20,8.0,56.6
8790,13.71,Snowy,Medium,Evening,Scooter,14,6.0,61.7
8791,15.74,Clear,Low,Evening,Bike,28,9.0,70.6
8792,14.43,Clear,Low,Afternoon,Scooter,20,6.0,53.9
8793,15.06,Foggy,Low,Evening,Car,15,10.0,54.3
8794,13.34,Rainy,Low,Evening,Scooter,8,8.0,47.8
8795,15.02,Rainy,Low,Morning,Car,12,8.0,52.0
8796,14.94,Rainy,Low,Night,Car,14,6.0,48.5
8797,15.96,Foggy,Low,Morning,Scooter,12,7.0,51.7
8798,14.64,Clear,Low,Morning,Car,18,6.0,53.7
8799,15.66,Rainy,Low,Morning,Bike,22,6.0,73.2
8800,15.47,Clear,Low,Night,Car,27,8.0,57.0
8801,15.67,Clear,Low,Afternoon,Car,20,8.0,50.4
8802,14.29,Rainy,Low,Evening,Bike,19,8.0,63.3
8803,12.9,Rainy,Medium,Morning,Scooter,13,10.0,58.0
8804,14.34,Clear,Low,Afternoon,Bike,26,10.0,59.8
8805,15.69,Snowy,Medium,Morning,Car,15,10.0,62.2
8806,15.89,Foggy,High,Morning,Bike,22,6.0,81.9
8807,15.78,Rainy,Low,Evening,Scooter,23,6.0,62.4
8808,13.76,Windy,Medium,Evening,Bike,9,10.0,50.4
8809,15.22,Clear,Low,Evening,Bike,21,10.0,53.2
8810,13.95,Foggy,Medium,Afternoon,Car,29,6.0,64.5
8811,14.77,Clear,High,Afternoon,Scooter,21,6.0,61.6
8812,13.73,Clear,High,Evening,Bike,17,7.0,58.8
8813,13.21,Clear,High,Morning,Car,16,8.0,59.8
8814,13.77,Clear,Low,Morning,Bike,12,6.0,47.2
8815,13.23,Rainy,High,Afternoon,Bike,13,8.0,61.3
8816,13.69,Clear,Low,Morning,Bike,27,7.0,60.3
8817,14.71,Rainy,High,Evening,Car,16,10.0,67.1
8818,12.8,Clear,Medium,Morning,Car,12,10.0,48.3
8819,14.71,Clear,High,Morning,Scooter,16,8.0,63.1
8820,12.29,Windy,Low,Evening,Bike,17,6.0,54.5
8821,12.01,Rainy,Medium,Morning,Bike,15,7.0,54.3
8822,12.93,Windy,High,Afternoon,Scooter,7,7.0,47.9
8823,12.81,Rainy,Low,Evening,Scooter,16,10.0,53.1
8824,15.33,Clear,High,Afternoon,Bike,27,9.0,76.9
8825,15.02,Rainy,Medium,Evening,Bike,14,7.0,67.7
8826,14.67,Rainy,Low,Morning,Car,15,6.0,60.9
8827,14.83,Clear,Low,Afternoon,Scooter,22,10.0,48.4
8828,14.65,Snowy,Medium,Night,Bike,12,9.0,58.6
8829,15.31,Rainy,Low,Morning,Car,25,7.0,66.6
8830,14.14,Foggy,Low,Afternoon,Bike,18,10.0,57.9
8831,12.07,Rainy,Medium,Afternoon,Scooter,18,9.0,58.5
8832,15.45,Rainy,Low,Afternoon,Bike,11,6.0,48.3
8833,13.88,Clear,Medium,Morning,Car,10,6.0,47.3
8834,15.71,Windy,High,Morning,Bike,25,6.0,83.8
8835,15.57,Clear,High,Morning,Car,13,7.0,61.8
8836,13.6,Clear,Low,Morning,Scooter,17,8.0,49.8
8837,15.73,Clear,Low,Evening,Bike,18,10.0,56.4
8838,12.23,Rainy,Medium,Afternoon,Bike,8,10.0,38.8
8839,14.65,Windy,Medium,Evening,Car,22,10.0,67.4
8840,14.73,Snowy,High,Evening,Bike,18,10.0,78.2
8841,15.36,Foggy,Medium,Morning,Bike,28,6.0,76.5
8842,13.89,Windy,Low,Evening,Scooter,11,10.0,43.6
8843,12.96,Foggy,Medium,Afternoon,Bike,12,10.0,52.3
8844,12.18,Clear,Low,Afternoon,Scooter,14,9.0,38.8
8845,13.87,Rainy,High,Evening,Scooter,15,10.0,60.3
8846,13.81,Clear,Medium,Evening,Bike,29,8.0,67.6
8847,13.43,Clear,Medium,Morning,Bike,19,9.0,60.6
8848,14.55,Clear,Medium,Night,Bike,14,9.0,50.9
8849,14.13,Clear,Medium,Morning,Car,13,7.0,44.6
8850,12.46,Windy,Low,Evening,Bike,18,9.0,50.6
8851,12.19,Windy,Low,Evening,Scooter,13,8.0,44.0
8852,15.56,Clear,Low,Morning,Scooter,10,6.0,41.7
8853,14.97,Foggy,Medium,Evening,Scooter,20,6.0,71.2
8854,13.85,Clear,Low,Night,Bike,21,9.0,55.6
8855,13.98,Clear,Low,Morning,Bike,10,10.0,47.5
8856,12.46,Clear,Medium,Morning,Scooter,18,9.0,52.3
8857,13.05,Clear,Medium,Morning,Scooter,19,10.0,50.0
8858,15.3,Clear,Low,Morning,Scooter,20,10.0,51.1
8859,12.51,Clear,Medium,Night,Bike,7,6.0,46.9
8860,12.42,Clear,High,Afternoon,Scooter,24,9.0,57.5
8861,14.23,Clear,High,Night,Bike,18,7.0,63.0
8862,15.36,Windy,High,Afternoon,Scooter,16,9.0,60.5
8863,13.52,Clear,Medium,Afternoon,Scooter,17,8.0,49.5
8864,14.58,Clear,Medium,Evening,Bike,17,10.0,58.7
8865,15.61,Rainy,High,Evening,Car,26,6.0,79.0
8866,15.57,Clear,Low,Afternoon,Scooter,21,6.0,52.3
8867,13.87,Rainy,Medium,Afternoon,Bike,14,9.0,57.2
8868,13.18,Clear,Low,Evening,Bike,7,8.0,40.6
8869,14.29,Rainy,Medium,Evening,Scooter,16,10.0,57.6
8870,15.7,Rainy,Low,Afternoon,Car,13,10.0,44.3
8871,14.72,Rainy,High,Morning,Bike,20,7.0,76.1
8872,15.82,Rainy,Low,Evening,Bike,20,9.0,63.8
8873,14.32,Clear,Low,Evening,Scooter,15,9.0,46.9
8874,12.08,Clear,High,Evening,Bike,26,10.0,65.4
8875,13.79,Clear,Low,Evening,Bike,32,7.0,62.5
8876,15.61,Rainy,Medium,Afternoon,Bike,17,6.0,71.1
8877,12.14,Clear,Low,Afternoon,Scooter,17,7.0,39.6
8878,14.47,Clear,Medium,Evening,Bike,10,7.0,47.0
8879,13.51,Rainy,Medium,Evening,Bike,26,6.0,77.4
8880,13.61,Clear,Low,Morning,Bike,12,7.0,46.3
8881,14.27,Clear,Medium,Morning,Bike,20,6.0,63.6
8882,13.65,Rainy,Medium,Morning,Car,20,6.0,63.8
8883,15.68,Clear,Low,Afternoon,Bike,15,9.0,52.9
8884,13.21,Snowy,Medium,Afternoon,Bike,10,9.0,56.3
8885,15.04,Windy,Low,Morning,Car,21,6.0,53.0
8886,12.37,Windy,Medium,Afternoon,Car,15,8.0,42.6
8887,13.33,Clear,Low,Evening,Car,12,10.0,34.7
8888,12.63,Clear,High,Afternoon,Bike,28,7.0,67.8
8889,12.88,Rainy,Medium,Evening,Scooter,17,7.0,61.0
8890,14.26,Rainy,Low,Afternoon,Scooter,22,9.0,54.3
8891,13.37,Rainy,Medium,Evening,Scooter,14,7.0,55.9
8892,12.2,Clear,Medium,Morning,Bike,12,9.0,47.0
8893,15.45,Clear,Medium,Morning,Bike,8,6.0,52.4
8894,14.7,Clear,Medium,Afternoon,Bike,15,6.0,57.5
8895,15.82,Clear,Medium,Night,Scooter,9,8.0,45.9
8896,15.2,Clear,Low,Afternoon,Bike,33,8.0,70.7
8897,14.24,Windy,Low,Afternoon,Scooter,13,10.0,41.5
8898,13.84,Clear,High,Morning,Scooter,11,9.0,53.9
8899,15.79,Rainy,High,Afternoon,Car,25,7.0,73.7
8900,13.7,Windy,Low,Afternoon,Car,24,6.0,54.2
8901,14.18,Clear,Medium,Evening,Scooter,34,8.0,73.8
8902,13.33,Rainy,Medium,Evening,Bike,14,9.0,60.8
8903,13.12,Foggy,Low,Morning,Car,9,7.0,50.5
8904,15.38,Clear,High,Morning,Bike,22,9.0,76.8
8905,12.99,Clear,Medium,Morning,Bike,24,6.0,63.2
8906,12.58,Snowy,Medium,Afternoon,Bike,15,9.0,63.1
8907,14.91,Foggy,Low,Afternoon,Scooter,29,10.0,66.3
8908,15.36,Snowy,High,Morning,Bike,23,7.0,80.6
8909,15.71,Windy,Low,Night,Bike,16,9.0,47.7
8910,14.67,Clear,Low,Afternoon,Bike,22,9.0,55.4
8911,13.39,Foggy,Low,Evening,Scooter,6,7.0,41.8
8912,14.04,Rainy,Medium,Night,Scooter,15,6.0,49.8
8913,12.75,Rainy,Low,Afternoon,Scooter,12,7.0,45.2
8914,12.85,Foggy,Low,Morning,Bike,15,10.0,52.3
8915,15.59,Foggy,Low,Night,Car,13,7.0,46.2
8916,15.4,Snowy,Low,Evening,Bike,22,7.0,76.3
8917,13.12,Clear,Medium,Morning,Bike,25,7.0,64.9
8918,13.52,Rainy,Medium,Morning,Scooter,12,7.0,55.3
8919,15.84,Clear,Medium,Afternoon,Scooter,16,8.0,54.0
8920,13.57,Rainy,Medium,Night,Scooter,19,9.0,54.3
8921,13.31,Foggy,Medium,Evening,Bike,12,7.0,55.3
8922,12.8,Foggy,Low,Evening,Car,15,7.0,39.4
8923,13.63,Clear,High,Morning,Bike,13,8.0,61.3
8924,13.45,Rainy,Low,Afternoon,Car,19,7.0,54.1
8925,14.94,Clear,Low,Morning,Scooter,27,8.0,61.8
8926,13.39,Clear,High,Evening,Bike,17,6.0,65.4
8927,13.83,Clear,High,Evening,Bike,21,7.0,68.9
8928,13.29,Windy,Medium,Morning,Bike,22,10.0,68.7
8929,13.28,Clear,Medium,Night,Bike,33,8.0,68.9
8930,13.0,Windy,Medium,Night,Car,20,8.0,55.4
8931,13.99,Clear,High,Evening,Car,12,9.0,55.6
8932,13.72,Foggy,Medium,Afternoon,Bike,7,7.0,45.7
8933,12.23,Rainy,Medium,Afternoon,Car,11,8.0,47.9
8934,15.72,Foggy,Low,Morning,Car,11,7.0,46.9
8935,13.4,Rainy,Low,Morning,Car,18,9.0,51.3
8936,15.03,Foggy,Low,Afternoon,Bike,17,8.0,55.6
8937,15.63,Windy,Low,Evening,Bike,20,6.0,67.4
8938,12.05,Rainy,Low,Afternoon,Car,10,8.0,36.4
8939,12.49,Clear,High,Evening,Scooter,25,7.0,67.1
8940,12.76,Clear,Medium,Afternoon,Bike,11,6.0,42.7
8941,15.54,Foggy,High,Morning,Bike,21,8.0,76.7
8942,14.18,Rainy,Low,Morning,Bike,21,6.0,64.0
8943,13.24,Rainy,Medium,Morning,Bike,19,6.0,71.2
8944,12.18,Rainy,High,Evening,Bike,12,9.0,60.0
8945,12.14,Clear,High,Afternoon,Scooter,20,8.0,51.1
8946,14.31,Foggy,High,Afternoon,Scooter,28,7.0,72.9
8947,14.81,Foggy,High,Evening,Scooter,24,10.0,71.6
8948,13.54,Foggy,Medium,Evening,Bike,11,10.0,56.4
8949,13.15,Foggy,Medium,Morning,Bike,15,6.0,65.2
8950,15.23,Snowy,Medium,Evening,Bike,24,7.0,78.2
8951,15.46,Rainy,High,Night,Bike,13,6.0,69.4
8952,13.53,Windy,High,Morning,Car,22,6.0,66.8
8953,14.99,Clear,High,Afternoon,Bike,28,7.0,76.2
8954,15.48,Rainy,High,Morning,Bike,14,6.0,70.4
8955,13.52,Foggy,Low,Evening,Scooter,10,10.0,44.6
8956,12.64,Clear,Medium,Afternoon,Scooter,17,9.0,50.1
8957,13.47,Clear,Medium,Afternoon,Bike,15,6.0,50.6
8958,12.25,Rainy,Low,Evening,Scooter,18,7.0,53.1
8959,12.14,Clear,Low,Afternoon,Bike,15,9.0,42.0
8960,15.3,Windy,Medium,Afternoon,Bike,18,7.0,57.9
8961,15.41,Clear,High,Evening,Bike,12,8.0,65.2
8962,14.59,Clear,Low,Evening,Scooter,12,6.0,44.7
8963,15.43,Rainy,Medium,Evening,Scooter,16,10.0,62.7
8964,15.74,Clear,High,Evening,Scooter,10,6.0,60.8
8965,14.75,Clear,Low,Afternoon,Scooter,32,6.0,64.9
8966,15.65,Rainy,Low,Evening,Bike,15,7.0,58.6
8967,15.68,Rainy,Medium,Evening,Scooter,13,7.0,63.4
8968,13.1,Clear,Medium,Morning,Bike,22,7.0,65.5
8969,15.8,Rainy,Medium,Morning,Scooter,16,9.0,62.3
8970,15.94,Rainy,Low,Evening,Bike,30,9.0,78.9
8971,13.12,Foggy,Low,Afternoon,Bike,9,6.0,46.4
8972,14.51,Clear,High,Afternoon,Scooter,17,6.0,60.7
8973,12.88,Clear,High,Night,Scooter,13,7.0,53.6
8974,13.58,Windy,Medium,Afternoon,Car,22,7.0,53.9
8975,14.5,Rainy,High,Morning,Scooter,18,9.0,66.6
8976,12.15,Clear,Medium,Afternoon,Bike,13,10.0,49.1
8977,14.59,Snowy,Medium,Afternoon,Bike,18,7.0,66.9
8978,13.94,Clear,Low,Afternoon,Bike,23,9.0,49.8
8979,12.5,Foggy,High,Evening,Bike,31,7.0,80.8
8980,14.74,Foggy,High,Evening,Bike,13,10.0,66.1
8981,15.77,Windy,High,Morning,Bike,9,9.0,64.0
8982,12.01,Windy,Medium,Morning,Scooter,19,6.0,55.6
8983,13.75,Clear,Medium,Morning,Bike,15,6.0,62.8
8984,12.5,Foggy,Medium,Evening,Bike,23,8.0,64.0
8985,12.83,Clear,Low,Afternoon,Bike,23,8.0,46.6
8986,13.97,Rainy,Low,Morning,Scooter,13,7.0,48.1
8987,13.17,Rainy,Medium,Morning,Bike,17,6.0,63.1
8988,14.6,Clear,Low,Afternoon,Car,8,10.0,35.5
8989,13.06,Clear,Low,Afternoon,Car,22,9.0,44.7
8990,15.1,Clear,Low,Evening,Car,19,10.0,51.2
8991,12.73,Clear,Low,Evening,Scooter,31,7.0,58.7
8992,15.63,Clear,Medium,Evening,Car,15,8.0,55.8
8993,13.6,Windy,Low,Afternoon,Bike,21,9.0,49.7
8994,12.22,Rainy,Low,Afternoon,Scooter,19,7.0,51.1
8995,12.4,Foggy,Medium,Morning,Bike,19,9.0,63.6
8996,14.13,Snowy,Medium,Afternoon,Bike,16,8.0,61.5
8997,15.64,Foggy,High,Afternoon,Car,16,10.0,66.4
8998,14.06,Clear,Low,Afternoon,Scooter,13,10.0,34.2
8999,13.8,Snowy,Medium,Morning,Bike,21,10.0,73.4
9000,15.09,Foggy,Low,Night,Bike,22,8.0,63.8
9001,12.91,Foggy,Low,Evening,Bike,21,6.0,58.1
9002,14.71,Windy,Medium,Evening,Car,31,9.0,71.8
9003,12.87,Rainy,Medium,Evening,Car,15,8.0,52.9
9004,15.38,Rainy,High,Morning,Bike,12,9.0,70.2
9005,15.53,Snowy,Low,Morning,Bike,9,9.0,57.0
9006,12.78,Clear,Medium,Morning,Bike,11,6.0,51.5
9007,12.57,Snowy,High,Morning,Scooter,14,6.0,64.2
9008,14.89,Clear,Low,Evening,Scooter,9,9.0,40.6
9009,14.61,Clear,Low,Afternoon,Scooter,29,8.0,56.0
9010,14.49,Rainy,Medium,Afternoon,Scooter,15,7.0,59.5
9011,14.04,Clear,Medium,Evening,Bike,29,10.0,74.8
9012,12.52,Windy,Medium,Morning,Bike,16,10.0,63.3
9013,14.88,Clear,High,Evening,Bike,18,7.0,71.3
9014,12.65,Foggy,Low,Afternoon,Scooter,19,7.0,49.5
9015,14.17,Clear,High,Afternoon,Scooter,16,6.0,60.5
9016,13.39,Windy,Medium,Evening,Car,15,8.0,53.6
9017,13.33,Clear,Low,Night,Bike,21,9.0,49.8
9018,15.33,Clear,Low,Afternoon,Car,27,7.0,62.4
9019,13.82,Clear,Low,Afternoon,Bike,23,6.0,58.7
9020,13.97,Rainy,Medium,Afternoon,Bike,17,6.0,60.9
9021,15.58,Windy,Low,Evening,Bike,24,7.0,69.9
9022,14.23,Windy,Medium,Night,Bike,20,9.0,62.6
9023,15.21,Clear,Medium,Afternoon,Bike,18,7.0,56.4
9024,15.45,Clear,High,Afternoon,Bike,27,9.0,73.8
9025,14.78,Clear,Medium,Afternoon,Scooter,18,10.0,52.3
9026,12.58,Rainy,Medium,Night,Scooter,17,10.0,45.8
9027,12.48,Rainy,High,Afternoon,Scooter,21,7.0,61.0
9028,13.74,Clear,Medium,Morning,Car,17,8.0,55.7
9029,12.25,Rainy,Low,Evening,Scooter,14,9.0,46.4
9030,13.2,Snowy,High,Evening,Car,18,6.0,71.2
9031,12.83,Clear,Low,Afternoon,Bike,29,9.0,61.6
9032,12.15,Clear,Medium,Evening,Car,18,6.0,44.9
9033,13.6,Clear,Low,Evening,Bike,33,8.0,72.9
9034,13.0,Clear,Low,Night,Bike,25,7.0,54.9
9035,12.41,Clear,Medium,Evening,Scooter,17,7.0,53.3
9036,14.92,Rainy,Low,Morning,Bike,15,7.0,66.4
9037,15.65,Clear,High,Afternoon,Bike,20,8.0,70.5
9038,14.48,Foggy,Medium,Evening,Bike,30,8.0,77.5
9039,15.72,Snowy,Medium,Morning,Scooter,16,7.0,66.8
9040,12.67,Windy,Low,Afternoon,Car,13,7.0,38.3
9041,15.07,Rainy,Low,Night,Bike,11,8.0,50.7
9042,13.63,Clear,Low,Morning,Bike,18,10.0,55.8
9043,13.96,Clear,Medium,Evening,Scooter,17,9.0,55.9
9044,14.66,Clear,Medium,Evening,Bike,18,6.0,63.3
9045,15.13,Windy,Low,Afternoon,Bike,17,6.0,55.0
9046,12.24,Windy,High,Evening,Bike,19,9.0,67.7
9047,13.55,Clear,Medium,Evening,Scooter,15,8.0,46.4
9048,15.06,Clear,High,Afternoon,Bike,17,8.0,68.9
9049,14.14,Rainy,Medium,Night,Bike,16,7.0,61.1
9050,13.37,Clear,Medium,Morning,Bike,18,8.0,55.8
9051,12.16,Windy,Low,Evening,Scooter,17,8.0,51.4
9052,12.03,Clear,Medium,Afternoon,Bike,21,9.0,57.4
9053,13.7,Clear,Low,Morning,Scooter,22,10.0,51.9
9054,13.93,Clear,Medium,Afternoon,Car,16,10.0,50.6
9055,12.92,Clear,Low,Evening,Bike,22,10.0,57.4
9056,15.2,Clear,Medium,Morning,Bike,28,9.0,73.2
9057,14.89,Snowy,High,Morning,Bike,23,9.0,77.4
9058,12.75,Clear,High,Morning,Car,23,7.0,63.2
9059,12.75,Rainy,Low,Afternoon,Scooter,22,10.0,53.1
9060,15.46,Clear,Low,Afternoon,Scooter,16,7.0,47.1
9061,15.68,Clear,High,Afternoon,Car,30,6.0,71.8
9062,15.94,Clear,Medium,Afternoon,Car,13,10.0,50.3
9063,14.75,Clear,High,Evening,Car,14,8.0,53.9
9064,15.72,Clear,Low,Night,Bike,13,8.0,52.4
9065,12.59,Clear,High,Afternoon,Scooter,17,9.0,53.1
9066,12.62,Snowy,Medium,Evening,Car,23,9.0,62.8
9067,12.17,Foggy,Medium,Afternoon,Scooter,14,6.0,49.3
9068,14.15,Windy,Medium,Afternoon,Scooter,30,7.0,68.5
9069,12.89,Clear,Medium,Evening,Car,21,9.0,58.3
9070,14.28,Foggy,Medium,Morning,Scooter,29,9.0,74.1
9071,12.03,Rainy,High,Evening,Scooter,20,9.0,69.6
9072,14.12,Clear,Medium,Night,Scooter,19,8.0,53.1
9073,15.56,Clear,Medium,Afternoon,Bike,30,7.0,71.4
9074,14.9,Rainy,Medium,Afternoon,Bike,29,8.0,81.6
9075,13.47,Foggy,Low,Afternoon,Scooter,21,6.0,53.6
9076,12.27,Clear,Low,Morning,Car,11,10.0,34.4
9077,12.98,Clear,Medium,Night,Car,11,6.0,40.0
9078,14.01,Windy,Low,Evening,Bike,8,8.0,47.9
9079,13.03,Clear,High,Afternoon,Car,12,9.0,44.0
9080,15.11,Windy,Medium,Evening,Bike,19,7.0,67.6
9081,15.74,Snowy,High,Evening,Scooter,17,10.0,74.1
9082,12.7,Snowy,Medium,Evening,Car,21,8.0,65.9
9083,12.02,Foggy,Low,Evening,Car,27,6.0,53.6
9084,12.34,Clear,High,Morning,Scooter,16,6.0,51.6
9085,15.21,Rainy,High,Morning,Scooter,26,7.0,78.9
9086,12.21,Foggy,Medium,Afternoon,Bike,27,7.0,66.2
9087,14.99,Foggy,Low,Afternoon,Scooter,21,6.0,54.0
9088,13.62,Clear,Medium,Morning,Bike,25,9.0,61.5
9089,13.7,Clear,Low,Morning,Bike,28,8.0,64.6
9090,14.92,Clear,Low,Evening,Car,17,6.0,49.3
9091,13.28,Clear,Medium,Afternoon,Bike,18,10.0,55.6
9092,15.24,Rainy,High,Evening,Scooter,18,8.0,67.6
9093,12.38,Snowy,Low,Night,Bike,17,8.0,55.1
9094,14.87,Foggy,Medium,Morning,Bike,29,8.0,82.9
9095,15.61,Rainy,High,Evening,Bike,10,10.0,66.4
9096,12.66,Clear,Low,Night,Bike,15,7.0,42.9
9097,14.22,Clear,Medium,Evening,Bike,28,6.0,74.4
9098,14.56,Clear,Low,Evening,Scooter,23,7.0,60.5
9099,12.53,Clear,High,Night,Scooter,14,9.0,48.3
9100,14.17,Clear,High,Evening,Bike,21,9.0,67.1
9101,13.01,Clear,Medium,Morning,Car,6,7.0,43.0
9102,15.01,Clear,Low,Morning,Scooter,18,10.0,51.9
9103,14.27,Rainy,High,Afternoon,Scooter,28,9.0,76.0
9104,13.64,Clear,High,Afternoon,Scooter,20,7.0,60.5
9105,14.97,Clear,Medium,Morning,Scooter,28,10.0,66.8
9106,14.93,Clear,Low,Evening,Bike,10,7.0,51.7
9107,12.84,Rainy,High,Evening,Bike,18,6.0,75.8
9108,12.1,Rainy,Medium,Morning,Bike,21,10.0,61.5
9109,12.99,Clear,Low,Afternoon,Scooter,8,8.0,36.4
9110,15.53,Clear,Low,Evening,Bike,26,10.0,64.0
9111,13.59,Windy,Low,Afternoon,Car,14,10.0,37.0
9112,12.81,Rainy,Low,Afternoon,Bike,26,10.0,58.4
9113,13.48,Rainy,Medium,Morning,Bike,14,9.0,60.0
9114,13.53,Rainy,Low,Afternoon,Bike,32,6.0,74.3
9115,13.82,Snowy,Medium,Afternoon,Car,27,8.0,65.5
9116,13.8,Snowy,High,Morning,Bike,26,10.0,77.0
9117,13.19,Clear,Low,Morning,Scooter,21,9.0,49.8
9118,13.2,Rainy,Medium,Afternoon,Scooter,16,10.0,52.6
9119,15.2,Clear,High,Afternoon,Bike,17,9.0,66.3
9120,14.65,Rainy,Low,Afternoon,Scooter,19,7.0,56.8
9121,14.72,Clear,Medium,Morning,Car,14,9.0,53.1
9122,12.76,Clear,Medium,Afternoon,Scooter,14,9.0,43.5
9123,15.97,Windy,Low,Afternoon,Bike,17,8.0,52.7
9124,12.35,Snowy,High,Evening,Scooter,18,6.0,73.5
9125,14.73,Clear,Medium,Morning,Scooter,24,6.0,63.0
9126,14.97,Windy,High,Evening,Car,23,8.0,72.1
9127,13.07,Clear,Medium,Afternoon,Bike,20,7.0,55.4
9128,12.31,Clear,Low,Morning,Car,21,9.0,48.7
9129,14.95,Snowy,Medium,Afternoon,Car,26,7.0,71.6
9130,14.26,Clear,Medium,Morning,Bike,9,6.0,53.2
9131,15.86,Clear,High,Afternoon,Scooter,19,6.0,65.5
9132,14.91,Rainy,Medium,Morning,Bike,9,10.0,58.1
9133,15.72,Clear,High,Afternoon,Bike,11,6.0,54.9
9134,14.54,Clear,Medium,Evening,Scooter,17,10.0,55.9
9135,13.99,Clear,Medium,Afternoon,Bike,16,8.0,57.4
9136,15.78,Rainy,High,Night,Bike,22,10.0,75.6
9137,15.28,Clear,Low,Morning,Scooter,25,10.0,57.7
9138,12.14,Clear,Medium,Morning,Car,24,6.0,57.9
9139,14.33,Foggy,Low,Morning,Bike,19,8.0,63.7
9140,12.6,Clear,Medium,Evening,Bike,6,9.0,43.5
9141,15.79,Clear,High,Afternoon,Bike,8,9.0,50.9
9142,14.7,Foggy,Medium,Morning,Bike,13,10.0,60.8
9143,13.81,Foggy,Low,Afternoon,Car,14,6.0,46.9
9144,15.84,Clear,Medium,Evening,Bike,17,6.0,64.8
9145,13.35,Snowy,Low,Night,Scooter,16,10.0,49.9
9146,13.78,Foggy,High,Evening,Bike,12,9.0,64.9
9147,13.6,Clear,High,Night,Car,10,10.0,45.2
9148,12.53,Foggy,Medium,Evening,Bike,8,7.0,51.1
9149,12.6,Foggy,Medium,Night,Car,10,6.0,44.3
9150,14.36,Rainy,Medium,Afternoon,Scooter,5,9.0,46.7
9151,12.28,Rainy,High,Evening,Car,8,9.0,53.5
9152,15.72,Foggy,Medium,Afternoon,Bike,17,9.0,61.6
9153,13.31,Windy,Low,Evening,Car,21,6.0,54.3
9154,13.28,Rainy,Medium,Morning,Bike,16,10.0,63.4
9155,12.56,Snowy,High,Evening,Scooter,14,7.0,67.1
9156,13.4,Foggy,Low,Afternoon,Scooter,20,8.0,53.1
9157,14.76,Snowy,Low,Afternoon,Bike,20,6.0,68.8
9158,15.83,Windy,High,Morning,Bike,22,9.0,78.5
9159,12.77,Clear,High,Afternoon,Bike,14,10.0,60.1
9160,12.71,Clear,Low,Evening,Car,30,6.0,61.5
9161,12.56,Rainy,Low,Morning,Bike,12,6.0,56.0
9162,14.3,Clear,Low,Morning,Bike,30,9.0,62.4
9163,12.47,Rainy,Low,Morning,Scooter,20,8.0,57.9
9164,12.35,Foggy,Medium,Afternoon,Scooter,14,10.0,50.7
9165,14.98,Windy,Low,Morning,Bike,13,7.0,54.6
9166,15.17,Clear,Low,Morning,Bike,13,9.0,44.8
9167,13.26,Foggy,Medium,Evening,Scooter,20,10.0,53.2
9168,14.33,Clear,Medium,Afternoon,Car,30,10.0,60.7
9169,14.97,Rainy,Low,Afternoon,Bike,26,6.0,66.7
9170,12.2,Clear,Medium,Evening,Bike,32,9.0,65.0
9171,14.54,Rainy,Low,Afternoon,Scooter,15,7.0,52.9
9172,13.14,Rainy,Low,Morning,Bike,16,8.0,53.7
9173,13.64,Foggy,Medium,Afternoon,Car,23,9.0,53.6
9174,13.42,Rainy,Medium,Morning,Scooter,14,10.0,62.7
9175,14.87,Clear,Medium,Morning,Car,15,8.0,54.4
9176,13.88,Clear,Medium,Evening,Bike,14,7.0,55.1
9177,15.04,Clear,Low,Morning,Bike,16,6.0,51.3
9178,13.26,Windy,Low,Morning,Scooter,23,9.0,53.1
9179,14.17,Windy,High,Afternoon,Bike,7,7.0,53.1
9180,15.63,Clear,Medium,Evening,Bike,8,9.0,51.4
9181,13.75,Clear,Low,Morning,Bike,6,7.0,41.1
9182,14.31,Clear,Medium,Afternoon,Bike,20,10.0,53.9
9183,14.68,Rainy,High,Afternoon,Bike,16,9.0,65.3
9184,15.65,Clear,Medium,Afternoon,Bike,17,8.0,53.5
9185,14.54,Clear,Low,Morning,Bike,17,10.0,47.0
9186,14.45,Clear,Low,Afternoon,Scooter,13,8.0,37.4
9187,15.33,Clear,Medium,Afternoon,Bike,24,8.0,63.1
9188,15.97,Clear,High,Evening,Scooter,12,6.0,60.6
9189,15.6,Clear,Medium,Morning,Scooter,21,9.0,63.3
9190,12.5,Rainy,Medium,Evening,Scooter,22,10.0,63.7
9191,14.71,Rainy,Low,Morning,Car,14,8.0,54.4
9192,13.31,Clear,Low,Afternoon,Car,22,7.0,46.2
9193,13.66,Rainy,Medium,Afternoon,Bike,13,9.0,58.6
9194,14.58,Rainy,Medium,Morning,Bike,18,8.0,61.8
9195,12.58,Foggy,Medium,Morning,Scooter,22,7.0,64.3
9196,14.77,Windy,High,Afternoon,Scooter,12,6.0,57.8
9197,13.17,Clear,Low,Evening,Bike,21,10.0,56.9
9198,15.28,Snowy,Medium,Evening,Car,11,9.0,51.2
9199,13.49,Foggy,Medium,Night,Car,10,10.0,47.4
9200,12.2,Rainy,High,Morning,Car,15,7.0,55.8
9201,14.4,Clear,High,Afternoon,Bike,13,10.0,60.0
9202,15.0,Clear,Medium,Afternoon,Bike,12,8.0,49.7
9203,14.47,Clear,Low,Evening,Bike,14,10.0,51.1
9204,15.12,Windy,Medium,Morning,Bike,23,9.0,69.6
9205,15.22,Rainy,Medium,Afternoon,Bike,26,10.0,75.5
9206,12.17,Clear,High,Morning,Bike,29,9.0,72.8
9207,12.01,Rainy,High,Morning,Car,30,9.0,78.7
9208,12.9,Clear,Medium,Evening,Scooter,20,6.0,54.6
9209,12.9,Clear,High,Afternoon,Scooter,21,8.0,55.5
9210,14.25,Rainy,Low,Evening,Bike,15,10.0,55.4
9211,12.92,Rainy,Low,Morning,Car,27,10.0,62.3
9212,13.46,Foggy,Low,Evening,Car,15,8.0,50.8
9213,13.81,Rainy,Low,Evening,Scooter,22,10.0,55.5
9214,14.4,Rainy,High,Afternoon,Bike,24,7.0,73.9
9215,15.99,Snowy,Medium,Afternoon,Bike,31,9.0,83.6
9216,14.75,Clear,Low,Evening,Scooter,8,7.0,46.0
9217,13.06,Rainy,Medium,Afternoon,Car,14,7.0,49.4
9218,13.4,Foggy,High,Afternoon,Car,17,10.0,53.2
9219,12.17,Clear,Medium,Afternoon,Bike,24,10.0,59.8
9220,13.68,Clear,Low,Evening,Bike,22,10.0,50.9
9221,14.36,Clear,Low,Morning,Bike,10,8.0,48.4
9222,15.8,Clear,Medium,Afternoon,Bike,26,10.0,60.3
9223,13.07,Rainy,Medium,Evening,Scooter,16,9.0,58.0
9224,12.97,Clear,Medium,Evening,Scooter,26,10.0,59.5
9225,12.07,Rainy,Low,Morning,Car,27,7.0,58.0
9226,14.3,Clear,Medium,Morning,Bike,28,8.0,75.0
9227,15.98,Clear,Low,Morning,Bike,24,9.0,63.5
9228,13.48,Clear,Low,Morning,Scooter,23,8.0,53.4
9229,13.99,Clear,High,Morning,Car,18,10.0,58.0
9230,12.23,Windy,Low,Morning,Car,19,10.0,44.6
9231,14.28,Clear,Medium,Morning,Car,18,6.0,61.3
9232,12.84,Clear,High,Morning,Scooter,18,7.0,58.9
9233,12.06,Clear,High,Night,Bike,13,8.0,58.3
9234,14.74,Clear,Low,Evening,Scooter,15,9.0,45.6
9235,12.59,Rainy,Low,Evening,Car,12,8.0,46.0
9236,12.4,Foggy,Medium,Afternoon,Bike,22,9.0,59.4
9237,12.91,Clear,Low,Evening,Bike,16,8.0,47.2
9238,12.55,Rainy,Low,Morning,Bike,14,6.0,54.4
9239,14.49,Clear,Medium,Evening,Scooter,24,7.0,68.7
9240,13.07,Snowy,Medium,Morning,Scooter,27,7.0,77.4
9241,14.68,Rainy,Medium,Evening,Bike,6,7.0,57.2
9242,14.18,Clear,Low,Morning,Bike,26,7.0,58.9
9243,13.41,Foggy,Medium,Evening,Scooter,8,10.0,49.5
9244,12.77,Snowy,Low,Morning,Bike,22,6.0,64.9
9245,14.69,Clear,High,Morning,Bike,26,7.0,73.2
9246,14.1,Windy,Medium,Afternoon,Scooter,13,8.0,52.1
9247,14.88,Snowy,Medium,Morning,Bike,29,9.0,78.5
9248,14.02,Clear,Medium,Evening,Bike,22,6.0,65.6
9249,15.21,Foggy,Medium,Morning,Bike,32,9.0,82.4
9250,14.2,Rainy,High,Afternoon,Bike,13,6.0,67.6
9251,15.25,Rainy,Low,Evening,Bike,11,6.0,54.1
9252,14.2,Rainy,High,Afternoon,Bike,21,7.0,78.1
9253,15.85,Snowy,High,Evening,Bike,18,7.0,81.5
9254,15.41,Rainy,Medium,Night,Scooter,24,9.0,67.4
9255,13.02,Rainy,Low,Morning,Car,16,10.0,45.6
9256,14.91,Clear,Low,Afternoon,Bike,6,10.0,36.2
9257,12.53,Clear,Low,Evening,Scooter,17,6.0,45.8
9258,15.64,Windy,Medium,Evening,Bike,21,8.0,69.4
9259,13.38,Foggy,Medium,Afternoon,Car,15,6.0,52.8
9260,13.91,Clear,Low,Night,Bike,18,9.0,48.1
9261,12.08,Snowy,Low,Afternoon,Bike,20,7.0,62.6
9262,15.47,Snowy,Medium,Evening,Bike,22,9.0,75.4
9263,15.79,Rainy,Medium,Evening,Bike,13,9.0,65.8
9264,13.88,Clear,Low,Morning,Bike,14,9.0,52.5
9265,12.75,Rainy,Low,Afternoon,Bike,21,6.0,56.7
9266,14.78,Clear,Low,Evening,Scooter,15,10.0,43.3
9267,13.19,Clear,Medium,Morning,Bike,23,8.0,61.9
9268,15.84,Rainy,Medium,Morning,Bike,14,9.0,69.1
9269,13.24,Windy,Low,Night,Car,23,9.0,49.8
9270,14.3,Clear,Low,Morning,Bike,12,8.0,50.6
9271,12.2,Snowy,Medium,Evening,Bike,17,10.0,59.8
9272,15.96,Windy,Low,Morning,Scooter,13,10.0,46.2
9273,14.3,Clear,Low,Evening,Bike,18,9.0,55.7
9274,15.9,Clear,Low,Morning,Scooter,22,9.0,58.5
9275,13.2,Foggy,Medium,Afternoon,Bike,18,7.0,57.0
9276,14.11,Foggy,Low,Morning,Bike,12,8.0,49.7
9277,12.07,Clear,High,Morning,Car,28,6.0,66.4
9278,15.08,Rainy,Medium,Morning,Car,6,9.0,50.6
9279,12.67,Rainy,Medium,Morning,Scooter,22,6.0,61.5
9280,13.7,Foggy,Medium,Afternoon,Bike,22,7.0,64.6
9281,14.68,Foggy,Medium,Morning,Scooter,27,8.0,67.1
9282,12.33,Clear,High,Afternoon,Car,26,9.0,57.7
9283,15.13,Clear,High,Evening,Bike,12,6.0,59.7
9284,15.22,Clear,Medium,Morning,Car,29,9.0,66.7
9285,14.13,Windy,High,Morning,Scooter,12,6.0,58.5
9286,14.42,Windy,Medium,Evening,Car,19,9.0,62.3
9287,12.38,Foggy,Low,Evening,Bike,12,9.0,49.7
9288,13.8,Clear,Low,Evening,Car,16,6.0,42.7
9289,15.36,Rainy,Medium,Afternoon,Car,24,7.0,69.2
9290,12.36,Clear,Low,Morning,Scooter,29,8.0,56.7
9291,15.95,Clear,Low,Evening,Car,15,8.0,51.5
9292,13.94,Clear,Medium,Evening,Scooter,17,10.0,49.7
9293,12.05,Snowy,High,Morning,Scooter,24,10.0,74.2
9294,13.36,Clear,Medium,Evening,Scooter,19,8.0,61.7
9295,14.0,Rainy,Medium,Evening,Car,27,8.0,71.7
9296,15.84,Windy,High,Evening,Scooter,15,10.0,63.0
9297,14.82,Rainy,Low,Afternoon,Scooter,13,9.0,52.6
9298,14.32,Clear,Medium,Morning,Scooter,19,6.0,56.8
9299,15.87,Windy,Medium,Evening,Car,17,7.0,62.1
9300,13.18,Rainy,Medium,Afternoon,Bike,27,9.0,76.3
9301,13.52,Clear,Medium,Evening,Scooter,10,10.0,43.9
9302,15.07,Rainy,Medium,Afternoon,Scooter,9,7.0,54.4
9303,14.38,Snowy,Low,Evening,Car,12,7.0,59.4
9304,12.88,Clear,Low,Evening,Bike,21,9.0,56.8
9305,15.0,Rainy,High,Morning,Scooter,15,6.0,71.5
9306,13.07,Clear,High,Afternoon,Bike,10,10.0,44.8
9307,14.24,Clear,Medium,Evening,Scooter,27,10.0,61.4
9308,15.42,Foggy,High,Morning,Scooter,23,8.0,77.6
9309,13.1,Clear,High,Morning,Scooter,27,7.0,68.6
9310,15.04,Clear,High,Morning,Scooter,11,8.0,55.7
9311,15.45,Clear,Low,Evening,Bike,15,8.0,57.6
9312,13.27,Clear,Medium,Morning,Scooter,20,10.0,57.1
9313,12.79,Clear,Medium,Afternoon,Car,10,9.0,36.2
9314,15.46,Rainy,High,Night,Scooter,33,8.0,85.4
9315,13.87,Clear,Low,Night,Bike,33,9.0,61.2
9316,13.25,Clear,High,Morning,Scooter,18,8.0,55.5
9317,12.04,Snowy,Low,Evening,Scooter,33,6.0,72.8
9318,12.78,Windy,Medium,Afternoon,Scooter,29,7.0,60.1
9319,14.05,Clear,Medium,Afternoon,Scooter,20,7.0,50.9
9320,15.32,Clear,High,Morning,Car,10,8.0,51.7
9321,14.01,Clear,Medium,Afternoon,Car,11,10.0,42.2
9322,13.11,Clear,Low,Evening,Bike,14,9.0,49.7
9323,15.72,Clear,High,Afternoon,Scooter,25,9.0,67.2
9324,13.48,Windy,Medium,Night,Scooter,18,8.0,50.1
9325,12.65,Foggy,Medium,Night,Car,25,7.0,56.1
9326,15.78,Clear,Low,Evening,Bike,22,7.0,57.7
9327,13.59,Windy,High,Morning,Bike,24,10.0,74.9
9328,13.93,Clear,Low,Evening,Scooter,14,6.0,44.2
9329,15.32,Clear,Medium,Afternoon,Bike,22,10.0,62.3
9330,13.15,Clear,Medium,Evening,Bike,10,7.0,45.2
9331,14.11,Clear,Medium,Evening,Car,21,10.0,59.7
9332,15.47,Snowy,Medium,Evening,Bike,17,10.0,70.9
9333,13.02,Clear,Medium,Evening,Bike,15,10.0,48.8
9334,15.58,Rainy,High,Night,Bike,21,10.0,72.3
9335,12.77,Clear,Medium,Afternoon,Bike,6,8.0,41.7
9336,15.42,Windy,High,Evening,Bike,23,8.0,74.3
9337,13.57,Rainy,High,Evening,Bike,18,6.0,74.2
9338,14.19,Rainy,Low,Evening,Bike,17,10.0,62.9
9339,14.21,Clear,Low,Evening,Scooter,18,8.0,53.1
9340,12.82,Windy,Medium,Morning,Bike,14,6.0,57.4
9341,12.69,Rainy,Low,Afternoon,Scooter,20,7.0,56.9
9342,14.85,Clear,Medium,Afternoon,Car,13,10.0,46.1
9343,15.3,Snowy,Medium,Evening,Car,28,7.0,76.9
9344,12.55,Clear,Low,Afternoon,Bike,24,7.0,53.0
9345,15.01,Clear,Medium,Night,Bike,27,7.0,67.9
9346,13.31,Rainy,Medium,Afternoon,Scooter,22,6.0,63.8
9347,14.38,Clear,Low,Night,Bike,10,8.0,40.0
9348,14.14,Clear,Low,Evening,Scooter,18,7.0,54.2
9349,14.97,Clear,Medium,Night,Scooter,22,8.0,61.9
9350,14.17,Clear,Medium,Night,Bike,20,8.0,65.6
9351,12.37,Clear,Medium,Afternoon,Bike,21,9.0,49.5
9352,13.12,Clear,Low,Morning,Car,18,8.0,46.0
9353,13.59,Windy,Low,Morning,Scooter,20,6.0,52.7
9354,14.29,Rainy,Medium,Evening,Scooter,19,6.0,67.6
9355,12.68,Rainy,Low,Afternoon,Scooter,10,7.0,46.2
9356,13.35,Clear,High,Evening,Bike,19,7.0,66.2
9357,12.25,Foggy,Low,Afternoon,Bike,17,8.0,49.1
9358,13.29,Clear,Low,Afternoon,Scooter,18,9.0,42.3
9359,14.05,Clear,Low,Morning,Bike,10,10.0,44.2
9360,15.75,Rainy,High,Morning,Scooter,27,9.0,82.3
9361,12.71,Clear,High,Afternoon,Bike,25,7.0,67.8
9362,12.11,Foggy,Medium,Evening,Car,9,7.0,50.8
9363,13.51,Snowy,Medium,Night,Scooter,27,7.0,69.9
9364,14.43,Snowy,Medium,Afternoon,Bike,25,7.0,77.2
9365,14.43,Clear,Low,Evening,Scooter,23,8.0,53.2
9366,13.38,Clear,Medium,Evening,Scooter,29,9.0,61.2
9367,12.15,Clear,High,Afternoon,Scooter,21,7.0,60.5
9368,15.68,Foggy,Medium,Afternoon,Bike,11,9.0,58.3
9369,14.01,Windy,Low,Evening,Scooter,12,7.0,46.0
9370,15.11,Windy,Medium,Night,Scooter,10,8.0,46.6
9371,13.59,Clear,Low,Evening,Bike,16,7.0,50.2
9372,15.33,Snowy,Low,Morning,Scooter,12,8.0,57.6
9373,15.14,Rainy,Low,Evening,Bike,8,6.0,55.2
9374,12.38,Snowy,Low,Afternoon,Car,18,8.0,46.1
9375,12.21,Rainy,Low,Night,Car,15,8.0,40.2
9376,12.6,Clear,Low,Morning,Bike,13,8.0,46.3
9377,15.29,Clear,High,Evening,Bike,22,10.0,73.4
9378,13.08,Windy,Low,Evening,Bike,19,9.0,53.0
9379,13.58,Clear,Low,Afternoon,Car,19,8.0,39.8
9380,14.31,Clear,Low,Afternoon,Bike,15,10.0,46.6
9381,14.61,Clear,High,Morning,Scooter,23,9.0,61.1
9382,13.71,Clear,Low,Afternoon,Car,12,9.0,35.6
9383,13.8,Windy,High,Afternoon,Bike,17,8.0,65.3
9384,13.31,Clear,High,Afternoon,Scooter,16,7.0,54.3
9385,12.38,Clear,Medium,Afternoon,Bike,24,7.0,54.3
9386,12.59,Foggy,Medium,Morning,Bike,12,10.0,59.2
9387,15.56,Rainy,Low,Night,Car,32,9.0,67.8
9388,15.9,Clear,Low,Evening,Bike,12,6.0,54.0
9389,15.3,Clear,Low,Night,Bike,17,7.0,55.1
9390,13.22,Clear,High,Morning,Scooter,20,10.0,60.5
9391,12.71,Clear,Low,Afternoon,Scooter,16,7.0,40.9
9392,14.04,Clear,Medium,Morning,Scooter,26,8.0,67.8
9393,12.38,Clear,Low,Morning,Bike,20,7.0,50.6
9394,15.66,Foggy,Medium,Night,Scooter,21,9.0,65.8
9395,15.07,Snowy,Low,Morning,Bike,27,10.0,70.8
9396,15.89,Snowy,High,Morning,Bike,11,8.0,71.0
9397,15.42,Clear,Medium,Afternoon,Bike,17,6.0,60.2
9398,13.64,Clear,High,Evening,Scooter,16,7.0,64.1
9399,13.26,Windy,High,Evening,Car,23,6.0,68.0
9400,15.34,Foggy,Medium,Night,Bike,25,7.0,67.3
9401,14.35,Rainy,High,Evening,Bike,17,7.0,75.5
9402,15.51,Clear,Low,Morning,Scooter,11,6.0,45.1
9403,13.3,Clear,Low,Afternoon,Bike,23,6.0,56.6
9404,14.19,Rainy,Medium,Afternoon,Bike,24,7.0,70.9
9405,13.85,Rainy,Medium,Morning,Scooter,14,6.0,55.4
9406,12.73,Clear,Low,Evening,Bike,12,7.0,46.9
9407,14.16,Windy,Medium,Evening,Bike,12,6.0,54.8
9408,12.33,Rainy,Medium,Morning,Scooter,11,8.0,56.4
9409,13.5,Rainy,High,Morning,Bike,14,9.0,62.6
9410,14.13,Clear,Low,Afternoon,Car,22,10.0,46.6
9411,12.58,Foggy,Low,Morning,Scooter,14,9.0,44.4
9412,15.01,Foggy,High,Morning,Bike,25,6.0,85.7
9413,12.76,Clear,Medium,Night,Scooter,15,6.0,42.8
9414,14.91,Rainy,Medium,Evening,Scooter,22,9.0,75.4
9415,12.1,Rainy,Low,Night,Car,13,9.0,40.1
9416,14.76,Snowy,Low,Afternoon,Scooter,11,7.0,49.6
9417,13.6,Clear,Medium,Evening,Bike,14,10.0,56.2
9418,15.16,Snowy,Low,Evening,Scooter,20,9.0,63.8
9419,14.25,Clear,Medium,Morning,Scooter,21,8.0,57.0
9420,13.52,Clear,Low,Morning,Scooter,20,9.0,48.1
9421,14.66,Clear,Low,Morning,Bike,16,6.0,53.2
9422,13.55,Clear,Low,Evening,Car,19,9.0,45.3
9423,13.42,Clear,Medium,Evening,Bike,29,7.0,72.8
9424,13.7,Rainy,Medium,Afternoon,Car,10,6.0,49.8
9425,14.84,Foggy,High,Morning,Bike,10,9.0,65.6
9426,14.46,Clear,High,Evening,Bike,18,6.0,67.0
9427,15.67,Windy,Low,Morning,Bike,24,6.0,69.8
9428,12.0,Clear,Medium,Morning,Car,26,6.0,56.7
9429,12.64,Rainy,Low,Afternoon,Scooter,22,10.0,50.0
9430,13.98,Windy,Medium,Afternoon,Bike,13,10.0,51.2
9431,14.68,Snowy,Medium,Evening,Car,23,8.0,74.8
9432,12.36,Rainy,Medium,Evening,Bike,13,7.0,57.3
9433,13.18,Foggy,Medium,Evening,Bike,7,8.0,50.6
9434,15.95,Clear,Medium,Afternoon,Bike,12,9.0,54.3
9435,13.31,Clear,Medium,Evening,Bike,31,8.0,71.1
9436,13.52,Clear,High,Afternoon,Scooter,22,7.0,58.3
9437,12.96,Clear,Low,Morning,Bike,12,7.0,42.8
9438,12.07,Clear,Low,Evening,Bike,15,8.0,49.0
9439,13.14,Clear,Medium,Evening,Bike,27,7.0,64.1
9440,12.64,Windy,High,Morning,Bike,22,8.0,72.7
9441,13.52,Snowy,Medium,Evening,Scooter,14,6.0,60.7
9442,12.93,Snowy,Medium,Evening,Scooter,31,6.0,70.9
9443,13.62,Foggy,Low,Morning,Bike,19,10.0,59.9
9444,13.08,Clear,Low,Night,Bike,19,7.0,52.0
9445,15.66,Clear,High,Morning,Scooter,19,8.0,68.4
9446,13.17,Rainy,Low,Afternoon,Scooter,22,6.0,55.0
9447,12.75,Rainy,Medium,Evening,Bike,14,10.0,58.0
9448,15.05,Clear,Medium,Morning,Scooter,8,7.0,47.5
9449,15.25,Clear,Low,Morning,Car,21,7.0,52.2
9450,14.25,Rainy,Medium,Afternoon,Scooter,17,8.0,59.4
9451,13.38,Clear,Medium,Afternoon,Bike,24,10.0,58.8
9452,15.34,Clear,Medium,Afternoon,Car,28,9.0,61.0
9453,14.68,Clear,High,Evening,Scooter,20,6.0,64.6
9454,13.52,Rainy,Medium,Morning,Scooter,19,6.0,64.6
9455,13.57,Windy,Medium,Afternoon,Scooter,20,7.0,60.5
9456,12.01,Rainy,High,Afternoon,Bike,10,6.0,58.2
9457,12.23,Foggy,Low,Evening,Car,15,8.0,42.0
9458,12.54,Snowy,Low,Afternoon,Bike,21,7.0,60.3
9459,12.99,Clear,Low,Afternoon,Bike,18,6.0,50.4
9460,15.7,Rainy,Medium,Evening,Bike,24,9.0,78.3
9461,15.29,Clear,High,Evening,Scooter,11,7.0,60.0
9462,12.16,Rainy,Medium,Morning,Bike,20,7.0,66.0
9463,12.06,Clear,High,Morning,Bike,25,6.0,78.1
9464,14.34,Windy,Medium,Afternoon,Car,21,10.0,52.0
9465,13.51,Windy,Low,Night,Bike,10,9.0,47.8
9466,15.21,Clear,Low,Evening,Bike,21,7.0,61.9
9467,15.89,Clear,Medium,Morning,Scooter,26,10.0,73.8
9468,13.98,Clear,Medium,Morning,Bike,12,7.0,50.2
9469,12.71,Foggy,Low,Evening,Bike,20,7.0,63.4
9470,15.57,Rainy,Medium,Afternoon,Bike,17,7.0,71.0
9471,13.69,Clear,High,Morning,Bike,13,6.0,61.0
9472,13.67,Snowy,Medium,Morning,Bike,17,8.0,65.7
9473,14.82,Clear,Low,Afternoon,Scooter,16,9.0,51.6
9474,13.48,Clear,Low,Morning,Bike,19,8.0,51.4
9475,12.94,Clear,Low,Evening,Bike,23,8.0,59.8
9476,14.97,Rainy,Low,Afternoon,Bike,10,7.0,56.2
9477,12.74,Clear,Low,Morning,Car,13,10.0,38.5
9478,12.16,Clear,Low,Evening,Scooter,20,10.0,46.2
9479,13.99,Clear,Low,Morning,Bike,11,8.0,52.3
9480,12.14,Windy,Low,Evening,Scooter,21,9.0,50.4
9481,15.16,Rainy,Medium,Night,Bike,21,9.0,66.3
9482,15.91,Windy,Medium,Afternoon,Bike,15,10.0,50.9
9483,15.79,Rainy,Medium,Morning,Bike,32,10.0,87.1
9484,12.6,Foggy,Low,Morning,Scooter,17,10.0,48.6
9485,15.73,Clear,High,Morning,Bike,30,6.0,85.4
9486,12.45,Foggy,Medium,Afternoon,Bike,12,8.0,51.1
9487,13.42,Clear,Low,Afternoon,Scooter,29,8.0,59.7
9488,12.34,Clear,Medium,Evening,Car,19,9.0,54.9
9489,15.29,Clear,Low,Morning,Car,33,8.0,62.9
9490,12.89,Clear,Low,Night,Scooter,19,8.0,43.2
9491,14.66,Windy,Low,Afternoon,Scooter,29,8.0,63.2
9492,15.05,Windy,Low,Morning,Scooter,15,8.0,56.5
9493,13.52,Foggy,Low,Evening,Bike,20,9.0,59.7
9494,15.16,Clear,Medium,Evening,Scooter,8,9.0,48.6
9495,13.3,Snowy,Low,Evening,Bike,19,8.0,64.5
9496,12.59,Foggy,Medium,Evening,Car,16,8.0,51.3
9497,13.84,Clear,High,Morning,Bike,25,6.0,72.5
9498,14.84,Rainy,Low,Afternoon,Bike,18,8.0,58.3
9499,12.16,Rainy,Medium,Afternoon,Bike,18,7.0,62.6
9500,15.22,Clear,Medium,Evening,Car,32,6.0,77.3
9501,13.02,Rainy,Low,Evening,Bike,27,7.0,65.7
9502,14.72,Foggy,High,Morning,Scooter,29,10.0,80.5
9503,12.46,Clear,Medium,Evening,Bike,12,8.0,51.3
9504,13.56,Clear,Low,Afternoon,Scooter,27,6.0,53.7
9505,13.86,Rainy,Medium,Evening,Scooter,16,10.0,56.6
9506,13.87,Foggy,Low,Night,Car,26,6.0,58.6
9507,13.09,Windy,Low,Afternoon,Bike,18,9.0,48.6
9508,14.12,Snowy,Medium,Afternoon,Bike,21,6.0,71.6
9509,13.11,Rainy,Low,Evening,Bike,14,10.0,50.8
9510,12.67,Rainy,Medium,Morning,Bike,13,9.0,55.2
9511,12.53,Rainy,High,Afternoon,Car,19,10.0,62.8
9512,15.58,Rainy,Medium,Afternoon,Bike,12,7.0,61.7
9513,12.52,Clear,Low,Afternoon,Car,20,10.0,42.1
9514,13.58,Foggy,Medium,Evening,Bike,8,10.0,51.4
9515,13.01,Foggy,Low,Evening,Car,13,8.0,48.1
9516,14.46,Rainy,Medium,Morning,Scooter,14,8.0,59.5
9517,13.38,Snowy,Low,Evening,Car,12,7.0,53.6
9518,13.15,Rainy,Medium,Evening,Scooter,11,9.0,52.2
9519,15.88,Clear,Medium,Night,Scooter,23,9.0,57.3
9520,15.99,Clear,High,Afternoon,Bike,16,6.0,63.4
9521,12.53,Clear,Low,Evening,Bike,14,8.0,48.0
9522,14.77,Clear,Low,Evening,Scooter,15,8.0,45.7
9523,15.56,Clear,Low,Morning,Bike,24,8.0,68.9
9524,15.88,Clear,Low,Evening,Scooter,13,9.0,44.5
9525,13.19,Clear,High,Night,Bike,23,7.0,65.4
9526,15.14,Clear,Low,Afternoon,Bike,22,6.0,61.3
9527,13.31,Foggy,High,Evening,Scooter,10,8.0,58.3
9528,14.49,Foggy,High,Afternoon,Bike,27,7.0,76.6
9529,14.05,Clear,Low,Morning,Scooter,19,10.0,53.4
9530,14.83,Clear,Medium,Night,Car,25,9.0,55.4
9531,15.65,Clear,Low,Afternoon,Bike,15,7.0,50.4
9532,12.45,Clear,Low,Morning,Bike,21,9.0,48.1
9533,12.89,Clear,Medium,Afternoon,Bike,20,9.0,57.6
9534,14.34,Clear,Medium,Morning,Scooter,14,10.0,53.2
9535,13.43,Clear,Medium,Afternoon,Scooter,26,9.0,59.8
9536,14.23,Windy,Low,Morning,Car,24,8.0,57.9
9537,15.13,Rainy,Low,Morning,Bike,21,7.0,67.3
9538,14.8,Snowy,Medium,Afternoon,Bike,26,7.0,76.7
9539,15.07,Clear,Low,Evening,Bike,13,7.0,52.9
9540,12.64,Clear,Low,Morning,Bike,22,10.0,54.2
9541,12.12,Windy,High,Afternoon,Scooter,14,10.0,48.9
9542,15.49,Clear,Medium,Morning,Car,29,10.0,60.3
9543,13.81,Rainy,Medium,Evening,Bike,19,10.0,72.6
9544,14.54,Windy,Medium,Evening,Scooter,25,8.0,65.2
9545,12.29,Rainy,Low,Morning,Bike,12,9.0,50.1
9546,14.83,Clear,Medium,Night,Car,15,6.0,53.4
9547,12.41,Rainy,Medium,Evening,Car,23,6.0,64.7
9548,15.15,Clear,Low,Morning,Car,15,7.0,43.8
9549,12.24,Clear,Low,Evening,Bike,10,6.0,39.8
9550,12.33,Clear,Medium,Evening,Bike,21,9.0,61.4
9551,13.37,Snowy,Medium,Morning,Bike,11,10.0,62.2
9552,12.85,Rainy,Medium,Morning,Bike,19,6.0,65.1
9553,15.94,Clear,Medium,Evening,Scooter,25,9.0,66.5
9554,13.81,Clear,Medium,Afternoon,Car,19,7.0,51.3
9555,13.88,Rainy,Medium,Morning,Scooter,18,8.0,63.5
9556,12.19,Windy,Medium,Evening,Bike,13,7.0,55.9
9557,13.97,Clear,High,Morning,Bike,12,6.0,60.0
9558,12.26,Clear,High,Morning,Scooter,7,9.0,48.7
9559,14.51,Snowy,Medium,Afternoon,Bike,24,7.0,75.5
9560,15.93,Snowy,Low,Evening,Bike,8,8.0,60.9
9561,13.32,Windy,Medium,Morning,Bike,26,8.0,71.8
9562,15.23,Clear,High,Morning,Car,16,8.0,62.9
9563,15.86,Clear,High,Evening,Bike,28,6.0,79.9
9564,15.87,Clear,Low,Evening,Car,12,9.0,45.1
9565,14.98,Clear,Low,Evening,Bike,24,6.0,60.8
9566,15.48,Snowy,Medium,Afternoon,Scooter,26,9.0,73.3
9567,13.41,Clear,Medium,Afternoon,Car,16,9.0,43.7
9568,14.34,Rainy,Low,Morning,Car,32,7.0,71.8
9569,14.65,Windy,Medium,Evening,Bike,13,7.0,63.6
9570,12.87,Windy,Low,Morning,Bike,11,6.0,48.7
9571,13.25,Rainy,Low,Afternoon,Bike,31,8.0,66.7
9572,13.45,Windy,Medium,Morning,Bike,14,6.0,60.5
9573,12.26,Clear,Low,Morning,Bike,8,8.0,43.3
9574,13.83,Clear,Low,Evening,Scooter,16,6.0,46.6
9575,15.13,Clear,Low,Evening,Bike,33,10.0,70.6
9576,14.6,Windy,Low,Afternoon,Car,25,6.0,57.5
9577,14.5,Windy,High,Evening,Car,10,9.0,54.7
9578,14.42,Clear,Medium,Morning,Scooter,15,8.0,55.5
9579,12.09,Clear,Low,Evening,Scooter,18,7.0,41.5
9580,12.01,Clear,Low,Afternoon,Bike,24,6.0,53.9
9581,12.68,Clear,Medium,Night,Bike,13,9.0,52.9
9582,15.65,Snowy,High,Evening,Bike,10,9.0,72.7
9583,15.43,Clear,Low,Evening,Car,22,9.0,54.7
9584,14.31,Foggy,Medium,Morning,Bike,8,6.0,53.2
9585,13.54,Rainy,Medium,Night,Bike,18,10.0,59.8
9586,15.85,Clear,High,Afternoon,Scooter,22,10.0,65.8
9587,12.26,Clear,High,Morning,Bike,21,9.0,64.9
9588,12.39,Windy,Medium,Evening,Car,18,6.0,51.0
9589,14.48,Rainy,Low,Evening,Car,24,8.0,62.8
9590,14.19,Clear,Medium,Morning,Bike,19,7.0,59.4
9591,15.93,Clear,Low,Afternoon,Scooter,25,9.0,54.9
9592,15.21,Windy,Low,Afternoon,Bike,19,9.0,58.8
9593,15.75,Snowy,Medium,Morning,Bike,17,10.0,70.9
9594,14.89,Snowy,Low,Night,Car,19,10.0,53.8
9595,15.71,Rainy,High,Night,Bike,16,10.0,66.6
9596,14.75,Snowy,Medium,Morning,Car,13,6.0,59.7
9597,14.1,Clear,Medium,Evening,Car,17,6.0,52.8
9598,14.32,Foggy,High,Afternoon,Scooter,29,10.0,76.1
9599,15.6,Clear,Medium,Evening,Bike,19,9.0,63.8
9600,12.42,Rainy,Low,Night,Bike,22,9.0,60.5
9601,14.26,Windy,Low,Morning,Bike,21,7.0,57.7
9602,13.57,Windy,Medium,Afternoon,Bike,17,8.0,60.9
9603,14.65,Rainy,Medium,Evening,Bike,16,9.0,65.4
9604,14.42,Rainy,Medium,Evening,Bike,13,9.0,61.6
9605,13.6,Snowy,Medium,Afternoon,Scooter,7,10.0,48.2
9606,14.76,Windy,Low,Morning,Bike,26,7.0,74.1
9607,14.14,Foggy,High,Morning,Bike,14,10.0,64.7
9608,12.75,Clear,Medium,Morning,Scooter,19,7.0,61.1
9609,14.55,Clear,Low,Morning,Bike,17,9.0,56.2
9610,12.11,Snowy,Low,Morning,Bike,11,6.0,50.7
9611,15.29,Foggy,Medium,Evening,Bike,8,7.0,55.6
9612,15.63,Foggy,Low,Morning,Bike,29,6.0,75.4
9613,12.31,Rainy,Medium,Morning,Bike,15,7.0,61.2
9614,13.03,Clear,Low,Morning,Bike,15,8.0,47.7
9615,12.51,Clear,Medium,Afternoon,Bike,10,10.0,41.9
9616,15.09,Snowy,Low,Morning,Bike,6,6.0,60.2
9617,12.28,Clear,High,Afternoon,Bike,22,8.0,62.7
9618,14.16,Rainy,Medium,Morning,Scooter,27,6.0,75.0
9619,13.55,Foggy,High,Morning,Scooter,14,6.0,63.6
9620,15.0,Snowy,Medium,Evening,Bike,17,6.0,72.5
9621,14.56,Clear,Medium,Evening,Car,20,8.0,63.7
9622,14.18,Foggy,Medium,Evening,Scooter,12,9.0,56.5
9623,14.01,Clear,High,Afternoon,Scooter,16,7.0,64.5
9624,15.1,Clear,Low,Morning,Bike,17,9.0,57.2
9625,13.91,Clear,High,Morning,Bike,20,8.0,65.8
9626,13.68,Clear,Low,Afternoon,Bike,32,9.0,66.4
9627,12.1,Windy,Low,Morning,Scooter,18,8.0,48.6
9628,13.07,Windy,High,Afternoon,Car,14,10.0,56.3
9629,13.48,Clear,High,Evening,Car,21,9.0,59.2
9630,14.32,Snowy,Low,Morning,Bike,11,10.0,51.7
9631,14.69,Rainy,Low,Morning,Car,6,10.0,43.6
9632,15.85,Foggy,High,Evening,Scooter,16,7.0,74.1
9633,13.11,Snowy,Medium,Evening,Scooter,10,7.0,54.8
9634,14.18,Rainy,High,Night,Car,17,7.0,64.7
9635,15.02,Clear,High,Evening,Bike,15,9.0,62.6
9636,13.24,Clear,Low,Night,Bike,27,8.0,60.2
9637,14.19,Rainy,Medium,Morning,Car,12,8.0,54.3
9638,13.67,Windy,Medium,Morning,Bike,21,6.0,67.3
9639,13.59,Rainy,High,Evening,Scooter,20,8.0,69.1
9640,12.25,Clear,High,Night,Car,33,6.0,66.1
9641,12.1,Clear,Low,Evening,Car,19,10.0,37.9
9642,13.18,Windy,High,Afternoon,Bike,24,10.0,64.1
9643,15.65,Clear,Low,Evening,Scooter,15,6.0,51.0
9644,12.77,Foggy,High,Afternoon,Bike,10,8.0,57.6
9645,12.25,Rainy,Medium,Afternoon,Car,16,9.0,56.1
9646,14.48,Clear,Medium,Afternoon,Bike,21,8.0,58.5
9647,15.83,Clear,Low,Evening,Scooter,14,6.0,49.3
9648,12.23,Clear,Medium,Evening,Car,11,9.0,38.5
9649,14.98,Clear,Low,Night,Scooter,11,10.0,42.5
9650,12.43,Foggy,High,Evening,Scooter,18,10.0,64.1
9651,12.54,Snowy,Medium,Evening,Bike,15,7.0,65.7
9652,15.74,Clear,Low,Afternoon,Scooter,23,10.0,54.7
9653,14.8,Rainy,Medium,Afternoon,Scooter,20,10.0,60.4
9654,14.24,Clear,High,Evening,Car,29,10.0,74.4
9655,12.66,Clear,Medium,Afternoon,Bike,32,10.0,63.5
9656,14.24,Foggy,Low,Evening,Bike,5,7.0,45.7
9657,12.25,Foggy,Low,Evening,Bike,13,8.0,47.1
9658,13.58,Foggy,Medium,Morning,Bike,14,9.0,59.1
9659,14.82,Clear,Medium,Afternoon,Scooter,26,10.0,58.3
9660,14.27,Rainy,Medium,Afternoon,Scooter,11,6.0,51.9
9661,14.7,Clear,Medium,Afternoon,Bike,16,6.0,53.1
9662,12.46,Windy,Medium,Morning,Scooter,9,10.0,42.5
9663,15.03,Rainy,Medium,Night,Bike,17,9.0,58.8
9664,15.83,Windy,Low,Evening,Scooter,8,7.0,48.7
9665,15.63,Clear,Medium,Evening,Bike,22,10.0,63.8
9666,12.35,Clear,Medium,Night,Bike,18,7.0,57.8
9667,12.39,Foggy,Medium,Afternoon,Bike,34,9.0,75.7
9668,14.05,Clear,Low,Night,Bike,32,10.0,63.1
9669,14.1,Rainy,Low,Afternoon,Scooter,24,10.0,59.7
9670,15.43,Rainy,Low,Morning,Scooter,14,9.0,58.1
9671,13.48,Windy,Low,Evening,Bike,11,8.0,47.4
9672,14.06,Clear,Low,Afternoon,Scooter,12,7.0,40.1
9673,12.81,Windy,Medium,Evening,Bike,21,6.0,67.8
9674,15.79,Clear,Medium,Afternoon,Scooter,11,6.0,53.6
9675,12.48,Clear,Low,Morning,Bike,14,6.0,45.5
9676,15.62,Rainy,Medium,Evening,Scooter,10,8.0,65.5
9677,15.56,Clear,High,Afternoon,Scooter,9,7.0,49.0
9678,12.2,Windy,Low,Night,Scooter,16,8.0,36.2
9679,15.1,Windy,Low,Evening,Bike,16,8.0,62.6
9680,13.35,Windy,Low,Morning,Bike,13,9.0,52.2
9681,12.9,Windy,High,Morning,Bike,28,6.0,78.3
9682,13.61,Rainy,Low,Morning,Car,20,6.0,59.8
9683,15.7,Clear,Low,Afternoon,Scooter,14,6.0,44.9
9684,13.6,Snowy,High,Evening,Scooter,25,9.0,72.3
9685,12.97,Clear,Low,Morning,Scooter,19,10.0,46.2
9686,14.1,Snowy,Low,Afternoon,Bike,17,7.0,57.7
9687,13.64,Rainy,Medium,Afternoon,Bike,23,6.0,65.4
9688,12.08,Rainy,Medium,Evening,Scooter,16,10.0,53.8
9689,12.75,Clear,High,Afternoon,Bike,24,7.0,64.1
9690,12.07,Clear,Medium,Evening,Car,6,9.0,35.7
9691,14.09,Clear,Medium,Morning,Bike,14,10.0,56.1
9692,14.57,Clear,Medium,Afternoon,Scooter,18,10.0,53.7
9693,14.87,Clear,High,Morning,Bike,25,7.0,76.4
9694,12.83,Clear,Low,Night,Car,23,6.0,40.0
9695,15.22,Clear,Low,Evening,Car,29,8.0,58.6
9696,13.64,Rainy,High,Night,Bike,14,10.0,60.0
9697,12.2,Clear,Medium,Morning,Bike,28,8.0,69.6
9698,15.71,Snowy,Low,Evening,Car,11,10.0,51.0
9699,14.77,Clear,Low,Afternoon,Scooter,13,10.0,35.8
9700,14.25,Rainy,Low,Afternoon,Bike,17,8.0,58.6
9701,12.16,Clear,Low,Afternoon,Scooter,13,10.0,36.0
9702,12.06,Rainy,High,Morning,Bike,8,10.0,65.1
9703,14.26,Rainy,Medium,Evening,Bike,20,9.0,64.8
9704,15.52,Rainy,Medium,Evening,Car,16,9.0,61.1
9705,14.59,Clear,High,Evening,Car,28,8.0,68.2
9706,12.02,Rainy,Low,Evening,Bike,32,10.0,66.3
9707,14.55,Clear,Low,Afternoon,Bike,28,7.0,59.3
9708,13.39,Clear,Medium,Evening,Bike,18,9.0,54.8
9709,12.49,Clear,High,Morning,Car,15,10.0,53.0
9710,15.25,Rainy,Low,Afternoon,Car,30,10.0,64.7
9711,14.31,Clear,High,Night,Car,16,10.0,53.4
9712,14.9,Foggy,Low,Evening,Bike,16,6.0,64.0
9713,12.66,Clear,High,Afternoon,Bike,20,10.0,61.5
9714,12.46,Clear,Low,Afternoon,Scooter,20,6.0,48.3
9715,14.06,Clear,Low,Morning,Bike,11,7.0,48.2
9716,14.11,Clear,Low,Afternoon,Bike,13,8.0,46.2
9717,14.33,Rainy,Low,Night,Bike,5,6.0,48.7
9718,14.98,Snowy,Low,Afternoon,Scooter,10,9.0,46.1
9719,14.65,Foggy,Medium,Morning,Scooter,15,10.0,56.3
9720,14.71,Clear,Medium,Evening,Scooter,29,7.0,69.4
9721,12.7,Clear,Low,Afternoon,Bike,24,7.0,53.9
9722,13.67,Snowy,Medium,Evening,Scooter,13,8.0,56.0
9723,14.4,Clear,Low,Morning,Bike,11,6.0,51.4
9724,14.07,Clear,Medium,Morning,Bike,34,6.0,81.7
9725,13.22,Snowy,Medium,Afternoon,Scooter,22,10.0,67.2
9726,15.78,Clear,Low,Evening,Scooter,18,10.0,50.6
9727,12.56,Clear,Medium,Night,Bike,31,8.0,68.4
9728,15.9,Clear,High,Evening,Car,30,9.0,74.4
9729,15.13,Rainy,High,Afternoon,Scooter,11,6.0,61.9
9730,14.38,Clear,Low,Morning,Scooter,20,6.0,57.3
9731,12.51,Rainy,Medium,Afternoon,Car,21,10.0,59.5
9732,14.26,Clear,Medium,Afternoon,Scooter,26,6.0,60.4
9733,12.35,Clear,Low,Evening,Scooter,18,9.0,44.2
9734,15.73,Clear,Medium,Morning,Bike,21,10.0,70.1
9735,13.14,Snowy,High,Afternoon,Scooter,15,9.0,62.2
9736,13.6,Clear,High,Afternoon,Car,16,7.0,44.7
9737,14.55,Foggy,Medium,Evening,Car,19,8.0,62.5
9738,12.07,Clear,Low,Evening,Scooter,13,9.0,37.7
9739,14.17,Clear,Low,Afternoon,Scooter,24,8.0,51.5
9740,14.86,Clear,Low,Afternoon,Scooter,18,10.0,48.5
9741,12.83,Rainy,Medium,Evening,Scooter,26,6.0,64.1
9742,12.62,Clear,Low,Evening,Bike,24,10.0,58.1
9743,13.95,Snowy,Medium,Morning,Bike,19,10.0,65.1
9744,14.15,Windy,High,Afternoon,Scooter,21,6.0,63.3
9745,13.76,Foggy,Low,Afternoon,Scooter,25,8.0,58.4
9746,13.18,Rainy,Low,Evening,Scooter,15,9.0,47.9
9747,13.64,Rainy,High,Morning,Car,22,10.0,65.3
9748,13.25,Rainy,Low,Morning,Car,28,10.0,63.2
9749,13.0,Clear,Low,Morning,Car,8,8.0,37.4
9750,13.89,Snowy,Low,Night,Car,18,6.0,54.4
9751,13.58,Snowy,Low,Afternoon,Scooter,12,10.0,49.7
9752,13.74,Clear,Medium,Evening,Scooter,16,9.0,64.9
9753,12.0,Windy,High,Morning,Bike,25,8.0,67.1
9754,14.77,Snowy,Medium,Morning,Car,13,9.0,53.4
9755,12.19,Clear,Low,Afternoon,Bike,8,6.0,40.6
9756,12.83,Windy,Low,Morning,Scooter,14,6.0,44.1
9757,15.21,Clear,Medium,Evening,Bike,23,8.0,68.8
9758,15.94,Clear,High,Night,Scooter,11,7.0,57.7
9759,15.97,Clear,Medium,Evening,Bike,19,6.0,66.4
9760,14.37,Rainy,Medium,Afternoon,Scooter,23,7.0,66.2
9761,13.04,Clear,Low,Morning,Car,19,8.0,52.0
9762,15.34,Windy,Low,Evening,Bike,29,6.0,70.3
9763,14.6,Clear,High,Afternoon,Bike,23,9.0,71.6
9764,15.94,Clear,Low,Afternoon,Car,10,6.0,37.5
9765,14.2,Rainy,Medium,Afternoon,Bike,26,9.0,71.9
9766,14.1,Clear,Medium,Evening,Scooter,19,7.0,59.3
9767,12.18,Foggy,Medium,Morning,Car,31,6.0,69.0
9768,12.78,Clear,Low,Evening,Scooter,32,8.0,64.2
9769,14.67,Windy,Medium,Morning,Bike,12,9.0,58.0
9770,15.98,Rainy,Low,Morning,Scooter,14,10.0,57.2
9771,13.9,Clear,High,Evening,Car,21,8.0,60.7
9772,12.12,Clear,Low,Morning,Bike,9,10.0,36.7
9773,13.6,Clear,Low,Morning,Scooter,16,8.0,44.1
9774,12.51,Windy,Medium,Morning,Bike,32,10.0,70.7
9775,15.84,Rainy,High,Evening,Car,18,7.0,67.8
9776,12.57,Clear,Medium,Afternoon,Bike,15,9.0,54.9
9777,12.47,Clear,Low,Night,Bike,12,7.0,40.3
9778,13.83,Snowy,Medium,Morning,Bike,23,6.0,75.8
9779,14.17,Clear,Medium,Morning,Car,29,6.0,63.1
9780,14.87,Foggy,Medium,Afternoon,Scooter,28,8.0,75.0
9781,13.47,Foggy,Medium,Morning,Bike,9,6.0,55.3
9782,15.59,Clear,High,Afternoon,Bike,10,9.0,55.1
9783,14.39,Rainy,Medium,Morning,Car,33,6.0,76.6
9784,12.19,Clear,High,Afternoon,Bike,30,10.0,68.2
9785,12.14,Clear,Low,Morning,Scooter,13,7.0,40.6
9786,13.88,Windy,Medium,Afternoon,Scooter,13,8.0,45.7
9787,13.76,Rainy,Medium,Evening,Scooter,19,9.0,65.5
9788,13.81,Snowy,Medium,Morning,Scooter,15,9.0,58.6
9789,12.23,Rainy,High,Evening,Car,22,10.0,68.3
9790,12.21,Clear,Medium,Evening,Bike,13,10.0,45.9
9791,12.24,Foggy,High,Night,Bike,24,7.0,70.2
9792,14.94,Rainy,Medium,Evening,Bike,14,9.0,61.4
9793,14.41,Clear,Medium,Morning,Bike,11,9.0,51.1
9794,12.55,Clear,Medium,Evening,Scooter,15,9.0,50.7
9795,13.72,Rainy,Low,Morning,Scooter,7,7.0,49.5
9796,15.77,Foggy,Low,Afternoon,Car,20,10.0,59.2
9797,12.28,Clear,High,Afternoon,Car,10,7.0,45.9
9798,12.76,Snowy,Medium,Morning,Bike,12,9.0,60.7
9799,13.56,Clear,Medium,Evening,Scooter,24,10.0,56.9
9800,12.94,Clear,Low,Afternoon,Scooter,18,6.0,39.5
9801,12.63,Clear,Low,Morning,Car,19,8.0,47.8
9802,15.89,Snowy,High,Afternoon,Bike,14,10.0,70.2
9803,15.07,Clear,Low,Evening,Scooter,31,6.0,66.6
9804,14.92,Clear,Low,Evening,Bike,32,10.0,67.6
9805,15.73,Clear,Medium,Evening,Bike,15,10.0,57.5
9806,12.75,Rainy,High,Evening,Scooter,24,7.0,74.9
9807,15.56,Foggy,Medium,Afternoon,Bike,24,9.0,74.9
9808,15.93,Clear,High,Evening,Bike,28,10.0,75.4
9809,14.35,Windy,Medium,Afternoon,Scooter,26,7.0,58.7
9810,15.61,Clear,Low,Evening,Bike,17,6.0,57.0
9811,15.26,Clear,High,Afternoon,Bike,15,7.0,60.2
9812,13.27,Rainy,High,Morning,Scooter,29,10.0,80.7
9813,13.33,Foggy,Low,Evening,Scooter,16,10.0,51.8
9814,14.7,Clear,Low,Evening,Scooter,18,10.0,56.0
9815,14.21,Rainy,High,Morning,Car,10,8.0,62.7
9816,13.54,Clear,Low,Morning,Bike,14,7.0,49.9
9817,12.19,Rainy,Low,Evening,Bike,12,9.0,50.9
9818,12.09,Rainy,Medium,Morning,Bike,10,10.0,54.8
9819,12.39,Windy,Low,Evening,Scooter,16,10.0,43.5
9820,13.62,Clear,Medium,Evening,Bike,18,6.0,61.7
9821,12.11,Rainy,Low,Afternoon,Car,23,9.0,55.4
9822,12.59,Rainy,Medium,Night,Scooter,20,10.0,54.8
9823,15.87,Clear,Low,Afternoon,Bike,25,6.0,61.6
9824,13.8,Clear,High,Night,Car,13,9.0,51.9
9825,15.73,Windy,Low,Night,Scooter,24,9.0,62.7
9826,12.76,Clear,High,Morning,Scooter,9,8.0,48.0
9827,13.43,Foggy,Medium,Morning,Scooter,14,9.0,55.9
9828,14.68,Clear,Low,Morning,Bike,17,10.0,53.2
9829,15.96,Snowy,Low,Morning,Scooter,30,9.0,74.9
9830,14.8,Clear,Medium,Afternoon,Bike,10,6.0,45.4
9831,15.61,Windy,Low,Afternoon,Scooter,14,8.0,46.3
9832,12.2,Rainy,Medium,Evening,Car,12,8.0,47.4
9833,13.22,Clear,Low,Afternoon,Scooter,16,7.0,42.5
9834,15.53,Rainy,Medium,Afternoon,Bike,15,9.0,61.4
9835,14.09,Rainy,Low,Evening,Bike,10,8.0,49.6
9836,12.68,Clear,High,Morning,Car,17,6.0,56.5
9837,12.68,Clear,Medium,Night,Bike,17,9.0,57.1
9838,15.03,Foggy,Low,Afternoon,Scooter,20,6.0,54.5
9839,12.63,Foggy,Low,Evening,Scooter,25,10.0,56.6
9840,13.99,Clear,Low,Morning,Bike,31,9.0,65.7
9841,12.73,Snowy,Medium,Afternoon,Scooter,11,10.0,48.8
9842,12.83,Clear,Low,Afternoon,Bike,15,7.0,40.3
9843,13.59,Clear,Low,Evening,Scooter,31,7.0,68.1
9844,12.47,Rainy,Low,Night,Bike,19,8.0,49.1
9845,14.64,Clear,Low,Evening,Bike,16,10.0,47.1
9846,12.66,Clear,Medium,Night,Bike,17,9.0,53.7
9847,15.01,Rainy,High,Afternoon,Car,25,8.0,66.1
9848,14.09,Clear,Medium,Afternoon,Scooter,26,7.0,63.1
9849,13.39,Clear,Medium,Night,Car,14,9.0,46.6
9850,14.46,Foggy,Low,Afternoon,Scooter,15,7.0,47.2
9851,13.63,Rainy,Low,Morning,Car,22,6.0,59.5
9852,12.33,Snowy,Low,Afternoon,Scooter,10,7.0,44.8
9853,13.24,Rainy,Medium,Evening,Bike,25,7.0,70.5
9854,14.1,Clear,Medium,Morning,Scooter,6,6.0,43.6
9855,12.42,Clear,Low,Afternoon,Bike,17,7.0,45.7
9856,14.93,Foggy,Medium,Evening,Car,24,9.0,65.0
9857,13.43,Clear,Low,Evening,Car,28,7.0,59.1
9858,12.82,Clear,Low,Evening,Bike,20,6.0,54.2
9859,12.03,Snowy,Medium,Morning,Car,18,7.0,61.6
9860,12.34,Foggy,Low,Morning,Bike,22,10.0,57.0
9861,12.95,Rainy,High,Afternoon,Scooter,25,10.0,70.4
9862,13.47,Clear,High,Morning,Car,7,6.0,51.7
9863,12.61,Clear,Medium,Afternoon,Bike,20,6.0,50.2
9864,14.18,Rainy,Low,Evening,Bike,23,7.0,68.1
9865,12.78,Foggy,High,Morning,Scooter,28,6.0,73.4
9866,15.82,Clear,Low,Morning,Bike,16,10.0,53.5
9867,14.26,Clear,Medium,Evening,Bike,27,6.0,71.7
9868,15.19,Clear,Medium,Afternoon,Scooter,20,6.0,58.2
9869,13.69,Rainy,Low,Night,Bike,15,7.0,53.2
9870,12.82,Rainy,Low,Evening,Bike,32,8.0,74.4
9871,13.8,Clear,High,Morning,Car,9,6.0,52.3
9872,13.65,Clear,High,Evening,Scooter,26,7.0,67.6
9873,14.49,Clear,Medium,Evening,Scooter,18,8.0,60.4
9874,15.64,Clear,Low,Evening,Bike,19,10.0,60.6
9875,12.95,Rainy,Medium,Evening,Car,25,10.0,64.5
9876,12.39,Clear,Medium,Afternoon,Bike,28,7.0,61.4
9877,14.86,Rainy,Medium,Morning,Bike,27,7.0,76.2
9878,12.0,Foggy,High,Afternoon,Bike,17,6.0,67.8
9879,15.18,Windy,Medium,Evening,Scooter,22,7.0,65.6
9880,14.91,Windy,Low,Evening,Bike,23,9.0,63.8
9881,15.3,Clear,Low,Night,Bike,15,8.0,51.1
9882,12.36,Clear,Medium,Evening,Scooter,15,7.0,41.7
9883,12.81,Clear,Low,Morning,Scooter,25,6.0,52.8
9884,14.21,Foggy,Medium,Morning,Bike,18,10.0,70.9
9885,13.31,Clear,Medium,Afternoon,Scooter,13,7.0,37.7
9886,15.38,Clear,Low,Evening,Bike,27,10.0,60.3
9887,13.83,Clear,High,Evening,Bike,18,9.0,63.7
9888,13.72,Clear,Low,Morning,Bike,26,9.0,57.8
9889,12.74,Foggy,High,Morning,Car,12,8.0,54.0
9890,14.25,Rainy,Medium,Evening,Scooter,27,6.0,70.3
9891,13.38,Rainy,Medium,Evening,Bike,16,7.0,63.7
9892,13.8,Windy,Medium,Evening,Bike,14,9.0,59.0
9893,13.09,Clear,High,Evening,Bike,16,8.0,63.2
9894,14.44,Clear,Medium,Afternoon,Scooter,20,6.0,53.7
9895,15.35,Clear,Medium,Afternoon,Scooter,14,10.0,52.7
9896,12.08,Rainy,High,Evening,Bike,20,6.0,72.4
9897,12.92,Rainy,High,Evening,Car,18,8.0,67.8
9898,14.71,Clear,Medium,Morning,Bike,21,6.0,66.6
9899,14.83,Windy,Low,Evening,Bike,15,6.0,56.2
9900,13.18,Clear,Low,Morning,Bike,14,8.0,47.5
9901,13.14,Clear,Low,Afternoon,Bike,21,7.0,52.8
9902,14.99,Rainy,Low,Evening,Car,18,8.0,61.0
9903,14.23,Windy,High,Evening,Bike,12,10.0,62.7
9904,13.56,Rainy,Medium,Afternoon,Scooter,21,9.0,61.1
9905,12.22,Windy,Low,Evening,Bike,14,7.0,51.4
9906,14.61,Clear,Medium,Morning,Bike,15,8.0,53.0
9907,13.17,Rainy,Low,Afternoon,Bike,26,7.0,59.5
9908,14.31,Snowy,Low,Evening,Bike,13,7.0,60.9
9909,14.89,Rainy,Low,Evening,Bike,17,8.0,59.1
9910,13.85,Clear,High,Morning,Bike,10,6.0,58.1
9911,13.01,Windy,Low,Evening,Car,17,7.0,48.4
9912,12.86,Clear,Low,Evening,Scooter,28,8.0,64.7
9913,14.82,Clear,Medium,Afternoon,Bike,19,9.0,57.7
9914,15.57,Snowy,High,Afternoon,Scooter,26,9.0,72.5
9915,15.92,Snowy,Low,Evening,Bike,18,10.0,67.6
9916,15.21,Windy,Low,Afternoon,Scooter,9,7.0,46.3
9917,14.41,Snowy,Low,Afternoon,Car,18,6.0,57.7
9918,15.46,Clear,Medium,Morning,Bike,13,9.0,59.0
9919,13.56,Windy,Low,Evening,Car,17,8.0,46.8
9920,15.53,Clear,Medium,Morning,Bike,13,10.0,55.9
9921,13.72,Rainy,Medium,Morning,Bike,11,6.0,58.0
9922,14.38,Clear,High,Afternoon,Scooter,13,7.0,52.2
9923,12.68,Snowy,High,Afternoon,Scooter,16,8.0,62.5
9924,13.99,Rainy,Low,Afternoon,Bike,25,10.0,65.5
9925,13.37,Snowy,High,Evening,Bike,23,6.0,89.0
9926,13.47,Clear,Low,Morning,Bike,8,10.0,42.1
9927,14.39,Clear,Medium,Morning,Bike,23,6.0,68.7
9928,15.53,Clear,High,Morning,Bike,8,10.0,50.9
9929,15.3,Clear,Low,Evening,Bike,10,9.0,46.9
9930,13.4,Rainy,Low,Evening,Car,23,6.0,64.5
9931,14.94,Clear,Low,Afternoon,Scooter,16,10.0,45.1
9932,14.19,Rainy,Low,Morning,Car,15,6.0,53.3
9933,13.39,Clear,Medium,Morning,Bike,16,7.0,66.0
9934,15.63,Clear,High,Morning,Bike,18,9.0,72.6
9935,12.65,Rainy,Medium,Afternoon,Scooter,20,7.0,60.9
9936,15.22,Clear,Low,Morning,Scooter,21,7.0,56.1
9937,12.85,Clear,Medium,Morning,Scooter,10,7.0,46.9
9938,15.57,Clear,Low,Evening,Bike,12,6.0,59.1
9939,14.89,Clear,Medium,Morning,Car,17,8.0,61.7
9940,13.86,Rainy,Low,Evening,Bike,26,8.0,67.1
9941,12.31,Clear,Low,Afternoon,Bike,23,10.0,45.2
9942,12.72,Clear,Medium,Evening,Scooter,12,8.0,47.3
9943,12.66,Rainy,Medium,Morning,Bike,14,8.0,62.3
9944,15.05,Rainy,Medium,Morning,Bike,16,6.0,73.9
9945,14.49,Rainy,Low,Morning,Car,26,7.0,64.4
9946,12.87,Clear,High,Afternoon,Scooter,31,6.0,68.7
9947,13.47,Windy,Medium,Afternoon,Bike,10,10.0,52.0
9948,13.24,Clear,Low,Evening,Bike,17,9.0,48.0
9949,14.61,Clear,Medium,Evening,Bike,15,7.0,58.2
9950,13.32,Windy,High,Morning,Car,15,8.0,58.5
9951,15.07,Rainy,High,Evening,Car,18,8.0,69.1
9952,14.78,Rainy,Low,Evening,Scooter,22,7.0,67.2
9953,12.97,Snowy,Medium,Afternoon,Car,19,6.0,61.5
9954,13.3,Clear,Low,Afternoon,Bike,16,10.0,43.6
9955,14.2,Snowy,High,Morning,Car,22,7.0,74.3
9956,15.63,Rainy,Medium,Afternoon,Bike,16,9.0,72.4
9957,12.45,Clear,Low,Morning,Car,21,9.0,42.7
9958,13.43,Clear,High,Morning,Car,12,8.0,47.1
9959,14.4,Clear,Low,Morning,Bike,15,9.0,47.6
9960,13.3,Windy,Low,Morning,Bike,19,7.0,58.0
9961,13.16,Clear,Low,Morning,Bike,28,7.0,66.2
9962,13.73,Clear,High,Afternoon,Bike,7,9.0,49.5
9963,12.77,Rainy,Medium,Evening,Bike,22,9.0,66.0
9964,14.41,Foggy,High,Evening,Bike,17,9.0,68.1
9965,15.51,Clear,Low,Morning,Scooter,23,9.0,52.5
9966,15.64,Snowy,Low,Morning,Bike,11,10.0,64.2
9967,13.89,Rainy,High,Morning,Car,19,7.0,67.8
9968,13.17,Snowy,Low,Morning,Bike,16,6.0,62.0
9969,13.53,Clear,Medium,Evening,Bike,15,7.0,59.1
9970,12.91,Clear,Medium,Morning,Bike,8,9.0,51.2
9971,14.39,Rainy,High,Morning,Car,18,8.0,67.2
9972,12.54,Clear,Low,Afternoon,Bike,15,7.0,41.7
9973,13.27,Rainy,Medium,Night,Bike,28,9.0,70.7
9974,12.68,Clear,High,Morning,Bike,23,10.0,66.5
9975,12.82,Foggy,High,Afternoon,Bike,10,6.0,55.9
9976,14.69,Snowy,High,Afternoon,Car,15,6.0,61.9
9977,15.97,Snowy,Low,Evening,Scooter,14,9.0,60.9
9978,14.7,Windy,High,Afternoon,Bike,21,8.0,73.5
9979,12.98,Windy,High,Evening,Bike,19,9.0,72.4
9980,13.63,Clear,Medium,Night,Bike,15,9.0,49.3
9981,14.51,Clear,High,Morning,Scooter,13,6.0,64.6
9982,15.47,Snowy,Low,Evening,Bike,17,9.0,62.3
9983,14.86,Windy,High,Afternoon,Scooter,14,6.0,60.5
9984,12.58,Windy,Low,Afternoon,Bike,13,9.0,47.4
9985,14.42,Foggy,Low,Evening,Bike,24,10.0,66.4
9986,12.79,Clear,Medium,Night,Scooter,31,8.0,66.6
9987,13.5,Windy,Medium,Afternoon,Scooter,23,7.0,56.4
9988,15.86,Windy,Medium,Afternoon,Bike,9,10.0,52.3
9989,15.57,Rainy,Low,Afternoon,Scooter,29,8.0,66.8
9990,13.03,Snowy,High,Afternoon,Car,17,8.0,66.3
9991,14.91,Rainy,Medium,Evening,Car,14,7.0,58.9
9992,13.32,Windy,Medium,Afternoon,Bike,23,8.0,63.2
9993,12.03,Clear,Low,Morning,Car,6,6.0,32.1
9994,15.4,Snowy,Medium,Night,Scooter,8,10.0,55.0
9995,15.29,Clear,Medium,Afternoon,Scooter,23,9.0,57.0
9996,13.18,Clear,Medium,Afternoon,Scooter,12,8.0,40.8
9997,15.09,Clear,Low,Morning,Bike,17,9.0,53.3
9998,12.13,Clear,Low,Morning,Scooter,18,9.0,42.5
9999,14.16,Clear,High,Morning,Scooter,33,8.0,76.7
10000,15.93,Windy,Medium,Morning,Car,15,7.0,61.2
10001,19.15,Rainy,Medium,Afternoon,Bike,15,11.0,66.1
10002,18.3,Snowy,High,Afternoon,Car,17,14.0,72.0
10003,17.46,Clear,High,Afternoon,Bike,17,18.0,73.9
10004,18.94,Clear,Medium,Evening,Car,19,19.0,59.3
10005,19.9,Foggy,High,Night,Scooter,26,30.0,79.4
10006,16.77,Foggy,Low,Afternoon,Scooter,22,17.0,60.8
10007,16.2,Rainy,High,Afternoon,Scooter,26,20.0,71.8
10008,17.51,Snowy,Low,Evening,Car,16,10.0,62.1
10009,18.07,Snowy,Medium,Afternoon,Bike,23,11.0,83.8
10010,16.98,Rainy,Medium,Evening,Bike,30,20.0,82.5
10011,18.47,Windy,Low,Morning,Car,10,17.0,48.9
10012,17.22,Foggy,High,Evening,Bike,17,23.0,71.0
10013,19.93,Rainy,Low,Afternoon,Scooter,19,27.0,63.2
10014,17.06,Clear,Medium,Evening,Scooter,19,11.0,61.8
10015,19.21,Clear,Medium,Night,Car,18,13.0,66.7
10016,19.86,Clear,Low,Afternoon,Car,25,21.0,62.1
10017,18.0,Foggy,High,Evening,Bike,13,12.0,73.2
10018,16.8,Foggy,Medium,Morning,Scooter,30,16.0,77.8
10019,19.56,Clear,Low,Morning,Scooter,24,24.0,64.4
10020,17.61,Rainy,Low,Afternoon,Scooter,14,10.0,48.7
10021,18.18,Clear,High,Afternoon,Bike,8,22.0,64.3
10022,16.2,Clear,High,Evening,Bike,22,12.0,75.5
10023,17.39,Windy,Medium,Morning,Scooter,8,25.0,58.6
10024,18.22,Clear,Low,Morning,Bike,17,25.0,61.8
10025,18.77,Clear,High,Morning,Scooter,19,11.0,75.8
10026,19.8,Rainy,High,Afternoon,Bike,31,21.0,88.9
10027,18.33,Clear,Low,Evening,Car,15,19.0,53.5
10028,17.09,Foggy,Medium,Morning,Car,22,30.0,70.1
10029,18.23,Windy,Low,Evening,Scooter,30,10.0,77.1
10030,16.28,Rainy,Low,Afternoon,Car,17,24.0,55.1
10031,16.59,Rainy,Medium,Evening,Car,11,21.0,59.7
10032,17.41,Clear,High,Morning,Scooter,11,30.0,62.0
10033,16.09,Rainy,Medium,Evening,Scooter,16,25.0,60.0
10034,16.3,Clear,High,Night,Bike,15,15.0,61.1
10035,16.03,Clear,Low,Morning,Car,15,12.0,46.8
10036,16.73,Snowy,Medium,Morning,Scooter,17,22.0,72.3
10037,19.3,Clear,Low,Evening,Bike,18,27.0,66.0
10038,17.41,Rainy,Low,Evening,Bike,14,21.0,67.8
10039,19.61,Clear,High,Afternoon,Bike,17,22.0,73.6
10040,19.54,Snowy,Low,Afternoon,Scooter,21,20.0,69.3
10041,19.45,Clear,Medium,Morning,Car,19,17.0,69.6
10042,16.85,Clear,High,Afternoon,Bike,23,28.0,68.3
10043,17.37,Snowy,Low,Afternoon,Bike,14,13.0,61.3
10044,17.87,Clear,Medium,Evening,Car,16,21.0,56.5
10045,17.73,Windy,High,Morning,Bike,19,28.0,73.6
10046,16.32,Clear,Medium,Afternoon,Scooter,28,15.0,62.6
10047,16.96,Foggy,Medium,Afternoon,Bike,20,18.0,66.3
10048,18.48,Windy,Low,Morning,Scooter,14,24.0,58.2
10049,18.71,Rainy,Low,Evening,Bike,8,12.0,59.1
10050,17.46,Rainy,Low,Night,Bike,18,15.0,64.2
10051,17.19,Clear,High,Evening,Scooter,30,25.0,80.5
10052,18.34,Foggy,Medium,Morning,Bike,21,11.0,69.3
10053,18.65,Windy,High,Morning,Scooter,16,17.0,72.5
10054,18.84,Foggy,Medium,Afternoon,Car,10,22.0,54.2
10055,19.24,Windy,Medium,Afternoon,Car,11,27.0,51.4
10056,18.34,Rainy,Medium,Morning,Bike,23,12.0,81.0
10057,17.52,Rainy,Medium,Morning,Bike,15,21.0,70.7
10058,17.39,Clear,Low,Evening,Bike,14,24.0,56.7
10059,16.14,Foggy,High,Afternoon,Scooter,13,18.0,63.6
10060,17.67,Snowy,High,Morning,Bike,27,19.0,89.0
10061,19.48,Rainy,Low,Evening,Car,15,19.0,59.9
10062,18.51,Clear,Medium,Evening,Scooter,12,28.0,58.6
10063,18.37,Rainy,High,Morning,Bike,16,22.0,78.0
10064,16.9,Foggy,Medium,Morning,Bike,22,18.0,82.3
10065,18.38,Windy,Low,Night,Scooter,16,10.0,55.0
10066,16.72,Clear,Low,Afternoon,Car,23,18.0,53.7
10067,17.36,Clear,Medium,Evening,Bike,21,27.0,66.4
10068,18.34,Clear,Low,Afternoon,Scooter,15,19.0,48.1
10069,16.18,Clear,High,Afternoon,Bike,26,18.0,68.4
10070,17.25,Windy,Medium,Night,Car,10,24.0,49.8
10071,16.35,Clear,Low,Night,Scooter,22,30.0,53.1
10072,16.66,Rainy,High,Evening,Scooter,18,13.0,76.7
10073,17.41,Clear,Medium,Evening,Bike,15,29.0,62.3
10074,18.77,Clear,Medium,Morning,Car,16,17.0,59.8
10075,17.07,Windy,Low,Evening,Scooter,19,22.0,60.0
10076,16.08,Rainy,High,Evening,Bike,14,15.0,71.8
10077,17.6,Clear,Low,Afternoon,Scooter,20,10.0,57.3
10078,16.88,Clear,Low,Morning,Bike,18,18.0,63.2
10079,19.11,Windy,Medium,Afternoon,Car,23,28.0,67.6
10080,19.29,Windy,High,Night,Scooter,12,29.0,62.2
10081,18.68,Clear,High,Morning,Bike,15,17.0,71.4
10082,18.45,Rainy,Low,Afternoon,Bike,18,23.0,65.9
10083,18.92,Clear,High,Afternoon,Car,22,26.0,65.3
10084,17.5,Rainy,Low,Evening,Car,15,20.0,57.3
10085,18.6,Clear,High,Night,Scooter,15,27.0,59.1
10086,17.68,Snowy,Medium,Evening,Scooter,27,12.0,82.8
10087,17.72,Windy,Medium,Morning,Bike,11,29.0,59.4
10088,19.15,Clear,High,Evening,Bike,22,22.0,78.9
10089,19.16,Clear,Low,Evening,Car,24,13.0,63.4
10090,17.6,Clear,Medium,Morning,Scooter,14,26.0,54.6
10091,19.75,Clear,Low,Afternoon,Bike,17,29.0,60.3
10092,18.17,Clear,Low,Evening,Bike,18,17.0,58.4
10093,17.95,Clear,Medium,Evening,Bike,23,19.0,76.7
10094,18.01,Windy,Medium,Evening,Bike,26,28.0,82.3
10095,19.12,Clear,Low,Evening,Car,16,21.0,59.3
10096,19.87,Snowy,Medium,Evening,Bike,15,17.0,78.9
10097,18.76,Clear,Medium,Evening,Bike,15,23.0,67.0
10098,17.37,Rainy,Low,Evening,Car,13,13.0,55.4
10099,18.07,Clear,Low,Afternoon,Bike,9,17.0,50.1
10100,17.23,Windy,Low,Night,Bike,27,27.0,72.5
10101,18.61,Clear,Medium,Evening,Scooter,15,11.0,58.7
10102,20.0,Clear,Low,Afternoon,Bike,7,21.0,52.1
10103,19.46,Foggy,Medium,Night,Bike,12,24.0,60.4
10104,17.89,Foggy,Medium,Morning,Scooter,29,20.0,77.9
10105,17.37,Foggy,Medium,Morning,Car,9,18.0,55.8
10106,17.81,Clear,Low,Morning,Car,21,29.0,58.9
10107,17.26,Clear,Medium,Evening,Bike,24,26.0,73.7
10108,19.97,Snowy,Low,Evening,Scooter,23,27.0,80.6
10109,16.81,Rainy,Low,Evening,Scooter,15,12.0,54.5
10110,19.24,Rainy,High,Evening,Bike,20,30.0,87.7
10111,17.66,Clear,Low,Morning,Bike,14,20.0,62.0
10112,18.61,Clear,High,Evening,Scooter,16,24.0,67.6
10113,19.69,Windy,Low,Morning,Bike,25,17.0,73.6
10114,18.37,Foggy,Medium,Evening,Car,20,22.0,69.8
10115,18.47,Clear,Medium,Morning,Bike,17,24.0,67.2
10116,16.14,Windy,Medium,Morning,Bike,21,21.0,68.9
10117,16.52,Rainy,Medium,Morning,Car,23,21.0,74.6
10118,18.16,Clear,Medium,Afternoon,Car,29,17.0,76.1
10119,17.48,Clear,Medium,Morning,Bike,23,30.0,70.5
10120,18.44,Foggy,Low,Afternoon,Scooter,17,13.0,65.5
10121,17.54,Clear,Low,Afternoon,Car,13,17.0,44.5
10122,16.7,Rainy,Medium,Evening,Bike,17,27.0,73.0
10123,19.19,Foggy,Low,Morning,Scooter,17,19.0,61.1
10124,19.38,Clear,Medium,Evening,Scooter,19,10.0,65.0
10125,19.87,Windy,Low,Morning,Bike,20,12.0,69.7
10126,16.8,Clear,Low,Afternoon,Car,13,28.0,46.5
10127,17.25,Clear,Medium,Afternoon,Car,24,30.0,62.6
10128,17.12,Foggy,Medium,Evening,Bike,16,15.0,63.7
10129,19.72,Rainy,High,Morning,Bike,24,14.0,86.4
10130,18.39,Clear,Low,Afternoon,Car,7,15.0,36.3
10131,19.69,Rainy,Low,Evening,Scooter,23,29.0,74.3
10132,19.56,Windy,Medium,Morning,Bike,19,10.0,75.5
10133,16.98,Foggy,Medium,Afternoon,Scooter,16,12.0,60.7
10134,17.71,Snowy,Medium,Evening,Scooter,12,17.0,67.3
10135,17.65,Clear,High,Afternoon,Bike,27,30.0,75.6
10136,17.95,Clear,Medium,Afternoon,Bike,9,11.0,55.0
10137,19.99,Rainy,Medium,Morning,Car,11,16.0,70.3
10138,16.7,Clear,High,Morning,Car,25,13.0,73.4
10139,19.09,Foggy,Low,Evening,Bike,21,16.0,68.5
10140,16.91,Clear,Medium,Afternoon,Bike,25,24.0,67.2
10141,18.96,Clear,Low,Morning,Bike,31,14.0,74.8
10142,16.81,Clear,Low,Morning,Scooter,15,18.0,54.6
10143,18.11,Clear,High,Afternoon,Bike,24,13.0,72.7
10144,18.67,Clear,Medium,Morning,Scooter,8,10.0,55.6
10145,17.73,Rainy,Low,Morning,Bike,28,20.0,77.0
10146,19.86,Rainy,Medium,Afternoon,Car,20,16.0,68.4
10147,18.82,Clear,High,Evening,Car,27,25.0,79.0
10148,16.63,Clear,High,Evening,Scooter,19,10.0,66.9
10149,17.49,Snowy,High,Morning,Bike,20,11.0,86.7
10150,17.26,Clear,High,Evening,Scooter,29,29.0,77.5
10151,17.18,Rainy,Low,Evening,Bike,15,19.0,60.2
10152,16.85,Rainy,Medium,Evening,Bike,15,28.0,68.4
10153,16.74,Rainy,Medium,Night,Scooter,26,12.0,72.6
10154,19.48,Snowy,Medium,Morning,Car,30,17.0,88.7
10155,19.96,Rainy,Low,Evening,Car,21,24.0,69.4
10156,16.64,Windy,Medium,Afternoon,Bike,17,15.0,65.1
10157,19.17,Snowy,Low,Morning,Scooter,11,14.0,59.2
10158,16.91,Clear,Low,Night,Bike,20,12.0,60.1
10159,18.09,Clear,High,Evening,Scooter,25,17.0,78.5
10160,16.79,Clear,Medium,Morning,Bike,11,24.0,56.6
10161,17.08,Clear,Low,Morning,Scooter,14,16.0,54.7
10162,17.64,Rainy,Low,Evening,Car,11,12.0,55.7
10163,18.82,Clear,High,Night,Bike,15,23.0,72.2
10164,17.9,Clear,Low,Night,Car,19,24.0,50.0
10165,19.24,Clear,Medium,Evening,Scooter,11,18.0,57.3
10166,16.39,Rainy,Medium,Morning,Scooter,17,15.0,67.7
10167,18.29,Rainy,High,Evening,Scooter,7,25.0,66.4
10168,16.43,Windy,Low,Evening,Bike,25,25.0,63.8
10169,16.47,Clear,High,Morning,Bike,21,22.0,78.8
10170,17.24,Clear,Low,Morning,Bike,20,18.0,67.2
10171,16.42,Windy,Low,Evening,Scooter,25,20.0,64.7
10172,19.1,Rainy,Low,Evening,Bike,11,12.0,62.0
10173,18.03,Rainy,High,Afternoon,Bike,31,10.0,87.7
10174,18.58,Rainy,High,Evening,Car,9,15.0,68.0
10175,16.23,Clear,Medium,Morning,Scooter,17,20.0,63.0
10176,16.9,Snowy,Medium,Morning,Bike,6,24.0,71.1
10177,18.09,Rainy,Medium,Afternoon,Scooter,28,14.0,75.9
10178,16.33,Rainy,Low,Afternoon,Bike,17,24.0,58.9
10179,16.64,Rainy,High,Morning,Scooter,14,16.0,69.1
10180,16.09,Clear,High,Afternoon,Bike,17,22.0,65.6
10181,19.65,Clear,Low,Afternoon,Bike,30,12.0,70.7
10182,17.72,Foggy,Medium,Morning,Car,13,16.0,56.9
10183,16.18,Rainy,Low,Morning,Bike,15,14.0,60.9
10184,17.84,Clear,High,Night,Bike,7,23.0,59.2
10185,19.55,Clear,Low,Evening,Bike,13,24.0,65.2
10186,16.76,Windy,Medium,Morning,Bike,27,10.0,73.6
10187,16.95,Clear,Medium,Evening,Car,17,18.0,61.7
10188,19.93,Clear,Low,Morning,Bike,10,22.0,57.5
10189,19.42,Rainy,Low,Afternoon,Bike,25,25.0,74.0
10190,18.19,Snowy,High,Afternoon,Car,25,26.0,76.4
10191,16.74,Rainy,High,Afternoon,Bike,31,26.0,88.0
10192,16.88,Snowy,Medium,Evening,Bike,9,12.0,67.0
10193,19.45,Clear,Medium,Afternoon,Bike,17,23.0,72.6
10194,18.7,Windy,Medium,Evening,Car,27,27.0,74.4
10195,17.4,Windy,Medium,Afternoon,Scooter,11,21.0,58.9
10196,16.1,Rainy,Low,Morning,Scooter,15,29.0,56.5
10197,16.54,Rainy,Medium,Morning,Scooter,27,27.0,75.4
10198,18.92,Clear,Medium,Night,Scooter,10,30.0,48.6
10199,18.59,Clear,High,Night,Scooter,22,29.0,74.3
10200,17.44,Clear,Medium,Evening,Car,30,10.0,72.8
10201,18.37,Clear,High,Evening,Scooter,20,18.0,72.4
10202,19.02,Windy,Medium,Morning,Car,26,28.0,74.0
10203,18.58,Clear,Medium,Afternoon,Bike,24,11.0,71.6
10204,16.96,Rainy,Medium,Morning,Bike,24,11.0,76.2
10205,19.81,Clear,Medium,Morning,Scooter,20,15.0,70.9
10206,16.09,Clear,Medium,Evening,Bike,10,17.0,52.5
10207,18.23,Clear,High,Afternoon,Bike,16,23.0,67.7
10208,16.89,Clear,High,Night,Bike,25,21.0,75.7
10209,18.83,Rainy,Medium,Night,Bike,13,25.0,71.6
10210,18.25,Windy,Medium,Afternoon,Car,14,14.0,57.8
10211,16.78,Clear,Medium,Morning,Bike,18,20.0,68.8
10212,18.02,Windy,Low,Morning,Scooter,16,17.0,58.6
10213,18.08,Rainy,Medium,Evening,Bike,25,28.0,79.0
10214,17.68,Rainy,Medium,Morning,Scooter,31,29.0,89.0
10215,16.17,Clear,High,Afternoon,Bike,11,27.0,58.2
10216,16.83,Clear,High,Evening,Bike,7,13.0,62.9
10217,19.88,Snowy,Low,Afternoon,Bike,23,11.0,74.9
10218,16.75,Rainy,Medium,Evening,Bike,10,21.0,65.4
10219,17.84,Clear,Medium,Evening,Bike,13,24.0,63.3
10220,17.18,Snowy,Medium,Afternoon,Scooter,15,27.0,64.8
10221,19.03,Clear,Low,Evening,Car,14,26.0,60.0
10222,18.31,Foggy,Low,Morning,Scooter,20,15.0,66.6
10223,18.86,Clear,Medium,Afternoon,Scooter,14,17.0,56.4
10224,18.55,Windy,High,Evening,Scooter,20,29.0,80.5
10225,18.01,Clear,Low,Morning,Bike,21,24.0,59.2
10226,19.84,Clear,Low,Evening,Scooter,8,30.0,47.3
10227,18.81,Foggy,Medium,Night,Scooter,16,14.0,67.0
10228,18.76,Clear,Medium,Morning,Bike,9,15.0,61.0
10229,18.76,Windy,Medium,Evening,Scooter,23,23.0,71.6
10230,17.87,Rainy,Low,Morning,Bike,9,19.0,60.5
10231,18.57,Clear,Medium,Evening,Bike,26,30.0,80.1
10232,18.42,Clear,Medium,Night,Scooter,25,10.0,64.4
10233,19.55,Windy,Low,Morning,Scooter,18,23.0,63.7
10234,19.92,Rainy,Low,Afternoon,Scooter,29,30.0,75.9
10235,17.93,Snowy,Low,Afternoon,Bike,16,21.0,66.4
10236,18.4,Clear,Low,Morning,Scooter,15,12.0,57.4
10237,17.16,Windy,Low,Afternoon,Car,11,11.0,39.8
10238,19.38,Rainy,Low,Night,Bike,22,18.0,73.2
10239,18.84,Rainy,Medium,Night,Scooter,16,26.0,60.7
10240,19.7,Clear,Medium,Evening,Bike,31,24.0,84.2
10241,18.42,Clear,Low,Morning,Scooter,26,12.0,63.4
10242,18.83,Windy,Medium,Morning,Bike,18,23.0,73.0
10243,16.38,Windy,Low,Morning,Scooter,17,29.0,58.0
10244,18.43,Clear,Low,Evening,Bike,13,23.0,57.7
10245,17.51,Windy,Medium,Evening,Bike,12,15.0,61.6
10246,18.03,Clear,Low,Afternoon,Bike,14,10.0,49.7
10247,17.31,Clear,Low,Afternoon,Bike,19,21.0,57.0
10248,17.15,Clear,Low,Morning,Car,12,25.0,46.5
10249,19.28,Clear,High,Afternoon,Bike,27,28.0,82.4
10250,18.23,Clear,Medium,Morning,Bike,31,25.0,79.8
10251,17.01,Clear,Medium,Morning,Car,14,19.0,59.6
10252,19.07,Clear,Medium,Afternoon,Bike,20,21.0,68.1
10253,16.3,Foggy,Low,Morning,Scooter,16,14.0,59.6
10254,17.17,Snowy,Medium,Morning,Bike,18,25.0,74.3
10255,17.35,Rainy,High,Night,Car,23,23.0,76.4
10256,16.71,Clear,Medium,Afternoon,Scooter,20,10.0,60.6
10257,19.37,Foggy,Low,Afternoon,Bike,21,16.0,66.6
10258,18.7,Clear,Low,Morning,Scooter,12,13.0,48.6
10259,18.68,Foggy,Medium,Morning,Bike,13,30.0,72.9
10260,18.37,Rainy,Low,Morning,Bike,26,11.0,76.2
10261,17.51,Clear,Low,Morning,Bike,31,20.0,71.6
10262,18.64,Clear,Low,Night,Scooter,19,16.0,55.1
10263,18.95,Snowy,Low,Morning,Scooter,13,29.0,61.8
10264,18.15,Windy,Low,Afternoon,Bike,18,14.0,62.8
10265,17.88,Rainy,Low,Morning,Scooter,17,29.0,63.3
10266,16.89,Windy,Low,Evening,Bike,21,13.0,65.3
10267,16.34,Windy,Medium,Morning,Scooter,15,10.0,63.4
10268,16.17,Clear,Low,Morning,Bike,27,18.0,66.9
10269,18.86,Foggy,Medium,Morning,Bike,31,20.0,89.0
10270,17.39,Clear,Low,Night,Scooter,28,23.0,62.2
10271,18.83,Rainy,Medium,Afternoon,Scooter,32,21.0,77.9
10272,18.03,Clear,High,Afternoon,Scooter,11,21.0,56.0
10273,17.79,Windy,Medium,Morning,Scooter,14,16.0,60.0
10274,18.52,Foggy,Medium,Afternoon,Car,23,27.0,69.1
10275,16.73,Clear,Medium,Afternoon,Car,17,21.0,58.4
10276,19.92,Clear,Medium,Evening,Car,30,18.0,78.4
10277,17.32,Clear,Medium,Afternoon,Bike,12,11.0,55.4
10278,19.08,Foggy,Low,Afternoon,Bike,15,18.0,61.1
10279,16.99,Windy,Medium,Night,Scooter,20,19.0,64.0
10280,17.87,Clear,Medium,Night,Bike,16,10.0,62.6
10281,18.0,Clear,Medium,Evening,Scooter,15,26.0,63.0
10282,17.23,Rainy,Medium,Morning,Bike,19,25.0,71.8
10283,17.39,Clear,High,Morning,Scooter,24,14.0,81.0
10284,17.74,Rainy,Medium,Morning,Bike,17,22.0,72.0
10285,19.34,Clear,Low,Morning,Car,8,12.0,46.6
10286,18.0,Clear,Low,Evening,Scooter,24,12.0,67.2
10287,16.35,Clear,Low,Afternoon,Bike,22,24.0,60.7
10288,16.87,Windy,High,Evening,Scooter,18,14.0,68.2
10289,19.94,Clear,Medium,Afternoon,Scooter,20,29.0,67.9
10290,16.36,Clear,High,Night,Car,16,13.0,56.7
10291,18.59,Foggy,Low,Morning,Scooter,11,23.0,58.2
10292,16.84,Windy,Medium,Morning,Scooter,24,18.0,70.8
10293,17.73,Clear,High,Afternoon,Bike,16,11.0,74.6
10294,17.43,Clear,Medium,Evening,Scooter,32,10.0,80.5
10295,19.91,Rainy,High,Evening,Bike,31,12.0,89.0
10296,18.21,Clear,High,Afternoon,Car,15,26.0,63.4
10297,17.0,Rainy,Medium,Morning,Scooter,13,30.0,59.6
10298,18.41,Clear,Medium,Evening,Car,23,16.0,68.1
10299,16.29,Clear,High,Night,Scooter,23,15.0,65.5
10300,19.71,Clear,Medium,Evening,Bike,8,29.0,61.2
10301,17.38,Foggy,Low,Evening,Bike,18,18.0,65.5
10302,19.53,Clear,Medium,Morning,Bike,14,15.0,61.8
10303,19.24,Clear,Medium,Evening,Bike,9,21.0,60.5
10304,16.75,Clear,Low,Morning,Bike,17,17.0,58.2
10305,19.85,Foggy,Low,Evening,Car,11,16.0,60.4
10306,19.97,Clear,Low,Evening,Scooter,14,29.0,55.6
10307,19.22,Rainy,Low,Night,Scooter,19,25.0,61.9
10308,17.81,Rainy,Medium,Afternoon,Bike,14,13.0,63.6
10309,18.69,Clear,Low,Morning,Bike,15,22.0,59.2
10310,16.32,Windy,Medium,Afternoon,Bike,22,27.0,63.5
10311,19.68,Snowy,Medium,Evening,Bike,24,20.0,89.0
10312,16.89,Clear,Medium,Afternoon,Car,17,13.0,56.5
10313,18.87,Clear,Low,Morning,Scooter,19,20.0,68.7
10314,19.21,Clear,Medium,Afternoon,Bike,15,20.0,61.7
10315,19.88,Clear,Medium,Night,Scooter,27,14.0,75.3
10316,19.3,Rainy,Low,Morning,Scooter,10,28.0,55.8
10317,19.27,Windy,Medium,Evening,Bike,10,10.0,69.8
10318,18.82,Snowy,High,Evening,Bike,8,13.0,74.8
10319,18.31,Clear,Medium,Morning,Bike,11,12.0,61.0
10320,16.17,Clear,Medium,Evening,Car,20,10.0,63.4
10321,19.89,Clear,High,Afternoon,Car,34,16.0,87.4
10322,17.8,Rainy,Low,Morning,Scooter,20,15.0,63.2
10323,19.19,Clear,High,Morning,Bike,14,27.0,71.9
10324,17.51,Windy,Low,Afternoon,Bike,25,15.0,70.8
10325,17.82,Snowy,Medium,Afternoon,Bike,15,15.0,69.1
10326,17.85,Clear,Low,Morning,Bike,19,18.0,63.2
10327,19.96,Foggy,Low,Night,Scooter,17,11.0,63.5
10328,16.85,Rainy,Low,Afternoon,Bike,18,25.0,66.3
10329,18.01,Snowy,Medium,Night,Bike,11,27.0,68.6
10330,16.62,Clear,Medium,Evening,Scooter,29,11.0,70.8
10331,17.98,Clear,Medium,Morning,Bike,15,23.0,58.7
10332,18.18,Rainy,Low,Morning,Scooter,20,22.0,69.1
10333,16.55,Clear,Medium,Night,Scooter,6,30.0,44.9
10334,18.79,Rainy,High,Afternoon,Scooter,17,25.0,78.7
10335,19.31,Clear,Medium,Afternoon,Car,23,29.0,67.2
10336,19.26,Rainy,Low,Evening,Scooter,20,26.0,67.7
10337,18.92,Snowy,Medium,Evening,Scooter,15,22.0,68.9
10338,16.56,Clear,Low,Afternoon,Scooter,21,30.0,52.9
10339,18.49,Clear,High,Morning,Car,24,22.0,75.8
10340,18.79,Foggy,Low,Evening,Bike,12,27.0,62.7
10341,19.04,Clear,Medium,Afternoon,Bike,9,19.0,53.1
10342,18.84,Rainy,Low,Afternoon,Bike,17,12.0,57.1
10343,18.52,Rainy,Medium,Evening,Scooter,17,23.0,67.9
10344,18.91,Clear,Low,Afternoon,Bike,9,13.0,43.3
10345,19.41,Snowy,Low,Morning,Car,21,20.0,68.8
10346,18.28,Rainy,Medium,Morning,Scooter,19,25.0,72.9
10347,16.58,Rainy,Low,Morning,Bike,15,28.0,66.8
10348,19.26,Clear,Low,Evening,Scooter,14,14.0,49.0
10349,18.64,Clear,Medium,Evening,Scooter,14,28.0,57.9
10350,18.75,Clear,Medium,Evening,Car,11,15.0,57.4
10351,17.18,Windy,Low,Evening,Scooter,28,26.0,67.4
10352,16.6,Snowy,Low,Evening,Bike,9,27.0,60.0
10353,19.12,Snowy,Low,Evening,Car,9,23.0,60.2
10354,16.2,Clear,Low,Afternoon,Car,24,19.0,52.4
10355,17.61,Rainy,Medium,Morning,Car,17,22.0,70.4
10356,18.04,Foggy,Medium,Evening,Scooter,24,18.0,82.0
10357,16.07,Rainy,Medium,Morning,Bike,18,12.0,67.2
10358,18.39,Clear,Medium,Morning,Car,27,19.0,74.2
10359,16.48,Snowy,Medium,Evening,Bike,15,10.0,77.6
10360,16.97,Clear,Medium,Afternoon,Bike,19,15.0,66.7
10361,19.97,Clear,Low,Morning,Scooter,13,30.0,54.9
10362,18.24,Snowy,Low,Evening,Bike,17,11.0,70.1
10363,19.87,Rainy,Medium,Morning,Scooter,11,11.0,62.5
10364,17.97,Clear,Low,Morning,Scooter,18,30.0,55.8
10365,19.21,Rainy,Medium,Afternoon,Bike,17,25.0,70.6
10366,16.15,Windy,Medium,Evening,Scooter,8,16.0,53.9
10367,17.17,Clear,High,Afternoon,Car,10,12.0,50.4
10368,17.13,Foggy,Low,Afternoon,Car,19,20.0,55.9
10369,16.28,Clear,Medium,Evening,Bike,22,29.0,68.4
10370,19.81,Clear,Medium,Morning,Bike,21,11.0,73.2
10371,18.02,Clear,Low,Afternoon,Bike,22,30.0,64.2
10372,18.37,Rainy,Medium,Afternoon,Scooter,17,13.0,65.1
10373,18.08,Clear,High,Evening,Scooter,15,30.0,67.8
10374,16.99,Clear,Low,Evening,Bike,21,12.0,58.5
10375,19.7,Rainy,Medium,Evening,Bike,14,15.0,72.0
10376,18.68,Rainy,Low,Evening,Scooter,20,11.0,71.0
10377,16.49,Foggy,Low,Afternoon,Scooter,10,19.0,42.3
10378,17.85,Snowy,Low,Morning,Bike,18,23.0,73.5
10379,16.01,Clear,High,Evening,Bike,22,12.0,72.2
10380,18.7,Clear,High,Evening,Bike,15,10.0,66.0
10381,18.09,Rainy,Medium,Evening,Car,28,12.0,77.5
10382,19.62,Rainy,Medium,Afternoon,Scooter,10,19.0,64.4
10383,19.79,Clear,Medium,Evening,Scooter,14,20.0,70.5
10384,16.39,Clear,Low,Afternoon,Bike,21,23.0,62.7
10385,16.36,Clear,Low,Morning,Bike,25,29.0,62.2
10386,19.6,Clear,Medium,Evening,Bike,11,17.0,66.5
10387,18.05,Windy,High,Morning,Bike,10,22.0,67.4
10388,17.88,Rainy,Medium,Evening,Bike,17,13.0,71.5
10389,18.28,Clear,High,Afternoon,Scooter,15,17.0,66.2
10390,17.87,Rainy,High,Morning,Bike,19,14.0,82.0
10391,18.46,Rainy,Medium,Afternoon,Car,25,13.0,73.3
10392,19.8,Clear,Medium,Evening,Bike,14,13.0,62.5
10393,18.42,Clear,Medium,Afternoon,Bike,7,10.0,50.6
10394,17.28,Foggy,High,Evening,Bike,21,16.0,77.3
10395,16.85,Clear,Medium,Afternoon,Bike,19,11.0,63.6
10396,19.86,Rainy,High,Evening,Scooter,18,17.0,82.9
10397,18.32,Rainy,Low,Morning,Scooter,24,11.0,76.5
10398,18.27,Foggy,Low,Night,Scooter,26,18.0,64.4
10399,16.13,Windy,High,Afternoon,Car,12,27.0,61.8
10400,19.67,Foggy,Low,Evening,Bike,25,14.0,76.5
10401,17.88,Rainy,Low,Afternoon,Bike,18,11.0,64.6
10402,20.0,Clear,Low,Morning,Bike,26,14.0,73.6
10403,16.67,Rainy,Medium,Afternoon,Bike,19,18.0,69.4
10404,17.3,Snowy,Medium,Evening,Bike,27,23.0,87.2
10405,16.84,Windy,Medium,Afternoon,Scooter,25,23.0,70.2
10406,17.52,Snowy,Low,Morning,Car,15,10.0,60.8
10407,19.91,Clear,Medium,Afternoon,Bike,20,29.0,70.1
10408,17.66,Foggy,Low,Afternoon,Bike,19,19.0,60.1
10409,19.31,Snowy,Medium,Night,Car,18,16.0,72.5
10410,19.02,Rainy,Low,Afternoon,Scooter,11,29.0,56.6
10411,17.19,Rainy,High,Afternoon,Scooter,8,13.0,58.5
10412,18.32,Rainy,Low,Evening,Bike,15,25.0,62.6
10413,19.41,Rainy,High,Morning,Bike,18,30.0,84.2
10414,18.45,Clear,Medium,Evening,Scooter,19,16.0,69.5
10415,17.06,Clear,Medium,Evening,Bike,18,19.0,70.3
10416,19.45,Snowy,Low,Morning,Scooter,12,21.0,60.9
10417,18.22,Windy,Medium,Afternoon,Bike,25,27.0,76.9
10418,19.92,Snowy,Low,Morning,Scooter,22,30.0,78.2
10419,18.62,Clear,Low,Evening,Scooter,26,21.0,71.1
10420,17.8,Clear,Medium,Evening,Bike,27,25.0,77.6
10421,17.74,Clear,High,Afternoon,Bike,25,28.0,75.0
10422,19.52,Snowy,Medium,Morning,Bike,21,22.0,86.3
10423,19.92,Rainy,Low,Morning,Scooter,17,26.0,60.1
10424,17.64,Windy,Medium,Evening,Car,20,21.0,62.8
10425,16.65,Clear,Low,Evening,Bike,14,21.0,52.0
10426,16.16,Rainy,Medium,Morning,Bike,28,28.0,78.5
10427,17.29,Foggy,High,Evening,Car,20,17.0,68.5
10428,17.37,Clear,High,Afternoon,Car,19,14.0,61.5
10429,17.7,Windy,Low,Afternoon,Scooter,19,25.0,55.3
10430,16.58,Rainy,Low,Morning,Bike,21,22.0,67.7
10431,17.97,Clear,Low,Morning,Bike,21,21.0,65.4
10432,19.77,Clear,Low,Evening,Car,9,17.0,46.7
10433,16.93,Snowy,Low,Afternoon,Bike,16,25.0,61.9
10434,18.74,Rainy,Low,Night,Bike,31,19.0,79.0
10435,16.15,Foggy,High,Morning,Scooter,23,23.0,70.0
10436,18.58,Foggy,Low,Evening,Scooter,13,10.0,58.7
10437,19.75,Clear,Medium,Night,Bike,16,29.0,66.2
10438,17.13,Foggy,High,Morning,Car,17,26.0,72.0
10439,19.26,Windy,Medium,Night,Scooter,31,20.0,74.4
10440,16.33,Clear,Medium,Evening,Bike,30,13.0,75.5
10441,17.43,Foggy,High,Afternoon,Bike,10,30.0,69.1
10442,16.03,Clear,Medium,Evening,Scooter,14,21.0,50.1
10443,17.42,Clear,Medium,Afternoon,Scooter,10,19.0,50.3
10444,17.24,Clear,Low,Afternoon,Bike,13,29.0,46.4
10445,18.77,Snowy,High,Morning,Scooter,17,29.0,79.0
10446,17.18,Clear,Medium,Afternoon,Bike,20,15.0,61.4
10447,19.29,Clear,Low,Morning,Bike,24,24.0,71.6
10448,17.17,Rainy,Medium,Morning,Car,10,16.0,57.9
10449,16.89,Clear,Low,Evening,Bike,14,10.0,51.3
10450,17.98,Foggy,Medium,Evening,Car,20,18.0,73.1
10451,18.63,Windy,Medium,Evening,Bike,17,15.0,71.5
10452,19.55,Clear,High,Morning,Bike,15,21.0,77.0
10453,19.25,Clear,Low,Morning,Bike,12,19.0,55.1
10454,18.1,Windy,High,Morning,Car,22,14.0,73.6
10455,19.91,Clear,High,Morning,Bike,13,19.0,75.8
10456,17.19,Clear,High,Morning,Bike,21,25.0,72.6
10457,20.0,Windy,Low,Afternoon,Bike,28,23.0,75.0
10458,17.54,Snowy,Medium,Morning,Scooter,13,23.0,67.4
10459,17.05,Rainy,High,Afternoon,Bike,22,12.0,71.4
10460,17.53,Rainy,Low,Morning,Bike,24,11.0,73.4
10461,18.34,Windy,Medium,Evening,Scooter,20,23.0,68.1
10462,17.9,Rainy,Medium,Morning,Car,15,20.0,64.9
10463,16.2,Rainy,Medium,Morning,Car,13,23.0,57.5
10464,17.42,Snowy,Low,Afternoon,Car,24,17.0,62.5
10465,17.97,Rainy,Low,Evening,Bike,15,12.0,63.1
10466,18.65,Rainy,Low,Evening,Bike,24,17.0,74.4
10467,19.81,Clear,Medium,Evening,Bike,25,23.0,80.4
10468,19.82,Rainy,Medium,Afternoon,Car,26,30.0,74.9
10469,18.06,Rainy,High,Evening,Scooter,25,21.0,84.1
10470,18.28,Clear,Low,Morning,Scooter,27,18.0,67.8
10471,18.79,Clear,Low,Morning,Bike,29,17.0,72.7
10472,19.34,Snowy,Low,Evening,Bike,18,10.0,77.5
10473,18.98,Clear,High,Night,Bike,14,14.0,66.6
10474,18.88,Clear,Low,Morning,Bike,13,17.0,56.9
10475,17.79,Clear,Low,Evening,Bike,16,22.0,62.5
10476,19.48,Clear,Medium,Evening,Bike,14,22.0,67.3
10477,18.65,Foggy,High,Night,Bike,25,16.0,75.9
10478,16.64,Clear,Low,Morning,Bike,25,21.0,57.6
10479,18.39,Clear,Low,Afternoon,Car,17,14.0,56.2
10480,17.24,Snowy,Medium,Afternoon,Car,24,11.0,72.2
10481,16.81,Clear,Low,Morning,Scooter,20,16.0,56.5
10482,18.6,Clear,Medium,Afternoon,Car,19,13.0,53.3
10483,18.57,Snowy,Low,Evening,Bike,24,21.0,78.4
10484,19.82,Rainy,Low,Morning,Bike,24,26.0,75.4
10485,19.9,Foggy,Low,Morning,Bike,24,13.0,75.8
10486,17.64,Snowy,Medium,Evening,Bike,18,10.0,74.6
10487,16.71,Windy,High,Evening,Scooter,15,11.0,65.9
10488,16.56,Clear,Medium,Afternoon,Bike,16,14.0,59.0
10489,19.9,Foggy,Low,Afternoon,Car,21,13.0,64.9
10490,17.58,Foggy,Medium,Afternoon,Scooter,28,30.0,73.5
10491,17.37,Clear,Medium,Evening,Bike,22,14.0,70.5
10492,18.48,Windy,High,Evening,Car,24,23.0,72.3
10493,16.23,Clear,Medium,Morning,Car,14,24.0,53.5
10494,18.59,Snowy,High,Afternoon,Scooter,17,15.0,76.5
10495,19.5,Rainy,Medium,Morning,Bike,23,13.0,82.7
10496,18.9,Rainy,Low,Morning,Bike,26,14.0,83.0
10497,17.67,Clear,Medium,Afternoon,Scooter,18,28.0,58.1
10498,16.46,Windy,Low,Afternoon,Scooter,7,18.0,38.2
10499,16.96,Rainy,High,Morning,Bike,27,10.0,87.3
10500,17.06,Clear,Low,Evening,Car,10,23.0,43.8
10501,17.54,Clear,Medium,Morning,Bike,18,19.0,61.4
10502,16.53,Foggy,Low,Afternoon,Car,17,13.0,51.5
10503,18.3,Clear,Low,Afternoon,Bike,30,13.0,74.7
10504,17.47,Rainy,Medium,Afternoon,Car,11,25.0,55.3
10505,17.99,Rainy,Low,Morning,Bike,21,16.0,74.8
10506,17.14,Clear,Low,Evening,Scooter,15,10.0,54.9
10507,17.82,Rainy,Low,Morning,Car,17,26.0,68.3
10508,18.85,Clear,Medium,Evening,Bike,16,14.0,68.8
10509,16.35,Windy,Medium,Night,Bike,15,30.0,60.2
10510,18.04,Snowy,High,Morning,Car,27,22.0,87.0
10511,18.47,Clear,Low,Evening,Car,22,21.0,61.5
10512,18.67,Rainy,Low,Morning,Scooter,27,24.0,74.3
10513,19.69,Rainy,High,Evening,Bike,24,14.0,88.8
10514,19.12,Windy,Medium,Evening,Bike,16,24.0,72.4
10515,18.96,Clear,Medium,Evening,Bike,9,13.0,58.8
10516,19.47,Rainy,Low,Afternoon,Scooter,14,15.0,54.2
10517,19.66,Windy,Low,Night,Bike,15,22.0,57.3
10518,19.36,Clear,High,Afternoon,Bike,11,18.0,70.5
10519,18.46,Rainy,Low,Night,Car,12,28.0,52.7
10520,19.37,Clear,Medium,Morning,Scooter,8,10.0,58.9
10521,17.31,Rainy,Medium,Night,Scooter,17,12.0,62.0
10522,19.81,Clear,Medium,Morning,Car,12,10.0,62.2
10523,16.69,Windy,High,Morning,Scooter,14,29.0,66.9
10524,16.92,Clear,Medium,Evening,Bike,17,18.0,70.2
10525,16.63,Clear,Low,Morning,Car,12,28.0,50.5
10526,19.11,Snowy,Medium,Afternoon,Car,9,21.0,63.2
10527,17.74,Snowy,Medium,Morning,Bike,23,28.0,80.3
10528,18.95,Foggy,Medium,Evening,Bike,27,27.0,80.2
10529,18.04,Foggy,Low,Morning,Bike,15,12.0,63.3
10530,17.61,Clear,Medium,Morning,Bike,17,30.0,65.8
10531,19.59,Rainy,High,Afternoon,Bike,14,20.0,74.9
10532,17.73,Clear,High,Evening,Bike,17,22.0,74.1
10533,18.47,Clear,Medium,Evening,Scooter,10,15.0,56.9
10534,19.43,Windy,High,Afternoon,Bike,17,27.0,74.7
10535,16.85,Foggy,Medium,Afternoon,Car,17,11.0,63.6
10536,17.61,Clear,Medium,Evening,Scooter,15,12.0,60.1
10537,16.58,Clear,Medium,Morning,Bike,26,14.0,68.4
10538,18.17,Windy,High,Night,Car,16,27.0,68.0
10539,19.16,Clear,Low,Evening,Scooter,12,27.0,54.8
10540,16.22,Clear,Medium,Morning,Scooter,23,15.0,63.9
10541,16.24,Clear,Low,Morning,Car,12,21.0,42.9
10542,18.96,Clear,Low,Morning,Car,10,18.0,53.5
10543,18.84,Clear,Low,Night,Scooter,16,21.0,58.5
10544,17.61,Windy,Low,Night,Scooter,24,10.0,59.7
10545,17.44,Clear,High,Evening,Bike,30,19.0,85.3
10546,17.13,Rainy,Low,Afternoon,Scooter,21,19.0,63.0
10547,16.25,Foggy,Medium,Afternoon,Scooter,27,10.0,64.5
10548,18.05,Rainy,High,Evening,Car,19,23.0,75.6
10549,18.46,Foggy,Medium,Afternoon,Bike,13,18.0,59.4
10550,19.46,Rainy,Low,Night,Bike,19,15.0,68.8
10551,18.17,Rainy,Low,Morning,Bike,22,26.0,79.8
10552,16.61,Rainy,Medium,Morning,Bike,10,26.0,59.2
10553,17.23,Foggy,Medium,Afternoon,Bike,16,15.0,70.5
10554,19.14,Foggy,Low,Afternoon,Scooter,10,29.0,58.4
10555,18.47,Foggy,High,Morning,Car,16,10.0,71.6
10556,19.08,Clear,High,Morning,Bike,19,21.0,78.5
10557,17.65,Rainy,Low,Afternoon,Car,22,24.0,61.0
10558,16.27,Foggy,Medium,Evening,Scooter,15,15.0,60.5
10559,19.57,Clear,Medium,Afternoon,Bike,11,17.0,60.7
10560,17.4,Snowy,Low,Afternoon,Bike,18,24.0,64.0
10561,16.33,Clear,Low,Evening,Car,11,17.0,46.3
10562,18.35,Clear,Low,Afternoon,Scooter,10,16.0,46.5
10563,18.98,Snowy,Medium,Afternoon,Bike,22,23.0,76.6
10564,17.91,Clear,Medium,Morning,Scooter,20,13.0,67.5
10565,18.46,Clear,Low,Evening,Bike,18,21.0,64.8
10566,17.67,Clear,Low,Evening,Scooter,12,15.0,54.2
10567,19.25,Snowy,Low,Afternoon,Bike,28,16.0,78.9
10568,19.13,Clear,Medium,Afternoon,Bike,26,19.0,77.2
10569,18.88,Rainy,High,Morning,Bike,25,25.0,89.0
10570,16.08,Foggy,Low,Afternoon,Scooter,9,14.0,45.5
10571,18.07,Rainy,Low,Evening,Bike,10,24.0,61.1
10572,19.14,Windy,Low,Morning,Scooter,17,17.0,64.1
10573,16.98,Snowy,Low,Evening,Car,14,28.0,52.9
10574,17.04,Clear,Low,Afternoon,Scooter,15,18.0,44.4
10575,19.62,Windy,Low,Evening,Car,22,18.0,64.5
10576,19.37,Rainy,Low,Afternoon,Scooter,29,25.0,73.6
10577,19.95,Clear,Low,Evening,Bike,20,10.0,68.2
10578,17.99,Clear,Medium,Evening,Bike,8,28.0,58.4
10579,16.5,Rainy,High,Evening,Scooter,8,16.0,59.2
10580,16.03,Clear,Medium,Evening,Scooter,13,27.0,57.7
10581,18.82,Rainy,Medium,Afternoon,Car,7,17.0,56.4
10582,19.27,Clear,Low,Evening,Bike,11,14.0,57.6
10583,17.71,Rainy,Medium,Morning,Bike,9,12.0,66.4
10584,17.7,Clear,High,Evening,Car,14,27.0,61.1
10585,19.36,Snowy,Low,Afternoon,Car,9,10.0,54.9
10586,16.74,Clear,Medium,Evening,Bike,28,23.0,71.6
10587,16.25,Clear,Medium,Afternoon,Bike,18,22.0,53.1
10588,19.86,Clear,Medium,Morning,Car,26,14.0,73.0
10589,18.17,Rainy,Medium,Evening,Bike,21,25.0,83.1
10590,19.09,Rainy,Medium,Afternoon,Scooter,17,17.0,66.3
10591,19.82,Rainy,Medium,Evening,Car,17,26.0,66.9
10592,19.24,Clear,Medium,Afternoon,Bike,22,17.0,72.0
10593,17.87,Snowy,Low,Afternoon,Bike,15,26.0,62.9
10594,18.59,Clear,Medium,Afternoon,Car,18,19.0,60.2
10595,18.53,Clear,Medium,Evening,Bike,11,19.0,63.7
10596,19.7,Foggy,Medium,Afternoon,Bike,24,27.0,76.8
10597,16.56,Rainy,Medium,Evening,Bike,15,12.0,69.7
10598,18.78,Rainy,Medium,Evening,Scooter,12,18.0,66.2
10599,19.45,Clear,Medium,Evening,Bike,23,10.0,69.9
10600,17.44,Clear,Medium,Evening,Scooter,10,11.0,52.8
10601,18.83,Rainy,High,Morning,Bike,30,12.0,89.0
10602,17.0,Clear,Medium,Afternoon,Bike,21,25.0,59.9
10603,16.35,Clear,Medium,Evening,Bike,23,26.0,66.4
10604,16.1,Windy,Low,Morning,Scooter,10,26.0,50.4
10605,18.12,Rainy,Low,Morning,Car,19,30.0,63.9
10606,16.21,Clear,Medium,Evening,Scooter,8,22.0,44.1
10607,18.37,Clear,Low,Evening,Car,15,14.0,50.1
10608,17.5,Foggy,Low,Afternoon,Bike,22,19.0,65.5
10609,16.03,Clear,High,Evening,Bike,13,21.0,64.3
10610,16.91,Clear,High,Afternoon,Bike,22,26.0,70.2
10611,18.95,Clear,Low,Morning,Scooter,19,20.0,63.0
10612,17.52,Foggy,Low,Evening,Scooter,28,10.0,72.7
10613,18.9,Rainy,Low,Evening,Scooter,18,27.0,64.9
10614,19.26,Clear,High,Morning,Bike,15,22.0,71.3
10615,19.19,Clear,Low,Night,Car,26,12.0,61.6
10616,18.68,Rainy,Medium,Afternoon,Car,17,29.0,58.8
10617,18.99,Rainy,Medium,Morning,Car,14,19.0,67.7
10618,18.28,Rainy,Low,Morning,Bike,16,26.0,63.4
10619,17.86,Clear,Low,Afternoon,Bike,17,25.0,59.9
10620,16.25,Foggy,High,Morning,Scooter,13,15.0,60.6
10621,19.9,Windy,Medium,Night,Bike,24,28.0,77.9
10622,19.36,Rainy,High,Morning,Scooter,25,29.0,80.6
10623,18.69,Clear,Medium,Evening,Bike,17,29.0,66.2
10624,18.58,Rainy,Low,Morning,Scooter,7,14.0,56.1
10625,18.31,Clear,Medium,Evening,Bike,11,12.0,64.0
10626,16.38,Clear,Medium,Morning,Scooter,18,21.0,62.6
10627,17.28,Clear,Low,Evening,Bike,14,15.0,58.1
10628,17.36,Windy,Medium,Night,Car,15,23.0,58.6
10629,19.17,Clear,Medium,Morning,Bike,18,24.0,72.8
10630,18.42,Snowy,High,Afternoon,Scooter,21,10.0,77.8
10631,17.59,Rainy,Medium,Morning,Bike,12,26.0,66.5
10632,17.31,Rainy,Low,Evening,Bike,21,12.0,72.1
10633,19.42,Clear,Low,Morning,Bike,11,22.0,61.0
10634,19.14,Rainy,Medium,Afternoon,Bike,19,21.0,73.6
10635,19.25,Clear,High,Afternoon,Scooter,21,10.0,69.7
10636,17.58,Clear,Low,Afternoon,Bike,14,13.0,50.9
10637,17.92,Clear,Low,Night,Scooter,25,21.0,57.9
10638,18.29,Clear,High,Morning,Car,24,18.0,75.6
10639,16.77,Rainy,Low,Morning,Scooter,27,19.0,74.2
10640,17.45,Clear,High,Morning,Bike,15,24.0,70.8
10641,17.96,Clear,Medium,Afternoon,Bike,29,24.0,74.4
10642,18.68,Windy,Medium,Morning,Bike,17,23.0,76.8
10643,17.8,Clear,Low,Afternoon,Bike,15,25.0,54.1
10644,16.62,Clear,Medium,Night,Car,20,28.0,60.7
10645,17.7,Clear,Low,Morning,Bike,27,14.0,66.6
10646,18.13,Clear,Medium,Morning,Bike,27,29.0,77.5
10647,18.6,Rainy,Medium,Evening,Car,14,19.0,63.0
10648,19.42,Clear,High,Evening,Bike,12,29.0,67.9
10649,16.93,Clear,Medium,Evening,Bike,17,23.0,61.8
10650,18.24,Rainy,Medium,Morning,Car,29,18.0,80.3
10651,17.67,Clear,Low,Afternoon,Bike,30,10.0,67.5
10652,18.75,Windy,Low,Afternoon,Scooter,14,12.0,48.0
10653,19.5,Windy,High,Morning,Bike,9,23.0,69.6
10654,17.91,Clear,Medium,Morning,Car,22,24.0,63.5
10655,19.38,Clear,High,Afternoon,Scooter,13,12.0,58.4
10656,16.01,Clear,Low,Morning,Bike,13,29.0,53.6
10657,19.65,Clear,High,Afternoon,Car,22,16.0,73.2
10658,19.15,Rainy,Medium,Evening,Bike,13,26.0,74.0
10659,16.54,Rainy,Medium,Night,Car,24,26.0,72.5
10660,18.7,Clear,Low,Afternoon,Scooter,28,24.0,61.8
10661,18.06,Clear,Low,Afternoon,Bike,12,29.0,48.4
10662,19.88,Clear,Medium,Afternoon,Scooter,19,26.0,64.6
10663,17.22,Windy,Low,Evening,Bike,22,13.0,66.5
10664,18.44,Windy,Low,Morning,Scooter,18,18.0,62.0
10665,18.09,Clear,Medium,Afternoon,Scooter,28,21.0,72.3
10666,16.88,Rainy,Low,Evening,Bike,10,20.0,57.4
10667,19.25,Clear,Medium,Evening,Car,33,20.0,82.4
10668,18.97,Rainy,High,Evening,Car,19,14.0,75.4
10669,18.18,Rainy,Low,Morning,Scooter,13,30.0,58.5
10670,19.78,Snowy,Low,Evening,Scooter,20,24.0,70.2
10671,19.71,Clear,High,Morning,Bike,21,26.0,70.1
10672,19.27,Clear,Low,Evening,Car,6,17.0,41.1
10673,16.61,Windy,Medium,Evening,Car,25,23.0,71.2
10674,19.58,Clear,Low,Afternoon,Car,10,15.0,50.4
10675,17.22,Clear,High,Evening,Scooter,13,22.0,59.0
10676,18.28,Foggy,Medium,Afternoon,Bike,19,15.0,73.0
10677,19.9,Foggy,Low,Night,Bike,23,29.0,64.5
10678,16.92,Rainy,Medium,Morning,Scooter,20,20.0,67.1
10679,16.8,Foggy,High,Evening,Bike,20,20.0,76.6
10680,19.41,Rainy,Low,Morning,Scooter,18,21.0,70.9
10681,16.05,Clear,High,Afternoon,Bike,18,14.0,70.7
10682,16.7,Rainy,Low,Evening,Scooter,17,27.0,59.4
10683,17.31,Foggy,Medium,Morning,Scooter,14,15.0,62.9
10684,18.95,Snowy,Low,Morning,Bike,15,29.0,73.8
10685,17.92,Clear,High,Afternoon,Scooter,26,27.0,80.2
10686,17.57,Clear,Medium,Morning,Bike,16,16.0,68.2
10687,19.67,Foggy,Medium,Evening,Bike,23,21.0,77.6
10688,19.02,Clear,Low,Afternoon,Bike,20,16.0,64.5
10689,18.53,Clear,Low,Morning,Bike,13,12.0,55.8
10690,17.36,Snowy,Medium,Afternoon,Bike,12,15.0,70.4
10691,19.44,Rainy,Medium,Afternoon,Bike,11,28.0,68.7
10692,17.01,Clear,Medium,Evening,Bike,18,16.0,62.4
10693,19.78,Clear,Low,Morning,Bike,13,29.0,63.8
10694,17.04,Clear,Low,Morning,Bike,14,25.0,57.1
10695,19.28,Foggy,Low,Night,Car,25,19.0,67.6
10696,19.66,Rainy,High,Afternoon,Bike,17,23.0,79.3
10697,16.91,Clear,Medium,Evening,Bike,15,28.0,60.6
10698,16.92,Clear,Low,Afternoon,Bike,12,11.0,51.1
10699,16.31,Clear,Medium,Morning,Bike,17,26.0,69.5
10700,17.37,Clear,Low,Morning,Bike,14,22.0,61.9
10701,18.0,Clear,Low,Morning,Bike,8,30.0,51.0
10702,16.34,Rainy,Low,Afternoon,Scooter,26,27.0,58.6
10703,16.59,Clear,High,Evening,Scooter,19,28.0,65.9
10704,17.69,Clear,Medium,Afternoon,Car,25,11.0,64.4
10705,16.72,Clear,Medium,Morning,Car,23,19.0,64.6
10706,19.09,Clear,Low,Afternoon,Bike,7,29.0,51.7
10707,17.29,Clear,Low,Afternoon,Bike,21,15.0,61.2
10708,16.19,Clear,Medium,Evening,Bike,11,15.0,58.8
10709,16.62,Clear,High,Morning,Scooter,10,24.0,56.7
10710,17.23,Clear,High,Afternoon,Scooter,8,16.0,52.3
10711,16.58,Foggy,Low,Morning,Bike,25,22.0,67.2
10712,16.86,Clear,Low,Morning,Car,19,18.0,54.9
10713,16.83,Foggy,Medium,Evening,Scooter,23,19.0,73.6
10714,17.67,Foggy,Low,Evening,Car,20,12.0,65.1
10715,18.1,Clear,Low,Afternoon,Car,11,27.0,37.3
10716,18.49,Clear,High,Morning,Bike,20,12.0,78.1
10717,19.64,Clear,Low,Morning,Bike,11,13.0,55.1
10718,18.75,Clear,Medium,Afternoon,Bike,9,15.0,58.0
10719,16.79,Rainy,Medium,Afternoon,Bike,15,15.0,61.8
10720,17.8,Clear,Medium,Evening,Car,10,10.0,55.4
10721,18.92,Snowy,High,Evening,Car,22,30.0,81.7
10722,18.22,Rainy,Low,Morning,Bike,20,22.0,69.2
10723,16.68,Foggy,High,Evening,Bike,21,20.0,81.1
10724,19.15,Foggy,High,Night,Car,28,12.0,79.5
10725,16.79,Rainy,Medium,Morning,Scooter,15,23.0,67.8
10726,17.38,Windy,Low,Evening,Scooter,19,11.0,62.5
10727,18.93,Windy,Low,Morning,Bike,16,15.0,64.3
10728,19.88,Clear,Medium,Evening,Bike,11,21.0,63.4
10729,19.56,Clear,Low,Afternoon,Bike,25,30.0,71.9
10730,19.88,Clear,Low,Evening,Bike,19,22.0,69.2
10731,17.59,Clear,High,Morning,Bike,20,20.0,79.6
10732,17.74,Rainy,Medium,Evening,Bike,14,23.0,64.8
10733,16.65,Clear,High,Morning,Bike,25,25.0,76.8
10734,17.89,Clear,High,Evening,Scooter,18,20.0,68.0
10735,19.12,Foggy,High,Afternoon,Bike,10,17.0,70.6
10736,16.28,Clear,Medium,Morning,Car,15,28.0,52.0
10737,17.28,Rainy,Medium,Evening,Bike,17,16.0,69.6
10738,19.7,Clear,Low,Evening,Scooter,15,12.0,58.5
10739,16.73,Foggy,Medium,Afternoon,Bike,11,16.0,53.2
10740,17.19,Rainy,Medium,Morning,Car,15,26.0,57.8
10741,19.74,Clear,Low,Evening,Bike,6,11.0,53.1
10742,17.38,Rainy,Medium,Morning,Bike,13,18.0,76.2
10743,19.32,Clear,Low,Morning,Car,20,10.0,60.8
10744,17.15,Foggy,High,Morning,Bike,18,28.0,75.6
10745,17.03,Rainy,Low,Afternoon,Scooter,16,16.0,57.8
10746,16.75,Clear,High,Morning,Scooter,30,14.0,80.6
10747,16.25,Rainy,Low,Night,Bike,9,24.0,51.4
10748,17.66,Snowy,Medium,Evening,Bike,20,29.0,76.8
10749,18.85,Foggy,Medium,Afternoon,Car,20,11.0,61.8
10750,18.02,Rainy,Medium,Morning,Car,18,28.0,71.3
10751,17.63,Foggy,Medium,Evening,Bike,14,18.0,66.4
10752,16.82,Clear,High,Afternoon,Car,18,13.0,62.4
10753,18.73,Foggy,High,Evening,Car,17,11.0,76.4
10754,17.01,Snowy,Medium,Evening,Scooter,12,19.0,64.5
10755,16.13,Clear,Medium,Afternoon,Scooter,13,15.0,46.1
10756,19.86,Clear,Low,Afternoon,Bike,17,15.0,60.0
10757,19.77,Clear,Low,Afternoon,Bike,16,13.0,59.0
10758,16.86,Clear,Medium,Morning,Car,11,12.0,53.6
10759,16.95,Clear,Medium,Evening,Scooter,13,26.0,54.6
10760,18.32,Clear,Medium,Evening,Bike,19,18.0,67.4
10761,17.71,Rainy,Low,Evening,Scooter,22,26.0,66.8
10762,19.55,Clear,Medium,Evening,Bike,23,21.0,77.1
10763,17.71,Clear,Low,Afternoon,Bike,18,11.0,59.7
10764,16.54,Rainy,Medium,Afternoon,Bike,9,18.0,65.4
10765,18.19,Clear,Low,Morning,Bike,13,11.0,62.8
10766,16.45,Clear,Low,Morning,Bike,22,16.0,61.8
10767,17.79,Foggy,Medium,Morning,Bike,14,27.0,66.0
10768,18.31,Windy,High,Morning,Scooter,21,16.0,74.4
10769,19.78,Rainy,Low,Afternoon,Car,20,15.0,60.6
10770,17.17,Clear,High,Evening,Bike,18,13.0,72.1
10771,18.6,Clear,Low,Evening,Bike,15,12.0,56.9
10772,16.0,Windy,Low,Afternoon,Car,10,14.0,38.9
10773,19.49,Rainy,Medium,Afternoon,Bike,22,29.0,74.8
10774,17.27,Foggy,Low,Evening,Scooter,14,21.0,59.7
10775,16.96,Rainy,Low,Evening,Bike,14,26.0,62.1
10776,16.41,Clear,Low,Morning,Car,11,13.0,41.0
10777,19.14,Clear,Medium,Evening,Bike,22,22.0,76.8
10778,16.23,Foggy,Medium,Evening,Car,30,27.0,78.3
10779,18.47,Snowy,Medium,Morning,Car,17,26.0,70.3
10780,17.26,Clear,Medium,Afternoon,Car,15,25.0,50.6
10781,18.84,Rainy,Low,Evening,Scooter,18,25.0,63.8
10782,19.86,Clear,High,Morning,Scooter,16,30.0,72.5
10783,17.1,Windy,Medium,Afternoon,Car,15,18.0,58.4
10784,18.48,Clear,Medium,Evening,Bike,31,16.0,82.2
10785,17.48,Foggy,Medium,Morning,Car,29,11.0,72.4
10786,18.04,Clear,Medium,Morning,Bike,20,13.0,72.9
10787,16.33,Rainy,Low,Morning,Bike,7,18.0,53.8
10788,16.82,Rainy,Medium,Evening,Bike,16,11.0,69.4
10789,19.18,Clear,High,Evening,Car,13,25.0,66.5
10790,17.38,Snowy,High,Morning,Bike,19,17.0,86.4
10791,16.0,Snowy,Low,Afternoon,Scooter,16,16.0,53.8
10792,17.28,Snowy,High,Afternoon,Scooter,16,29.0,68.0
10793,18.68,Clear,Low,Evening,Scooter,28,11.0,69.0
10794,19.89,Foggy,High,Afternoon,Bike,27,22.0,87.6
10795,19.42,Rainy,Medium,Evening,Scooter,14,22.0,72.4
10796,19.03,Rainy,High,Morning,Scooter,20,30.0,84.7
10797,19.72,Clear,Medium,Evening,Car,26,18.0,71.9
10798,18.64,Rainy,Medium,Morning,Car,30,29.0,83.0
10799,18.08,Clear,High,Evening,Bike,23,24.0,80.2
10800,18.16,Clear,Medium,Night,Bike,10,17.0,57.6
10801,19.78,Clear,Medium,Evening,Scooter,21,21.0,65.7
10802,16.01,Clear,Medium,Morning,Bike,18,19.0,64.8
10803,18.06,Clear,Medium,Morning,Scooter,14,22.0,57.2
10804,19.08,Clear,Medium,Afternoon,Car,27,16.0,70.7
10805,16.15,Foggy,Low,Morning,Bike,20,16.0,61.1
10806,19.29,Rainy,Low,Afternoon,Car,28,25.0,71.6
10807,19.38,Clear,High,Morning,Bike,9,30.0,66.7
10808,18.09,Foggy,Medium,Afternoon,Car,24,21.0,75.2
10809,19.32,Windy,High,Morning,Bike,19,16.0,77.8
10810,16.57,Snowy,Low,Morning,Car,15,11.0,56.5
10811,19.77,Snowy,Low,Morning,Bike,26,29.0,87.9
10812,16.2,Windy,Low,Morning,Scooter,24,29.0,65.2
10813,16.15,Rainy,High,Morning,Bike,19,14.0,78.2
10814,18.1,Windy,Medium,Morning,Scooter,31,26.0,78.3
10815,18.94,Windy,Low,Evening,Car,24,24.0,63.1
10816,18.8,Clear,High,Evening,Car,17,29.0,66.9
10817,18.2,Snowy,Low,Morning,Scooter,9,20.0,57.3
10818,19.13,Foggy,Medium,Afternoon,Bike,20,15.0,70.9
10819,18.43,Foggy,Low,Afternoon,Car,17,17.0,54.9
10820,19.4,Snowy,High,Night,Bike,19,25.0,81.9
10821,16.46,Clear,Medium,Evening,Scooter,9,14.0,54.0
10822,19.93,Clear,Low,Evening,Bike,25,23.0,68.5
10823,19.52,Rainy,High,Night,Car,24,27.0,81.0
10824,19.58,Foggy,Low,Night,Bike,23,12.0,71.8
10825,17.45,Snowy,Medium,Night,Bike,24,21.0,78.1
10826,19.79,Snowy,Low,Evening,Bike,12,15.0,71.4
10827,16.57,Foggy,Low,Evening,Scooter,18,20.0,60.6
10828,16.31,Windy,Low,Night,Bike,23,14.0,62.1
10829,17.59,Clear,Low,Evening,Car,20,16.0,59.9
10830,19.73,Windy,Low,Morning,Scooter,18,13.0,56.9
10831,19.87,Clear,High,Night,Car,15,18.0,71.2
10832,17.97,Rainy,Low,Afternoon,Bike,21,23.0,70.9
10833,19.01,Clear,High,Morning,Scooter,8,16.0,66.9
10834,18.15,Rainy,Low,Morning,Bike,8,28.0,56.2
10835,16.45,Clear,Medium,Afternoon,Car,17,22.0,53.3
10836,18.61,Clear,Low,Morning,Bike,19,30.0,64.8
10837,16.59,Rainy,Medium,Afternoon,Bike,15,24.0,63.3
10838,18.62,Foggy,Low,Morning,Bike,21,14.0,71.4
10839,16.96,Clear,Medium,Morning,Bike,28,21.0,76.0
10840,17.05,Rainy,Low,Afternoon,Car,11,24.0,45.8
10841,18.7,Clear,Low,Night,Bike,17,19.0,60.3
10842,17.86,Clear,Low,Evening,Scooter,29,11.0,70.2
10843,19.32,Clear,Low,Morning,Bike,30,13.0,74.4
10844,18.72,Rainy,Medium,Morning,Bike,18,15.0,72.2
10845,17.18,Foggy,Medium,Morning,Car,23,18.0,70.1
10846,19.11,Rainy,Low,Night,Scooter,13,27.0,55.5
10847,16.26,Snowy,High,Evening,Car,24,10.0,80.6
10848,18.94,Rainy,High,Night,Bike,31,29.0,89.0
10849,17.54,Foggy,High,Afternoon,Scooter,15,21.0,71.1
10850,17.21,Windy,Medium,Evening,Scooter,13,30.0,57.8
10851,18.09,Clear,Medium,Morning,Scooter,11,24.0,54.1
10852,19.63,Clear,Low,Night,Bike,17,19.0,60.3
10853,17.03,Clear,Low,Morning,Bike,15,12.0,51.7
10854,20.0,Rainy,Low,Afternoon,Bike,18,25.0,66.4
10855,18.36,Rainy,Low,Evening,Scooter,18,22.0,60.4
10856,17.01,Clear,Low,Morning,Scooter,26,17.0,64.1
10857,18.76,Snowy,Low,Evening,Scooter,27,27.0,81.1
10858,18.94,Windy,High,Evening,Bike,17,24.0,76.4
10859,18.13,Clear,Medium,Afternoon,Scooter,23,16.0,68.6
10860,16.52,Clear,High,Evening,Bike,19,13.0,68.8
10861,19.26,Clear,Low,Morning,Car,22,23.0,61.0
10862,19.24,Clear,Medium,Evening,Bike,22,12.0,77.0
10863,19.06,Snowy,High,Evening,Scooter,25,21.0,89.0
10864,19.02,Rainy,High,Night,Bike,12,30.0,74.2
10865,17.53,Clear,Low,Afternoon,Bike,24,25.0,65.9
10866,17.97,Clear,Medium,Evening,Bike,13,16.0,62.4
10867,18.65,Clear,Medium,Night,Bike,21,30.0,68.9
10868,16.66,Clear,Low,Evening,Bike,30,28.0,68.6
10869,18.42,Clear,Medium,Morning,Scooter,19,20.0,71.3
10870,16.44,Rainy,Medium,Morning,Bike,27,10.0,78.8
10871,19.39,Rainy,Medium,Afternoon,Car,24,28.0,73.0
10872,16.48,Snowy,Medium,Evening,Bike,22,27.0,78.9
10873,19.09,Clear,Low,Afternoon,Bike,10,30.0,54.0
10874,16.89,Foggy,Low,Evening,Scooter,8,29.0,52.1
10875,19.71,Clear,Medium,Morning,Scooter,28,20.0,69.2
10876,18.63,Clear,Low,Evening,Bike,22,10.0,72.3
10877,17.72,Snowy,Medium,Evening,Scooter,19,18.0,78.8
10878,16.17,Rainy,Medium,Evening,Car,6,18.0,56.3
10879,18.43,Clear,Low,Afternoon,Bike,11,16.0,52.0
10880,17.51,Rainy,Low,Afternoon,Bike,21,26.0,70.3
10881,19.19,Foggy,Medium,Evening,Bike,13,26.0,71.0
10882,19.17,Windy,Low,Afternoon,Car,15,10.0,54.9
10883,18.75,Rainy,Medium,Evening,Bike,25,29.0,85.3
10884,17.07,Clear,Low,Afternoon,Bike,15,16.0,54.2
10885,16.69,Rainy,Medium,Morning,Car,18,13.0,68.8
10886,17.99,Clear,Low,Afternoon,Car,10,15.0,37.1
10887,17.81,Clear,Low,Evening,Bike,18,11.0,60.9
10888,18.69,Rainy,Medium,Morning,Bike,22,12.0,76.5
10889,18.13,Foggy,Low,Afternoon,Scooter,13,16.0,56.7
10890,17.98,Clear,Low,Evening,Car,19,11.0,53.8
10891,17.92,Foggy,Medium,Afternoon,Bike,19,13.0,68.6
10892,18.02,Foggy,Low,Evening,Bike,24,15.0,75.5
10893,19.49,Foggy,Low,Morning,Car,15,26.0,64.8
10894,16.68,Clear,Medium,Morning,Scooter,27,14.0,72.3
10895,16.08,Clear,High,Afternoon,Bike,17,29.0,66.6
10896,16.89,Clear,Low,Evening,Car,8,30.0,39.6
10897,17.24,Clear,Low,Evening,Scooter,10,17.0,44.9
10898,18.45,Clear,High,Morning,Car,28,10.0,74.6
10899,19.37,Clear,High,Morning,Bike,10,16.0,65.4
10900,18.85,Clear,Low,Afternoon,Bike,24,12.0,65.9
10901,19.99,Clear,Low,Afternoon,Scooter,32,10.0,75.0
10902,16.0,Windy,Medium,Evening,Bike,25,26.0,76.2
10903,16.76,Foggy,Medium,Evening,Bike,16,12.0,62.3
10904,16.35,Clear,High,Evening,Scooter,13,26.0,60.9
10905,18.65,Windy,Medium,Afternoon,Scooter,12,24.0,57.2
10906,17.71,Clear,High,Afternoon,Bike,16,19.0,60.0
10907,17.25,Clear,Medium,Morning,Bike,18,16.0,68.4
10908,17.25,Snowy,Medium,Afternoon,Scooter,17,18.0,69.4
10909,19.57,Clear,Medium,Morning,Scooter,20,16.0,67.2
10910,16.3,Clear,Low,Morning,Bike,24,17.0,62.9
10911,17.25,Clear,Medium,Morning,Bike,12,15.0,60.4
10912,18.0,Rainy,Medium,Morning,Bike,15,30.0,72.8
10913,17.65,Rainy,High,Morning,Car,23,29.0,76.9
10914,18.75,Clear,Low,Morning,Car,27,28.0,63.7
10915,18.43,Clear,Low,Morning,Scooter,25,27.0,62.3
10916,19.2,Clear,Medium,Morning,Scooter,31,15.0,83.7
10917,19.38,Rainy,Medium,Morning,Bike,24,28.0,87.3
10918,17.6,Clear,Low,Evening,Bike,31,19.0,70.4
10919,19.46,Snowy,Medium,Afternoon,Bike,29,13.0,85.1
10920,18.53,Foggy,Low,Evening,Bike,21,25.0,67.6
10921,19.44,Clear,High,Morning,Bike,22,30.0,76.3
10922,17.86,Foggy,Medium,Evening,Bike,15,27.0,75.1
10923,16.1,Clear,High,Evening,Car,27,10.0,70.2
10924,18.63,Clear,Medium,Morning,Scooter,22,12.0,71.3
10925,19.86,Clear,Medium,Evening,Car,27,12.0,73.7
10926,19.72,Clear,Medium,Evening,Scooter,13,30.0,61.7
10927,16.61,Foggy,High,Evening,Car,16,21.0,66.7
10928,17.96,Windy,Low,Afternoon,Bike,10,27.0,53.6
10929,19.49,Clear,Low,Evening,Bike,29,12.0,75.3
10930,17.67,Clear,Medium,Morning,Scooter,24,20.0,71.1
10931,18.07,Rainy,High,Morning,Scooter,23,17.0,85.2
10932,19.99,Clear,Low,Afternoon,Bike,17,20.0,59.1
10933,17.93,Clear,Low,Afternoon,Scooter,7,24.0,43.1
10934,16.76,Windy,Low,Afternoon,Bike,31,20.0,66.0
10935,16.15,Snowy,Low,Night,Bike,16,11.0,60.0
10936,17.85,Windy,Low,Evening,Car,14,27.0,54.3
10937,18.06,Clear,Medium,Morning,Scooter,26,29.0,71.1
10938,19.68,Clear,High,Afternoon,Bike,13,21.0,68.0
10939,19.17,Clear,Medium,Morning,Bike,12,13.0,65.7
10940,16.25,Windy,High,Afternoon,Car,17,27.0,63.9
10941,19.27,Clear,Medium,Evening,Car,17,22.0,57.0
10942,16.28,Clear,Medium,Morning,Bike,27,28.0,73.4
10943,16.06,Clear,Medium,Morning,Bike,33,22.0,77.4
10944,18.19,Foggy,Low,Evening,Scooter,14,24.0,57.6
10945,18.12,Foggy,Medium,Evening,Bike,13,26.0,72.1
10946,17.27,Foggy,High,Morning,Scooter,17,10.0,66.7
10947,17.84,Clear,Low,Morning,Bike,17,15.0,60.1
10948,19.68,Foggy,Medium,Evening,Bike,25,19.0,87.6
10949,18.71,Clear,Low,Afternoon,Scooter,10,24.0,47.4
10950,17.37,Clear,Low,Afternoon,Bike,12,15.0,47.4
10951,19.74,Clear,High,Afternoon,Scooter,13,19.0,63.8
10952,16.65,Rainy,Medium,Evening,Bike,10,10.0,68.9
10953,16.7,Clear,High,Evening,Bike,9,23.0,65.3
10954,16.93,Windy,Medium,Morning,Car,18,23.0,60.7
10955,16.93,Clear,Low,Morning,Bike,27,21.0,72.9
10956,16.28,Clear,Low,Morning,Bike,25,20.0,66.7
10957,17.24,Rainy,Low,Afternoon,Bike,13,30.0,50.3
10958,18.19,Rainy,Medium,Evening,Car,12,11.0,62.7
10959,16.89,Clear,Low,Morning,Scooter,20,24.0,62.6
10960,16.43,Rainy,Medium,Evening,Bike,15,23.0,67.7
10961,18.6,Clear,Medium,Morning,Bike,18,19.0,73.5
10962,17.68,Clear,Medium,Evening,Scooter,22,13.0,62.6
10963,18.61,Foggy,Low,Afternoon,Scooter,27,29.0,65.0
10964,16.99,Rainy,Medium,Afternoon,Bike,12,29.0,65.8
10965,19.02,Clear,Low,Afternoon,Bike,10,17.0,54.4
10966,19.89,Clear,High,Afternoon,Scooter,13,24.0,64.7
10967,17.04,Rainy,Low,Morning,Bike,19,12.0,70.1
10968,18.56,Clear,Low,Afternoon,Scooter,10,10.0,45.1
10969,19.06,Windy,Low,Afternoon,Bike,15,30.0,56.6
10970,18.17,Rainy,Medium,Morning,Scooter,15,28.0,69.1
10971,17.16,Snowy,Low,Afternoon,Scooter,11,10.0,53.9
10972,16.86,Clear,Medium,Night,Car,32,11.0,70.3
10973,18.59,Snowy,Medium,Afternoon,Scooter,26,13.0,79.5
10974,17.92,Clear,Medium,Morning,Bike,19,10.0,67.4
10975,19.35,Clear,Low,Morning,Scooter,27,17.0,75.2
10976,16.36,Clear,Medium,Afternoon,Scooter,14,18.0,48.9
10977,16.13,Clear,Medium,Afternoon,Bike,25,23.0,66.9
10978,17.48,Windy,High,Morning,Bike,21,13.0,78.2
10979,17.9,Foggy,Medium,Evening,Bike,13,28.0,68.3
10980,18.56,Rainy,Low,Morning,Scooter,21,27.0,69.0
10981,16.46,Rainy,Low,Evening,Bike,18,24.0,68.5
10982,18.35,Rainy,Low,Afternoon,Bike,18,29.0,66.3
10983,19.25,Rainy,Medium,Evening,Scooter,29,14.0,82.4
10984,19.64,Snowy,Medium,Evening,Car,16,26.0,70.1
10985,19.6,Rainy,High,Evening,Bike,28,19.0,89.0
10986,18.07,Foggy,Low,Evening,Scooter,25,17.0,67.3
10987,19.6,Clear,Medium,Afternoon,Car,16,24.0,61.2
10988,18.15,Windy,Medium,Morning,Car,23,16.0,69.7
10989,16.29,Clear,Low,Morning,Bike,11,10.0,52.0
10990,19.89,Clear,Medium,Afternoon,Bike,18,17.0,63.6
10991,16.01,Snowy,Low,Evening,Bike,9,26.0,57.3
10992,17.14,Clear,Low,Morning,Bike,13,11.0,56.2
10993,16.19,Clear,Low,Evening,Bike,15,27.0,57.7
10994,18.17,Clear,High,Afternoon,Scooter,10,28.0,53.5
10995,18.27,Clear,Low,Morning,Scooter,27,19.0,71.9
10996,18.55,Windy,High,Evening,Scooter,26,15.0,86.1
10997,16.56,Snowy,Low,Morning,Car,6,27.0,53.5
10998,16.07,Clear,Low,Afternoon,Scooter,10,15.0,45.2
10999,17.06,Windy,Low,Evening,Scooter,29,14.0,68.4
11000,16.21,Rainy,Low,Afternoon,Bike,6,25.0,46.3
11001,16.14,Snowy,Medium,Afternoon,Scooter,30,16.0,77.8
11002,17.06,Clear,High,Afternoon,Scooter,19,22.0,65.4
11003,20.0,Rainy,High,Evening,Bike,19,14.0,84.1
11004,19.21,Clear,Medium,Morning,Bike,8,30.0,62.0
11005,17.45,Clear,Low,Afternoon,Scooter,15,14.0,53.6
11006,17.5,Foggy,Low,Afternoon,Bike,25,30.0,71.2
11007,19.72,Clear,High,Afternoon,Scooter,15,25.0,66.5
11008,18.65,Rainy,Low,Night,Bike,27,18.0,67.7
11009,19.35,Foggy,Medium,Evening,Scooter,18,24.0,67.0
11010,19.46,Clear,Low,Evening,Bike,25,29.0,71.5
11011,16.68,Clear,Medium,Afternoon,Bike,24,23.0,68.6
11012,16.06,Rainy,Low,Morning,Scooter,17,30.0,55.1
11013,17.07,Snowy,Low,Afternoon,Bike,25,29.0,72.8
11014,18.38,Clear,Low,Afternoon,Bike,26,27.0,68.6
11015,19.63,Windy,Medium,Evening,Bike,30,29.0,86.0
11016,17.23,Snowy,Low,Evening,Bike,10,29.0,60.0
11017,19.4,Rainy,Low,Afternoon,Bike,24,10.0,69.2
11018,18.65,Clear,Medium,Night,Bike,21,22.0,70.3
11019,18.62,Foggy,Medium,Morning,Bike,22,24.0,76.0
11020,18.87,Snowy,Medium,Morning,Scooter,28,12.0,89.0
11021,18.05,Clear,High,Afternoon,Car,8,23.0,54.2
11022,18.69,Windy,Low,Afternoon,Bike,23,28.0,68.2
11023,19.17,Windy,Low,Afternoon,Car,16,25.0,57.7
11024,18.36,Rainy,Low,Evening,Car,20,16.0,64.3
11025,16.16,Foggy,High,Morning,Scooter,13,20.0,67.0
11026,18.04,Rainy,Low,Evening,Scooter,14,29.0,58.8
11027,18.39,Foggy,Medium,Afternoon,Bike,20,15.0,69.1
11028,19.5,Snowy,Medium,Evening,Bike,16,20.0,76.2
11029,16.02,Clear,Medium,Evening,Car,14,27.0,51.8
11030,16.19,Clear,High,Evening,Car,8,20.0,59.8
11031,17.47,Clear,Low,Evening,Bike,12,12.0,51.7
11032,19.21,Windy,Low,Evening,Bike,20,27.0,71.1
11033,17.94,Clear,Low,Afternoon,Bike,16,17.0,54.8
11034,17.22,Snowy,High,Evening,Bike,8,18.0,68.5
11035,18.77,Clear,High,Evening,Car,15,27.0,68.7
11036,18.02,Clear,Low,Evening,Bike,15,12.0,57.1
11037,18.29,Snowy,Medium,Afternoon,Scooter,13,25.0,63.9
11038,17.71,Rainy,Medium,Morning,Car,12,26.0,65.2
11039,18.9,Clear,Low,Morning,Bike,7,28.0,51.8
11040,16.06,Clear,Low,Evening,Scooter,20,16.0,56.0
11041,16.01,Clear,Low,Night,Bike,23,10.0,58.1
11042,18.73,Clear,Medium,Afternoon,Bike,13,27.0,59.9
11043,16.11,Clear,Low,Evening,Scooter,15,13.0,46.5
11044,17.35,Rainy,Low,Evening,Bike,27,29.0,78.7
11045,17.47,Clear,Medium,Morning,Scooter,31,24.0,76.1
11046,18.46,Clear,High,Night,Bike,19,18.0,74.1
11047,19.09,Clear,Low,Evening,Scooter,16,17.0,58.3
11048,19.29,Clear,Medium,Afternoon,Scooter,32,24.0,79.6
11049,17.12,Windy,Medium,Afternoon,Car,9,27.0,50.1
11050,16.65,Clear,Low,Afternoon,Scooter,14,10.0,50.7
11051,19.92,Clear,Low,Morning,Scooter,18,10.0,59.1
11052,16.17,Rainy,Medium,Morning,Bike,14,26.0,64.2
11053,19.26,Windy,Low,Morning,Bike,28,18.0,82.7
11054,16.08,Foggy,Low,Night,Scooter,18,19.0,56.9
11055,17.94,Snowy,Medium,Afternoon,Scooter,27,10.0,84.1
11056,18.57,Windy,Low,Evening,Scooter,15,15.0,60.7
11057,17.91,Rainy,Low,Afternoon,Bike,12,22.0,57.6
11058,18.26,Windy,Medium,Morning,Bike,28,28.0,86.8
11059,16.1,Clear,Medium,Morning,Bike,17,12.0,57.0
11060,16.62,Snowy,Medium,Morning,Bike,24,18.0,83.0
11061,18.21,Snowy,Low,Afternoon,Scooter,15,25.0,53.4
11062,19.31,Windy,High,Morning,Scooter,11,27.0,73.0
11063,18.19,Clear,Low,Morning,Scooter,20,20.0,56.9
11064,18.0,Foggy,High,Morning,Bike,14,18.0,73.7
11065,19.95,Clear,Medium,Evening,Scooter,28,27.0,75.0
11066,17.56,Rainy,Low,Evening,Bike,14,29.0,65.4
11067,17.54,Clear,Low,Morning,Bike,14,26.0,56.0
11068,16.3,Rainy,Low,Afternoon,Car,23,24.0,64.0
11069,19.13,Rainy,High,Night,Scooter,16,24.0,71.1
11070,16.27,Clear,Low,Morning,Bike,12,24.0,48.3
11071,16.54,Clear,Low,Night,Bike,13,20.0,48.0
11072,16.23,Clear,High,Afternoon,Bike,21,12.0,73.6
11073,16.77,Rainy,High,Afternoon,Scooter,11,28.0,66.0
11074,17.76,Rainy,High,Morning,Bike,22,25.0,87.5
11075,16.17,Foggy,Medium,Afternoon,Scooter,29,17.0,69.9
11076,17.65,Clear,Medium,Evening,Bike,11,20.0,55.9
11077,17.92,Snowy,Low,Morning,Scooter,14,11.0,67.7
11078,16.44,Rainy,Low,Afternoon,Scooter,15,25.0,50.0
11079,16.22,Clear,Medium,Morning,Car,19,18.0,58.7
11080,17.26,Clear,Medium,Afternoon,Bike,20,28.0,62.0
11081,18.6,Clear,Low,Afternoon,Bike,30,14.0,71.1
11082,18.43,Clear,Medium,Evening,Bike,32,24.0,77.4
11083,16.51,Clear,Low,Morning,Bike,15,17.0,57.9
11084,16.37,Clear,Medium,Afternoon,Bike,13,20.0,59.1
11085,16.75,Clear,High,Morning,Bike,14,16.0,70.0
11086,19.5,Clear,Medium,Afternoon,Car,20,27.0,59.6
11087,19.73,Clear,Low,Afternoon,Car,14,14.0,52.7
11088,18.09,Snowy,Low,Morning,Scooter,24,25.0,73.3
11089,19.61,Rainy,Medium,Evening,Bike,17,10.0,77.1
11090,16.53,Clear,Low,Night,Scooter,7,26.0,44.3
11091,18.63,Rainy,High,Night,Scooter,24,19.0,78.7
11092,18.6,Rainy,Low,Morning,Scooter,16,29.0,66.0
11093,17.8,Clear,Medium,Morning,Bike,33,18.0,76.9
11094,18.95,Clear,Low,Morning,Car,23,12.0,62.9
11095,17.9,Clear,Medium,Afternoon,Bike,19,24.0,67.2
11096,19.43,Rainy,Low,Morning,Bike,11,20.0,64.3
11097,16.54,Clear,Low,Morning,Bike,18,10.0,60.2
11098,16.07,Clear,Low,Evening,Bike,20,12.0,56.9
11099,17.51,Rainy,Medium,Night,Car,26,20.0,70.1
11100,16.51,Windy,Medium,Morning,Scooter,24,25.0,68.9
11101,16.72,Clear,Medium,Afternoon,Car,29,30.0,64.2
11102,16.19,Rainy,Low,Morning,Car,22,19.0,65.3
11103,17.72,Clear,Low,Afternoon,Scooter,17,29.0,55.3
11104,18.95,Foggy,Low,Evening,Scooter,16,25.0,64.6
11105,18.23,Foggy,Medium,Afternoon,Car,17,21.0,54.5
11106,17.43,Foggy,Medium,Afternoon,Bike,15,12.0,63.4
11107,16.05,Clear,Low,Morning,Bike,11,27.0,52.8
11108,18.04,Clear,Low,Evening,Bike,14,23.0,57.2
11109,17.31,Snowy,High,Morning,Scooter,21,26.0,80.4
11110,16.96,Clear,Medium,Morning,Scooter,10,12.0,56.1
11111,17.81,Windy,Medium,Night,Bike,16,29.0,67.1
11112,16.68,Clear,Medium,Evening,Car,12,17.0,54.5
11113,17.29,Rainy,Low,Afternoon,Scooter,21,18.0,57.6
11114,19.7,Clear,Low,Morning,Bike,15,21.0,59.0
11115,18.44,Clear,Medium,Afternoon,Scooter,18,10.0,61.7
11116,19.96,Snowy,Medium,Afternoon,Car,25,24.0,72.7
11117,18.51,Clear,Low,Afternoon,Bike,18,15.0,63.6
11118,16.39,Rainy,Medium,Morning,Bike,14,20.0,67.5
11119,18.66,Rainy,Low,Afternoon,Scooter,19,20.0,60.9
11120,19.46,Snowy,Medium,Afternoon,Bike,31,25.0,88.2
11121,19.65,Rainy,Medium,Morning,Bike,19,26.0,82.9
11122,18.22,Windy,Medium,Night,Car,15,13.0,54.3
11123,16.48,Snowy,High,Afternoon,Bike,23,26.0,75.5
11124,18.57,Clear,Medium,Morning,Bike,20,23.0,67.9
11125,16.57,Snowy,Medium,Evening,Car,31,29.0,82.3
11126,16.22,Windy,High,Evening,Scooter,12,18.0,67.5
11127,16.85,Clear,Medium,Evening,Bike,32,21.0,82.7
11128,16.39,Rainy,Medium,Afternoon,Bike,22,13.0,69.7
11129,17.78,Clear,Medium,Afternoon,Bike,20,17.0,66.0
11130,19.78,Rainy,Low,Morning,Bike,23,27.0,78.6
11131,18.64,Clear,Low,Evening,Car,12,26.0,51.7
11132,18.78,Foggy,High,Evening,Bike,14,30.0,70.4
11133,19.21,Clear,Low,Evening,Bike,11,28.0,56.3
11134,16.96,Rainy,Low,Afternoon,Scooter,18,15.0,60.7
11135,18.29,Clear,Medium,Afternoon,Car,18,16.0,63.8
11136,18.85,Foggy,Low,Morning,Scooter,27,13.0,74.7
11137,17.22,Rainy,High,Evening,Bike,17,20.0,81.2
11138,17.55,Rainy,High,Afternoon,Bike,22,26.0,82.3
11139,18.81,Clear,Medium,Evening,Car,16,27.0,60.2
11140,19.23,Clear,Low,Evening,Scooter,24,30.0,62.3
11141,17.45,Clear,Low,Night,Car,11,17.0,46.8
11142,18.5,Windy,High,Afternoon,Bike,11,18.0,72.3
11143,18.66,Clear,Medium,Afternoon,Scooter,15,22.0,56.8
11144,19.72,Rainy,Low,Morning,Car,33,26.0,85.0
11145,19.15,Clear,Low,Afternoon,Bike,18,30.0,60.6
11146,16.78,Foggy,High,Afternoon,Bike,21,13.0,70.8
11147,18.5,Clear,Low,Evening,Bike,10,17.0,54.8
11148,19.83,Clear,High,Morning,Scooter,16,14.0,69.9
11149,17.51,Clear,Medium,Evening,Bike,29,15.0,78.9
11150,19.06,Clear,Medium,Evening,Bike,19,12.0,72.1
11151,18.16,Clear,Medium,Night,Scooter,9,22.0,49.0
11152,17.75,Clear,High,Afternoon,Scooter,26,23.0,69.1
11153,18.28,Rainy,Medium,Morning,Bike,11,19.0,66.8
11154,17.7,Windy,Low,Morning,Car,20,22.0,64.6
11155,17.27,Clear,High,Evening,Bike,12,24.0,62.5
11156,19.04,Windy,High,Evening,Scooter,26,23.0,85.1
11157,18.13,Clear,Low,Morning,Scooter,31,29.0,72.7
11158,19.74,Clear,Low,Night,Scooter,14,13.0,51.8
11159,16.03,Clear,Medium,Afternoon,Scooter,25,30.0,59.7
11160,19.08,Clear,Low,Night,Scooter,27,11.0,66.8
11161,16.63,Clear,Low,Evening,Scooter,23,10.0,59.5
11162,19.04,Snowy,Low,Afternoon,Car,23,21.0,67.4
11163,19.48,Rainy,Medium,Afternoon,Car,22,20.0,73.3
11164,19.14,Rainy,Medium,Evening,Car,10,21.0,68.0
11165,18.38,Rainy,Low,Morning,Scooter,15,30.0,66.2
11166,16.49,Clear,Low,Morning,Scooter,15,18.0,51.7
11167,19.84,Rainy,High,Morning,Bike,13,27.0,69.5
11168,17.31,Clear,Low,Afternoon,Scooter,17,24.0,50.4
11169,16.11,Clear,High,Afternoon,Bike,14,11.0,58.4
11170,16.01,Clear,Low,Night,Bike,18,18.0,52.6
11171,18.95,Clear,Low,Evening,Car,17,12.0,55.6
11172,19.33,Rainy,Low,Morning,Scooter,7,27.0,55.6
11173,19.21,Clear,Medium,Evening,Bike,11,17.0,66.5
11174,18.24,Clear,Medium,Morning,Scooter,19,26.0,64.4
11175,18.53,Windy,High,Afternoon,Bike,31,11.0,86.0
11176,19.63,Windy,Medium,Morning,Car,19,17.0,70.6
11177,18.65,Rainy,Low,Morning,Bike,29,26.0,77.9
11178,17.4,Rainy,Medium,Evening,Scooter,33,28.0,83.3
11179,19.8,Foggy,Low,Afternoon,Scooter,21,10.0,61.4
11180,19.86,Clear,Medium,Evening,Scooter,19,20.0,70.6
11181,18.51,Clear,Low,Morning,Bike,19,28.0,64.4
11182,18.26,Clear,Low,Afternoon,Scooter,13,19.0,55.4
11183,19.75,Clear,Medium,Morning,Scooter,12,16.0,56.5
11184,19.11,Windy,Low,Evening,Bike,14,25.0,66.0
11185,16.47,Foggy,High,Evening,Bike,15,26.0,67.0
11186,19.83,Windy,Low,Morning,Scooter,14,30.0,57.6
11187,18.9,Foggy,High,Evening,Bike,13,29.0,69.1
11188,18.96,Rainy,Low,Morning,Bike,23,10.0,75.9
11189,17.6,Foggy,Low,Morning,Bike,16,27.0,64.5
11190,16.03,Rainy,Low,Evening,Bike,19,13.0,64.3
11191,17.09,Clear,High,Morning,Car,16,27.0,57.0
11192,17.32,Clear,Low,Morning,Car,17,26.0,51.5
11193,17.82,Rainy,Low,Afternoon,Scooter,16,14.0,58.6
11194,18.81,Clear,High,Afternoon,Bike,19,19.0,69.6
11195,17.8,Rainy,High,Afternoon,Bike,13,26.0,71.1
11196,17.49,Clear,Low,Afternoon,Bike,32,28.0,73.7
11197,16.99,Rainy,Medium,Evening,Scooter,20,28.0,68.7
11198,19.07,Clear,Low,Evening,Scooter,21,17.0,59.7
11199,19.15,Clear,Low,Evening,Car,15,11.0,54.9
11200,17.45,Rainy,Medium,Afternoon,Bike,26,30.0,82.8
11201,16.87,Clear,Low,Evening,Bike,16,28.0,58.6
11202,16.88,Windy,Low,Night,Scooter,25,14.0,56.6
11203,18.65,Clear,Medium,Afternoon,Bike,13,22.0,64.1
11204,19.09,Clear,Low,Morning,Bike,25,29.0,69.8
11205,19.14,Clear,Medium,Afternoon,Bike,30,16.0,77.4
11206,19.48,Snowy,Low,Morning,Bike,13,26.0,66.0
11207,19.02,Rainy,Medium,Night,Bike,8,20.0,63.3
11208,17.94,Clear,High,Evening,Bike,25,30.0,74.6
11209,17.07,Clear,Medium,Afternoon,Car,19,18.0,53.2
11210,17.5,Foggy,High,Afternoon,Car,14,13.0,65.3
11211,17.13,Windy,Low,Morning,Bike,18,29.0,63.1
11212,16.4,Clear,Medium,Afternoon,Bike,32,17.0,71.8
11213,16.58,Clear,High,Morning,Car,29,15.0,74.9
11214,16.05,Clear,Low,Evening,Car,15,14.0,50.4
11215,16.79,Clear,Low,Morning,Car,21,18.0,57.1
11216,19.34,Foggy,High,Afternoon,Bike,18,27.0,79.5
11217,18.15,Windy,High,Afternoon,Car,14,17.0,59.4
11218,17.56,Windy,Low,Morning,Scooter,12,15.0,51.5
11219,16.95,Foggy,High,Afternoon,Bike,11,19.0,71.1
11220,18.36,Clear,Medium,Afternoon,Bike,8,21.0,53.2
11221,19.89,Windy,Medium,Morning,Car,20,27.0,69.4
11222,17.39,Clear,Medium,Night,Car,14,14.0,52.6
11223,19.39,Clear,Medium,Morning,Bike,19,16.0,72.3
11224,19.76,Rainy,Low,Afternoon,Scooter,23,24.0,66.5
11225,19.15,Clear,Medium,Evening,Bike,6,19.0,50.7
11226,18.37,Snowy,Low,Night,Scooter,17,25.0,62.4
11227,17.21,Windy,Medium,Evening,Bike,14,19.0,64.8
11228,16.13,Foggy,Medium,Evening,Bike,20,12.0,65.2
11229,18.95,Foggy,Low,Afternoon,Bike,12,28.0,59.5
11230,19.82,Clear,Medium,Afternoon,Bike,19,24.0,69.6
11231,18.76,Clear,Low,Evening,Car,19,12.0,61.2
11232,16.14,Foggy,Low,Afternoon,Car,20,13.0,51.2
11233,16.56,Rainy,Low,Afternoon,Bike,11,17.0,55.5
11234,17.57,Windy,High,Morning,Bike,31,30.0,89.0
11235,19.96,Clear,High,Morning,Bike,17,16.0,81.3
11236,16.34,Clear,Medium,Morning,Bike,17,28.0,65.5
11237,17.27,Clear,Low,Morning,Scooter,22,20.0,63.2
11238,18.21,Rainy,Medium,Afternoon,Bike,28,14.0,81.5
11239,16.45,Foggy,Low,Evening,Bike,21,12.0,64.8
11240,16.47,Windy,Low,Evening,Car,21,17.0,62.0
11241,16.27,Clear,Low,Morning,Scooter,21,14.0,53.0
11242,18.01,Rainy,High,Afternoon,Bike,21,22.0,84.2
11243,17.15,Clear,Low,Morning,Scooter,18,30.0,58.1
11244,16.16,Clear,Low,Morning,Bike,18,26.0,56.5
11245,18.01,Clear,Low,Afternoon,Scooter,17,16.0,47.9
11246,18.92,Rainy,Medium,Morning,Bike,23,29.0,81.4
11247,18.68,Clear,Medium,Afternoon,Bike,17,30.0,62.2
11248,18.74,Clear,Low,Evening,Bike,11,18.0,51.5
11249,18.2,Rainy,Low,Afternoon,Car,17,20.0,56.3
11250,19.12,Snowy,Medium,Morning,Scooter,20,20.0,80.8
11251,16.25,Clear,Low,Evening,Scooter,19,18.0,54.7
11252,16.76,Clear,Medium,Evening,Car,20,13.0,60.1
11253,18.81,Foggy,Low,Afternoon,Car,16,28.0,51.7
11254,17.34,Foggy,Medium,Afternoon,Car,12,17.0,54.6
11255,16.96,Snowy,Medium,Morning,Bike,22,11.0,84.0
11256,16.11,Clear,Medium,Afternoon,Bike,8,30.0,49.6
11257,19.47,Rainy,Medium,Morning,Scooter,14,12.0,68.7
11258,19.35,Snowy,Low,Afternoon,Car,29,29.0,77.8
11259,16.24,Clear,High,Night,Scooter,16,12.0,63.5
11260,17.22,Clear,Medium,Morning,Car,15,18.0,61.0
11261,16.86,Windy,Low,Morning,Scooter,11,20.0,52.1
11262,16.83,Clear,Low,Afternoon,Bike,14,14.0,46.1
11263,17.03,Foggy,Low,Afternoon,Car,15,22.0,54.4
11264,17.19,Snowy,Medium,Afternoon,Car,14,22.0,60.6
11265,18.83,Clear,Medium,Evening,Scooter,14,28.0,59.8
11266,19.88,Foggy,High,Afternoon,Scooter,29,18.0,82.8
11267,16.18,Clear,High,Morning,Bike,19,28.0,72.2
11268,17.29,Snowy,Low,Night,Scooter,9,25.0,55.9
11269,18.67,Windy,Low,Afternoon,Bike,29,26.0,71.1
11270,17.22,Snowy,Medium,Afternoon,Scooter,24,23.0,75.8
11271,16.76,Clear,Medium,Afternoon,Scooter,10,13.0,52.2
11272,16.67,Foggy,Medium,Night,Bike,13,23.0,61.8
11273,18.39,Windy,Low,Morning,Bike,13,25.0,60.5
11274,16.6,Rainy,Medium,Afternoon,Bike,21,17.0,70.1
11275,16.39,Rainy,Medium,Morning,Scooter,20,23.0,67.1
11276,19.0,Clear,Medium,Evening,Bike,23,22.0,77.1
11277,17.38,Snowy,Medium,Evening,Bike,18,23.0,79.7
11278,19.58,Clear,Low,Morning,Bike,15,24.0,62.5
11279,17.99,Clear,Low,Evening,Bike,14,24.0,56.2
11280,16.53,Windy,Low,Evening,Scooter,21,23.0,61.8
11281,16.77,Windy,Low,Morning,Scooter,16,16.0,53.2
11282,19.53,Windy,Low,Evening,Scooter,16,24.0,65.7
11283,16.5,Clear,Low,Evening,Bike,13,13.0,56.7
11284,17.26,Clear,Medium,Afternoon,Scooter,24,28.0,65.5
11285,17.21,Rainy,Medium,Evening,Bike,20,26.0,73.6
11286,19.95,Clear,High,Afternoon,Scooter,13,15.0,64.3
11287,19.9,Snowy,Low,Afternoon,Bike,16,11.0,64.6
11288,18.77,Rainy,Low,Afternoon,Scooter,22,13.0,64.0
11289,16.94,Clear,Medium,Morning,Car,21,24.0,64.5
11290,16.72,Clear,Medium,Evening,Car,17,10.0,55.5
11291,16.24,Clear,Medium,Evening,Car,21,12.0,67.9
11292,16.25,Snowy,High,Morning,Bike,20,24.0,80.3
11293,19.76,Foggy,Low,Afternoon,Scooter,10,20.0,51.7
11294,18.41,Clear,Medium,Morning,Bike,19,17.0,70.5
11295,16.79,Clear,Medium,Night,Scooter,9,15.0,49.1
11296,19.13,Clear,Medium,Morning,Scooter,24,20.0,76.2
11297,16.31,Clear,Medium,Afternoon,Scooter,25,16.0,62.1
11298,18.09,Windy,Low,Morning,Car,9,11.0,47.1
11299,16.78,Rainy,Medium,Afternoon,Car,15,19.0,57.2
11300,17.79,Clear,High,Afternoon,Bike,24,29.0,78.7
11301,16.92,Foggy,Low,Morning,Car,21,20.0,66.1
11302,16.55,Clear,High,Morning,Car,16,22.0,60.6
11303,19.71,Clear,High,Evening,Scooter,14,16.0,68.9
11304,19.68,Rainy,High,Morning,Bike,14,12.0,84.4
11305,17.97,Clear,High,Morning,Bike,11,25.0,68.7
11306,19.14,Clear,Medium,Night,Bike,34,18.0,80.3
11307,16.81,Snowy,Medium,Afternoon,Bike,21,11.0,70.4
11308,17.59,Windy,Medium,Morning,Bike,19,16.0,68.7
11309,16.9,Clear,Low,Evening,Bike,32,10.0,75.6
11310,16.34,Rainy,Low,Morning,Scooter,16,28.0,54.4
11311,17.7,Clear,Medium,Afternoon,Scooter,26,30.0,67.5
11312,18.98,Rainy,High,Morning,Bike,27,28.0,89.0
11313,18.98,Clear,Low,Evening,Car,11,27.0,48.5
11314,17.77,Rainy,Low,Morning,Bike,33,26.0,81.6
11315,17.79,Clear,Low,Night,Bike,23,19.0,64.7
11316,18.41,Windy,Medium,Morning,Bike,15,18.0,70.0
11317,19.73,Snowy,Low,Afternoon,Scooter,16,11.0,68.4
11318,16.6,Clear,Medium,Evening,Bike,10,29.0,54.0
11319,17.62,Foggy,Low,Afternoon,Scooter,24,10.0,58.6
11320,19.62,Clear,Medium,Morning,Bike,15,15.0,68.6
11321,18.19,Foggy,Medium,Afternoon,Bike,15,19.0,65.9
11322,19.17,Clear,Low,Night,Bike,18,23.0,58.6
11323,17.85,Clear,Low,Morning,Bike,18,30.0,55.2
11324,19.68,Rainy,Medium,Morning,Car,13,20.0,69.8
11325,19.56,Clear,High,Night,Scooter,7,27.0,49.1
11326,17.78,Rainy,Medium,Evening,Bike,22,19.0,80.2
11327,16.02,Rainy,High,Afternoon,Scooter,17,30.0,69.2
11328,18.26,Clear,Medium,Afternoon,Scooter,22,13.0,65.9
11329,16.82,Clear,Medium,Morning,Bike,16,18.0,62.7
11330,16.96,Rainy,High,Morning,Car,16,15.0,63.4
11331,17.72,Rainy,Low,Evening,Bike,28,15.0,73.1
11332,17.8,Clear,Low,Evening,Bike,14,27.0,54.6
11333,19.44,Clear,Low,Evening,Scooter,16,24.0,64.2
11334,16.13,Rainy,Low,Afternoon,Car,15,24.0,54.3
11335,17.18,Rainy,Low,Evening,Bike,13,11.0,61.2
11336,18.53,Snowy,Medium,Afternoon,Bike,13,29.0,67.8
11337,18.49,Clear,Low,Morning,Scooter,29,29.0,70.0
11338,17.27,Rainy,High,Evening,Scooter,10,24.0,69.4
11339,16.71,Rainy,High,Morning,Bike,22,18.0,82.6
11340,17.11,Clear,Low,Morning,Car,11,11.0,42.4
11341,19.57,Clear,Low,Evening,Bike,12,19.0,63.3
11342,17.05,Clear,Low,Afternoon,Scooter,22,12.0,56.9
11343,17.97,Snowy,Medium,Evening,Car,20,23.0,71.9
11344,19.77,Clear,High,Morning,Bike,15,25.0,75.5
11345,16.47,Rainy,Low,Afternoon,Bike,14,11.0,60.8
11346,19.48,Rainy,Low,Afternoon,Bike,16,15.0,66.9
11347,18.97,Clear,Low,Evening,Scooter,26,23.0,69.0
11348,17.94,Snowy,Medium,Morning,Scooter,22,15.0,82.0
11349,19.8,Foggy,High,Morning,Scooter,27,27.0,85.6
11350,16.3,Clear,High,Morning,Bike,14,18.0,62.9
11351,19.42,Foggy,Medium,Evening,Bike,17,24.0,73.3
11352,16.79,Rainy,Medium,Morning,Bike,21,25.0,77.5
11353,17.42,Clear,Low,Afternoon,Bike,26,22.0,67.2
11354,16.49,Foggy,Medium,Afternoon,Scooter,20,23.0,63.8
11355,17.98,Rainy,High,Morning,Car,9,22.0,63.0
11356,16.68,Clear,Medium,Morning,Scooter,17,14.0,65.0
11357,17.02,Windy,Medium,Afternoon,Bike,26,16.0,69.0
11358,16.24,Rainy,Medium,Evening,Car,24,28.0,69.4
11359,17.22,Rainy,Low,Afternoon,Bike,30,17.0,72.8
11360,16.66,Clear,Low,Afternoon,Car,23,30.0,56.8
11361,18.74,Clear,High,Afternoon,Bike,12,22.0,64.7
11362,18.55,Clear,High,Afternoon,Bike,13,26.0,70.7
11363,18.66,Rainy,Low,Evening,Car,15,14.0,63.5
11364,18.7,Rainy,Medium,Night,Bike,11,14.0,62.3
11365,16.41,Foggy,Medium,Afternoon,Car,21,18.0,61.2
11366,16.86,Clear,High,Morning,Scooter,15,26.0,62.5
11367,18.95,Foggy,Medium,Evening,Bike,13,24.0,73.8
11368,17.93,Snowy,High,Morning,Bike,13,20.0,81.0
11369,18.52,Foggy,High,Evening,Bike,29,13.0,86.0
11370,16.23,Foggy,Low,Morning,Scooter,23,10.0,65.3
11371,17.55,Snowy,Low,Afternoon,Bike,15,12.0,63.4
11372,17.75,Clear,High,Evening,Bike,24,24.0,75.2
11373,18.77,Foggy,Low,Evening,Bike,28,30.0,75.8
11374,19.65,Windy,Low,Afternoon,Scooter,23,30.0,64.6
11375,18.3,Rainy,Low,Morning,Bike,16,26.0,60.6
11376,19.04,Clear,Low,Evening,Bike,12,19.0,58.6
11377,18.57,Windy,Medium,Evening,Bike,24,25.0,78.1
11378,19.64,Clear,High,Evening,Car,9,11.0,61.4
11379,19.24,Clear,Low,Night,Scooter,14,17.0,52.4
11380,16.99,Clear,Low,Evening,Bike,10,14.0,50.7
11381,16.89,Clear,Medium,Evening,Scooter,14,30.0,53.8
11382,19.65,Clear,High,Night,Bike,15,21.0,68.3
11383,18.39,Rainy,Low,Afternoon,Scooter,15,29.0,56.1
11384,17.8,Windy,Low,Evening,Bike,12,26.0,60.0
11385,18.8,Clear,Medium,Evening,Bike,20,25.0,68.2
11386,17.13,Rainy,High,Afternoon,Car,30,13.0,79.0
11387,19.23,Snowy,Low,Evening,Bike,11,11.0,67.4
11388,18.11,Snowy,Low,Morning,Scooter,22,14.0,67.3
11389,19.48,Clear,Medium,Evening,Bike,12,27.0,63.5
11390,18.57,Clear,Medium,Morning,Bike,20,29.0,70.9
11391,17.04,Rainy,Medium,Evening,Scooter,12,24.0,63.0
11392,19.86,Snowy,Medium,Night,Bike,27,28.0,87.7
11393,17.61,Rainy,Low,Night,Bike,8,11.0,51.4
11394,19.06,Clear,Low,Evening,Bike,13,29.0,55.6
11395,17.02,Foggy,Low,Afternoon,Bike,21,12.0,62.0
11396,17.67,Rainy,Low,Afternoon,Car,21,13.0,61.4
11397,18.95,Rainy,Low,Night,Scooter,17,27.0,60.8
11398,18.79,Snowy,Medium,Afternoon,Car,14,29.0,62.0
11399,19.76,Foggy,High,Afternoon,Car,20,13.0,81.1
11400,19.19,Rainy,Low,Morning,Bike,33,17.0,83.8
11401,17.3,Rainy,Low,Morning,Car,20,27.0,59.0
11402,19.45,Rainy,High,Morning,Car,12,20.0,69.7
11403,19.68,Rainy,Low,Afternoon,Bike,28,18.0,80.9
11404,19.82,Clear,Low,Night,Scooter,22,19.0,63.3
11405,19.6,Foggy,Low,Night,Bike,20,16.0,73.5
11406,18.78,Rainy,High,Afternoon,Bike,12,30.0,69.3
11407,19.18,Rainy,High,Afternoon,Bike,14,21.0,74.3
11408,18.59,Clear,Medium,Evening,Bike,17,15.0,70.9
11409,17.28,Foggy,Low,Evening,Bike,19,28.0,62.9
11410,19.26,Rainy,High,Afternoon,Scooter,15,30.0,75.9
11411,16.91,Clear,High,Morning,Bike,20,11.0,73.3
11412,17.73,Clear,Medium,Afternoon,Bike,12,30.0,54.6
11413,17.37,Clear,Low,Afternoon,Bike,25,30.0,58.1
11414,16.69,Windy,Low,Morning,Car,12,29.0,51.3
11415,19.2,Snowy,Medium,Afternoon,Scooter,30,12.0,88.7
11416,17.89,Rainy,Low,Evening,Bike,22,17.0,73.4
11417,18.11,Clear,Low,Afternoon,Car,23,28.0,58.0
11418,18.01,Foggy,Medium,Afternoon,Car,15,17.0,60.4
11419,18.76,Rainy,Medium,Morning,Car,15,19.0,70.0
11420,16.7,Windy,High,Afternoon,Car,24,14.0,73.4
11421,18.0,Clear,High,Morning,Bike,25,18.0,71.9
11422,17.04,Clear,High,Evening,Bike,19,19.0,71.5
11423,19.89,Rainy,High,Evening,Car,16,18.0,74.9
11424,16.24,Clear,High,Afternoon,Car,19,15.0,61.3
11425,19.71,Rainy,Low,Afternoon,Bike,22,11.0,71.2
11426,16.24,Foggy,Medium,Morning,Scooter,24,23.0,72.1
11427,16.44,Clear,High,Afternoon,Scooter,17,11.0,62.2
11428,19.63,Clear,Low,Afternoon,Bike,24,28.0,61.4
11429,18.59,Rainy,Medium,Night,Scooter,20,11.0,63.4
11430,17.3,Snowy,High,Morning,Bike,25,29.0,89.0
11431,18.35,Rainy,Medium,Morning,Bike,24,21.0,78.9
11432,16.66,Clear,High,Evening,Bike,16,19.0,73.8
11433,16.26,Rainy,Low,Afternoon,Bike,23,27.0,68.3
11434,16.2,Clear,Medium,Morning,Scooter,20,19.0,56.3
11435,17.08,Foggy,High,Evening,Bike,21,12.0,77.2
11436,16.72,Rainy,Low,Night,Bike,13,20.0,57.5
11437,17.61,Clear,Low,Evening,Bike,23,20.0,64.4
11438,19.51,Foggy,Low,Afternoon,Scooter,11,29.0,54.4
11439,17.51,Rainy,Medium,Night,Bike,13,20.0,61.2
11440,17.59,Clear,Medium,Evening,Bike,15,11.0,64.7
11441,16.48,Rainy,Medium,Morning,Scooter,23,17.0,72.3
11442,19.95,Windy,Medium,Morning,Scooter,16,16.0,71.2
11443,16.58,Foggy,Medium,Evening,Scooter,20,14.0,67.3
11444,17.35,Clear,Low,Morning,Scooter,28,14.0,64.3
11445,19.78,Foggy,Medium,Morning,Bike,22,11.0,80.9
11446,17.82,Clear,Low,Morning,Bike,25,26.0,69.3
11447,17.35,Rainy,Medium,Evening,Bike,11,18.0,66.2
11448,18.86,Rainy,Medium,Afternoon,Scooter,9,17.0,63.2
11449,16.13,Clear,High,Evening,Scooter,14,19.0,58.2
11450,17.28,Clear,High,Afternoon,Scooter,27,30.0,75.7
11451,18.32,Windy,High,Night,Car,22,24.0,67.6
11452,19.96,Clear,Medium,Afternoon,Bike,16,30.0,67.9
11453,19.87,Foggy,Low,Afternoon,Car,28,22.0,64.5
11454,18.5,Rainy,Medium,Morning,Scooter,21,28.0,73.8
11455,17.36,Rainy,Low,Evening,Scooter,24,29.0,72.1
11456,18.2,Clear,High,Morning,Scooter,10,20.0,60.8
11457,19.74,Clear,Medium,Evening,Bike,25,20.0,78.1
11458,18.67,Clear,High,Night,Bike,18,29.0,71.9
11459,16.6,Rainy,Low,Evening,Bike,10,25.0,50.5
11460,19.89,Windy,Medium,Morning,Bike,8,17.0,65.6
11461,19.61,Snowy,Medium,Afternoon,Bike,19,16.0,75.2
11462,16.87,Clear,High,Night,Bike,19,18.0,70.9
11463,18.63,Clear,Low,Afternoon,Bike,12,15.0,52.6
11464,19.51,Clear,Medium,Morning,Car,15,19.0,62.7
11465,16.88,Windy,Medium,Evening,Bike,16,24.0,62.5
11466,19.69,Clear,High,Evening,Car,7,24.0,62.6
11467,16.72,Clear,Medium,Afternoon,Scooter,31,10.0,69.6
11468,17.43,Rainy,High,Afternoon,Bike,25,11.0,77.7
11469,19.77,Rainy,Low,Afternoon,Bike,14,23.0,62.8
11470,19.79,Clear,Medium,Morning,Bike,25,21.0,80.4
11471,16.09,Rainy,Medium,Night,Bike,20,11.0,68.6
11472,19.47,Clear,Low,Morning,Bike,12,30.0,60.8
11473,18.77,Clear,Low,Morning,Car,24,30.0,62.0
11474,19.49,Clear,Medium,Afternoon,Bike,10,11.0,62.3
11475,17.85,Clear,Medium,Evening,Scooter,16,10.0,65.3
11476,19.93,Windy,High,Evening,Bike,23,11.0,80.4
11477,18.99,Rainy,Low,Evening,Scooter,27,23.0,77.4
11478,19.04,Foggy,Low,Morning,Car,14,29.0,63.3
11479,17.71,Clear,Medium,Morning,Bike,20,18.0,70.2
11480,17.57,Foggy,Low,Afternoon,Bike,25,27.0,68.4
11481,16.82,Windy,Low,Morning,Car,26,14.0,59.9
11482,16.23,Clear,Medium,Night,Car,6,10.0,40.6
11483,19.61,Windy,High,Afternoon,Scooter,10,20.0,62.5
11484,18.36,Rainy,High,Afternoon,Scooter,13,19.0,70.9
11485,18.23,Foggy,Medium,Afternoon,Bike,7,30.0,60.9
11486,17.35,Clear,High,Afternoon,Scooter,27,16.0,72.5
11487,18.96,Rainy,Low,Evening,Bike,9,19.0,58.7
11488,17.63,Rainy,Low,Night,Scooter,28,13.0,63.2
11489,19.24,Windy,Medium,Evening,Car,15,18.0,65.9
11490,16.32,Windy,High,Morning,Bike,10,11.0,66.3
11491,16.99,Clear,Low,Evening,Scooter,16,17.0,47.0
11492,17.13,Windy,High,Morning,Scooter,22,15.0,76.1
11493,16.09,Snowy,Medium,Afternoon,Bike,11,17.0,64.9
11494,18.65,Rainy,Medium,Night,Scooter,30,23.0,71.6
11495,18.81,Clear,High,Afternoon,Scooter,12,26.0,58.2
11496,17.65,Clear,Low,Morning,Bike,27,16.0,77.1
11497,19.18,Clear,Medium,Morning,Bike,7,28.0,59.3
11498,19.81,Clear,High,Evening,Bike,22,16.0,88.3
11499,18.95,Windy,Medium,Morning,Bike,17,11.0,72.3
11500,18.69,Clear,High,Evening,Bike,23,15.0,83.3
11501,17.8,Rainy,High,Afternoon,Scooter,21,15.0,74.2
11502,18.21,Rainy,Medium,Afternoon,Bike,13,12.0,64.0
11503,17.15,Rainy,Low,Evening,Scooter,9,23.0,48.9
11504,16.98,Clear,High,Evening,Bike,16,22.0,70.9
11505,16.1,Rainy,High,Morning,Car,19,16.0,68.8
11506,17.92,Rainy,Low,Afternoon,Bike,26,25.0,69.5
11507,16.9,Rainy,Low,Evening,Scooter,13,14.0,52.5
11508,17.87,Clear,Low,Morning,Bike,15,30.0,58.4
11509,19.25,Foggy,Medium,Afternoon,Car,15,17.0,64.6
11510,17.47,Clear,Low,Evening,Scooter,22,14.0,59.7
11511,17.29,Rainy,Medium,Morning,Car,11,25.0,59.0
11512,17.79,Clear,Medium,Evening,Bike,18,13.0,71.7
11513,17.98,Clear,Low,Morning,Car,19,30.0,51.7
11514,17.09,Snowy,High,Afternoon,Bike,18,24.0,83.0
11515,18.4,Clear,Medium,Morning,Bike,18,14.0,64.4
11516,16.12,Windy,Medium,Afternoon,Scooter,17,16.0,57.1
11517,17.94,Snowy,Medium,Evening,Bike,32,30.0,89.0
11518,18.6,Clear,Medium,Morning,Scooter,17,20.0,66.8
11519,17.87,Clear,High,Morning,Bike,25,21.0,75.5
11520,19.91,Clear,Low,Night,Scooter,19,24.0,59.3
11521,16.62,Windy,Medium,Evening,Bike,20,15.0,67.7
11522,17.81,Rainy,High,Afternoon,Scooter,24,18.0,81.2
11523,17.17,Clear,Medium,Afternoon,Scooter,32,18.0,69.9
11524,19.61,Rainy,Low,Evening,Scooter,12,17.0,56.3
11525,16.72,Clear,High,Evening,Scooter,19,16.0,68.9
11526,18.09,Rainy,Low,Afternoon,Scooter,12,19.0,54.7
11527,17.7,Rainy,Medium,Afternoon,Scooter,9,26.0,62.3
11528,19.67,Clear,Low,Evening,Car,27,19.0,71.2
11529,18.23,Snowy,Low,Night,Bike,33,11.0,80.5
11530,17.86,Clear,Low,Evening,Bike,21,10.0,67.2
11531,18.35,Rainy,Medium,Afternoon,Scooter,16,10.0,65.7
11532,18.85,Rainy,High,Morning,Scooter,23,13.0,85.6
11533,16.13,Windy,Low,Evening,Car,32,25.0,66.2
11534,16.99,Rainy,Low,Morning,Car,28,22.0,69.2
11535,16.94,Windy,High,Afternoon,Car,26,17.0,74.2
11536,17.66,Clear,High,Morning,Scooter,18,10.0,71.0
11537,18.31,Snowy,Low,Afternoon,Scooter,13,16.0,53.0
11538,19.66,Clear,Medium,Morning,Bike,11,15.0,66.0
11539,18.26,Foggy,Medium,Morning,Bike,10,20.0,62.6
11540,16.73,Clear,Low,Evening,Scooter,15,19.0,52.5
11541,18.1,Windy,Medium,Afternoon,Scooter,8,13.0,47.9
11542,17.71,Windy,Low,Morning,Bike,21,19.0,69.6
11543,18.58,Clear,Low,Afternoon,Car,25,12.0,61.9
11544,18.55,Rainy,Low,Afternoon,Car,24,11.0,63.3
11545,18.64,Rainy,Medium,Night,Bike,10,29.0,65.2
11546,19.99,Clear,High,Afternoon,Bike,13,28.0,68.9
11547,16.11,Rainy,Low,Afternoon,Car,31,30.0,69.3
11548,19.05,Foggy,Low,Evening,Bike,34,11.0,80.8
11549,19.42,Rainy,Low,Morning,Bike,31,24.0,81.1
11550,16.98,Clear,Medium,Evening,Scooter,28,28.0,69.2
11551,19.03,Windy,Low,Afternoon,Car,12,18.0,50.7
11552,16.42,Clear,Medium,Morning,Scooter,24,30.0,71.0
11553,18.17,Rainy,Low,Morning,Scooter,13,30.0,60.5
11554,17.29,Clear,Medium,Evening,Car,14,13.0,58.9
11555,16.91,Clear,Medium,Afternoon,Scooter,18,28.0,54.6
11556,18.59,Clear,Medium,Morning,Scooter,24,11.0,69.2
11557,17.61,Clear,Medium,Afternoon,Bike,17,13.0,59.7
11558,16.66,Rainy,High,Evening,Bike,13,12.0,72.1
11559,18.43,Rainy,High,Evening,Bike,28,30.0,89.0
11560,18.03,Rainy,Medium,Night,Bike,14,27.0,65.7
11561,16.17,Rainy,Medium,Evening,Bike,23,15.0,74.7
11562,19.28,Clear,Low,Evening,Bike,23,30.0,71.2
11563,19.95,Clear,Medium,Night,Bike,10,12.0,58.4
11564,17.37,Rainy,Low,Morning,Scooter,17,22.0,59.9
11565,19.95,Rainy,Medium,Morning,Bike,11,28.0,70.9
11566,19.98,Rainy,Low,Night,Bike,22,29.0,78.4
11567,17.86,Clear,High,Evening,Scooter,23,14.0,76.9
11568,19.68,Snowy,Medium,Night,Car,15,26.0,74.0
11569,19.13,Clear,High,Afternoon,Scooter,21,24.0,67.2
11570,19.34,Rainy,High,Evening,Bike,16,21.0,82.7
11571,16.49,Clear,High,Evening,Scooter,19,26.0,66.2
11572,19.12,Rainy,Low,Evening,Scooter,21,29.0,69.1
11573,16.95,Clear,High,Morning,Bike,25,13.0,73.7
11574,18.99,Foggy,Low,Evening,Bike,18,19.0,72.7
11575,16.94,Clear,High,Afternoon,Bike,22,14.0,66.4
11576,19.14,Rainy,Medium,Night,Bike,14,18.0,71.8
11577,19.58,Clear,Low,Night,Bike,17,17.0,58.9
11578,18.01,Rainy,Low,Night,Bike,10,25.0,53.9
11579,17.73,Clear,Medium,Morning,Bike,17,22.0,63.1
11580,16.58,Clear,Medium,Evening,Scooter,16,25.0,58.6
11581,16.94,Foggy,Medium,Morning,Scooter,28,24.0,75.2
11582,19.97,Clear,Low,Evening,Car,14,17.0,55.9
11583,18.92,Clear,Medium,Night,Bike,33,23.0,74.7
11584,19.08,Snowy,Medium,Afternoon,Scooter,13,19.0,60.8
11585,19.26,Snowy,Medium,Afternoon,Bike,19,21.0,71.9
11586,18.33,Snowy,Low,Evening,Scooter,15,14.0,67.7
11587,17.76,Clear,Medium,Evening,Scooter,27,15.0,76.4
11588,17.39,Rainy,Medium,Morning,Scooter,17,12.0,67.5
11589,16.11,Foggy,Medium,Evening,Scooter,14,13.0,62.7
11590,19.24,Clear,Low,Morning,Scooter,12,17.0,55.4
11591,19.46,Foggy,Medium,Afternoon,Scooter,23,13.0,76.3
11592,17.37,Clear,High,Evening,Bike,27,20.0,84.8
11593,18.06,Windy,Medium,Afternoon,Bike,23,25.0,68.0
11594,18.31,Rainy,Medium,Afternoon,Car,18,13.0,65.9
11595,18.63,Rainy,Low,Morning,Scooter,28,14.0,78.6
11596,18.6,Rainy,High,Afternoon,Bike,18,13.0,80.5
11597,16.79,Clear,Low,Afternoon,Car,13,27.0,46.2
11598,18.75,Clear,Medium,Night,Car,13,12.0,54.2
11599,19.01,Foggy,Low,Morning,Scooter,20,29.0,68.9
11600,16.07,Rainy,Low,Afternoon,Scooter,24,28.0,58.1
11601,18.47,Rainy,Low,Evening,Bike,22,18.0,69.5
11602,17.67,Clear,High,Morning,Scooter,11,24.0,66.4
11603,19.54,Rainy,High,Morning,Car,17,13.0,80.3
11604,19.77,Clear,Low,Evening,Bike,9,13.0,61.2
11605,18.33,Clear,Medium,Evening,Bike,28,23.0,77.9
11606,17.6,Windy,Low,Afternoon,Car,11,23.0,43.8
11607,19.75,Rainy,High,Morning,Bike,28,16.0,89.0
11608,17.08,Rainy,High,Morning,Car,15,20.0,75.4
11609,17.97,Windy,Medium,Afternoon,Bike,19,21.0,65.0
11610,17.41,Clear,Medium,Morning,Bike,22,21.0,69.8
11611,16.61,Windy,Medium,Morning,Car,25,15.0,72.2
11612,19.58,Foggy,High,Morning,Bike,22,27.0,86.3
11613,17.0,Rainy,Low,Evening,Scooter,18,22.0,61.2
11614,19.18,Clear,Medium,Evening,Bike,14,19.0,68.5
11615,19.01,Clear,Medium,Afternoon,Scooter,13,20.0,55.4
11616,18.67,Clear,Medium,Afternoon,Bike,21,16.0,69.5
11617,16.44,Clear,High,Morning,Scooter,16,17.0,56.9
11618,17.6,Clear,Low,Morning,Car,22,26.0,53.5
11619,19.71,Rainy,Medium,Afternoon,Bike,24,12.0,79.7
11620,17.46,Foggy,Low,Morning,Bike,14,13.0,65.4
11621,16.08,Clear,Low,Morning,Scooter,8,13.0,42.9
11622,18.9,Foggy,Low,Morning,Car,18,29.0,62.4
11623,18.75,Windy,High,Afternoon,Bike,15,27.0,72.0
11624,18.32,Foggy,Medium,Afternoon,Car,11,29.0,55.1
11625,17.45,Foggy,Medium,Evening,Car,17,16.0,59.6
11626,17.29,Foggy,Medium,Morning,Scooter,16,17.0,67.1
11627,16.92,Clear,Low,Afternoon,Bike,13,15.0,51.0
11628,18.37,Clear,High,Morning,Scooter,15,26.0,68.4
11629,19.98,Windy,Medium,Evening,Scooter,9,25.0,58.6
11630,19.13,Rainy,Low,Afternoon,Scooter,30,29.0,79.7
11631,18.62,Foggy,Low,Morning,Bike,22,15.0,70.7
11632,18.28,Windy,High,Evening,Scooter,12,29.0,71.5
11633,18.82,Clear,Low,Afternoon,Car,19,29.0,48.1
11634,18.01,Clear,Medium,Afternoon,Bike,21,12.0,65.3
11635,19.39,Rainy,Low,Evening,Scooter,18,17.0,72.2
11636,18.33,Clear,High,Evening,Bike,20,13.0,75.9
11637,16.99,Rainy,Low,Evening,Bike,26,30.0,67.0
11638,18.25,Snowy,High,Evening,Bike,27,20.0,89.0
11639,16.98,Rainy,Medium,Evening,Bike,8,10.0,63.2
11640,18.14,Clear,Low,Morning,Scooter,18,21.0,62.2
11641,19.22,Foggy,Medium,Morning,Scooter,17,13.0,69.4
11642,18.91,Clear,Low,Evening,Bike,9,17.0,57.9
11643,17.08,Snowy,Medium,Evening,Bike,28,22.0,86.8
11644,18.92,Clear,Medium,Evening,Car,33,11.0,77.4
11645,16.5,Snowy,Medium,Afternoon,Bike,22,29.0,76.7
11646,18.58,Rainy,Low,Night,Car,14,19.0,58.8
11647,17.26,Clear,High,Evening,Scooter,9,23.0,58.1
11648,18.47,Rainy,Medium,Afternoon,Car,14,15.0,59.5
11649,19.45,Clear,Low,Morning,Scooter,20,26.0,57.9
11650,16.54,Clear,Medium,Afternoon,Car,14,19.0,51.6
11651,18.79,Snowy,Low,Evening,Scooter,23,20.0,72.6
11652,18.73,Foggy,Medium,Afternoon,Bike,32,15.0,85.8
11653,19.03,Clear,Low,Night,Scooter,13,13.0,51.7
11654,19.88,Rainy,High,Morning,Bike,33,19.0,89.0
11655,17.93,Snowy,Low,Night,Scooter,18,16.0,63.0
11656,16.55,Snowy,Low,Afternoon,Bike,16,22.0,58.6
11657,18.78,Clear,Low,Afternoon,Scooter,13,22.0,51.7
11658,18.18,Clear,Medium,Evening,Scooter,10,17.0,58.5
11659,19.25,Windy,Medium,Evening,Car,23,12.0,79.3
11660,19.17,Clear,Medium,Afternoon,Bike,21,14.0,67.4
11661,18.93,Clear,Low,Morning,Car,23,15.0,59.5
11662,17.59,Foggy,High,Evening,Car,13,18.0,63.2
11663,17.9,Clear,Low,Morning,Bike,23,25.0,66.2
11664,19.66,Snowy,Low,Morning,Bike,20,15.0,79.7
11665,17.74,Clear,Medium,Afternoon,Bike,16,25.0,63.7
11666,18.35,Foggy,Medium,Afternoon,Bike,12,11.0,68.1
11667,18.73,Windy,High,Afternoon,Scooter,21,23.0,74.4
11668,16.46,Windy,Medium,Afternoon,Bike,28,23.0,69.6
11669,19.08,Windy,Low,Afternoon,Bike,24,26.0,69.7
11670,16.06,Snowy,Medium,Night,Scooter,32,23.0,73.0
11671,19.93,Clear,Medium,Evening,Bike,12,16.0,64.8
11672,18.27,Windy,Medium,Afternoon,Car,20,16.0,61.9
11673,16.67,Windy,High,Afternoon,Bike,15,26.0,68.1
11674,19.14,Rainy,Medium,Afternoon,Scooter,15,30.0,67.4
11675,19.38,Clear,Low,Afternoon,Car,15,20.0,49.4
11676,16.82,Clear,Medium,Evening,Bike,21,26.0,65.9
11677,16.17,Rainy,Low,Evening,Bike,24,30.0,70.8
11678,18.1,Foggy,Low,Afternoon,Car,19,28.0,59.2
11679,18.56,Clear,Low,Afternoon,Bike,22,10.0,65.0
11680,16.67,Clear,Medium,Evening,Car,15,19.0,54.2
11681,18.25,Rainy,Medium,Morning,Car,18,22.0,69.0
11682,18.11,Clear,High,Morning,Bike,12,20.0,64.7
11683,19.45,Windy,Low,Evening,Scooter,9,22.0,51.7
11684,19.26,Clear,Medium,Morning,Scooter,17,24.0,59.6
11685,16.53,Clear,Low,Evening,Car,31,14.0,63.5
11686,18.83,Clear,Medium,Morning,Scooter,28,22.0,79.3
11687,18.01,Snowy,Low,Morning,Scooter,27,24.0,80.9
11688,17.87,Snowy,Low,Afternoon,Bike,15,24.0,66.0
11689,16.65,Clear,Medium,Evening,Scooter,23,22.0,68.6
11690,18.99,Clear,Low,Afternoon,Scooter,29,19.0,69.2
11691,19.47,Clear,Low,Morning,Car,9,17.0,50.4
11692,16.82,Clear,High,Morning,Bike,17,12.0,62.7
11693,16.12,Foggy,Low,Morning,Bike,16,25.0,67.3
11694,18.44,Clear,Low,Morning,Car,25,27.0,62.9
11695,19.93,Rainy,Low,Morning,Scooter,19,30.0,69.2
11696,18.72,Clear,Medium,Evening,Bike,34,18.0,89.0
11697,17.01,Clear,Low,Morning,Scooter,9,14.0,46.9
11698,19.49,Clear,Medium,Afternoon,Car,15,22.0,65.4
11699,18.15,Clear,Medium,Evening,Car,19,22.0,60.4
11700,18.04,Clear,Low,Morning,Bike,13,17.0,59.8
11701,16.23,Clear,Medium,Afternoon,Scooter,31,17.0,68.0
11702,16.24,Clear,Low,Evening,Bike,21,20.0,61.0
11703,18.32,Windy,Low,Evening,Bike,20,18.0,64.7
11704,19.23,Clear,Medium,Evening,Scooter,11,23.0,57.4
11705,19.01,Clear,Medium,Afternoon,Bike,24,25.0,75.7
11706,19.76,Clear,Low,Evening,Bike,31,22.0,80.0
11707,18.01,Foggy,Low,Night,Bike,24,24.0,69.9
11708,18.48,Windy,High,Evening,Bike,19,12.0,73.8
11709,18.51,Foggy,Medium,Evening,Bike,21,16.0,71.9
11710,17.52,Rainy,High,Afternoon,Car,18,14.0,66.8
11711,16.01,Snowy,Medium,Afternoon,Bike,8,26.0,58.0
11712,19.36,Clear,Medium,Night,Scooter,26,13.0,70.3
11713,16.27,Snowy,Low,Afternoon,Bike,13,28.0,59.7
11714,19.84,Foggy,Medium,Evening,Car,15,22.0,70.7
11715,19.38,Clear,Medium,Afternoon,Scooter,28,13.0,77.0
11716,16.42,Rainy,Medium,Evening,Car,23,18.0,70.7
11717,16.49,Clear,High,Morning,Bike,19,11.0,68.7
11718,18.95,Clear,High,Evening,Scooter,14,15.0,69.9
11719,18.17,Snowy,High,Morning,Bike,25,22.0,89.0
11720,18.6,Clear,Medium,Afternoon,Bike,18,10.0,66.3
11721,17.16,Foggy,Low,Afternoon,Scooter,18,20.0,60.4
11722,19.53,Windy,High,Night,Scooter,13,26.0,65.8
11723,18.17,Clear,Medium,Morning,Bike,17,15.0,71.3
11724,18.26,Clear,Medium,Evening,Scooter,15,11.0,56.9
11725,19.96,Rainy,Medium,Evening,Scooter,14,23.0,73.1
11726,19.09,Snowy,Low,Evening,Bike,17,17.0,71.0
11727,18.76,Clear,Low,Morning,Scooter,25,18.0,66.9
11728,19.47,Clear,Medium,Evening,Scooter,15,19.0,64.8
11729,19.96,Rainy,Medium,Afternoon,Car,14,22.0,63.9
11730,19.25,Windy,Low,Morning,Scooter,27,19.0,70.4
11731,19.23,Clear,Low,Afternoon,Car,23,16.0,56.8
11732,16.77,Clear,Medium,Morning,Bike,19,12.0,66.8
11733,19.49,Windy,Medium,Evening,Car,21,30.0,72.8
11734,19.52,Clear,High,Afternoon,Car,10,24.0,64.4
11735,18.39,Clear,Low,Morning,Bike,22,23.0,65.7
11736,18.6,Rainy,Low,Morning,Scooter,27,14.0,70.3
11737,18.5,Clear,Low,Night,Car,17,10.0,53.1
11738,18.18,Clear,High,Morning,Bike,25,23.0,75.8
11739,16.73,Rainy,Medium,Evening,Scooter,19,28.0,73.6
11740,18.63,Rainy,Medium,Evening,Scooter,8,17.0,64.3
11741,17.52,Rainy,Medium,Afternoon,Car,7,12.0,49.5
11742,18.15,Clear,High,Evening,Bike,11,20.0,62.2
11743,19.6,Rainy,Medium,Afternoon,Bike,30,30.0,83.5
11744,16.44,Rainy,Medium,Night,Bike,30,19.0,80.8
11745,19.82,Snowy,Medium,Evening,Bike,9,17.0,70.3
11746,18.27,Foggy,Low,Evening,Bike,16,30.0,67.4
11747,19.8,Rainy,Low,Night,Scooter,29,15.0,78.4
11748,16.8,Snowy,Medium,Morning,Car,19,17.0,68.2
11749,16.22,Snowy,Medium,Night,Car,24,15.0,72.3
11750,18.48,Clear,Low,Night,Car,13,13.0,51.3
11751,18.11,Windy,Medium,Night,Car,11,28.0,55.5
11752,18.94,Snowy,Low,Morning,Bike,15,17.0,72.3
11753,18.41,Clear,Medium,Evening,Bike,21,26.0,69.8
11754,18.06,Clear,High,Afternoon,Bike,29,20.0,86.8
11755,19.61,Rainy,Low,Morning,Scooter,24,25.0,71.2
11756,17.29,Clear,Low,Evening,Car,16,11.0,50.7
11757,17.09,Foggy,Medium,Morning,Bike,16,21.0,71.4
11758,19.22,Rainy,Medium,Morning,Scooter,26,29.0,80.2
11759,17.41,Clear,Low,Afternoon,Scooter,18,30.0,51.4
11760,18.25,Clear,Low,Night,Bike,17,14.0,53.1
11761,18.46,Snowy,Low,Morning,Car,14,26.0,61.2
11762,17.18,Clear,Low,Morning,Bike,21,29.0,70.0
11763,17.42,Foggy,Low,Evening,Bike,12,25.0,58.2
11764,16.16,Clear,High,Morning,Car,16,18.0,65.4
11765,17.12,Clear,Low,Afternoon,Bike,23,12.0,59.2
11766,17.3,Rainy,High,Afternoon,Bike,21,21.0,74.9
11767,16.07,Clear,Medium,Evening,Scooter,11,10.0,50.0
11768,19.29,Rainy,Medium,Afternoon,Bike,15,24.0,72.6
11769,19.54,Rainy,Low,Morning,Scooter,16,18.0,59.4
11770,16.71,Clear,Medium,Morning,Bike,13,11.0,64.9
11771,18.42,Clear,Medium,Afternoon,Bike,13,24.0,61.0
11772,17.77,Foggy,Medium,Morning,Bike,18,18.0,71.0
11773,16.51,Foggy,Low,Morning,Car,15,20.0,51.9
11774,16.1,Rainy,Low,Afternoon,Bike,20,15.0,60.9
11775,18.65,Foggy,Medium,Morning,Car,20,19.0,73.5
11776,16.32,Clear,Medium,Evening,Bike,30,13.0,71.2
11777,19.56,Clear,Medium,Afternoon,Car,19,13.0,61.9
11778,19.16,Rainy,Medium,Morning,Car,25,24.0,81.5
11779,18.9,Rainy,Medium,Evening,Bike,28,27.0,80.5
11780,19.37,Snowy,Medium,Morning,Scooter,16,13.0,72.7
11781,16.43,Clear,High,Afternoon,Scooter,12,13.0,51.6
11782,18.51,Rainy,Low,Evening,Scooter,14,22.0,57.9
11783,16.83,Rainy,Medium,Afternoon,Car,21,21.0,65.7
11784,18.08,Clear,Medium,Morning,Bike,15,18.0,66.7
11785,17.43,Rainy,Medium,Afternoon,Car,11,30.0,55.1
11786,16.49,Rainy,Medium,Afternoon,Scooter,11,30.0,51.8
11787,18.94,Clear,Medium,Afternoon,Bike,15,23.0,60.1
11788,17.21,Clear,High,Afternoon,Scooter,12,29.0,59.1
11789,16.49,Clear,Low,Morning,Bike,28,19.0,68.2
11790,19.52,Windy,Low,Evening,Bike,6,10.0,52.4
11791,16.54,Clear,Medium,Evening,Bike,13,12.0,57.9
11792,16.82,Clear,Low,Morning,Car,28,27.0,65.3
11793,16.09,Clear,High,Evening,Bike,24,12.0,76.0
11794,18.07,Clear,Medium,Afternoon,Bike,28,13.0,70.6
11795,19.3,Clear,High,Evening,Car,26,24.0,79.2
11796,19.4,Rainy,Medium,Night,Car,16,19.0,64.0
11797,18.98,Clear,Low,Afternoon,Scooter,10,15.0,45.8
11798,17.89,Clear,Medium,Evening,Bike,25,27.0,74.8
11799,19.56,Clear,Low,Evening,Car,16,25.0,53.7
11800,19.07,Clear,Medium,Evening,Bike,11,16.0,61.6
11801,19.56,Clear,Low,Evening,Bike,23,14.0,73.2
11802,16.96,Rainy,Low,Morning,Car,8,25.0,57.7
11803,18.41,Rainy,Low,Evening,Bike,13,14.0,59.4
11804,16.09,Foggy,Low,Afternoon,Bike,21,15.0,58.8
11805,18.09,Clear,Medium,Evening,Scooter,13,28.0,62.2
11806,19.51,Snowy,Low,Morning,Bike,9,28.0,62.2
11807,18.95,Rainy,Medium,Morning,Bike,21,30.0,79.3
11808,19.1,Clear,Low,Evening,Car,15,19.0,60.4
11809,17.27,Clear,Medium,Morning,Car,28,25.0,67.8
11810,17.59,Foggy,Low,Afternoon,Car,9,14.0,45.9
11811,19.95,Clear,Medium,Afternoon,Bike,15,30.0,61.0
11812,17.07,Clear,High,Morning,Scooter,27,11.0,78.6
11813,16.34,Rainy,Low,Night,Car,10,27.0,41.6
11814,17.56,Clear,Medium,Afternoon,Bike,26,22.0,68.6
11815,19.07,Windy,Low,Morning,Bike,25,29.0,70.1
11816,18.09,Clear,Medium,Afternoon,Bike,11,24.0,55.8
11817,16.17,Clear,Medium,Afternoon,Bike,19,14.0,66.1
11818,18.66,Clear,Medium,Evening,Bike,11,24.0,63.2
11819,18.94,Clear,Low,Morning,Scooter,28,25.0,70.4
11820,18.41,Snowy,High,Afternoon,Scooter,32,20.0,89.0
11821,16.69,Snowy,High,Morning,Bike,15,22.0,77.6
11822,16.76,Windy,Medium,Evening,Scooter,30,18.0,79.7
11823,17.63,Rainy,Medium,Afternoon,Bike,14,15.0,68.1
11824,17.43,Clear,High,Afternoon,Bike,20,22.0,66.4
11825,16.41,Clear,Medium,Afternoon,Car,14,20.0,53.0
11826,19.44,Clear,Low,Morning,Bike,8,10.0,55.5
11827,19.7,Windy,High,Evening,Scooter,15,25.0,74.7
11828,16.58,Rainy,Medium,Afternoon,Bike,17,15.0,60.4
11829,18.25,Clear,Medium,Afternoon,Bike,13,10.0,59.2
11830,17.72,Rainy,High,Afternoon,Car,18,15.0,69.6
11831,17.64,Foggy,Low,Morning,Bike,29,28.0,74.7
11832,18.32,Clear,High,Night,Bike,24,26.0,79.5
11833,17.82,Foggy,Low,Morning,Scooter,16,18.0,55.3
11834,17.81,Foggy,Medium,Evening,Scooter,16,19.0,75.3
11835,16.57,Snowy,High,Afternoon,Car,26,19.0,75.1
11836,18.84,Clear,Low,Evening,Car,19,10.0,59.9
11837,18.32,Clear,High,Afternoon,Bike,16,17.0,68.9
11838,16.22,Clear,Low,Evening,Bike,14,28.0,57.2
11839,17.5,Snowy,Low,Afternoon,Scooter,29,23.0,78.5
11840,16.87,Windy,Medium,Morning,Bike,17,18.0,65.8
11841,17.56,Rainy,Medium,Morning,Scooter,15,30.0,67.2
11842,16.48,Clear,High,Afternoon,Bike,27,11.0,74.0
11843,18.44,Clear,High,Afternoon,Car,21,28.0,64.7
11844,18.33,Rainy,Low,Night,Car,27,18.0,68.4
11845,18.37,Clear,High,Evening,Bike,14,20.0,70.3
11846,17.46,Rainy,Medium,Afternoon,Bike,31,29.0,82.4
11847,18.89,Snowy,High,Evening,Car,26,29.0,86.4
11848,19.37,Clear,Low,Evening,Bike,20,26.0,67.6
11849,17.67,Clear,Low,Morning,Bike,31,21.0,76.2
11850,17.73,Clear,Low,Morning,Bike,17,22.0,56.4
11851,19.59,Clear,Low,Morning,Bike,18,28.0,66.9
11852,18.42,Foggy,High,Morning,Bike,19,25.0,85.2
11853,18.04,Clear,Medium,Morning,Bike,24,16.0,69.9
11854,18.95,Clear,High,Afternoon,Bike,22,20.0,76.2
11855,17.24,Clear,Medium,Morning,Scooter,28,27.0,73.3
11856,16.13,Clear,Medium,Afternoon,Bike,17,26.0,60.8
11857,18.81,Rainy,Low,Afternoon,Car,19,16.0,64.1
11858,18.58,Rainy,Low,Evening,Scooter,16,27.0,67.5
11859,17.71,Rainy,High,Afternoon,Bike,24,21.0,82.4
11860,16.18,Rainy,Medium,Evening,Car,22,17.0,65.6
11861,19.76,Clear,Medium,Morning,Bike,30,20.0,82.4
11862,18.92,Rainy,Low,Afternoon,Bike,31,19.0,84.0
11863,17.54,Clear,High,Evening,Scooter,19,11.0,66.9
11864,16.8,Windy,High,Evening,Bike,8,14.0,65.5
11865,18.22,Clear,High,Afternoon,Bike,19,12.0,73.6
11866,16.09,Clear,Low,Afternoon,Car,20,24.0,51.2
11867,17.83,Clear,High,Evening,Car,9,18.0,61.0
11868,19.95,Foggy,Medium,Morning,Bike,12,12.0,70.8
11869,18.96,Clear,High,Afternoon,Bike,26,22.0,79.4
11870,19.94,Windy,Low,Night,Scooter,17,19.0,65.3
11871,17.58,Clear,Medium,Afternoon,Bike,28,24.0,78.6
11872,16.35,Snowy,Low,Afternoon,Bike,15,30.0,65.3
11873,19.86,Rainy,Low,Evening,Scooter,32,30.0,84.3
11874,19.46,Clear,Medium,Morning,Bike,21,19.0,72.1
11875,18.25,Clear,Medium,Afternoon,Bike,23,10.0,69.6
11876,16.92,Clear,Low,Afternoon,Scooter,20,11.0,52.8
11877,18.95,Snowy,High,Evening,Scooter,18,12.0,85.0
11878,16.08,Snowy,Low,Afternoon,Bike,22,10.0,68.5
11879,19.66,Clear,Medium,Evening,Car,13,23.0,62.0
11880,18.79,Clear,Low,Morning,Scooter,17,29.0,58.2
11881,16.7,Clear,Medium,Afternoon,Scooter,30,25.0,61.3
11882,16.66,Clear,Medium,Morning,Bike,27,24.0,77.6
11883,16.23,Rainy,Medium,Morning,Scooter,29,16.0,77.5
11884,19.08,Clear,Low,Morning,Scooter,24,24.0,68.9
11885,16.51,Clear,Medium,Evening,Scooter,24,20.0,65.3
11886,18.08,Snowy,Medium,Afternoon,Scooter,28,17.0,84.6
11887,17.43,Foggy,Medium,Morning,Bike,23,11.0,74.7
11888,18.2,Foggy,Low,Evening,Bike,10,20.0,58.8
11889,18.78,Clear,Medium,Afternoon,Car,19,18.0,60.4
11890,16.84,Windy,Medium,Afternoon,Bike,8,21.0,49.5
11891,16.8,Rainy,Low,Afternoon,Scooter,12,19.0,53.2
11892,17.35,Rainy,Low,Night,Car,21,26.0,62.7
11893,19.74,Clear,High,Afternoon,Bike,28,28.0,84.7
11894,17.78,Snowy,Low,Afternoon,Car,7,20.0,57.1
11895,17.03,Rainy,Low,Evening,Car,23,17.0,62.8
11896,18.08,Snowy,High,Morning,Scooter,17,16.0,73.6
11897,16.72,Rainy,Low,Evening,Scooter,25,28.0,65.2
11898,19.06,Foggy,Low,Afternoon,Car,20,21.0,61.2
11899,17.28,Rainy,Medium,Afternoon,Bike,19,30.0,73.6
11900,19.93,Windy,Medium,Afternoon,Scooter,16,24.0,65.4
11901,18.52,Clear,Medium,Afternoon,Bike,15,22.0,60.3
11902,18.45,Clear,Medium,Afternoon,Car,18,11.0,63.1
11903,17.16,Foggy,High,Morning,Scooter,21,25.0,75.4
11904,16.71,Rainy,Medium,Evening,Scooter,16,19.0,61.6
11905,16.31,Rainy,Low,Evening,Bike,17,12.0,66.9
11906,19.42,Foggy,High,Morning,Bike,19,17.0,84.7
11907,19.92,Rainy,Low,Afternoon,Car,6,19.0,51.5
11908,16.86,Foggy,Medium,Morning,Bike,13,28.0,70.0
11909,19.97,Clear,High,Morning,Scooter,12,23.0,67.6
11910,18.46,Snowy,Medium,Afternoon,Scooter,26,18.0,79.5
11911,19.15,Clear,Medium,Morning,Bike,27,30.0,76.2
11912,19.95,Rainy,Low,Evening,Bike,12,23.0,64.8
11913,19.9,Snowy,Medium,Morning,Bike,22,30.0,84.4
11914,18.27,Clear,High,Morning,Car,16,19.0,68.3
11915,18.11,Clear,Medium,Afternoon,Bike,19,27.0,62.8
11916,18.7,Clear,High,Evening,Bike,16,27.0,72.9
11917,16.88,Rainy,Medium,Evening,Car,17,25.0,64.5
11918,17.56,Clear,High,Morning,Car,21,29.0,69.5
11919,19.31,Clear,Medium,Evening,Scooter,14,21.0,60.2
11920,16.44,Snowy,High,Evening,Scooter,8,11.0,65.5
11921,17.84,Clear,Medium,Morning,Car,18,17.0,57.8
11922,17.26,Rainy,High,Afternoon,Car,10,10.0,60.9
11923,18.33,Rainy,High,Evening,Car,30,15.0,87.2
11924,16.76,Clear,Low,Night,Scooter,15,24.0,48.1
11925,19.71,Clear,Medium,Afternoon,Scooter,8,12.0,55.0
11926,19.17,Windy,Low,Evening,Scooter,17,23.0,67.6
11927,16.33,Rainy,Low,Morning,Car,15,23.0,50.9
11928,17.3,Clear,Low,Afternoon,Scooter,21,21.0,53.9
11929,16.17,Foggy,Low,Evening,Bike,22,24.0,63.8
11930,16.49,Rainy,High,Afternoon,Scooter,22,19.0,74.2
11931,17.69,Clear,High,Evening,Bike,16,23.0,73.0
11932,17.32,Rainy,Low,Morning,Bike,26,25.0,71.5
11933,18.08,Rainy,Medium,Afternoon,Bike,9,22.0,62.7
11934,17.16,Clear,Medium,Afternoon,Bike,17,24.0,63.3
11935,17.33,Snowy,Low,Morning,Scooter,29,26.0,78.4
11936,19.83,Clear,High,Afternoon,Bike,16,18.0,70.6
11937,19.5,Clear,Low,Evening,Scooter,32,29.0,76.9
11938,16.05,Clear,Medium,Evening,Car,22,16.0,60.5
11939,18.41,Foggy,Medium,Afternoon,Bike,16,11.0,70.2
11940,16.57,Foggy,Medium,Morning,Bike,21,30.0,73.5
11941,19.16,Windy,High,Morning,Bike,29,27.0,89.0
11942,19.34,Clear,Low,Morning,Scooter,25,18.0,63.8
11943,18.64,Foggy,Medium,Night,Bike,13,14.0,65.1
11944,18.69,Rainy,Medium,Morning,Bike,24,14.0,78.9
11945,19.41,Clear,Medium,Afternoon,Bike,13,22.0,58.4
11946,16.41,Clear,Low,Afternoon,Bike,10,30.0,45.1
11947,18.83,Snowy,Low,Afternoon,Scooter,16,16.0,63.2
11948,16.48,Clear,Medium,Morning,Scooter,19,24.0,57.7
11949,16.17,Rainy,Medium,Morning,Bike,15,17.0,67.1
11950,18.55,Rainy,High,Night,Bike,25,21.0,84.1
11951,17.09,Clear,High,Evening,Scooter,15,23.0,62.8
11952,16.18,Windy,Low,Morning,Car,11,26.0,46.8
11953,16.25,Snowy,Low,Morning,Scooter,18,25.0,65.7
11954,19.92,Rainy,High,Afternoon,Scooter,20,14.0,77.7
11955,16.89,Rainy,Low,Afternoon,Car,14,12.0,53.9
11956,17.63,Clear,High,Evening,Bike,27,21.0,81.5
11957,17.07,Foggy,Medium,Evening,Bike,9,18.0,64.6
11958,19.74,Clear,Medium,Afternoon,Scooter,19,15.0,66.9
11959,16.3,Clear,Medium,Morning,Bike,25,14.0,70.2
11960,18.17,Clear,High,Afternoon,Bike,24,28.0,73.9
11961,17.91,Clear,Low,Morning,Scooter,21,11.0,61.9
11962,18.77,Clear,Medium,Morning,Scooter,9,12.0,54.7
11963,19.59,Clear,High,Morning,Bike,10,17.0,64.4
11964,16.0,Windy,High,Morning,Scooter,17,14.0,69.4
11965,16.07,Clear,Medium,Evening,Bike,29,11.0,72.5
11966,17.51,Clear,Low,Afternoon,Bike,10,15.0,42.3
11967,17.61,Clear,Low,Evening,Bike,26,17.0,68.5
11968,19.56,Rainy,Medium,Afternoon,Bike,24,19.0,82.8
11969,17.12,Clear,Low,Morning,Car,30,21.0,63.9
11970,19.39,Rainy,Medium,Evening,Bike,12,12.0,70.6
11971,16.36,Foggy,High,Evening,Car,11,30.0,63.5
11972,16.31,Clear,High,Evening,Car,16,21.0,60.5
11973,18.98,Windy,High,Morning,Bike,18,18.0,78.4
11974,19.05,Clear,Low,Afternoon,Bike,26,25.0,70.6
11975,16.38,Rainy,Medium,Morning,Car,28,29.0,77.1
11976,19.97,Clear,Medium,Morning,Bike,15,10.0,69.6
11977,16.32,Foggy,Low,Morning,Bike,25,20.0,64.9
11978,19.54,Snowy,Medium,Afternoon,Bike,25,28.0,85.7
11979,16.78,Clear,Low,Morning,Scooter,16,14.0,51.7
11980,16.09,Clear,Medium,Morning,Car,17,27.0,57.9
11981,19.42,Clear,Medium,Evening,Scooter,27,22.0,71.2
11982,16.74,Clear,Low,Evening,Bike,26,11.0,69.6
11983,18.12,Windy,Low,Morning,Scooter,30,28.0,70.3
11984,19.31,Rainy,Low,Afternoon,Scooter,20,11.0,66.8
11985,16.62,Rainy,Low,Afternoon,Scooter,17,24.0,59.4
11986,18.96,Windy,Low,Morning,Car,25,22.0,68.9
11987,18.13,Snowy,Low,Morning,Bike,10,26.0,65.0
11988,17.02,Snowy,Low,Evening,Bike,26,16.0,77.7
11989,16.17,Clear,Low,Night,Bike,13,12.0,44.9
11990,17.05,Clear,Low,Afternoon,Scooter,17,20.0,54.5
11991,17.7,Clear,Low,Evening,Car,21,25.0,61.2
11992,17.47,Clear,Medium,Night,Bike,8,21.0,51.3
11993,18.87,Clear,Low,Evening,Bike,16,11.0,51.2
11994,17.64,Clear,Medium,Evening,Car,14,23.0,59.8
11995,17.52,Clear,High,Night,Bike,10,18.0,55.1
11996,19.25,Clear,High,Afternoon,Car,12,25.0,61.9
11997,17.86,Clear,Low,Evening,Car,12,29.0,47.1
11998,19.94,Clear,High,Evening,Scooter,23,27.0,80.3
11999,18.3,Clear,Low,Night,Bike,16,30.0,53.2
12000,19.75,Clear,Medium,Morning,Scooter,9,22.0,58.5
