Order_ID,Distance_km,Weather,Traffic_Level,Time_of_Day,Vehicle_Type,Preparation_Time_min,Courier_Experience_yrs,Delivery_Time_min,Is_RushHour,Delivery_Class
6316,11.29,Rainy,Medium,Night,Bike,25,5.0,66.7,0,1
3358,0.79,Clear,High,Afternoon,Bike,19,0.0,42.0,0,1
8814,13.77,Clear,Low,Morning,Bike,12,6.0,47.2,1,1
11067,17.54,Clear,Low,Morning,Bike,14,26.0,56.0,1,1
7018,11.45,Rainy,High,Morning,Scooter,21,4.0,66.1,1,1
8630,15.39,Foggy,Medium,Afternoon,Car,20,7.0,63.1,0,1
7163,9.83,Clear,Low,Afternoon,Scooter,8,3.0,28.6,0,0
497,11.88,Rainy,Medium,Evening,Bike,20,8.0,69.0,1,1
9112,12.81,Rainy,Low,Afternoon,Bike,26,10.0,58.4,0,1
10384,16.39,Clear,Low,Afternoon,Bike,21,23.0,62.7,0,1
2165,2.27,Rainy,Medium,Evening,Bike,20,1.0,46.0,1,1
3813,1.67,Foggy,High,Afternoon,Scooter,16,1.0,40.7,0,1
6807,8.82,Clear,Low,Evening,Scooter,28,5.0,52.5,1,1
7444,10.86,Foggy,Medium,Evening,Scooter,16,3.0,51.1,1,1
9901,13.14,Clear,Low,Afternoon,Bike,21,7.0,52.8,0,1
4299,7.26,Clear,Medium,Morning,Scooter,20,2.0,47.7,1,1
11049,17.12,Windy,Medium,Afternoon,Car,9,27.0,50.1,0,1
7794,11.49,Clear,Medium,Morning,Bike,17,6.0,61.5,1,1
5797,7.95,Rainy,Medium,Evening,Scooter,20,1.0,61.4,1,1
5523,4.01,Clear,Low,Morning,Bike,9,2.0,22.9,1,0
854,18.01,Foggy,High,Night,Bike,14,2.0,71.0,0,2
45,5.55,Foggy,High,Evening,Bike,18,1.0,89.0,1,2
10865,17.53,Clear,Low,Afternoon,Bike,24,25.0,65.9,0,1
9414,14.91,Rainy,Medium,Evening,Scooter,22,9.0,75.4,1,2
401,2.51,Clear,Low,Morning,Bike,16,2.0,28.0,1,0
11744,16.44,Rainy,Medium,Night,Bike,30,19.0,80.8,0,2
9268,15.84,Rainy,Medium,Morning,Bike,14,9.0,69.1,1,1
7617,11.95,Clear,High,Evening,Scooter,18,6.0,59.4,1,1
4071,4.93,Snowy,Low,Evening,Bike,21,1.0,55.1,1,1
5562,5.7,Rainy,Medium,Afternoon,Bike,16,2.0,42.1,0,1
4737,4.26,Clear,Medium,Morning,Scooter,16,1.0,33.3,1,0
11188,18.96,Rainy,Low,Morning,Bike,23,10.0,75.9,1,2
3269,1.15,Rainy,Medium,Night,Bike,18,1.0,39.6,0,0
8316,15.2,Rainy,High,Afternoon,Scooter,12,6.0,64.8,0,1
105,18.2,Windy,Medium,Morning,Bike,27,1.0,89.0,1,2
214,4.87,Snowy,High,Evening,Bike,16,7.0,54.0,1,1
2904,2.01,Clear,Low,Afternoon,Scooter,17,0.0,21.6,0,0
5749,6.06,Clear,Medium,Evening,Scooter,23,2.0,48.6,1,1
8157,12.28,Clear,Medium,Evening,Bike,19,8.0,59.2,1,1
6496,9.25,Clear,Low,Afternoon,Scooter,16,4.0,40.3,0,1
4129,5.28,Clear,Medium,Evening,Scooter,15,1.0,38.8,1,0
4654,7.98,Foggy,Low,Evening,Scooter,18,3.0,40.6,1,1
555,17.59,Clear,Low,Morning,Bike,24,6.0,69.0,1,1
9562,15.23,Clear,High,Morning,Car,16,8.0,62.9,1,1
5271,4.34,Windy,Medium,Morning,Car,15,3.0,35.3,1,0
9179,14.17,Windy,High,Afternoon,Bike,7,7.0,53.1,0,1
5308,5.85,Clear,Medium,Evening,Scooter,9,2.0,28.9,1,0
8045,14.26,Rainy,High,Evening,Car,23,9.0,70.5,1,2
2196,1.13,Clear,High,Afternoon,Car,23,1.0,38.3,0,0
8439,13.08,Snowy,Low,Afternoon,Bike,10,8.0,53.9,0,1
3544,3.52,Clear,High,Morning,Car,13,1.0,40.7,1,1
2141,3.43,Rainy,Medium,Morning,Bike,26,0.0,57.6,1,1
6478,10.98,Clear,High,Afternoon,Scooter,18,6.0,51.9,0,1
566,12.0,Clear,Low,Evening,Car,25,0.0,75.0,1,2
4572,6.75,Rainy,High,Evening,Bike,15,3.0,56.7,1,1
4515,7.76,Clear,Low,Evening,Bike,18,2.0,43.3,1,1
81,17.33,Snowy,Low,Evening,Scooter,12,3.0,79.0,1,2
8562,14.1,Clear,Medium,Morning,Bike,24,6.0,75.3,1,2
3148,3.09,Snowy,Medium,Evening,Bike,11,0.0,43.8,1,1
3917,1.18,Rainy,Low,Evening,Bike,20,1.0,41.5,1,1
11322,19.17,Clear,Low,Night,Bike,18,23.0,58.6,0,1
5855,7.16,Rainy,Medium,Morning,Scooter,20,2.0,56.5,1,1
3281,3.89,Clear,Medium,Evening,Scooter,22,0.0,36.1,1,0
10911,17.25,Clear,Medium,Morning,Bike,12,15.0,60.4,1,1
2402,1.96,Windy,Medium,Evening,Scooter,21,1.0,43.4,1,1
5916,7.24,Clear,Low,Night,Scooter,19,2.0,35.3,0,0
11759,17.41,Clear,Low,Afternoon,Scooter,18,30.0,51.4,0,1
5600,6.48,Clear,Low,Evening,Bike,13,3.0,32.7,1,0
6578,10.56,Clear,Medium,Morning,Bike,13,5.0,51.1,1,1
9704,15.52,Rainy,Medium,Evening,Car,16,9.0,61.1,1,1
10790,17.38,Snowy,High,Morning,Bike,19,17.0,86.4,1,2
5346,6.71,Rainy,High,Afternoon,Bike,16,2.0,57.0,0,1
2953,1.53,Clear,Medium,Night,Car,12,0.0,18.3,0,0
6238,9.97,Snowy,Low,Night,Bike,27,6.0,66.2,0,1
7474,9.71,Clear,High,Morning,Bike,14,3.0,53.5,1,1
6421,9.78,Clear,High,Afternoon,Scooter,21,4.0,52.1,0,1
7103,9.36,Clear,Low,Morning,Scooter,16,5.0,37.2,1,0
6386,10.35,Windy,Low,Morning,Car,14,4.0,50.0,1,1
450,2.13,Rainy,Low,Morning,Scooter,9,2.0,22.0,1,0
6055,9.19,Snowy,Medium,Night,Bike,28,4.0,67.6,0,1
8515,14.02,Clear,Medium,Afternoon,Scooter,15,7.0,56.4,0,1
7441,10.24,Clear,Medium,Morning,Car,14,6.0,46.2,1,1
10194,18.7,Windy,Medium,Evening,Car,27,27.0,74.4,1,2
2151,0.34,Snowy,Low,Evening,Bike,31,1.0,52.4,1,1
9308,15.42,Foggy,High,Morning,Scooter,23,8.0,77.6,1,2
8781,13.2,Clear,Low,Evening,Bike,25,10.0,58.4,1,1
11072,16.23,Clear,High,Afternoon,Bike,21,12.0,73.6,0,2
2930,3.3,Foggy,Medium,Morning,Scooter,23,1.0,46.1,1,1
4526,7.67,Clear,Medium,Evening,Bike,14,3.0,43.1,1,1
9006,12.78,Clear,Medium,Morning,Bike,11,6.0,51.5,1,1
11374,19.65,Windy,Low,Afternoon,Scooter,23,30.0,64.6,0,1
7201,10.63,Clear,Medium,Morning,Bike,25,4.0,58.4,1,1
4739,6.23,Foggy,Medium,Morning,Car,30,3.0,53.3,1,1
4038,7.5,Clear,Low,Afternoon,Bike,10,3.0,30.4,0,0
34,19.0,Clear,High,Morning,Car,28,3.0,89.0,1,2
3810,1.08,Clear,High,Evening,Car,22,0.0,37.2,1,0
4940,5.64,Clear,Medium,Morning,Scooter,16,1.0,38.2,1,0
313,0.99,Unknown,Medium,Evening,Bike,15,5.0,32.0,1,0
3892,0.5,Foggy,Medium,Afternoon,Bike,27,1.0,44.2,0,1
9736,13.6,Clear,High,Afternoon,Car,16,7.0,44.7,0,1
11745,19.82,Snowy,Medium,Evening,Bike,9,17.0,70.3,1,2
379,16.38,Clear,Medium,Morning,Bike,6,2.0,51.0,1,1
7757,11.35,Clear,Medium,Morning,Car,22,3.0,55.0,1,1
3764,1.05,Clear,Medium,Morning,Scooter,28,1.0,41.2,1,1
6622,8.57,Windy,Low,Morning,Scooter,9,3.0,33.6,1,0
3239,1.01,Clear,Low,Evening,Scooter,28,0.0,41.3,1,1
350,12.7,Clear,Low,Morning,Scooter,22,2.0,57.0,1,1
9427,15.67,Windy,Low,Morning,Bike,24,6.0,69.8,1,1
11964,16.0,Windy,High,Morning,Scooter,17,14.0,69.4,1,1
9022,14.23,Windy,Medium,Night,Bike,20,9.0,62.6,0,1
2646,2.89,Snowy,Medium,Morning,Car,22,1.0,51.0,1,1
2529,3.99,Foggy,Medium,Evening,Car,9,1.0,28.9,1,0
3252,3.61,Clear,Low,Evening,Bike,12,0.0,32.8,1,0
9512,15.58,Rainy,Medium,Afternoon,Bike,12,7.0,61.7,0,1
10308,17.81,Rainy,Medium,Afternoon,Bike,14,13.0,63.6,0,1
432,15.35,Rainy,High,Night,Scooter,23,9.0,80.0,0,2
7293,11.0,Snowy,Low,Evening,Car,26,3.0,64.2,1,1
4336,4.42,Rainy,Low,Evening,Car,13,3.0,29.7,1,0
10706,19.09,Clear,Low,Afternoon,Bike,7,29.0,51.7,0,1
964,8.09,Clear,High,Afternoon,Scooter,15,4.0,51.0,0,1
9330,13.15,Clear,Medium,Evening,Bike,10,7.0,45.2,1,1
7552,11.02,Clear,Medium,Morning,Car,18,4.0,51.4,1,1
9040,12.67,Windy,Low,Afternoon,Car,13,7.0,38.3,0,0
8296,14.24,Foggy,Low,Afternoon,Car,21,9.0,50.4,0,1
5497,6.23,Foggy,Medium,Morning,Bike,25,3.0,60.2,1,1
3738,3.86,Clear,High,Morning,Bike,17,1.0,45.4,1,1
273,17.41,Snowy,Medium,Evening,Bike,20,4.0,80.0,1,2
10931,18.07,Rainy,High,Morning,Scooter,23,17.0,85.2,1,2
8874,12.08,Clear,High,Evening,Bike,26,10.0,65.4,1,1
10921,19.44,Clear,High,Morning,Bike,22,30.0,76.3,1,2
2516,2.2,Clear,Medium,Morning,Scooter,25,1.0,48.2,1,1
485,11.89,Clear,Medium,Afternoon,Bike,28,0.0,79.0,0,2
4269,7.02,Foggy,Medium,Evening,Bike,16,3.0,50.0,1,1
9823,15.87,Clear,Low,Afternoon,Bike,25,6.0,61.6,0,1
10751,17.63,Foggy,Medium,Evening,Bike,14,18.0,66.4,1,1
9752,13.74,Clear,Medium,Evening,Scooter,16,9.0,64.9,1,1
2519,3.39,Clear,Low,Night,Bike,12,0.0,25.5,0,0
905,8.72,Snowy,Medium,Evening,Car,18,7.0,64.0,1,1
7989,10.1,Windy,Medium,Evening,Bike,18,6.0,54.2,1,1
5602,4.12,Clear,Medium,Afternoon,Car,15,3.0,20.5,0,0
11571,16.49,Clear,High,Evening,Scooter,19,26.0,66.2,1,1
775,16.05,Snowy,Medium,Evening,Bike,11,2.0,89.0,1,2
8266,15.1,Snowy,Medium,Night,Bike,15,10.0,66.3,0,1
4088,7.94,Clear,Medium,Morning,Scooter,14,2.0,40.3,1,1
10323,19.19,Clear,High,Morning,Bike,14,27.0,71.9,1,2
5408,4.94,Clear,Low,Evening,Bike,24,1.0,40.4,1,1
11202,16.88,Windy,Low,Night,Scooter,25,14.0,56.6,0,1
10390,17.87,Rainy,High,Morning,Bike,19,14.0,82.0,1,2
3304,3.58,Clear,High,Night,Bike,10,0.0,38.7,0,0
11147,18.5,Clear,Low,Evening,Bike,10,17.0,54.8,1,1
10682,16.7,Rainy,Low,Evening,Scooter,17,27.0,59.4,1,1
3791,3.33,Foggy,Low,Evening,Scooter,26,1.0,46.2,1,1
142,5.41,Clear,Medium,Night,Bike,14,5.0,36.0,0,0
11872,16.35,Snowy,Low,Afternoon,Bike,15,30.0,65.3,0,1
5643,4.95,Snowy,Low,Night,Scooter,18,1.0,42.7,0,1
4502,4.24,Rainy,Medium,Morning,Car,22,1.0,49.8,1,1
2335,2.6,Clear,Medium,Morning,Bike,15,1.0,39.6,1,0
9177,15.04,Clear,Low,Morning,Bike,16,6.0,51.3,1,1
2591,3.7,Windy,Medium,Evening,Car,27,0.0,42.9,1,1
3506,2.11,Rainy,Medium,Morning,Car,18,0.0,41.0,1,1
779,14.54,Clear,Medium,Evening,Bike,29,2.0,73.0,1,2
8017,13.73,Clear,Medium,Evening,Bike,14,7.0,60.2,1,1
11128,16.39,Rainy,Medium,Afternoon,Bike,22,13.0,69.7,0,1
5281,7.13,Rainy,Medium,Evening,Bike,11,1.0,47.5,1,1
5798,5.93,Foggy,Medium,Evening,Car,26,3.0,54.0,1,1
8261,13.62,Snowy,Medium,Evening,Scooter,20,7.0,69.3,1,1
137,10.62,Foggy,Low,Evening,Scooter,29,1.0,73.0,1,2
29,12.05,Clear,Low,Evening,Scooter,29,4.0,61.0,1,1
11125,16.57,Snowy,Medium,Evening,Car,31,29.0,82.3,1,2
9733,12.35,Clear,Low,Evening,Scooter,18,9.0,44.2,1,1
11841,17.56,Rainy,Medium,Morning,Scooter,15,30.0,67.2,1,1
3145,0.35,Clear,Medium,Afternoon,Scooter,25,1.0,32.3,0,0
5792,5.18,Clear,High,Morning,Scooter,10,1.0,42.2,1,1
10788,16.82,Rainy,Medium,Evening,Bike,16,11.0,69.4,1,1
10482,18.6,Clear,Medium,Afternoon,Car,19,13.0,53.3,0,1
7576,9.82,Clear,Medium,Morning,Bike,18,5.0,49.9,1,1
11232,16.14,Foggy,Low,Afternoon,Car,20,13.0,51.2,0,1
11075,16.17,Foggy,Medium,Afternoon,Scooter,29,17.0,69.9,0,1
418,6.91,Clear,Low,Evening,Bike,27,8.0,89.0,1,2
8868,13.18,Clear,Low,Evening,Bike,7,8.0,40.6,1,1
3584,3.42,Clear,Medium,Evening,Scooter,9,0.0,30.6,1,0
3167,2.84,Snowy,Medium,Morning,Bike,7,0.0,42.7,1,1
6703,8.31,Clear,Low,Morning,Bike,24,4.0,45.3,1,1
563,3.16,Snowy,Low,Morning,Car,9,5.0,27.0,1,0
10540,16.22,Clear,Medium,Morning,Scooter,23,15.0,63.9,1,1
7763,9.55,Foggy,Medium,Evening,Bike,23,3.0,64.4,1,1
2152,2.89,Snowy,High,Evening,Bike,24,1.0,69.0,1,1
7027,9.99,Clear,Medium,Afternoon,Car,17,6.0,40.0,0,0
10036,16.73,Snowy,Medium,Morning,Scooter,17,22.0,72.3,1,2
8688,14.79,Snowy,Medium,Night,Scooter,17,7.0,63.2,0,1
8794,13.34,Rainy,Low,Evening,Scooter,8,8.0,47.8,1,1
6944,8.41,Windy,Medium,Morning,Scooter,16,6.0,53.6,1,1
5202,4.27,Windy,Medium,Afternoon,Bike,20,2.0,46.4,0,1
2767,3.2,Clear,Medium,Afternoon,Car,25,0.0,36.5,0,0
3981,1.34,Snowy,Low,Evening,Scooter,9,1.0,29.7,1,0
9435,13.31,Clear,Medium,Evening,Bike,31,8.0,71.1,1,2
11908,16.86,Foggy,Medium,Morning,Bike,13,28.0,70.0,1,1
4094,7.37,Clear,Medium,Evening,Bike,10,3.0,41.8,1,1
10263,18.95,Snowy,Low,Morning,Scooter,13,29.0,61.8,1,1
6288,11.99,Clear,Medium,Afternoon,Bike,22,5.0,54.5,0,1
2750,3.68,Snowy,Medium,Afternoon,Bike,7,0.0,39.8,0,0
5376,7.29,Clear,High,Evening,Scooter,25,3.0,56.8,1,1
129,0.64,Clear,High,Night,Bike,10,3.0,24.0,0,0
5343,7.99,Clear,Medium,Afternoon,Bike,23,3.0,48.1,0,1
2308,0.54,Rainy,Medium,Morning,Scooter,15,1.0,33.0,1,0
6567,9.21,Foggy,Low,Evening,Car,10,4.0,32.4,1,0
6666,9.5,Clear,Low,Morning,Scooter,10,3.0,37.4,1,0
9462,12.16,Rainy,Medium,Morning,Bike,20,7.0,66.0,1,1
9790,12.21,Clear,Medium,Evening,Bike,13,10.0,45.9,1,1
3846,3.84,Rainy,Low,Afternoon,Bike,18,1.0,39.8,0,0
9007,12.57,Snowy,High,Morning,Scooter,14,6.0,64.2,1,1
3295,0.56,Clear,Low,Afternoon,Scooter,25,1.0,29.6,0,0
3259,3.54,Rainy,Low,Morning,Bike,15,0.0,42.1,1,1
4458,5.33,Clear,Medium,Morning,Scooter,23,1.0,51.1,1,1
11853,18.04,Clear,Medium,Morning,Bike,24,16.0,69.9,1,1
3692,2.99,Windy,Low,Evening,Car,26,0.0,42.5,1,1
2495,1.22,Foggy,High,Morning,Bike,6,1.0,35.6,1,0
6384,8.46,Clear,Medium,Evening,Bike,20,5.0,45.5,1,1
6516,8.2,Clear,Low,Evening,Bike,16,6.0,38.4,1,0
9720,14.71,Clear,Medium,Evening,Scooter,29,7.0,69.4,1,1
6257,11.5,Clear,Medium,Morning,Bike,19,5.0,52.3,1,1
4611,4.98,Snowy,Low,Afternoon,Scooter,25,3.0,45.0,0,1
5531,6.34,Clear,Low,Afternoon,Bike,24,1.0,44.4,0,1
7367,8.93,Clear,High,Night,Bike,16,4.0,55.1,0,1
7047,11.75,Clear,Medium,Morning,Bike,11,6.0,51.1,1,1
8832,15.45,Rainy,Low,Afternoon,Bike,11,6.0,48.3,0,1
6845,10.6,Clear,Medium,Afternoon,Scooter,25,4.0,55.0,0,1
6794,8.36,Windy,High,Afternoon,Scooter,29,4.0,61.5,0,1
7945,11.64,Clear,Medium,Afternoon,Car,17,4.0,44.8,0,1
4857,4.32,Rainy,Medium,Morning,Scooter,27,2.0,55.7,1,1
5878,5.09,Windy,Medium,Afternoon,Bike,14,2.0,47.0,0,1
9449,15.25,Clear,Low,Morning,Car,21,7.0,52.2,1,1
3527,3.53,Clear,Medium,Evening,Bike,21,1.0,41.1,1,1
2916,0.86,Windy,High,Evening,Car,16,0.0,35.9,1,0
7607,9.18,Clear,Medium,Afternoon,Bike,31,6.0,62.5,0,1
10996,18.55,Windy,High,Evening,Scooter,26,15.0,86.1,1,2
8325,14.59,Rainy,Medium,Afternoon,Bike,20,8.0,61.1,0,1
994,12.01,Clear,Low,Morning,Scooter,26,6.0,57.0,1,1
7247,9.64,Rainy,High,Afternoon,Bike,12,4.0,57.7,0,1
5234,5.62,Clear,Low,Evening,Bike,23,2.0,43.9,1,1
8094,14.84,Rainy,Medium,Evening,Car,21,9.0,62.4,1,1
2952,3.79,Clear,High,Night,Car,19,0.0,37.6,0,0
11253,18.81,Foggy,Low,Afternoon,Car,16,28.0,51.7,0,1
11635,19.39,Rainy,Low,Evening,Scooter,18,17.0,72.2,1,2
9120,14.65,Rainy,Low,Afternoon,Scooter,19,7.0,56.8,0,1
3690,0.26,Clear,Low,Evening,Scooter,24,1.0,33.8,1,0
9864,14.18,Rainy,Low,Evening,Bike,23,7.0,68.1,1,1
4761,7.72,Rainy,High,Afternoon,Bike,15,3.0,48.3,0,1
11648,18.47,Rainy,Medium,Afternoon,Car,14,15.0,59.5,0,1
9743,13.95,Snowy,Medium,Morning,Bike,19,10.0,65.1,1,1
8943,13.24,Rainy,Medium,Morning,Bike,19,6.0,71.2,1,2
7708,11.65,Snowy,High,Morning,Bike,12,6.0,65.8,1,1
141,19.27,Foggy,High,Afternoon,Bike,14,6.0,89.0,0,2
9413,12.76,Clear,Medium,Night,Scooter,15,6.0,42.8,0,1
8346,13.44,Rainy,Medium,Afternoon,Bike,17,6.0,61.9,0,1
4301,4.93,Windy,Medium,Afternoon,Bike,18,3.0,39.4,0,0
466,7.81,Clear,Low,Evening,Bike,11,4.0,42.0,1,1
8870,15.7,Rainy,Low,Afternoon,Car,13,10.0,44.3,0,1
3144,3.3,Snowy,Medium,Evening,Bike,6,0.0,37.9,1,0
6259,10.11,Windy,Low,Morning,Car,19,3.0,48.7,1,1
7910,11.88,Clear,Low,Night,Scooter,23,4.0,50.1,0,1
5626,6.52,Rainy,Low,Afternoon,Bike,15,3.0,42.2,0,1
6752,11.39,Rainy,Medium,Morning,Car,20,3.0,57.4,1,1
2909,1.95,Clear,High,Morning,Bike,12,0.0,41.4,1,1
567,8.15,Rainy,Low,Afternoon,Bike,26,2.0,50.0,0,1
7851,9.82,Windy,Medium,Morning,Scooter,17,4.0,51.4,1,1
3818,0.75,Clear,Medium,Afternoon,Bike,11,1.0,24.6,0,0
4606,7.61,Clear,Low,Evening,Bike,25,2.0,51.2,1,1
9021,15.58,Windy,Low,Evening,Bike,24,7.0,69.9,1,1
4446,7.98,Rainy,Medium,Morning,Bike,31,2.0,70.3,1,2
6464,10.37,Windy,Medium,Morning,Car,22,6.0,53.3,1,1
6626,9.71,Rainy,Medium,Morning,Bike,31,3.0,69.9,1,1
10256,16.71,Clear,Medium,Afternoon,Scooter,20,10.0,60.6,0,1
11738,18.18,Clear,High,Morning,Bike,25,23.0,75.8,1,2
3698,3.79,Foggy,Low,Morning,Scooter,8,1.0,26.5,1,0
825,10.98,Rainy,Low,Morning,Scooter,10,6.0,55.0,1,1
10001,19.15,Rainy,Medium,Afternoon,Bike,15,11.0,66.1,0,1
10910,16.3,Clear,Low,Morning,Bike,24,17.0,62.9,1,1
10572,19.14,Windy,Low,Morning,Scooter,17,17.0,64.1,1,1
5035,8.0,Windy,Medium,Evening,Bike,32,3.0,60.8,1,1
11052,16.17,Rainy,Medium,Morning,Bike,14,26.0,64.2,1,1
11722,19.53,Windy,High,Night,Scooter,13,26.0,65.8,0,1
2437,2.47,Clear,Medium,Afternoon,Car,14,0.0,24.5,0,0
9060,15.46,Clear,Low,Afternoon,Scooter,16,7.0,47.1,0,1
6130,11.25,Windy,Medium,Morning,Scooter,31,6.0,73.8,1,2
10389,18.28,Clear,High,Afternoon,Scooter,15,17.0,66.2,0,1
9776,12.57,Clear,Medium,Afternoon,Bike,15,9.0,54.9,0,1
10296,18.21,Clear,High,Afternoon,Car,15,26.0,63.4,0,1
3316,3.81,Rainy,Medium,Afternoon,Bike,16,0.0,40.7,0,1
3214,0.27,Clear,Medium,Morning,Scooter,21,0.0,32.9,1,0
7797,8.93,Rainy,Medium,Evening,Scooter,23,5.0,57.2,1,1
11833,17.82,Foggy,Low,Morning,Scooter,16,18.0,55.3,1,1
11470,19.79,Clear,Medium,Morning,Bike,25,21.0,80.4,1,2
2327,1.83,Snowy,Medium,Morning,Scooter,16,1.0,40.7,1,1
4494,6.04,Windy,High,Evening,Bike,17,3.0,52.8,1,1
6927,10.18,Clear,Low,Morning,Car,9,5.0,33.9,1,0
4305,5.46,Clear,Low,Afternoon,Bike,28,2.0,51.1,0,1
8300,13.1,Windy,Low,Morning,Scooter,15,8.0,48.7,1,1
11916,18.7,Clear,High,Evening,Bike,16,27.0,72.9,1,2
5267,7.71,Clear,Low,Evening,Bike,20,2.0,47.5,1,1
3352,3.69,Snowy,Low,Evening,Scooter,21,1.0,43.8,1,1
2806,1.05,Clear,Low,Night,Scooter,12,1.0,14.0,0,0
2660,0.37,Clear,Low,Afternoon,Bike,24,0.0,31.9,0,0
2051,1.29,Clear,Medium,Morning,Scooter,24,1.0,35.5,1,0
2042,1.28,Snowy,Low,Morning,Scooter,13,0.0,31.9,1,0
8042,15.31,Clear,Low,Morning,Bike,13,7.0,55.2,1,1
10984,19.64,Snowy,Medium,Evening,Car,16,26.0,70.1,1,2
2683,3.85,Clear,High,Evening,Car,15,1.0,43.8,1,1
9685,12.97,Clear,Low,Morning,Scooter,19,10.0,46.2,1,1
3285,3.69,Windy,High,Afternoon,Car,20,0.0,43.5,0,1
5729,6.22,Foggy,Medium,Morning,Car,9,1.0,36.7,1,0
4334,4.08,Clear,Medium,Evening,Bike,19,2.0,41.9,1,1
4359,5.94,Windy,High,Afternoon,Bike,7,2.0,33.7,0,0
631,14.41,Snowy,Medium,Evening,Bike,8,8.0,75.0,1,2
3289,3.33,Clear,Low,Morning,Scooter,28,0.0,38.5,1,0
6766,10.5,Clear,High,Morning,Scooter,20,4.0,54.0,1,1
4425,6.94,Snowy,Medium,Afternoon,Bike,14,2.0,44.2,0,1
5087,7.01,Clear,Medium,Night,Bike,26,2.0,52.3,0,1
863,10.73,Clear,Unknown,Afternoon,Bike,7,5.0,57.0,0,1
10145,17.73,Rainy,Low,Morning,Bike,28,20.0,77.0,1,2
7410,10.84,Snowy,Medium,Night,Car,17,3.0,53.5,0,1
2118,2.59,Foggy,Low,Morning,Bike,18,1.0,34.9,1,0
938,18.33,Foggy,Medium,Morning,Scooter,19,0.0,89.0,1,2
3126,0.69,Rainy,Medium,Afternoon,Bike,20,1.0,41.9,0,1
3795,2.46,Windy,Low,Evening,Scooter,11,1.0,24.8,1,0
4583,4.19,Clear,Low,Night,Car,27,2.0,37.0,0,0
5396,6.05,Windy,High,Evening,Bike,22,1.0,59.5,1,1
3071,1.87,Snowy,High,Afternoon,Car,18,1.0,46.9,0,1
11574,18.99,Foggy,Low,Evening,Bike,18,19.0,72.7,1,2
2629,1.69,Rainy,High,Afternoon,Bike,22,1.0,45.5,0,1
8633,15.28,Snowy,Medium,Afternoon,Car,13,10.0,53.7,0,1
6753,8.1,Clear,Medium,Afternoon,Bike,23,3.0,51.8,0,1
11773,16.51,Foggy,Low,Morning,Car,15,20.0,51.9,1,1
6200,11.38,Clear,Low,Morning,Bike,22,6.0,59.6,1,1
5100,4.86,Clear,Medium,Evening,Bike,10,3.0,33.0,1,0
9943,12.66,Rainy,Medium,Morning,Bike,14,8.0,62.3,1,1
9915,15.92,Snowy,Low,Evening,Bike,18,10.0,67.6,1,1
7553,9.66,Clear,Low,Evening,Car,11,3.0,33.8,1,0
6581,11.42,Rainy,Low,Afternoon,Bike,14,3.0,44.8,0,1
11689,16.65,Clear,Medium,Evening,Scooter,23,22.0,68.6,1,1
7425,8.0,Windy,Low,Morning,Bike,14,3.0,42.9,1,1
8343,13.07,Snowy,Medium,Evening,Scooter,16,6.0,62.0,1,1
11980,16.09,Clear,Medium,Morning,Car,17,27.0,57.9,1,1
6877,9.15,Clear,High,Morning,Bike,19,5.0,53.9,1,1
4911,7.7,Foggy,Low,Evening,Scooter,22,3.0,43.7,1,1
2958,3.07,Rainy,Low,Evening,Scooter,26,1.0,40.1,1,1
6575,11.39,Snowy,Low,Morning,Scooter,16,6.0,56.6,1,1
786,18.21,Foggy,Low,Morning,Bike,5,1.0,70.0,1,1
194,12.85,Rainy,Medium,Afternoon,Scooter,23,0.0,80.0,0,2
623,7.72,Rainy,Medium,Morning,Bike,11,5.0,36.0,1,0
6111,9.66,Clear,High,Evening,Bike,21,4.0,64.3,1,1
6472,10.44,Clear,Medium,Afternoon,Bike,12,4.0,51.1,0,1
5751,5.8,Clear,Low,Night,Scooter,17,1.0,31.3,0,0
4817,7.18,Clear,High,Morning,Bike,28,2.0,67.6,1,1
814,18.46,Clear,Unknown,Unknown,Scooter,29,1.0,89.0,0,2
9598,14.32,Foggy,High,Afternoon,Scooter,29,10.0,76.1,0,2
2100,3.34,Windy,Medium,Evening,Scooter,11,1.0,31.0,1,0
4974,5.19,Windy,High,Morning,Scooter,31,1.0,64.5,1,1
5879,4.48,Clear,Low,Afternoon,Bike,18,2.0,34.8,0,0
6688,8.53,Clear,Low,Morning,Bike,25,5.0,53.2,1,1
2988,3.14,Clear,High,Morning,Scooter,25,0.0,49.8,1,1
11768,19.29,Rainy,Medium,Afternoon,Bike,15,24.0,72.6,0,2
7544,11.41,Rainy,Low,Morning,Scooter,17,3.0,51.0,1,1
9903,14.23,Windy,High,Evening,Bike,12,10.0,62.7,1,1
10066,16.72,Clear,Low,Afternoon,Car,23,18.0,53.7,0,1
857,1.21,Snowy,Low,Afternoon,Bike,22,1.0,39.0,0,0
83,6.95,Clear,Medium,Morning,Scooter,25,2.0,58.0,1,1
6104,10.87,Clear,High,Evening,Bike,21,4.0,61.3,1,1
11817,16.17,Clear,Medium,Afternoon,Bike,19,14.0,66.1,0,1
8318,14.49,Foggy,Low,Morning,Bike,15,8.0,59.7,1,1
11312,18.98,Rainy,High,Morning,Bike,27,28.0,89.0,1,2
4376,6.26,Clear,Medium,Afternoon,Bike,17,3.0,42.7,0,1
2331,2.55,Foggy,Medium,Morning,Bike,21,0.0,50.1,1,1
4890,4.99,Clear,Low,Evening,Car,11,2.0,31.7,1,0
659,13.1,Clear,Low,Evening,Bike,28,2.0,72.0,1,2
6548,10.01,Clear,Medium,Morning,Car,17,5.0,46.2,1,1
456,10.11,Windy,Low,Morning,Bike,11,4.0,44.0,1,1
6197,9.87,Clear,Medium,Afternoon,Bike,21,3.0,56.6,0,1
4442,4.73,Clear,Low,Afternoon,Scooter,8,1.0,18.3,0,0
11593,18.06,Windy,Medium,Afternoon,Bike,23,25.0,68.0,0,1
9392,14.04,Clear,Medium,Morning,Scooter,26,8.0,67.8,1,1
11488,17.63,Rainy,Low,Night,Scooter,28,13.0,63.2,0,1
9470,15.57,Rainy,Medium,Afternoon,Bike,17,7.0,71.0,0,2
3055,1.38,Clear,Medium,Morning,Scooter,21,0.0,34.9,1,0
442,19.74,Clear,Unknown,Afternoon,Car,16,1.0,89.0,0,2
6239,9.06,Rainy,Low,Afternoon,Scooter,20,4.0,45.3,0,1
8648,14.82,Clear,Medium,Afternoon,Bike,14,6.0,60.4,0,1
11441,16.48,Rainy,Medium,Morning,Scooter,23,17.0,72.3,1,2
7885,11.6,Rainy,Low,Afternoon,Scooter,12,4.0,47.4,0,1
6632,11.57,Clear,Medium,Afternoon,Bike,18,4.0,50.8,0,1
11507,16.9,Rainy,Low,Evening,Scooter,13,14.0,52.5,1,1
2192,2.65,Clear,Medium,Afternoon,Bike,14,0.0,27.3,0,0
7077,9.05,Rainy,Low,Evening,Bike,26,5.0,57.3,1,1
3330,0.53,Clear,High,Evening,Bike,14,1.0,35.5,1,0
102,12.91,Windy,Medium,Evening,Bike,11,6.0,56.0,1,1
3410,3.21,Foggy,Medium,Evening,Bike,13,1.0,42.6,1,1
92,14.41,Rainy,Unknown,Night,Bike,16,6.0,85.0,0,2
7439,9.77,Windy,High,Morning,Car,19,4.0,56.8,1,1
11444,17.35,Clear,Low,Morning,Scooter,28,14.0,64.3,1,1
9837,12.68,Clear,Medium,Night,Bike,17,9.0,57.1,0,1
2534,3.2,Rainy,Low,Evening,Scooter,19,1.0,36.8,1,0
8433,14.33,Clear,High,Evening,Scooter,10,8.0,53.5,1,1
9155,12.56,Snowy,High,Evening,Scooter,14,7.0,67.1,1,1
3343,1.35,Clear,Medium,Afternoon,Bike,13,1.0,26.1,0,0
4561,7.21,Rainy,Medium,Afternoon,Bike,26,2.0,59.8,0,1
9319,14.05,Clear,Medium,Afternoon,Scooter,20,7.0,50.9,0,1
5493,7.42,Snowy,High,Morning,Bike,18,1.0,61.2,1,1
5654,6.74,Clear,Medium,Afternoon,Bike,14,1.0,41.0,0,1
7822,11.84,Snowy,Medium,Evening,Car,21,6.0,64.1,1,1
7874,10.76,Clear,Low,Night,Bike,9,6.0,35.5,0,0
7679,11.16,Foggy,Low,Evening,Scooter,14,5.0,41.5,1,1
7902,11.15,Clear,Medium,Morning,Scooter,18,5.0,52.2,1,1
8584,13.35,Clear,High,Morning,Bike,17,6.0,69.7,1,1
5316,5.83,Clear,Medium,Evening,Bike,10,2.0,37.5,1,0
7014,11.67,Foggy,Low,Morning,Scooter,14,5.0,52.0,1,1
9595,15.71,Rainy,High,Night,Bike,16,10.0,66.6,0,1
3648,1.74,Foggy,Medium,Morning,Car,14,0.0,36.9,1,0
4414,4.98,Rainy,High,Afternoon,Scooter,24,2.0,54.9,0,1
2226,3.72,Windy,Low,Afternoon,Scooter,17,1.0,32.4,0,0
998,3.17,Clear,Low,Afternoon,Bike,17,1.0,28.0,0,0
7479,11.55,Rainy,Medium,Morning,Scooter,25,6.0,69.0,1,1
9181,13.75,Clear,Low,Morning,Bike,6,7.0,41.1,1,1
11540,16.73,Clear,Low,Evening,Scooter,15,19.0,52.5,1,1
4963,4.9,Clear,Low,Evening,Bike,17,1.0,38.7,1,0
8457,15.88,Clear,Low,Afternoon,Scooter,19,7.0,51.1,0,1
11794,18.07,Clear,Medium,Afternoon,Bike,28,13.0,70.6,0,2
4354,6.2,Rainy,Low,Afternoon,Car,23,2.0,42.2,0,1
8635,12.69,Foggy,Low,Morning,Bike,10,10.0,47.5,1,1
2757,0.57,Clear,High,Afternoon,Bike,13,1.0,28.1,0,0
2858,0.82,Snowy,Low,Morning,Scooter,26,0.0,40.7,1,1
4104,4.47,Windy,Low,Afternoon,Scooter,29,3.0,44.8,0,1
8947,14.81,Foggy,High,Evening,Scooter,24,10.0,71.6,1,2
6247,10.69,Snowy,Low,Evening,Bike,31,5.0,71.2,1,2
10764,16.54,Rainy,Medium,Afternoon,Bike,9,18.0,65.4,0,1
9882,12.36,Clear,Medium,Evening,Scooter,15,7.0,41.7,1,1
2074,0.79,Clear,High,Evening,Bike,31,0.0,55.5,1,1
3163,1.54,Snowy,Medium,Evening,Car,18,1.0,42.2,1,1
7892,8.18,Rainy,Low,Morning,Scooter,14,4.0,40.1,1,1
10208,16.89,Clear,High,Night,Bike,25,21.0,75.7,0,2
2158,0.3,Rainy,Low,Afternoon,Bike,10,0.0,24.2,0,0
10121,17.54,Clear,Low,Afternoon,Car,13,17.0,44.5,0,1
959,3.74,Rainy,Low,Morning,Bike,19,6.0,36.0,1,0
8986,13.97,Rainy,Low,Morning,Scooter,13,7.0,48.1,1,1
7709,11.25,Clear,Medium,Morning,Bike,23,5.0,59.1,1,1
2302,3.21,Clear,Low,Afternoon,Scooter,32,0.0,41.6,0,1
2973,1.49,Clear,High,Evening,Car,28,0.0,47.3,1,1
10556,19.08,Clear,High,Morning,Bike,19,21.0,78.5,1,2
4370,5.58,Rainy,Medium,Afternoon,Bike,12,3.0,42.3,0,1
215,14.39,Rainy,Medium,Morning,Scooter,6,5.0,50.0,1,1
5050,6.93,Clear,Medium,Evening,Scooter,13,1.0,37.8,1,0
11209,17.07,Clear,Medium,Afternoon,Car,19,18.0,53.2,0,1
4744,7.68,Foggy,Low,Afternoon,Car,17,2.0,37.1,0,0
10906,17.71,Clear,High,Afternoon,Bike,16,19.0,60.0,0,1
3668,1.61,Clear,High,Afternoon,Car,18,0.0,31.2,0,0
10521,17.31,Rainy,Medium,Night,Scooter,17,12.0,62.0,0,1
6025,11.52,Foggy,Low,Evening,Bike,15,3.0,53.1,1,1
4199,4.5,Clear,Low,Morning,Bike,17,2.0,33.6,1,0
7478,10.01,Clear,High,Morning,Bike,27,6.0,67.1,1,1
5044,7.01,Clear,Low,Afternoon,Scooter,25,2.0,34.4,0,0
10621,19.9,Windy,Medium,Night,Bike,24,28.0,77.9,0,2
6283,11.41,Rainy,Low,Afternoon,Bike,14,6.0,52.0,0,1
7388,8.12,Clear,Medium,Afternoon,Bike,15,6.0,39.7,0,0
3333,1.2,Rainy,Low,Night,Car,17,1.0,25.8,0,0
9369,14.01,Windy,Low,Evening,Scooter,12,7.0,46.0,1,1
10752,16.82,Clear,High,Afternoon,Car,18,13.0,62.4,0,1
6974,10.32,Snowy,High,Evening,Scooter,24,4.0,69.4,1,1
10239,18.84,Rainy,Medium,Night,Scooter,16,26.0,60.7,0,1
277,16.07,Clear,Medium,Evening,Bike,16,5.0,64.0,1,1
6327,8.31,Clear,Medium,Morning,Car,34,3.0,60.4,1,1
5884,6.15,Clear,Medium,Evening,Bike,15,1.0,44.9,1,1
7070,10.33,Rainy,Low,Morning,Bike,15,4.0,55.6,1,1
4771,4.15,Clear,Low,Morning,Bike,23,3.0,33.9,1,0
217,6.85,Clear,High,Morning,Bike,16,5.0,48.0,1,1
9107,12.84,Rainy,High,Evening,Bike,18,6.0,75.8,1,2
11990,17.05,Clear,Low,Afternoon,Scooter,17,20.0,54.5,0,1
6485,10.13,Snowy,Low,Evening,Bike,21,3.0,63.6,1,1
3899,0.34,Clear,Medium,Night,Scooter,17,1.0,24.4,0,0
11465,16.88,Windy,Medium,Evening,Bike,16,24.0,62.5,1,1
3890,2.56,Clear,Medium,Afternoon,Car,13,0.0,31.0,0,0
8456,14.62,Foggy,Low,Morning,Scooter,13,6.0,58.7,1,1
3852,0.62,Windy,Medium,Afternoon,Bike,19,0.0,34.8,0,0
8183,12.96,Snowy,Low,Afternoon,Bike,17,8.0,60.8,0,1
4103,6.97,Snowy,Low,Night,Scooter,10,2.0,40.1,0,1
10580,16.03,Clear,Medium,Evening,Scooter,13,27.0,57.7,1,1
3278,3.91,Clear,Medium,Morning,Scooter,16,0.0,38.6,1,0
8907,14.91,Foggy,Low,Afternoon,Scooter,29,10.0,66.3,0,1
5037,4.4,Rainy,High,Night,Car,27,1.0,53.2,0,1
5363,4.79,Rainy,Medium,Afternoon,Bike,25,3.0,52.5,0,1
4816,6.57,Rainy,Medium,Evening,Scooter,28,2.0,56.6,1,1
3568,0.32,Clear,Low,Afternoon,Bike,25,0.0,26.5,0,0
5489,7.83,Clear,Low,Evening,Bike,22,3.0,40.4,1,1
701,10.89,Windy,Medium,Evening,Bike,7,0.0,58.0,1,1
8303,13.03,Rainy,Low,Morning,Scooter,23,9.0,61.0,1,1
6480,9.62,Windy,Low,Morning,Bike,22,6.0,51.5,1,1
2960,1.49,Rainy,High,Afternoon,Scooter,28,1.0,49.1,0,1
7136,8.57,Rainy,Low,Evening,Bike,16,6.0,45.0,1,1
3017,3.02,Rainy,Low,Evening,Bike,22,0.0,48.4,1,1
10343,18.52,Rainy,Medium,Evening,Scooter,17,23.0,67.9,1,1
11359,17.22,Rainy,Low,Afternoon,Bike,30,17.0,72.8,0,2
4852,5.46,Clear,High,Evening,Scooter,27,3.0,55.1,1,1
8756,15.14,Clear,Low,Afternoon,Bike,12,7.0,42.9,0,1
7369,8.01,Snowy,Medium,Evening,Bike,17,5.0,61.0,1,1
3755,2.72,Clear,Low,Afternoon,Bike,14,0.0,25.8,0,0
11863,17.54,Clear,High,Evening,Scooter,19,11.0,66.9,1,1
8440,13.72,Rainy,Medium,Morning,Bike,18,6.0,72.4,1,2
11443,16.58,Foggy,Medium,Evening,Scooter,20,14.0,67.3,1,1
402,18.1,Clear,Low,Morning,Scooter,8,5.0,77.0,1,2
10303,19.24,Clear,Medium,Evening,Bike,9,21.0,60.5,1,1
3225,0.27,Clear,Medium,Afternoon,Bike,27,1.0,43.6,0,1
4377,6.47,Snowy,Medium,Evening,Scooter,28,2.0,59.5,1,1
677,2.68,Clear,Low,Morning,Bike,16,8.0,25.0,1,0
4144,6.19,Snowy,Medium,Morning,Scooter,8,1.0,43.7,1,1
10749,18.85,Foggy,Medium,Afternoon,Car,20,11.0,61.8,0,1
6500,10.29,Foggy,High,Morning,Bike,18,6.0,63.7,1,1
4182,4.77,Windy,High,Evening,Bike,21,3.0,59.7,1,1
11355,17.98,Rainy,High,Morning,Car,9,22.0,63.0,1,1
10195,17.4,Windy,Medium,Afternoon,Scooter,11,21.0,58.9,0,1
11459,16.6,Rainy,Low,Evening,Bike,10,25.0,50.5,1,1
9140,12.6,Clear,Medium,Evening,Bike,6,9.0,43.5,1,1
5142,7.54,Clear,Medium,Evening,Scooter,23,1.0,49.9,1,1
3876,0.18,Foggy,Medium,Afternoon,Bike,29,1.0,45.0,0,1
4540,5.6,Rainy,Low,Night,Car,17,2.0,38.0,0,0
2150,0.83,Clear,Low,Night,Scooter,16,0.0,19.0,0,0
6757,10.05,Clear,Medium,Afternoon,Bike,14,4.0,46.9,0,1
11935,17.33,Snowy,Low,Morning,Scooter,29,26.0,78.4,1,2
8224,14.78,Clear,High,Morning,Car,13,8.0,57.9,1,1
6432,11.84,Windy,Low,Morning,Scooter,13,4.0,40.7,1,1
11552,16.42,Clear,Medium,Morning,Scooter,24,30.0,71.0,1,2
679,19.4,Clear,Low,Evening,Scooter,8,9.0,57.0,1,1
9170,12.2,Clear,Medium,Evening,Bike,32,9.0,65.0,1,1
9936,15.22,Clear,Low,Morning,Scooter,21,7.0,56.1,1,1
2188,0.68,Clear,Medium,Evening,Bike,13,1.0,32.1,1,0
767,15.37,Snowy,Medium,Afternoon,Car,15,5.0,66.0,0,1
6832,9.24,Clear,Low,Morning,Bike,23,3.0,51.5,1,1
4436,4.93,Windy,Low,Morning,Car,10,2.0,28.7,1,0
6155,11.61,Rainy,Low,Morning,Car,34,4.0,68.6,1,1
8327,12.56,Snowy,Low,Morning,Scooter,10,9.0,49.2,1,1
2576,3.95,Rainy,Low,Morning,Scooter,24,0.0,42.4,1,1
7050,10.34,Windy,High,Afternoon,Bike,28,5.0,67.9,0,1
10881,19.19,Foggy,Medium,Evening,Bike,13,26.0,71.0,1,2
2686,1.25,Clear,Low,Evening,Bike,16,1.0,37.3,1,0
7668,9.44,Snowy,High,Afternoon,Scooter,26,4.0,65.2,0,1
2596,2.36,Clear,Low,Evening,Bike,15,1.0,22.8,1,0
2604,0.37,Foggy,Low,Afternoon,Bike,15,0.0,25.1,0,0
10664,18.44,Windy,Low,Morning,Scooter,18,18.0,62.0,1,1
2207,2.85,Clear,Low,Night,Scooter,23,1.0,38.3,0,0
7062,9.34,Clear,High,Night,Bike,13,3.0,52.2,0,1
10340,18.79,Foggy,Low,Evening,Bike,12,27.0,62.7,1,1
11819,18.94,Clear,Low,Morning,Scooter,28,25.0,70.4,1,2
2663,1.95,Clear,High,Evening,Car,13,1.0,31.4,1,0
10320,16.17,Clear,Medium,Evening,Car,20,10.0,63.4,1,1
10577,19.95,Clear,Low,Evening,Bike,20,10.0,68.2,1,1
6296,8.68,Clear,High,Evening,Bike,25,5.0,66.2,1,1
838,7.57,Clear,Low,Morning,Bike,21,0.0,56.0,1,1
10462,17.9,Rainy,Medium,Morning,Car,15,20.0,64.9,1,1
7873,9.69,Clear,Medium,Morning,Bike,17,5.0,47.7,1,1
4702,6.3,Rainy,Low,Evening,Bike,14,1.0,45.5,1,1
4666,5.81,Snowy,Low,Afternoon,Car,16,3.0,33.3,0,0
8311,15.66,Clear,Low,Evening,Scooter,25,9.0,58.3,1,1
6592,11.08,Rainy,High,Morning,Car,25,6.0,70.9,1,2
7241,10.48,Clear,Low,Afternoon,Car,23,4.0,44.9,0,1
559,15.23,Foggy,Low,Morning,Car,6,0.0,52.0,1,1
4748,7.65,Clear,Medium,Evening,Scooter,31,1.0,54.9,1,1
4362,5.78,Clear,Low,Afternoon,Scooter,24,2.0,29.1,0,0
8833,13.88,Clear,Medium,Morning,Car,10,6.0,47.3,1,1
5738,6.19,Foggy,Medium,Morning,Scooter,18,2.0,52.3,1,1
5085,6.09,Foggy,Low,Morning,Bike,19,3.0,42.6,1,1
8531,14.19,Clear,Low,Afternoon,Scooter,23,10.0,49.6,0,1
4578,6.15,Snowy,High,Afternoon,Bike,25,1.0,65.7,0,1
6115,10.98,Foggy,Low,Morning,Car,25,3.0,61.8,1,1
6399,10.26,Clear,Medium,Afternoon,Scooter,18,4.0,52.4,0,1
8613,15.74,Rainy,Medium,Morning,Bike,9,8.0,60.1,1,1
10506,17.14,Clear,Low,Evening,Scooter,15,10.0,54.9,1,1
8932,13.72,Foggy,Medium,Afternoon,Bike,7,7.0,45.7,0,1
2947,1.05,Foggy,High,Evening,Scooter,32,0.0,55.7,1,1
342,9.73,Clear,Low,Afternoon,Bike,29,6.0,60.0,0,1
3292,3.29,Rainy,Medium,Evening,Car,22,0.0,41.8,1,1
7947,8.26,Clear,Medium,Evening,Bike,26,5.0,56.3,1,1
852,15.12,Foggy,Low,Morning,Bike,14,1.0,58.0,1,1
6321,11.42,Snowy,Low,Morning,Bike,17,3.0,62.1,1,1
862,9.34,Rainy,Low,Evening,Car,10,0.0,40.0,1,0
8498,15.42,Clear,Low,Night,Car,24,6.0,53.7,0,1
8364,14.45,Clear,Low,Evening,Car,18,8.0,55.2,1,1
410,2.28,Foggy,Medium,Morning,Scooter,27,6.0,44.0,1,1
8799,15.66,Rainy,Low,Morning,Bike,22,6.0,73.2,1,2
47,6.58,Clear,Low,Afternoon,Bike,13,1.0,34.0,0,0
6156,8.77,Clear,Low,Morning,Car,18,5.0,38.4,1,0
4941,4.45,Windy,Low,Morning,Car,18,2.0,32.1,1,0
10588,19.86,Clear,Medium,Morning,Car,26,14.0,73.0,1,2
9216,14.75,Clear,Low,Evening,Scooter,8,7.0,46.0,1,1
11300,17.79,Clear,High,Afternoon,Bike,24,29.0,78.7,0,2
5359,5.6,Rainy,Low,Evening,Scooter,23,3.0,47.6,1,1
11242,18.01,Rainy,High,Afternoon,Bike,21,22.0,84.2,0,2
699,3.51,Windy,Medium,Night,Bike,22,2.0,44.0,0,1
5692,4.1,Rainy,Low,Afternoon,Bike,18,3.0,36.0,0,0
7591,8.72,Clear,Low,Afternoon,Car,27,3.0,41.4,0,1
6368,8.45,Rainy,High,Afternoon,Bike,31,6.0,77.8,0,2
5515,5.04,Windy,Medium,Morning,Bike,25,1.0,50.2,1,1
4319,7.24,Rainy,Low,Morning,Car,32,2.0,58.3,1,1
3297,3.69,Clear,Low,Evening,Bike,17,1.0,28.1,1,0
8665,14.9,Clear,Low,Evening,Scooter,22,10.0,56.8,1,1
4000,1.36,Rainy,Low,Evening,Scooter,19,0.0,29.8,1,0
6569,10.92,Rainy,Medium,Morning,Bike,22,5.0,65.8,1,1
4434,6.39,Clear,High,Afternoon,Bike,17,2.0,49.8,0,1
8946,14.31,Foggy,High,Afternoon,Scooter,28,7.0,72.9,0,2
6563,9.93,Clear,High,Evening,Scooter,22,6.0,53.1,1,1
2238,3.83,Foggy,Medium,Night,Car,13,1.0,33.3,0,0
7496,9.29,Clear,Low,Morning,Bike,26,6.0,55.5,1,1
10262,18.64,Clear,Low,Night,Scooter,19,16.0,55.1,0,1
6453,9.33,Rainy,Medium,Morning,Bike,15,6.0,57.7,1,1
7380,12.0,Snowy,High,Morning,Bike,17,4.0,77.5,1,2
5559,5.66,Rainy,High,Morning,Bike,26,2.0,65.6,1,1
5899,4.58,Clear,Medium,Morning,Bike,27,2.0,53.0,1,1
6722,9.5,Rainy,Medium,Morning,Scooter,20,6.0,60.7,1,1
10426,16.16,Rainy,Medium,Morning,Bike,28,28.0,78.5,1,2
8663,12.35,Clear,Medium,Evening,Scooter,9,6.0,44.2,1,1
7263,9.15,Clear,Low,Afternoon,Bike,26,6.0,46.7,0,1
3317,1.67,Rainy,Medium,Evening,Car,32,0.0,52.8,1,1
5460,5.19,Foggy,Low,Afternoon,Car,19,3.0,30.3,0,0
11433,16.26,Rainy,Low,Afternoon,Bike,23,27.0,68.3,0,1
5157,6.6,Clear,Low,Morning,Bike,19,1.0,40.7,1,1
3935,1.26,Foggy,High,Morning,Bike,21,0.0,51.3,1,1
10683,17.31,Foggy,Medium,Morning,Scooter,14,15.0,62.9,1,1
2105,0.32,Foggy,Low,Afternoon,Car,23,1.0,27.1,0,0
3462,3.82,Rainy,Low,Afternoon,Bike,24,1.0,44.9,0,1
6741,11.8,Clear,Low,Evening,Car,19,4.0,44.3,1,1
9878,12.0,Foggy,High,Afternoon,Bike,17,6.0,67.8,0,1
7795,10.63,Foggy,Medium,Afternoon,Scooter,32,3.0,64.4,0,1
4001,4.62,Snowy,Low,Evening,Bike,21,2.0,53.4,1,1
9317,12.04,Snowy,Low,Evening,Scooter,33,6.0,72.8,1,2
869,17.3,Clear,Low,Evening,Scooter,9,0.0,67.0,1,1
11587,17.76,Clear,Medium,Evening,Scooter,27,15.0,76.4,1,2
10259,18.68,Foggy,Medium,Morning,Bike,13,30.0,72.9,1,2
11874,19.46,Clear,Medium,Morning,Bike,21,19.0,72.1,1,2
2787,3.56,Snowy,Low,Morning,Bike,20,0.0,51.1,1,1
3817,1.35,Foggy,Low,Morning,Bike,27,0.0,46.9,1,1
6329,10.39,Snowy,High,Evening,Scooter,27,6.0,74.6,1,2
7883,8.72,Foggy,Medium,Morning,Bike,17,6.0,57.6,1,1
145,6.05,Clear,Medium,Morning,Car,24,0.0,48.0,1,1
2555,1.01,Clear,Low,Morning,Car,8,1.0,12.7,1,0
5700,4.36,Clear,Medium,Evening,Scooter,14,2.0,34.9,1,0
6208,8.72,Clear,High,Afternoon,Bike,20,5.0,60.0,0,1
4222,5.17,Clear,Low,Afternoon,Scooter,21,2.0,30.3,0,0
10064,16.9,Foggy,Medium,Morning,Bike,22,18.0,82.3,1,2
5021,4.83,Clear,High,Afternoon,Scooter,13,3.0,38.3,0,0
10518,19.36,Clear,High,Afternoon,Bike,11,18.0,70.5,0,2
10071,16.35,Clear,Low,Night,Scooter,22,30.0,53.1,0,1
7600,11.66,Clear,Low,Afternoon,Car,10,6.0,31.0,0,0
9508,14.12,Snowy,Medium,Afternoon,Bike,21,6.0,71.6,0,2
9966,15.64,Snowy,Low,Morning,Bike,11,10.0,64.2,1,1
8698,15.1,Clear,Medium,Evening,Bike,10,6.0,52.6,1,1
2197,0.58,Rainy,Medium,Evening,Scooter,15,1.0,36.1,1,0
10536,17.61,Clear,Medium,Evening,Scooter,15,12.0,60.1,1,1
5039,6.57,Clear,Medium,Morning,Bike,17,1.0,46.3,1,1
2499,3.11,Clear,Low,Morning,Scooter,26,1.0,33.8,1,0
9592,15.21,Windy,Low,Afternoon,Bike,19,9.0,58.8,0,1
10946,17.27,Foggy,High,Morning,Scooter,17,10.0,66.7,1,1
8568,15.39,Rainy,Low,Night,Bike,15,10.0,52.8,0,1
11777,19.56,Clear,Medium,Afternoon,Car,19,13.0,61.9,0,1
10698,16.92,Clear,Low,Afternoon,Bike,12,11.0,51.1,0,1
7485,8.28,Snowy,Medium,Morning,Scooter,10,3.0,46.7,1,1
8288,14.72,Windy,Low,Morning,Scooter,25,7.0,60.4,1,1
8011,13.54,Foggy,Medium,Afternoon,Scooter,11,6.0,49.0,0,1
6917,11.33,Foggy,Low,Afternoon,Bike,15,3.0,46.1,0,1
4024,7.3,Clear,Medium,Night,Scooter,20,3.0,44.1,0,1
11122,18.22,Windy,Medium,Night,Car,15,13.0,54.3,0,1
4437,5.76,Rainy,Medium,Evening,Bike,15,2.0,50.7,1,1
2691,1.13,Clear,High,Night,Bike,15,0.0,36.0,0,0
3005,0.11,Rainy,Low,Afternoon,Scooter,14,0.0,24.8,0,0
5673,7.97,Clear,Medium,Afternoon,Bike,6,2.0,29.8,0,0
9354,14.29,Rainy,Medium,Evening,Scooter,19,6.0,67.6,1,1
9521,12.53,Clear,Low,Evening,Bike,14,8.0,48.0,1,1
2040,3.77,Rainy,Low,Evening,Scooter,21,0.0,41.5,1,1
770,16.51,Clear,Medium,Morning,Bike,7,1.0,79.0,1,2
5706,5.52,Clear,Low,Afternoon,Bike,19,1.0,35.9,0,0
4745,7.79,Clear,High,Night,Scooter,20,2.0,52.1,0,1
581,9.45,Clear,Low,Afternoon,Car,13,0.0,49.0,0,1
298,4.71,Clear,Low,Morning,Bike,20,6.0,31.0,1,0
8344,12.05,Clear,Medium,Afternoon,Scooter,15,6.0,47.0,0,1
9237,12.91,Clear,Low,Evening,Bike,16,8.0,47.2,1,1
2104,0.85,Windy,High,Night,Car,16,0.0,30.2,0,0
197,14.66,Windy,Medium,Unknown,Bike,20,2.0,77.0,0,2
10009,18.07,Snowy,Medium,Afternoon,Bike,23,11.0,83.8,0,2
8173,12.95,Clear,Low,Night,Car,13,7.0,35.7,0,0
10289,19.94,Clear,Medium,Afternoon,Scooter,20,29.0,67.9,0,1
3296,0.41,Clear,High,Afternoon,Bike,28,1.0,46.4,0,1
5557,6.47,Rainy,Low,Afternoon,Scooter,22,3.0,40.2,0,1
10400,19.67,Foggy,Low,Evening,Bike,25,14.0,76.5,1,2
9899,14.83,Windy,Low,Evening,Bike,15,6.0,56.2,1,1
7968,10.09,Clear,Medium,Evening,Bike,16,4.0,49.4,1,1
8348,13.9,Foggy,High,Morning,Scooter,9,8.0,60.2,1,1
7086,10.59,Clear,High,Afternoon,Scooter,15,3.0,52.8,0,1
3955,3.33,Windy,High,Morning,Car,11,0.0,44.2,1,1
2679,1.33,Clear,Medium,Evening,Scooter,28,1.0,46.4,1,1
3116,1.03,Clear,Low,Morning,Bike,29,0.0,44.3,1,1
2681,1.78,Clear,Low,Evening,Bike,19,0.0,36.9,1,0
2190,2.8,Clear,Medium,Evening,Car,13,1.0,25.1,1,0
9399,13.26,Windy,High,Evening,Car,23,6.0,68.0,1,1
5240,6.1,Clear,Medium,Afternoon,Bike,8,2.0,34.1,0,0
2219,3.08,Windy,Medium,Afternoon,Bike,15,0.0,37.2,0,0
2563,0.1,Snowy,High,Evening,Scooter,15,0.0,39.9,1,0
9827,13.43,Foggy,Medium,Morning,Scooter,14,9.0,55.9,1,1
919,15.39,Clear,Medium,Evening,Scooter,24,5.0,89.0,1,2
10514,19.12,Windy,Medium,Evening,Bike,16,24.0,72.4,1,2
9450,14.25,Rainy,Medium,Afternoon,Scooter,17,8.0,59.4,0,1
4591,4.11,Foggy,Low,Morning,Bike,15,1.0,38.9,1,0
11116,19.96,Snowy,Medium,Afternoon,Car,25,24.0,72.7,0,2
8767,14.28,Snowy,Medium,Afternoon,Bike,17,10.0,61.1,0,1
689,15.51,Rainy,Medium,Morning,Scooter,10,8.0,81.0,1,2
6629,9.67,Clear,Low,Evening,Bike,15,6.0,47.7,1,1
7925,9.71,Rainy,Low,Evening,Bike,18,5.0,54.5,1,1
9770,15.98,Rainy,Low,Morning,Scooter,14,10.0,57.2,1,1
8563,12.09,Clear,Medium,Morning,Scooter,15,9.0,48.2,1,1
8676,13.93,Clear,High,Morning,Scooter,16,10.0,62.6,1,1
8516,12.76,Clear,Low,Morning,Scooter,12,8.0,38.6,1,0
4405,7.37,Snowy,High,Evening,Bike,17,2.0,64.1,1,1
10022,16.2,Clear,High,Evening,Bike,22,12.0,75.5,1,2
9367,12.15,Clear,High,Afternoon,Scooter,21,7.0,60.5,0,1
9409,13.5,Rainy,High,Morning,Bike,14,9.0,62.6,1,1
90,9.71,Clear,Low,Morning,Bike,8,1.0,49.0,1,1
10099,18.07,Clear,Low,Afternoon,Bike,9,17.0,50.1,0,1
8607,14.84,Snowy,High,Morning,Bike,19,10.0,76.8,1,2
8249,15.85,Rainy,Medium,Morning,Car,21,7.0,66.0,1,1
2773,1.31,Rainy,Low,Afternoon,Bike,11,1.0,29.2,0,0
8931,13.99,Clear,High,Evening,Car,12,9.0,55.6,1,1
7305,11.81,Clear,Medium,Morning,Bike,12,5.0,52.4,1,1
4447,5.01,Clear,Low,Morning,Bike,9,2.0,31.8,1,0
3028,1.45,Clear,High,Evening,Bike,25,0.0,54.1,1,1
9525,13.19,Clear,High,Night,Bike,23,7.0,65.4,0,1
4489,6.37,Clear,High,Afternoon,Bike,33,3.0,66.1,0,1
7639,10.69,Clear,Low,Morning,Bike,17,5.0,44.8,1,1
3928,2.96,Foggy,Low,Morning,Scooter,20,1.0,36.4,1,0
7454,9.1,Clear,Medium,Morning,Car,17,5.0,43.6,1,1
6374,10.59,Clear,Medium,Morning,Car,27,4.0,58.2,1,1
11498,19.81,Clear,High,Evening,Bike,22,16.0,88.3,1,2
9109,12.99,Clear,Low,Afternoon,Scooter,8,8.0,36.4,0,0
8523,14.05,Clear,High,Afternoon,Scooter,19,8.0,54.1,0,1
8522,12.66,Clear,Medium,Afternoon,Bike,21,10.0,53.4,0,1
6121,10.12,Windy,Low,Morning,Bike,21,3.0,48.6,1,1
9261,12.08,Snowy,Low,Afternoon,Bike,20,7.0,62.6,0,1
11994,17.64,Clear,Medium,Evening,Car,14,23.0,59.8,1,1
7525,8.15,Clear,Low,Morning,Scooter,23,5.0,44.0,1,1
7190,8.76,Rainy,Medium,Morning,Bike,13,4.0,51.6,1,1
2468,1.94,Windy,Medium,Morning,Car,22,1.0,42.8,1,1
5429,7.48,Windy,Medium,Evening,Scooter,14,2.0,39.1,1,0
4694,6.83,Windy,Medium,Morning,Scooter,19,3.0,49.9,1,1
6406,8.37,Rainy,High,Morning,Scooter,20,6.0,59.6,1,1
2865,3.64,Clear,Low,Morning,Bike,11,1.0,24.3,1,0
6847,8.88,Clear,Medium,Afternoon,Car,18,6.0,36.9,0,0
9278,15.08,Rainy,Medium,Morning,Car,6,9.0,50.6,1,1
2271,0.24,Clear,Low,Afternoon,Bike,11,0.0,12.7,0,0
8400,13.26,Snowy,Low,Evening,Bike,25,8.0,71.7,1,2
50,4.1,Clear,Low,Morning,Bike,21,3.0,37.0,1,0
3919,3.76,Rainy,High,Morning,Bike,14,0.0,51.3,1,1
4774,7.78,Clear,Medium,Morning,Bike,25,1.0,62.3,1,1
7798,10.47,Windy,Low,Night,Car,16,6.0,35.0,0,0
11634,18.01,Clear,Medium,Afternoon,Bike,21,12.0,65.3,0,1
8216,13.12,Clear,Low,Morning,Bike,16,10.0,44.3,1,1
7041,11.38,Clear,Low,Morning,Bike,21,5.0,55.4,1,1
5342,4.47,Snowy,Medium,Morning,Bike,26,1.0,59.6,1,1
9842,12.83,Clear,Low,Afternoon,Bike,15,7.0,40.3,0,1
6376,8.96,Clear,Low,Morning,Scooter,19,4.0,41.9,1,1
11595,18.63,Rainy,Low,Morning,Scooter,28,14.0,78.6,1,2
6938,9.49,Foggy,Medium,Afternoon,Bike,15,3.0,50.2,0,1
10193,19.45,Clear,Medium,Afternoon,Bike,17,23.0,72.6,0,2
2537,2.76,Rainy,Low,Evening,Bike,15,0.0,34.5,1,0
4107,7.62,Foggy,Low,Evening,Bike,17,2.0,51.0,1,1
4498,4.14,Clear,Medium,Afternoon,Bike,28,3.0,46.7,0,1
7255,11.74,Foggy,Medium,Morning,Bike,19,5.0,64.3,1,1
5170,5.96,Rainy,Medium,Afternoon,Car,7,1.0,30.8,0,0
6069,11.56,Windy,Low,Morning,Scooter,16,3.0,46.2,1,1
8345,15.66,Clear,Low,Afternoon,Scooter,20,9.0,44.9,0,1
101,1.11,Clear,High,Morning,Scooter,22,8.0,35.0,1,0
8367,15.84,Clear,Low,Evening,Scooter,9,9.0,43.7,1,1
8384,15.63,Foggy,Medium,Night,Scooter,17,9.0,59.0,0,1
4082,6.16,Clear,High,Morning,Car,13,3.0,38.9,1,0
4315,7.7,Clear,Low,Evening,Bike,24,1.0,50.5,1,1
3593,2.54,Windy,High,Morning,Bike,20,0.0,51.5,1,1
3903,3.88,Snowy,Low,Afternoon,Scooter,24,1.0,49.7,0,1
8260,14.08,Clear,High,Evening,Bike,12,10.0,62.5,1,1
5209,4.17,Clear,Low,Night,Car,20,2.0,31.2,0,0
944,16.68,Unknown,Medium,Afternoon,Bike,9,9.0,63.0,0,1
11324,19.68,Rainy,Medium,Morning,Car,13,20.0,69.8,1,1
9245,14.69,Clear,High,Morning,Bike,26,7.0,73.2,1,2
7650,9.76,Clear,Medium,Evening,Scooter,24,4.0,50.5,1,1
7235,11.82,Foggy,Medium,Morning,Bike,22,5.0,67.0,1,1
2075,1.05,Clear,Medium,Morning,Bike,14,0.0,29.7,1,0
806,14.86,Unknown,High,Night,Scooter,15,4.0,89.0,0,2
3435,3.63,Clear,Low,Evening,Bike,7,0.0,26.7,1,0
2998,0.32,Clear,Low,Afternoon,Bike,24,1.0,30.5,0,0
9762,15.34,Windy,Low,Evening,Bike,29,6.0,70.3,1,2
5122,6.89,Clear,Low,Evening,Bike,16,2.0,38.1,1,0
7180,9.74,Rainy,Medium,Evening,Bike,22,5.0,60.4,1,1
3811,0.48,Clear,High,Afternoon,Bike,14,0.0,36.2,0,0
6166,10.76,Clear,Medium,Morning,Bike,30,6.0,63.5,1,1
4378,6.19,Rainy,High,Afternoon,Bike,16,3.0,44.2,0,1
5811,4.89,Rainy,Medium,Morning,Bike,20,3.0,55.1,1,1
5160,4.41,Clear,Medium,Morning,Bike,22,1.0,44.3,1,1
6091,10.18,Clear,Low,Morning,Scooter,18,3.0,50.0,1,1
9863,12.61,Clear,Medium,Afternoon,Bike,20,6.0,50.2,0,1
9072,14.12,Clear,Medium,Night,Scooter,19,8.0,53.1,0,1
9039,15.72,Snowy,Medium,Morning,Scooter,16,7.0,66.8,1,1
2915,1.59,Windy,High,Evening,Car,21,1.0,45.8,1,1
7837,9.89,Snowy,Medium,Evening,Scooter,17,4.0,56.6,1,1
3546,3.89,Clear,Low,Morning,Bike,16,1.0,33.0,1,0
3807,0.7,Clear,Low,Morning,Car,11,1.0,15.3,1,0
4406,7.74,Clear,Low,Afternoon,Car,19,3.0,40.8,0,1
10335,19.31,Clear,Medium,Afternoon,Car,23,29.0,67.2,0,1
6423,9.57,Rainy,Low,Evening,Bike,14,4.0,46.1,1,1
6174,11.02,Clear,Low,Morning,Bike,26,5.0,58.4,1,1
3789,1.11,Snowy,Low,Afternoon,Scooter,9,0.0,21.3,0,0
4206,7.06,Rainy,Low,Afternoon,Bike,18,1.0,51.1,0,1
8164,13.39,Rainy,Medium,Afternoon,Scooter,21,9.0,60.1,0,1
4988,7.82,Rainy,Medium,Morning,Scooter,14,1.0,48.0,1,1
9105,14.97,Clear,Medium,Morning,Scooter,28,10.0,66.8,1,1
6852,11.84,Foggy,Low,Evening,Bike,7,4.0,48.5,1,1
2133,3.15,Rainy,Low,Afternoon,Bike,30,0.0,49.3,0,1
5793,4.04,Clear,Medium,Evening,Car,19,3.0,31.8,1,0
4762,5.22,Windy,Low,Afternoon,Bike,18,1.0,37.4,0,0
8009,13.69,Foggy,Low,Evening,Bike,24,10.0,70.0,1,1
9334,15.58,Rainy,High,Night,Bike,21,10.0,72.3,0,2
651,2.19,Clear,Low,Evening,Bike,26,3.0,32.0,1,0
5858,5.86,Clear,Medium,Evening,Bike,11,2.0,34.7,1,0
9275,13.2,Foggy,Medium,Afternoon,Bike,18,7.0,57.0,0,1
11424,16.24,Clear,High,Afternoon,Car,19,15.0,61.3,0,1
3139,2.66,Clear,Low,Morning,Bike,26,0.0,38.6,1,0
6512,9.0,Rainy,High,Afternoon,Scooter,22,5.0,62.0,0,1
8751,12.07,Clear,Medium,Afternoon,Scooter,15,7.0,48.0,0,1
768,17.6,Clear,Low,Afternoon,Bike,27,3.0,69.0,0,1
7623,11.2,Rainy,Medium,Morning,Scooter,22,6.0,61.6,1,1
630,5.42,Clear,Low,Evening,Scooter,11,9.0,26.0,1,0
2742,2.71,Clear,Low,Night,Bike,16,0.0,28.9,0,0
7229,8.44,Clear,Medium,Afternoon,Car,30,6.0,47.5,0,1
7543,8.16,Rainy,Medium,Morning,Scooter,13,3.0,46.0,1,1
6878,8.02,Rainy,Low,Evening,Scooter,21,3.0,46.9,1,1
11336,18.53,Snowy,Medium,Afternoon,Bike,13,29.0,67.8,0,1
9848,14.09,Clear,Medium,Afternoon,Scooter,26,7.0,63.1,0,1
7242,8.51,Clear,High,Afternoon,Bike,21,4.0,50.9,0,1
4184,4.75,Clear,Low,Morning,Bike,14,3.0,30.4,1,0
7171,10.09,Foggy,Medium,Morning,Bike,33,5.0,77.1,1,2
6352,10.05,Clear,Low,Evening,Scooter,25,5.0,52.1,1,1
4589,5.68,Clear,Low,Evening,Bike,19,3.0,46.1,1,1
457,0.72,Rainy,Medium,Afternoon,Scooter,9,2.0,23.0,0,0
8716,14.45,Snowy,Medium,Morning,Scooter,12,7.0,60.4,1,1
11829,18.25,Clear,Medium,Afternoon,Bike,13,10.0,59.2,0,1
5491,6.84,Rainy,Medium,Afternoon,Bike,22,3.0,46.7,0,1
9630,14.32,Snowy,Low,Morning,Bike,11,10.0,51.7,1,1
8403,15.22,Clear,High,Afternoon,Bike,19,10.0,67.8,0,1
2420,0.64,Windy,Low,Night,Bike,25,1.0,37.4,0,0
10382,19.62,Rainy,Medium,Afternoon,Scooter,10,19.0,64.4,0,1
4403,5.41,Foggy,Low,Afternoon,Car,21,1.0,35.1,0,0
6895,8.81,Rainy,Low,Morning,Bike,27,6.0,59.7,1,1
6902,9.45,Clear,Low,Morning,Bike,18,5.0,54.5,1,1
5867,7.01,Rainy,Low,Afternoon,Bike,18,1.0,45.8,0,1
5064,6.18,Snowy,High,Afternoon,Scooter,8,2.0,46.1,0,1
7502,11.52,Rainy,High,Afternoon,Car,14,6.0,55.7,0,1
8730,15.64,Rainy,High,Morning,Scooter,12,8.0,69.2,1,1
4481,6.93,Rainy,High,Afternoon,Bike,23,3.0,64.4,0,1
9232,12.84,Clear,High,Morning,Scooter,18,7.0,58.9,1,1
2258,3.71,Clear,Low,Evening,Bike,21,1.0,43.3,1,1
662,19.74,Rainy,High,Afternoon,Scooter,11,7.0,81.0,0,2
7831,10.64,Rainy,High,Night,Car,11,3.0,52.0,0,1
11447,17.35,Rainy,Medium,Evening,Bike,11,18.0,66.2,1,1
8028,15.15,Clear,High,Morning,Scooter,16,9.0,62.9,1,1
9529,14.05,Clear,Low,Morning,Scooter,19,10.0,53.4,1,1
9875,12.95,Rainy,Medium,Evening,Car,25,10.0,64.5,1,1
4521,7.71,Clear,Medium,Morning,Car,20,1.0,50.2,1,1
6123,9.49,Snowy,Medium,Morning,Bike,14,6.0,58.0,1,1
6234,11.74,Foggy,Medium,Afternoon,Bike,16,5.0,57.2,0,1
218,15.06,Rainy,Low,Morning,Bike,22,4.0,65.0,1,1
6317,11.97,Windy,Low,Afternoon,Car,25,4.0,55.2,0,1
10378,17.85,Snowy,Low,Morning,Bike,18,23.0,73.5,1,2
9719,14.65,Foggy,Medium,Morning,Scooter,15,10.0,56.3,1,1
2970,1.53,Clear,Low,Morning,Bike,16,0.0,31.7,1,0
8330,13.56,Clear,Medium,Evening,Bike,17,9.0,54.8,1,1
6857,8.62,Clear,Low,Afternoon,Bike,22,4.0,43.3,0,1
6698,10.77,Clear,High,Night,Scooter,13,5.0,50.3,0,1
6870,9.39,Rainy,Medium,Morning,Bike,14,5.0,53.7,1,1
9996,13.18,Clear,Medium,Afternoon,Scooter,12,8.0,40.8,0,1
5582,4.4,Foggy,Medium,Morning,Bike,17,2.0,53.9,1,1
949,17.54,Clear,Unknown,Morning,Car,16,8.0,54.0,1,1
9333,13.02,Clear,Medium,Evening,Bike,15,10.0,48.8,1,1
11565,19.95,Rainy,Medium,Morning,Bike,11,28.0,70.9,1,2
11154,17.7,Windy,Low,Morning,Car,20,22.0,64.6,1,1
7862,9.87,Clear,High,Afternoon,Bike,25,5.0,64.3,0,1
5719,6.01,Windy,Low,Morning,Car,9,1.0,28.8,1,0
6627,8.65,Snowy,Low,Evening,Car,10,6.0,43.1,1,1
38,2.4,Snowy,Low,Night,Scooter,27,5.0,42.0,0,1
8320,14.89,Rainy,Medium,Morning,Bike,19,9.0,71.3,1,2
11017,19.4,Rainy,Low,Afternoon,Bike,24,10.0,69.2,0,1
5928,5.54,Snowy,Medium,Afternoon,Scooter,9,2.0,38.5,0,0
10603,16.35,Clear,Medium,Evening,Bike,23,26.0,66.4,1,1
3100,2.77,Clear,Low,Afternoon,Scooter,19,0.0,26.3,0,0
8550,15.03,Clear,Low,Afternoon,Scooter,7,7.0,37.1,0,0
10011,18.47,Windy,Low,Morning,Car,10,17.0,48.9,1,1
11197,16.99,Rainy,Medium,Evening,Scooter,20,28.0,68.7,1,1
948,18.05,Clear,Medium,Evening,Scooter,10,7.0,89.0,1,2
4482,6.06,Clear,Low,Evening,Scooter,18,2.0,40.2,1,1
2446,0.1,Foggy,Medium,Evening,Car,18,1.0,32.4,1,0
9817,12.19,Rainy,Low,Evening,Bike,12,9.0,50.9,1,1
173,10.49,Rainy,Low,Morning,Bike,28,9.0,66.0,1,1
5896,4.99,Rainy,Low,Evening,Scooter,19,3.0,48.2,1,1
5827,6.23,Clear,Medium,Afternoon,Scooter,17,1.0,41.2,0,1
839,11.82,Windy,Medium,Night,Bike,24,7.0,77.0,0,2
2557,1.71,Clear,Medium,Morning,Bike,32,0.0,54.8,1,1
4507,7.09,Windy,Low,Evening,Car,21,3.0,46.7,1,1
11945,19.41,Clear,Medium,Afternoon,Bike,13,22.0,58.4,0,1
9391,12.71,Clear,Low,Afternoon,Scooter,16,7.0,40.9,0,1
747,7.99,Clear,Medium,Evening,Bike,18,4.0,42.0,1,1
612,16.09,Rainy,Low,Morning,Bike,21,8.0,66.0,1,1
6170,8.29,Clear,Low,Evening,Scooter,14,6.0,30.9,1,0
2999,3.35,Windy,Low,Afternoon,Scooter,18,1.0,28.3,0,0
7152,10.2,Clear,High,Morning,Bike,12,6.0,51.6,1,1
5950,4.59,Clear,Low,Evening,Car,11,3.0,24.5,1,0
4707,6.15,Snowy,Medium,Evening,Bike,24,3.0,58.7,1,1
10854,20.0,Rainy,Low,Afternoon,Bike,18,25.0,66.4,0,1
7871,8.55,Rainy,Medium,Night,Car,13,3.0,46.9,0,1
11283,16.5,Clear,Low,Evening,Bike,13,13.0,56.7,1,1
9558,12.26,Clear,High,Morning,Scooter,7,9.0,48.7,1,1
6085,8.28,Rainy,Low,Evening,Bike,14,3.0,48.9,1,1
6837,8.09,Clear,Low,Morning,Scooter,10,6.0,28.6,1,0
8208,13.6,Clear,Medium,Afternoon,Bike,9,10.0,44.6,0,1
7061,9.34,Clear,Medium,Afternoon,Scooter,17,3.0,43.7,0,1
10490,17.58,Foggy,Medium,Afternoon,Scooter,28,30.0,73.5,0,2
7823,10.07,Foggy,Low,Evening,Scooter,17,6.0,44.3,1,1
6477,8.34,Rainy,Low,Evening,Scooter,17,4.0,47.2,1,1
6836,9.64,Snowy,Medium,Afternoon,Scooter,12,6.0,49.9,0,1
4449,4.21,Rainy,High,Morning,Scooter,11,1.0,47.5,1,1
490,17.86,Clear,Low,Afternoon,Scooter,16,8.0,83.0,0,2
6458,10.85,Rainy,Medium,Afternoon,Bike,14,6.0,53.6,0,1
7342,9.73,Clear,High,Morning,Bike,13,6.0,52.6,1,1
219,13.17,Rainy,High,Evening,Scooter,17,8.0,69.0,1,1
4017,7.48,Clear,High,Morning,Bike,14,2.0,47.4,1,1
11920,16.44,Snowy,High,Evening,Scooter,8,11.0,65.5,1,1
5945,6.88,Clear,Medium,Evening,Scooter,15,1.0,42.1,1,1
7696,11.24,Clear,Low,Morning,Car,8,6.0,36.7,1,0
2427,3.94,Clear,Medium,Afternoon,Car,23,1.0,38.5,0,0
8231,14.03,Windy,Medium,Morning,Car,18,8.0,58.7,1,1
10735,19.12,Foggy,High,Afternoon,Bike,10,17.0,70.6,0,2
3267,3.16,Clear,Low,Afternoon,Bike,24,1.0,43.0,0,1
6262,10.44,Snowy,Low,Afternoon,Car,14,6.0,47.6,0,1
3014,2.5,Windy,Medium,Morning,Bike,23,1.0,47.4,1,1
8507,14.35,Windy,Medium,Afternoon,Bike,27,10.0,71.3,0,2
11651,18.79,Snowy,Low,Evening,Scooter,23,20.0,72.6,1,2
10353,19.12,Snowy,Low,Evening,Car,9,23.0,60.2,1,1
8852,15.56,Clear,Low,Morning,Scooter,10,6.0,41.7,1,1
9355,12.68,Rainy,Low,Afternoon,Scooter,10,7.0,46.2,0,1
7469,8.24,Rainy,Medium,Morning,Bike,8,3.0,46.8,1,1
10410,19.02,Rainy,Low,Afternoon,Scooter,11,29.0,56.6,0,1
3743,0.39,Clear,High,Morning,Bike,24,1.0,41.2,1,1
348,1.38,Clear,Low,Morning,Scooter,13,9.0,17.0,1,0
6687,8.89,Clear,Medium,Afternoon,Bike,11,5.0,39.5,0,0
8387,13.26,Clear,Medium,Afternoon,Bike,16,10.0,50.3,0,1
5251,5.55,Windy,Low,Morning,Scooter,18,2.0,44.6,1,1
5128,7.02,Clear,Low,Evening,Bike,14,2.0,37.2,1,0
5777,5.93,Foggy,Low,Morning,Bike,13,3.0,38.4,1,0
6311,10.65,Rainy,Medium,Afternoon,Scooter,23,5.0,54.5,0,1
845,3.4,Windy,Medium,Morning,Bike,11,6.0,30.0,1,0
9714,12.46,Clear,Low,Afternoon,Scooter,20,6.0,48.3,0,1
7856,10.31,Snowy,High,Morning,Bike,15,4.0,65.1,1,1
3178,0.6,Clear,Low,Afternoon,Car,17,1.0,16.6,0,0
9890,14.25,Rainy,Medium,Evening,Scooter,27,6.0,70.3,1,2
6499,8.58,Snowy,Low,Evening,Bike,16,5.0,44.8,1,1
5733,5.18,Rainy,Low,Afternoon,Bike,26,2.0,56.7,0,1
10584,17.7,Clear,High,Evening,Car,14,27.0,61.1,1,1
11716,16.42,Rainy,Medium,Evening,Car,23,18.0,70.7,1,2
4421,6.85,Clear,Medium,Evening,Bike,9,3.0,42.7,1,1
3999,2.83,Snowy,High,Evening,Bike,34,1.0,69.5,1,1
3774,3.45,Snowy,Low,Morning,Scooter,17,1.0,45.0,1,1
5379,7.6,Clear,Low,Morning,Bike,19,3.0,43.2,1,1
10163,18.82,Clear,High,Night,Bike,15,23.0,72.2,0,2
11740,18.63,Rainy,Medium,Evening,Scooter,8,17.0,64.3,1,1
4080,7.05,Clear,Medium,Afternoon,Car,22,2.0,41.3,0,1
9141,15.79,Clear,High,Afternoon,Bike,8,9.0,50.9,0,1
8992,15.63,Clear,Medium,Evening,Car,15,8.0,55.8,1,1
3250,2.15,Windy,Low,Afternoon,Bike,31,1.0,45.3,0,1
4586,7.95,Clear,Medium,Evening,Bike,28,3.0,62.4,1,1
5802,5.31,Clear,Low,Morning,Bike,34,3.0,54.7,1,1
7684,9.72,Rainy,High,Evening,Bike,20,6.0,67.3,1,1
10187,16.95,Clear,Medium,Evening,Car,17,18.0,61.7,1,1
8581,12.5,Snowy,Low,Night,Bike,18,10.0,50.0,0,1
11675,19.38,Clear,Low,Afternoon,Car,15,20.0,49.4,0,1
908,7.17,Clear,Low,Afternoon,Bike,15,7.0,32.0,0,0
5958,6.52,Windy,Medium,Evening,Car,15,2.0,45.9,1,1
11394,19.06,Clear,Low,Evening,Bike,13,29.0,55.6,1,1
2041,0.24,Clear,Medium,Afternoon,Scooter,17,0.0,24.3,0,0
5225,4.84,Clear,Low,Morning,Scooter,27,1.0,46.5,1,1
8499,14.11,Clear,High,Afternoon,Bike,17,9.0,56.8,0,1
5422,4.35,Clear,Low,Morning,Bike,13,3.0,33.3,1,0
9718,14.98,Snowy,Low,Afternoon,Scooter,10,9.0,46.1,0,1
2754,2.83,Clear,Medium,Afternoon,Bike,10,1.0,27.0,0,0
4013,6.26,Clear,High,Afternoon,Bike,20,3.0,45.8,0,1
6675,11.74,Rainy,High,Morning,Bike,6,4.0,60.0,1,1
154,10.04,Rainy,High,Afternoon,Bike,12,9.0,59.0,0,1
3160,0.11,Foggy,Medium,Morning,Bike,26,1.0,47.9,1,1
4534,4.71,Clear,Low,Morning,Bike,13,3.0,29.3,1,0
6307,10.33,Rainy,Medium,Morning,Bike,20,4.0,61.9,1,1
2792,1.74,Clear,High,Evening,Bike,7,0.0,33.1,1,0
4497,4.32,Rainy,Low,Evening,Scooter,10,3.0,36.2,1,0
3626,1.46,Foggy,Medium,Evening,Scooter,16,0.0,30.3,1,0
565,7.34,Foggy,Medium,Afternoon,Bike,22,5.0,89.0,0,2
6082,8.3,Clear,Medium,Afternoon,Car,11,6.0,32.6,0,0
8558,13.78,Clear,Low,Afternoon,Scooter,14,8.0,43.1,0,1
8845,13.87,Rainy,High,Evening,Scooter,15,10.0,60.3,1,1
10502,16.53,Foggy,Low,Afternoon,Car,17,13.0,51.5,0,1
9601,14.26,Windy,Low,Morning,Bike,21,7.0,57.7,1,1
2194,2.68,Snowy,Low,Evening,Car,12,0.0,33.9,1,0
887,13.23,Clear,Medium,Night,Bike,20,8.0,70.0,0,1
10321,19.89,Clear,High,Afternoon,Car,34,16.0,87.4,0,2
3441,0.73,Clear,Medium,Morning,Scooter,18,0.0,30.7,1,0
9075,13.47,Foggy,Low,Afternoon,Scooter,21,6.0,53.6,0,1
11319,17.62,Foggy,Low,Afternoon,Scooter,24,10.0,58.6,0,1
6793,11.43,Clear,High,Night,Car,13,4.0,52.5,0,1
7716,10.53,Clear,Medium,Morning,Bike,13,4.0,53.5,1,1
961,2.11,Clear,Low,Afternoon,Scooter,28,5.0,34.0,0,0
5285,7.82,Clear,High,Morning,Car,14,2.0,55.2,1,1
5743,5.92,Snowy,Low,Evening,Bike,20,3.0,53.5,1,1
7847,11.3,Windy,Medium,Morning,Bike,16,3.0,59.9,1,1
10438,17.13,Foggy,High,Morning,Car,17,26.0,72.0,1,2
4645,7.5,Clear,Low,Evening,Bike,10,3.0,38.6,1,0
5182,4.17,Clear,High,Morning,Bike,13,2.0,48.6,1,1
11667,18.73,Windy,High,Afternoon,Scooter,21,23.0,74.4,0,2
724,14.95,Clear,Medium,Morning,Bike,13,7.0,49.0,1,1
7577,9.46,Windy,High,Afternoon,Bike,18,4.0,54.8,0,1
4471,4.09,Clear,Low,Morning,Car,11,1.0,24.6,1,0
4015,7.91,Clear,Medium,Morning,Bike,28,2.0,65.0,1,1
7386,10.33,Foggy,Low,Evening,Bike,16,3.0,56.9,1,1
5540,7.14,Clear,High,Afternoon,Bike,18,3.0,51.0,0,1
2635,3.71,Clear,Low,Morning,Bike,13,1.0,35.8,1,0
5832,5.36,Rainy,Medium,Evening,Bike,17,2.0,49.7,1,1
8217,12.96,Rainy,Low,Evening,Scooter,15,9.0,49.5,1,1
11018,18.65,Clear,Medium,Night,Bike,21,22.0,70.3,0,2
10379,16.01,Clear,High,Evening,Bike,22,12.0,72.2,1,2
2294,2.62,Clear,Medium,Morning,Bike,16,1.0,41.8,1,1
7094,10.91,Clear,Low,Morning,Scooter,29,3.0,52.5,1,1
4020,5.76,Clear,Medium,Evening,Car,34,1.0,55.3,1,1
5521,7.81,Rainy,Low,Evening,Bike,9,1.0,40.5,1,1
738,16.42,Clear,Medium,Evening,Bike,20,2.0,84.0,1,2
6280,10.19,Foggy,Low,Morning,Scooter,24,3.0,54.8,1,1
6604,11.96,Rainy,High,Evening,Bike,9,3.0,68.3,1,1
5741,7.95,Clear,Low,Afternoon,Bike,14,2.0,35.0,0,0
10963,18.61,Foggy,Low,Afternoon,Scooter,27,29.0,65.0,0,1
10765,18.19,Clear,Low,Morning,Bike,13,11.0,62.8,1,1
10333,16.55,Clear,Medium,Night,Scooter,6,30.0,44.9,0,1
10648,19.42,Clear,High,Evening,Bike,12,29.0,67.9,1,1
3966,2.45,Clear,Medium,Morning,Bike,21,1.0,43.0,1,1
8668,15.38,Clear,Low,Afternoon,Bike,25,7.0,60.6,0,1
3191,0.22,Clear,Low,Night,Scooter,29,1.0,24.6,0,0
941,5.84,Clear,Unknown,Evening,Bike,21,7.0,35.0,1,0
4980,6.89,Snowy,High,Morning,Bike,26,1.0,75.8,1,2
11879,19.66,Clear,Medium,Evening,Car,13,23.0,62.0,1,1
3535,3.22,Clear,Medium,Evening,Bike,27,1.0,48.4,1,1
2788,0.9,Clear,Medium,Evening,Car,29,0.0,39.8,1,0
5697,6.71,Clear,Medium,Evening,Bike,30,1.0,60.0,1,1
4462,7.39,Rainy,Medium,Afternoon,Car,22,1.0,47.3,0,1
9298,14.32,Clear,Medium,Morning,Scooter,19,6.0,56.8,1,1
8177,14.16,Foggy,Low,Afternoon,Bike,24,6.0,65.5,0,1
508,16.54,Rainy,Medium,Afternoon,Bike,25,7.0,77.0,0,2
10033,16.09,Rainy,Medium,Evening,Scooter,16,25.0,60.0,1,1
10971,17.16,Snowy,Low,Afternoon,Scooter,11,10.0,53.9,0,1
5314,6.38,Rainy,Low,Evening,Bike,21,3.0,49.8,1,1
128,17.28,Clear,Low,Morning,Car,28,3.0,72.0,1,2
4402,7.78,Foggy,Low,Evening,Scooter,27,2.0,58.3,1,1
3896,3.59,Clear,Medium,Afternoon,Bike,19,0.0,41.3,0,1
8806,15.89,Foggy,High,Morning,Bike,22,6.0,81.9,1,2
11551,19.03,Windy,Low,Afternoon,Car,12,18.0,50.7,0,1
2538,2.26,Clear,Low,Evening,Bike,16,0.0,27.8,1,0
11690,18.99,Clear,Low,Afternoon,Scooter,29,19.0,69.2,0,1
10569,18.88,Rainy,High,Morning,Bike,25,25.0,89.0,1,2
2412,0.81,Rainy,Medium,Morning,Bike,16,0.0,41.9,1,1
3704,1.2,Rainy,Low,Evening,Bike,25,0.0,44.2,1,1
10553,17.23,Foggy,Medium,Afternoon,Bike,16,15.0,70.5,0,2
7480,8.68,Windy,Medium,Evening,Bike,12,3.0,49.2,1,1
8128,15.96,Clear,Medium,Morning,Scooter,18,9.0,57.3,1,1
2229,2.15,Rainy,Medium,Morning,Bike,13,1.0,42.1,1,1
11852,18.42,Foggy,High,Morning,Bike,19,25.0,85.2,1,2
10766,16.45,Clear,Low,Morning,Bike,22,16.0,61.8,1,1
3879,0.5,Rainy,Medium,Afternoon,Scooter,22,1.0,32.6,0,0
8989,13.06,Clear,Low,Afternoon,Car,22,9.0,44.7,0,1
4938,4.57,Clear,Medium,Morning,Bike,15,2.0,39.4,1,0
4300,6.62,Foggy,Medium,Evening,Bike,10,3.0,52.1,1,1
5286,6.7,Rainy,Low,Morning,Bike,25,1.0,58.1,1,1
6849,11.25,Clear,Medium,Night,Bike,17,5.0,47.8,0,1
6844,9.25,Clear,Low,Evening,Bike,16,3.0,40.8,1,1
11513,17.98,Clear,Low,Morning,Car,19,30.0,51.7,1,1
11696,18.72,Clear,Medium,Evening,Bike,34,18.0,89.0,1,2
2028,1.05,Clear,Medium,Morning,Scooter,30,0.0,47.0,1,1
8923,13.63,Clear,High,Morning,Bike,13,8.0,61.3,1,1
8995,12.4,Foggy,Medium,Morning,Bike,19,9.0,63.6,1,1
9011,14.04,Clear,Medium,Evening,Bike,29,10.0,74.8,1,2
2836,3.19,Rainy,Medium,Afternoon,Scooter,12,0.0,31.5,0,0
7532,9.87,Snowy,High,Morning,Bike,17,6.0,64.0,1,1
5255,6.76,Clear,Low,Morning,Bike,14,2.0,34.2,1,0
10070,17.25,Windy,Medium,Night,Car,10,24.0,49.8,0,1
6932,9.72,Rainy,Medium,Evening,Scooter,13,5.0,54.3,1,1
10926,19.72,Clear,Medium,Evening,Scooter,13,30.0,61.7,1,1
7870,10.69,Clear,High,Evening,Bike,18,4.0,57.7,1,1
8793,15.06,Foggy,Low,Evening,Car,15,10.0,54.3,1,1
2863,3.52,Foggy,Medium,Morning,Bike,27,0.0,52.2,1,1
11002,17.06,Clear,High,Afternoon,Scooter,19,22.0,65.4,0,1
11043,16.11,Clear,Low,Evening,Scooter,15,13.0,46.5,1,1
5552,5.85,Rainy,Low,Afternoon,Scooter,24,3.0,43.8,0,1
5360,5.51,Rainy,Medium,Evening,Bike,9,3.0,42.2,1,1
7735,11.38,Clear,High,Morning,Scooter,12,6.0,51.1,1,1
3673,2.71,Foggy,Low,Morning,Bike,8,1.0,28.2,1,0
4642,4.51,Foggy,Low,Evening,Car,15,3.0,27.0,1,0
3929,1.06,Clear,Low,Evening,Bike,20,1.0,26.4,1,0
2630,2.41,Snowy,Low,Night,Scooter,21,1.0,31.8,0,0
10326,17.85,Clear,Low,Morning,Bike,19,18.0,63.2,1,1
7118,8.02,Foggy,High,Evening,Bike,27,6.0,67.7,1,1
3463,1.7,Clear,Low,Evening,Scooter,21,1.0,31.7,1,0
10780,17.26,Clear,Medium,Afternoon,Car,15,25.0,50.6,0,1
923,17.94,Rainy,High,Evening,Scooter,22,6.0,85.0,1,2
7928,8.37,Snowy,Low,Morning,Scooter,10,3.0,43.1,1,1
10316,19.3,Rainy,Low,Morning,Scooter,10,28.0,55.8,1,1
4101,7.02,Foggy,Medium,Afternoon,Bike,26,3.0,57.2,0,1
11282,19.53,Windy,Low,Evening,Scooter,16,24.0,65.7,1,1
10830,19.73,Windy,Low,Morning,Scooter,18,13.0,56.9,1,1
10589,18.17,Rainy,Medium,Evening,Bike,21,25.0,83.1,1,2
9872,13.65,Clear,High,Evening,Scooter,26,7.0,67.6,1,1
4018,4.96,Clear,High,Morning,Bike,15,1.0,47.0,1,1
7334,11.4,Clear,Low,Evening,Car,15,5.0,35.8,1,0
9388,15.9,Clear,Low,Evening,Bike,12,6.0,54.0,1,1
2778,3.7,Clear,Low,Afternoon,Car,8,1.0,10.0,0,0
3041,0.57,Clear,High,Evening,Bike,24,0.0,43.8,1,1
9676,15.62,Rainy,Medium,Evening,Scooter,10,8.0,65.5,1,1
11491,16.99,Clear,Low,Evening,Scooter,16,17.0,47.0,1,1
3897,0.35,Rainy,Medium,Morning,Bike,22,0.0,46.2,1,1
8524,14.27,Clear,Medium,Afternoon,Scooter,19,10.0,52.1,0,1
4005,6.86,Clear,Medium,Afternoon,Scooter,15,2.0,34.4,0,0
192,18.0,Rainy,High,Night,Car,22,5.0,89.0,0,2
7581,9.47,Foggy,Medium,Afternoon,Bike,26,6.0,57.9,0,1
4180,6.43,Windy,Medium,Evening,Car,16,2.0,41.8,1,1
315,16.8,Unknown,High,Morning,Car,19,4.0,85.0,1,2
10952,16.65,Rainy,Medium,Evening,Bike,10,10.0,68.9,1,1
711,15.32,Clear,Medium,Morning,Bike,17,6.0,80.0,1,2
5124,4.97,Clear,High,Afternoon,Bike,10,3.0,40.6,0,1
5678,7.36,Rainy,Medium,Morning,Bike,9,1.0,48.0,1,1
9633,13.11,Snowy,Medium,Evening,Scooter,10,7.0,54.8,1,1
2397,1.98,Snowy,Medium,Morning,Bike,13,0.0,44.2,1,1
4117,6.96,Clear,Medium,Evening,Bike,23,3.0,53.1,1,1
7762,8.04,Windy,High,Morning,Car,32,6.0,69.2,1,1
3808,3.3,Clear,Low,Evening,Scooter,17,0.0,27.9,1,0
6455,8.9,Rainy,Low,Afternoon,Bike,21,4.0,50.6,0,1
11342,17.05,Clear,Low,Afternoon,Scooter,22,12.0,56.9,0,1
11027,18.39,Foggy,Medium,Afternoon,Bike,20,15.0,69.1,0,1
4223,6.35,Clear,Low,Morning,Bike,14,2.0,41.2,1,1
9287,12.38,Foggy,Low,Evening,Bike,12,9.0,49.7,1,1
8286,13.02,Rainy,Low,Morning,Bike,25,7.0,67.1,1,1
9358,13.29,Clear,Low,Afternoon,Scooter,18,9.0,42.3,0,1
7116,9.92,Windy,Low,Morning,Car,13,5.0,44.3,1,1
3523,2.01,Snowy,High,Evening,Car,14,1.0,46.2,1,1
3433,2.57,Clear,Low,Morning,Car,20,1.0,30.7,1,0
10983,19.25,Rainy,Medium,Evening,Scooter,29,14.0,82.4,1,2
9122,12.76,Clear,Medium,Afternoon,Scooter,14,9.0,43.5,0,1
3322,2.79,Clear,Medium,Evening,Scooter,24,0.0,39.4,1,0
5382,5.38,Snowy,Low,Afternoon,Scooter,11,2.0,31.0,0,0
3356,2.44,Clear,Medium,Morning,Bike,9,0.0,29.4,1,0
5057,5.61,Rainy,Medium,Evening,Car,12,2.0,40.7,1,1
11972,16.31,Clear,High,Evening,Car,16,21.0,60.5,1,1
6434,8.49,Clear,High,Morning,Car,28,6.0,59.2,1,1
8378,13.33,Snowy,Medium,Afternoon,Car,16,7.0,60.6,0,1
106,5.36,Clear,Low,Afternoon,Scooter,11,4.0,30.0,0,0
4695,4.72,Snowy,Low,Afternoon,Scooter,13,1.0,35.1,0,0
2080,0.73,Foggy,Low,Morning,Bike,26,0.0,45.3,1,1
6116,8.8,Clear,Medium,Afternoon,Bike,27,3.0,57.4,0,1
6028,11.48,Rainy,Low,Evening,Bike,32,6.0,69.1,1,1
5960,5.52,Clear,Medium,Morning,Scooter,13,3.0,36.4,1,0
8744,12.86,Clear,Low,Evening,Scooter,18,9.0,42.6,1,1
7265,11.98,Clear,Medium,Evening,Scooter,18,4.0,55.0,1,1
704,3.12,Rainy,Low,Evening,Scooter,14,5.0,28.0,1,0
3537,0.33,Foggy,Low,Evening,Car,17,0.0,22.4,1,0
7535,10.48,Snowy,Low,Morning,Scooter,16,4.0,47.7,1,1
8779,13.35,Clear,Low,Morning,Scooter,28,10.0,61.7,1,1
8733,13.75,Snowy,Low,Morning,Bike,25,10.0,65.3,1,1
3065,2.91,Clear,Medium,Evening,Bike,10,0.0,35.0,1,0
8812,13.73,Clear,High,Evening,Bike,17,7.0,58.8,1,1
3318,1.22,Clear,Medium,Evening,Bike,23,1.0,44.8,1,1
5711,5.55,Snowy,Medium,Afternoon,Bike,12,3.0,44.7,0,1
7934,10.39,Clear,High,Evening,Bike,13,5.0,53.3,1,1
11392,19.86,Snowy,Medium,Night,Bike,27,28.0,87.7,0,2
2797,3.39,Clear,Medium,Afternoon,Car,13,1.0,29.9,0,0
5254,6.65,Rainy,Medium,Evening,Bike,23,2.0,63.2,1,1
6986,10.01,Clear,High,Evening,Scooter,17,4.0,58.2,1,1
11910,18.46,Snowy,Medium,Afternoon,Scooter,26,18.0,79.5,0,2
8838,12.23,Rainy,Medium,Afternoon,Bike,8,10.0,38.8,0,0
4538,4.39,Clear,Low,Morning,Scooter,12,3.0,25.0,1,0
2667,3.54,Snowy,Medium,Night,Bike,20,0.0,45.3,0,1
9987,13.5,Windy,Medium,Afternoon,Scooter,23,7.0,56.4,0,1
143,10.2,Rainy,Medium,Afternoon,Bike,18,9.0,56.0,0,1
4858,4.23,Clear,Medium,Afternoon,Car,20,2.0,33.8,0,0
3137,0.16,Clear,High,Morning,Bike,12,0.0,33.9,1,0
9821,12.11,Rainy,Low,Afternoon,Car,23,9.0,55.4,0,1
11617,16.44,Clear,High,Morning,Scooter,16,17.0,56.9,1,1
2296,3.63,Windy,Low,Morning,Bike,21,1.0,40.7,1,1
661,7.44,Rainy,Medium,Afternoon,Scooter,5,1.0,37.0,0,0
3338,1.11,Rainy,Low,Evening,Bike,17,0.0,32.7,1,0
10043,17.37,Snowy,Low,Afternoon,Bike,14,13.0,61.3,0,1
5812,6.34,Clear,Low,Afternoon,Scooter,11,1.0,27.6,0,0
4355,4.62,Clear,Medium,Afternoon,Bike,10,3.0,32.4,0,0
3395,1.13,Snowy,High,Evening,Scooter,16,1.0,52.5,1,1
3571,1.32,Clear,High,Evening,Scooter,19,0.0,37.9,1,0
8769,15.24,Snowy,Low,Morning,Bike,15,6.0,67.8,1,1
3019,2.47,Clear,Medium,Evening,Scooter,21,0.0,38.3,1,0
114,16.26,Rainy,High,Morning,Bike,16,6.0,70.0,1,1
7325,11.57,Clear,High,Afternoon,Bike,10,5.0,48.1,0,1
7640,10.94,Rainy,Medium,Evening,Bike,6,4.0,50.6,1,1
681,16.43,Clear,Low,Evening,Bike,13,5.0,56.0,1,1
8861,14.23,Clear,High,Night,Bike,18,7.0,63.0,0,1
8737,12.51,Clear,Low,Afternoon,Bike,12,9.0,38.0,0,0
5116,7.09,Rainy,High,Night,Scooter,12,2.0,48.3,0,1
5628,7.92,Rainy,Medium,Morning,Car,10,2.0,45.0,1,1
4210,6.6,Clear,Medium,Afternoon,Bike,22,1.0,45.4,0,1
8147,15.28,Foggy,Medium,Morning,Scooter,15,10.0,59.6,1,1
549,10.65,Clear,Unknown,Afternoon,Scooter,23,8.0,58.0,0,1
10214,17.68,Rainy,Medium,Morning,Scooter,31,29.0,89.0,1,2
9340,12.82,Windy,Medium,Morning,Bike,14,6.0,57.4,1,1
11167,19.84,Rainy,High,Morning,Bike,13,27.0,69.5,1,1
5625,4.49,Rainy,Medium,Evening,Bike,13,1.0,45.6,1,1
2719,0.92,Rainy,Medium,Night,Bike,10,1.0,31.2,0,0
11956,17.63,Clear,High,Evening,Bike,27,21.0,81.5,1,2
9934,15.63,Clear,High,Morning,Bike,18,9.0,72.6,1,2
766,11.61,Clear,High,Morning,Car,19,1.0,67.0,1,1
8110,14.09,Rainy,High,Morning,Car,20,10.0,70.4,1,2
10562,18.35,Clear,Low,Afternoon,Scooter,10,16.0,46.5,0,1
2687,0.61,Clear,High,Night,Bike,28,1.0,46.0,0,1
7339,9.6,Snowy,High,Afternoon,Bike,12,6.0,58.6,0,1
3189,3.72,Clear,Medium,Evening,Scooter,17,0.0,32.1,1,0
3697,3.27,Clear,Low,Morning,Bike,26,1.0,41.5,1,1
11701,16.23,Clear,Medium,Afternoon,Scooter,31,17.0,68.0,0,1
7983,10.37,Snowy,Low,Afternoon,Car,10,5.0,38.5,0,0
5665,5.12,Clear,Low,Morning,Bike,8,1.0,28.5,1,0
11480,17.57,Foggy,Low,Afternoon,Bike,25,27.0,68.4,0,1
6220,10.89,Rainy,Medium,Afternoon,Bike,26,6.0,70.5,0,2
9578,14.42,Clear,Medium,Morning,Scooter,15,8.0,55.5,1,1
6243,11.5,Clear,High,Morning,Bike,29,4.0,76.3,1,2
4339,4.54,Rainy,Low,Morning,Car,12,1.0,29.3,1,0
5558,7.25,Windy,High,Morning,Scooter,28,3.0,63.3,1,1
9240,13.07,Snowy,Medium,Morning,Scooter,27,7.0,77.4,1,2
10976,16.36,Clear,Medium,Afternoon,Scooter,14,18.0,48.9,0,1
2872,3.33,Clear,Medium,Morning,Bike,18,1.0,45.3,1,1
9468,13.98,Clear,Medium,Morning,Bike,12,7.0,50.2,1,1
8704,15.0,Clear,Low,Evening,Scooter,12,8.0,47.6,1,1
10998,16.07,Clear,Low,Afternoon,Scooter,10,15.0,45.2,0,1
4275,6.36,Snowy,Low,Morning,Scooter,26,1.0,57.6,1,1
9460,15.7,Rainy,Medium,Evening,Bike,24,9.0,78.3,1,2
11787,18.94,Clear,Medium,Afternoon,Bike,15,23.0,60.1,0,1
8959,12.14,Clear,Low,Afternoon,Bike,15,9.0,42.0,0,1
6933,10.51,Foggy,High,Morning,Bike,22,6.0,70.4,1,2
10266,16.89,Windy,Low,Evening,Bike,21,13.0,65.3,1,1
9871,13.8,Clear,High,Morning,Car,9,6.0,52.3,1,1
5727,6.28,Windy,Low,Evening,Car,15,3.0,29.6,1,0
165,2.26,Clear,Medium,Morning,Scooter,6,3.0,19.0,1,0
11804,16.09,Foggy,Low,Afternoon,Bike,21,15.0,58.8,0,1
2405,1.42,Windy,Medium,Morning,Scooter,25,0.0,40.9,1,1
7922,11.26,Clear,Low,Evening,Bike,14,3.0,45.4,1,1
4237,6.93,Clear,Low,Afternoon,Scooter,12,2.0,24.9,0,0
9484,12.6,Foggy,Low,Morning,Scooter,17,10.0,48.6,1,1
11169,16.11,Clear,High,Afternoon,Bike,14,11.0,58.4,0,1
9766,14.1,Clear,Medium,Evening,Scooter,19,7.0,59.3,1,1
2290,1.54,Clear,Medium,Evening,Bike,21,1.0,39.1,1,0
9920,15.53,Clear,Medium,Morning,Bike,13,10.0,55.9,1,1
11353,17.42,Clear,Low,Afternoon,Bike,26,22.0,67.2,0,1
2935,3.28,Foggy,Medium,Evening,Car,12,1.0,39.4,1,0
10209,18.83,Rainy,Medium,Night,Bike,13,25.0,71.6,0,2
7778,11.4,Rainy,High,Morning,Car,25,5.0,69.7,1,1
6246,8.1,Clear,Low,Afternoon,Bike,24,5.0,45.6,0,1
10013,19.93,Rainy,Low,Afternoon,Scooter,19,27.0,63.2,0,1
9394,15.66,Foggy,Medium,Night,Scooter,21,9.0,65.8,0,1
8944,12.18,Rainy,High,Evening,Bike,12,9.0,60.0,1,1
7697,9.5,Clear,High,Night,Bike,15,4.0,54.7,0,1
10062,18.51,Clear,Medium,Evening,Scooter,12,28.0,58.6,1,1
9738,12.07,Clear,Low,Evening,Scooter,13,9.0,37.7,1,0
573,8.23,Snowy,Low,Evening,Bike,17,3.0,56.0,1,1
2447,3.63,Windy,High,Morning,Bike,14,0.0,45.4,1,1
6021,9.87,Clear,Low,Night,Bike,19,3.0,45.3,0,1
9219,12.17,Clear,Medium,Afternoon,Bike,24,10.0,59.8,0,1
4132,7.71,Foggy,Medium,Evening,Bike,16,1.0,51.6,1,1
8272,13.02,Clear,High,Evening,Scooter,15,10.0,53.2,1,1
5745,4.19,Clear,Low,Evening,Bike,12,3.0,31.4,1,0
10078,16.88,Clear,Low,Morning,Bike,18,18.0,63.2,1,1
6526,8.31,Rainy,Low,Evening,Bike,11,4.0,40.0,1,0
3066,3.57,Windy,Medium,Afternoon,Bike,10,0.0,33.8,0,0
5701,4.59,Snowy,High,Evening,Scooter,25,3.0,60.4,1,1
6693,9.13,Foggy,Low,Morning,Bike,19,6.0,45.4,1,1
6058,11.13,Windy,Medium,Morning,Scooter,23,3.0,60.8,1,1
8703,15.66,Windy,Medium,Afternoon,Car,10,7.0,48.1,0,1
10763,17.71,Clear,Low,Afternoon,Bike,18,11.0,59.7,0,1
2292,2.45,Clear,Low,Afternoon,Scooter,14,1.0,18.4,0,0
10626,16.38,Clear,Medium,Morning,Scooter,18,21.0,62.6,1,1
10313,18.87,Clear,Low,Morning,Scooter,19,20.0,68.7,1,1
3922,3.07,Clear,Low,Morning,Bike,23,1.0,36.6,1,0
5937,6.22,Clear,High,Afternoon,Scooter,18,3.0,45.7,0,1
7930,10.9,Clear,Medium,Afternoon,Car,24,4.0,51.6,0,1
2213,0.88,Clear,Medium,Morning,Scooter,22,0.0,34.4,1,0
9543,13.81,Rainy,Medium,Evening,Bike,19,10.0,72.6,1,2
5269,6.59,Windy,Low,Evening,Car,17,2.0,39.1,1,0
10483,18.57,Snowy,Low,Evening,Bike,24,21.0,78.4,1,2
11781,16.43,Clear,High,Afternoon,Scooter,12,13.0,51.6,0,1
3933,0.79,Foggy,Medium,Afternoon,Bike,18,1.0,34.4,0,0
11496,17.65,Clear,Low,Morning,Bike,27,16.0,77.1,1,2
7907,8.42,Rainy,Low,Morning,Bike,20,3.0,51.9,1,1
11168,17.31,Clear,Low,Afternoon,Scooter,17,24.0,50.4,0,1
58,4.32,Unknown,Medium,Morning,Bike,17,4.0,36.0,1,0
4248,4.68,Rainy,Low,Evening,Bike,13,3.0,38.0,1,0
10048,18.48,Windy,Low,Morning,Scooter,14,24.0,58.2,1,1
10694,17.04,Clear,Low,Morning,Bike,14,25.0,57.1,1,1
198,17.99,Windy,High,Evening,Bike,5,1.0,73.0,1,2
2429,2.29,Clear,Low,Evening,Car,12,1.0,23.4,1,0
9494,15.16,Clear,Medium,Evening,Scooter,8,9.0,48.6,1,1
9407,14.16,Windy,Medium,Evening,Bike,12,6.0,54.8,1,1
10925,19.86,Clear,Medium,Evening,Car,27,12.0,73.7,1,2
4399,6.95,Clear,Medium,Evening,Car,23,3.0,50.8,1,1
8159,13.1,Clear,High,Morning,Scooter,15,6.0,59.3,1,1
10248,17.15,Clear,Low,Morning,Car,12,25.0,46.5,1,1
7648,11.97,Clear,Low,Evening,Bike,14,5.0,48.8,1,1
4810,7.85,Clear,Medium,Evening,Scooter,10,2.0,42.1,1,1
7398,8.73,Clear,Medium,Afternoon,Bike,16,5.0,43.6,0,1
10672,19.27,Clear,Low,Evening,Car,6,17.0,41.1,1,1
3741,2.05,Clear,Low,Evening,Bike,26,0.0,42.7,1,1
9573,12.26,Clear,Low,Morning,Bike,8,8.0,43.3,1,1
8469,14.87,Windy,Medium,Morning,Bike,20,7.0,63.8,1,1
8054,14.55,Clear,Low,Morning,Scooter,19,10.0,52.5,1,1
2587,2.04,Clear,Low,Morning,Scooter,11,1.0,19.8,1,0
451,15.65,Clear,Low,Afternoon,Bike,27,0.0,76.0,0,2
11748,16.8,Snowy,Medium,Morning,Car,19,17.0,68.2,1,1
11013,17.07,Snowy,Low,Afternoon,Bike,25,29.0,72.8,0,2
9438,12.07,Clear,Low,Evening,Bike,15,8.0,49.0,1,1
3832,1.71,Windy,Medium,Night,Car,15,0.0,25.3,0,0
3913,1.41,Windy,High,Evening,Scooter,27,0.0,49.3,1,1
3156,0.59,Clear,Medium,Morning,Bike,14,1.0,33.7,1,0
503,6.54,Clear,Medium,Night,Bike,10,7.0,39.0,0,0
417,6.22,Clear,Low,Afternoon,Bike,16,9.0,29.0,0,0
4188,7.15,Rainy,Medium,Evening,Scooter,14,1.0,41.8,1,1
2204,1.82,Clear,Low,Afternoon,Bike,21,1.0,35.9,0,0
4413,5.6,Clear,High,Afternoon,Scooter,22,3.0,44.9,0,1
11196,17.49,Clear,Low,Afternoon,Bike,32,28.0,73.7,0,2
2607,3.11,Snowy,Medium,Evening,Scooter,19,0.0,48.0,1,1
158,15.35,Foggy,Low,Morning,Car,5,3.0,56.0,1,1
11144,19.72,Rainy,Low,Morning,Car,33,26.0,85.0,1,2
374,13.82,Clear,Medium,Evening,Bike,21,9.0,72.0,1,2
6298,10.38,Rainy,Medium,Afternoon,Car,13,6.0,50.6,0,1
4764,6.88,Clear,Low,Evening,Bike,17,2.0,37.2,1,0
8005,15.61,Clear,Medium,Afternoon,Bike,26,6.0,65.2,0,1
10961,18.6,Clear,Medium,Morning,Bike,18,19.0,73.5,1,2
788,8.32,Rainy,Low,Afternoon,Car,12,2.0,49.0,0,1
6981,11.17,Windy,Medium,Evening,Bike,12,5.0,52.9,1,1
10261,17.51,Clear,Low,Morning,Bike,31,20.0,71.6,1,2
10223,18.86,Clear,Medium,Afternoon,Scooter,14,17.0,56.4,0,1
11467,16.72,Clear,Medium,Afternoon,Scooter,31,10.0,69.6,0,1
2121,1.78,Rainy,Medium,Afternoon,Car,10,1.0,28.1,0,0
5448,6.47,Foggy,Medium,Evening,Scooter,20,1.0,51.1,1,1
7482,10.1,Clear,Medium,Morning,Car,26,3.0,54.5,1,1
9420,13.52,Clear,Low,Morning,Scooter,20,9.0,48.1,1,1
2288,2.83,Clear,High,Afternoon,Scooter,15,1.0,32.2,0,0
6270,10.59,Foggy,Low,Evening,Car,8,6.0,37.4,1,0
2430,3.13,Foggy,Low,Morning,Bike,21,1.0,38.8,1,0
6858,9.18,Rainy,Medium,Evening,Bike,22,3.0,61.8,1,1
3859,2.41,Clear,Low,Evening,Scooter,15,1.0,22.0,1,0
11284,17.26,Clear,Medium,Afternoon,Scooter,24,28.0,65.5,0,1
5650,4.64,Snowy,Low,Morning,Scooter,13,3.0,39.7,1,0
8561,14.61,Clear,Low,Night,Bike,15,9.0,49.6,0,1
7905,10.64,Clear,High,Evening,Scooter,14,3.0,50.8,1,1
5010,6.25,Foggy,Medium,Night,Scooter,13,3.0,37.2,0,0
319,3.55,Clear,Medium,Evening,Bike,23,0.0,43.0,1,1
151,18.21,Unknown,Low,Evening,Bike,6,3.0,74.0,1,2
11330,16.96,Rainy,High,Morning,Car,16,15.0,63.4,1,1
10775,16.96,Rainy,Low,Evening,Bike,14,26.0,62.1,1,1
5153,6.72,Clear,Medium,Evening,Bike,12,2.0,39.8,1,0
6487,9.43,Foggy,Medium,Afternoon,Bike,18,6.0,51.7,0,1
8854,13.85,Clear,Low,Night,Bike,21,9.0,55.6,0,1
2795,3.56,Clear,Medium,Morning,Bike,16,0.0,37.8,1,0
4290,5.65,Clear,Medium,Afternoon,Car,32,3.0,43.0,0,1
5736,7.56,Windy,High,Afternoon,Scooter,12,2.0,43.9,0,1
11450,17.28,Clear,High,Afternoon,Scooter,27,30.0,75.7,0,2
3578,1.37,Snowy,Medium,Afternoon,Bike,24,1.0,44.1,0,1
10568,19.13,Clear,Medium,Afternoon,Bike,26,19.0,77.2,0,2
5710,7.97,Foggy,Medium,Afternoon,Bike,22,1.0,56.2,0,1
6290,8.25,Rainy,Medium,Morning,Car,18,4.0,50.2,1,1
9627,12.1,Windy,Low,Morning,Scooter,18,8.0,48.6,1,1
5048,7.36,Rainy,Low,Evening,Scooter,11,1.0,41.2,1,1
10342,18.84,Rainy,Low,Afternoon,Bike,17,12.0,57.1,0,1
2551,2.99,Clear,High,Morning,Bike,12,0.0,41.3,1,1
5854,4.6,Clear,Medium,Evening,Bike,16,3.0,41.6,1,1
9226,14.3,Clear,Medium,Morning,Bike,28,8.0,75.0,1,2
10730,19.88,Clear,Low,Evening,Bike,19,22.0,69.2,1,1
480,10.7,Clear,Medium,Afternoon,Scooter,8,5.0,44.0,0,1
2562,1.48,Clear,Low,Afternoon,Scooter,19,1.0,21.8,0,0
6250,9.37,Foggy,Low,Morning,Bike,34,4.0,66.9,1,1
9930,13.4,Rainy,Low,Evening,Car,23,6.0,64.5,1,1
7182,11.21,Clear,High,Morning,Car,20,3.0,63.0,1,1
9838,15.03,Foggy,Low,Afternoon,Scooter,20,6.0,54.5,0,1
6851,11.74,Clear,Low,Afternoon,Bike,18,4.0,50.6,0,1
648,13.74,Foggy,Medium,Afternoon,Bike,6,1.0,56.0,0,1
10889,18.13,Foggy,Low,Afternoon,Scooter,13,16.0,56.7,0,1
5662,5.4,Windy,Low,Afternoon,Bike,21,3.0,43.9,0,1
3086,2.38,Foggy,High,Evening,Bike,19,1.0,49.4,1,1
2049,2.14,Rainy,High,Morning,Bike,23,1.0,54.8,1,1
2924,2.67,Rainy,Medium,Evening,Scooter,24,0.0,56.0,1,1
8934,15.72,Foggy,Low,Morning,Car,11,7.0,46.9,1,1
11449,16.13,Clear,High,Evening,Scooter,14,19.0,58.2,1,1
6815,8.51,Clear,Medium,Afternoon,Car,23,6.0,44.0,0,1
3386,3.16,Clear,Medium,Morning,Scooter,18,1.0,36.0,1,0
7681,10.08,Snowy,Low,Morning,Bike,10,4.0,52.6,1,1
321,11.21,Clear,High,Afternoon,Scooter,23,1.0,76.0,0,2
10199,18.59,Clear,High,Night,Scooter,22,29.0,74.3,0,2
4843,6.44,Clear,High,Afternoon,Scooter,20,3.0,46.1,0,1
11746,18.27,Foggy,Low,Evening,Bike,16,30.0,67.4,1,1
772,17.01,Snowy,Low,Night,Bike,28,6.0,89.0,0,2
423,2.28,Clear,Medium,Evening,Scooter,27,9.0,39.0,1,0
2560,3.02,Rainy,High,Evening,Bike,16,1.0,50.6,1,1
6965,8.62,Clear,Low,Afternoon,Scooter,8,5.0,25.5,0,0
139,7.59,Clear,Unknown,Afternoon,Scooter,16,3.0,37.0,0,0
4302,7.85,Foggy,Low,Morning,Bike,18,1.0,53.7,1,1
540,3.02,Rainy,Medium,Morning,Bike,23,1.0,46.0,1,1
6466,9.22,Clear,Low,Evening,Bike,14,4.0,46.0,1,1
9483,15.79,Rainy,Medium,Morning,Bike,32,10.0,87.1,1,2
8031,14.03,Clear,High,Evening,Bike,13,9.0,59.6,1,1
11346,19.48,Rainy,Low,Afternoon,Bike,16,15.0,66.9,0,1
3766,1.67,Clear,Medium,Evening,Scooter,14,1.0,29.8,1,0
10799,18.08,Clear,High,Evening,Bike,23,24.0,80.2,1,2
11074,17.76,Rainy,High,Morning,Bike,22,25.0,87.5,1,2
3140,3.39,Rainy,Medium,Night,Scooter,19,0.0,41.1,0,1
11191,17.09,Clear,High,Morning,Car,16,27.0,57.0,1,1
6606,10.04,Clear,High,Morning,Bike,19,3.0,62.5,1,1
6468,10.75,Rainy,Medium,Night,Car,27,6.0,61.0,0,1
5155,4.42,Clear,High,Afternoon,Bike,26,2.0,54.7,0,1
5279,6.12,Clear,Medium,Afternoon,Scooter,29,1.0,51.1,0,1
4120,7.1,Clear,Medium,Evening,Scooter,14,1.0,39.8,1,0
4255,4.03,Windy,Medium,Afternoon,Scooter,25,3.0,45.1,0,1
2975,2.71,Clear,Low,Night,Bike,14,1.0,26.1,0,0
3306,1.37,Windy,Low,Morning,Scooter,18,1.0,29.7,1,0
3953,2.53,Foggy,Medium,Night,Bike,19,0.0,42.8,0,1
2239,2.97,Clear,Medium,Afternoon,Scooter,11,0.0,24.2,0,0
5143,6.85,Windy,Medium,Evening,Scooter,10,3.0,39.7,1,0
8293,14.58,Windy,Medium,Morning,Car,25,10.0,59.7,1,1
9386,12.59,Foggy,Medium,Morning,Bike,12,10.0,59.2,1,1
2578,0.44,Rainy,Low,Afternoon,Bike,32,0.0,46.5,0,1
399,15.14,Rainy,Medium,Morning,Bike,8,6.0,66.0,1,1
4474,7.19,Rainy,Medium,Morning,Scooter,12,3.0,43.5,1,1
11996,19.25,Clear,High,Afternoon,Car,12,25.0,61.9,0,1
8007,15.32,Rainy,Low,Night,Car,20,10.0,55.3,0,1
2267,3.41,Clear,Low,Morning,Bike,15,0.0,35.7,1,0
7497,10.89,Windy,Low,Morning,Bike,14,6.0,44.0,1,1
8889,12.88,Rainy,Medium,Evening,Scooter,17,7.0,61.0,1,1
10659,16.54,Rainy,Medium,Night,Car,24,26.0,72.5,0,2
6365,11.7,Foggy,Medium,Evening,Bike,23,5.0,63.4,1,1
4303,7.41,Clear,High,Morning,Bike,12,3.0,51.4,1,1
4676,5.66,Rainy,Medium,Morning,Bike,17,1.0,49.0,1,1
8981,15.77,Windy,High,Morning,Bike,9,9.0,64.0,1,1
10220,17.18,Snowy,Medium,Afternoon,Scooter,15,27.0,64.8,0,1
9498,14.84,Rainy,Low,Afternoon,Bike,18,8.0,58.3,0,1
304,12.93,Rainy,Low,Afternoon,Scooter,25,0.0,61.0,0,1
2276,3.65,Clear,Medium,Morning,Scooter,19,0.0,39.7,1,0
8538,13.28,Rainy,High,Afternoon,Bike,16,6.0,66.4,0,1
156,5.22,Snowy,Low,Evening,Bike,11,9.0,40.0,1,0
11836,18.84,Clear,Low,Evening,Car,19,10.0,59.9,1,1
2697,1.28,Foggy,Low,Evening,Car,12,0.0,26.4,1,0
3118,3.22,Foggy,Medium,Morning,Bike,15,0.0,41.5,1,1
11971,16.36,Foggy,High,Evening,Car,11,30.0,63.5,1,1
8695,15.06,Clear,High,Afternoon,Bike,15,6.0,65.2,0,1
8842,13.89,Windy,Low,Evening,Scooter,11,10.0,43.6,1,1
11402,19.45,Rainy,High,Morning,Car,12,20.0,69.7,1,1
11111,17.81,Windy,Medium,Night,Bike,16,29.0,67.1,0,1
6022,9.59,Clear,Medium,Morning,Car,16,6.0,45.0,1,1
10867,18.65,Clear,Medium,Night,Bike,21,30.0,68.9,0,1
4943,5.18,Snowy,Low,Morning,Bike,24,2.0,56.2,1,1
8340,14.57,Foggy,Medium,Evening,Scooter,16,8.0,56.5,1,1
5399,7.82,Rainy,Low,Evening,Bike,17,3.0,53.9,1,1
11302,16.55,Clear,High,Morning,Car,16,22.0,60.6,1,1
4062,5.31,Clear,Low,Morning,Bike,16,2.0,36.3,1,0
11497,19.18,Clear,Medium,Morning,Bike,7,28.0,59.3,1,1
9091,13.28,Clear,Medium,Afternoon,Bike,18,10.0,55.6,0,1
7337,9.14,Foggy,Low,Morning,Scooter,15,3.0,42.3,1,1
6848,10.72,Rainy,Low,Morning,Scooter,21,4.0,51.7,1,1
11891,16.8,Rainy,Low,Afternoon,Scooter,12,19.0,53.2,0,1
4177,5.51,Clear,Low,Afternoon,Car,29,3.0,37.1,0,0
6359,9.93,Rainy,Medium,Afternoon,Car,17,3.0,52.2,0,1
3168,2.48,Rainy,High,Afternoon,Bike,31,1.0,60.6,0,1
9742,12.62,Clear,Low,Evening,Bike,24,10.0,58.1,1,1
5543,7.93,Snowy,Medium,Afternoon,Bike,23,3.0,61.6,0,1
8880,13.61,Clear,Low,Morning,Bike,12,7.0,46.3,1,1
4429,5.31,Rainy,High,Evening,Bike,26,2.0,68.0,1,1
3494,0.4,Foggy,Medium,Night,Bike,17,0.0,36.5,0,0
2479,0.83,Rainy,Medium,Evening,Scooter,28,1.0,50.0,1,1
7435,9.42,Foggy,Medium,Afternoon,Scooter,12,4.0,43.3,0,1
736,17.61,Foggy,Medium,Afternoon,Bike,9,5.0,74.0,0,2
11893,19.74,Clear,High,Afternoon,Bike,28,28.0,84.7,0,2
939,2.8,Clear,High,Morning,Scooter,10,5.0,33.0,1,0
8176,12.19,Windy,Low,Morning,Scooter,24,10.0,56.0,1,1
135,18.89,Rainy,Medium,Morning,Scooter,22,1.0,74.0,1,2
2627,2.5,Foggy,Medium,Morning,Bike,12,1.0,30.1,1,0
3848,3.52,Rainy,Low,Morning,Scooter,16,1.0,39.1,1,0
6919,8.58,Windy,High,Evening,Scooter,15,4.0,55.6,1,1
784,7.24,Rainy,Medium,Evening,Bike,28,6.0,65.0,1,1
8062,13.87,Clear,Medium,Evening,Car,25,8.0,56.1,1,1
7724,8.86,Snowy,Low,Afternoon,Car,25,4.0,51.0,0,1
10284,17.74,Rainy,Medium,Morning,Bike,17,22.0,72.0,1,2
9045,15.13,Windy,Low,Afternoon,Bike,17,6.0,55.0,0,1
7687,10.86,Clear,High,Night,Bike,17,6.0,51.9,0,1
7185,11.73,Clear,High,Afternoon,Car,17,4.0,53.5,0,1
9992,13.32,Windy,Medium,Afternoon,Bike,23,8.0,63.2,0,1
4727,8.0,Foggy,High,Morning,Bike,9,2.0,50.4,1,1
9289,15.36,Rainy,Medium,Afternoon,Car,24,7.0,69.2,0,1
9781,13.47,Foggy,Medium,Morning,Bike,9,6.0,55.3,1,1
9436,13.52,Clear,High,Afternoon,Scooter,22,7.0,58.3,0,1
7355,11.69,Windy,Medium,Evening,Bike,33,5.0,74.0,1,2
4541,7.65,Rainy,Medium,Morning,Scooter,16,1.0,51.8,1,1
494,4.17,Unknown,Low,Evening,Scooter,5,1.0,22.0,1,0
3221,2.56,Clear,Medium,Morning,Bike,15,1.0,39.5,1,0
9359,14.05,Clear,Low,Morning,Bike,10,10.0,44.2,1,1
11646,18.58,Rainy,Low,Night,Car,14,19.0,58.8,0,1
8774,15.31,Windy,Medium,Morning,Bike,11,6.0,62.5,1,1
11378,19.64,Clear,High,Evening,Car,9,11.0,61.4,1,1
3340,3.76,Clear,Medium,Morning,Scooter,10,1.0,34.0,1,0
4874,7.22,Clear,Low,Afternoon,Bike,17,3.0,41.8,0,1
10297,17.0,Rainy,Medium,Morning,Scooter,13,30.0,59.6,1,1
6101,8.59,Clear,Medium,Morning,Bike,14,6.0,44.3,1,1
393,7.75,Unknown,Medium,Evening,Scooter,21,1.0,55.0,1,1
2177,3.23,Clear,Medium,Afternoon,Car,17,0.0,27.9,0,0
5023,7.03,Clear,Low,Afternoon,Bike,9,2.0,26.7,0,0
3554,3.77,Clear,Medium,Morning,Car,19,0.0,38.3,1,0
8112,14.13,Clear,Low,Afternoon,Car,14,10.0,38.8,0,0
9487,13.42,Clear,Low,Afternoon,Scooter,29,8.0,59.7,0,1
2403,0.18,Foggy,Low,Morning,Bike,15,1.0,31.6,1,0
11633,18.82,Clear,Low,Afternoon,Car,19,29.0,48.1,0,1
876,3.54,Rainy,Medium,Afternoon,Scooter,17,4.0,41.0,0,1
3031,0.87,Rainy,Medium,Night,Car,11,1.0,27.1,0,0
8265,13.61,Clear,High,Evening,Bike,17,6.0,71.2,1,2
3583,1.11,Clear,Medium,Night,Bike,12,0.0,25.0,0,0
8667,13.14,Snowy,Low,Morning,Bike,22,9.0,68.1,1,1
7028,8.78,Clear,Low,Afternoon,Car,12,6.0,25.1,0,0
7652,8.12,Clear,Low,Afternoon,Bike,23,5.0,43.6,0,1
6094,9.15,Clear,Low,Evening,Bike,17,6.0,42.8,1,1
2448,0.74,Rainy,Medium,Morning,Car,20,0.0,37.4,1,0
952,13.47,Clear,Medium,Evening,Bike,19,4.0,59.0,1,1
7982,10.07,Rainy,Medium,Evening,Bike,31,3.0,73.0,1,2
4648,6.92,Foggy,Medium,Morning,Car,16,2.0,42.5,1,1
9273,14.3,Clear,Low,Evening,Bike,18,9.0,55.7,1,1
2173,1.67,Clear,High,Afternoon,Scooter,16,0.0,32.7,0,0
7130,9.91,Windy,Low,Afternoon,Scooter,25,4.0,48.7,0,1
3165,0.42,Clear,High,Morning,Bike,16,1.0,40.4,1,1
5908,6.65,Snowy,Low,Afternoon,Bike,20,2.0,48.8,0,1
8735,15.71,Clear,Medium,Afternoon,Scooter,15,7.0,52.5,0,1
2006,2.65,Windy,Medium,Evening,Bike,18,1.0,44.9,1,1
9223,13.07,Rainy,Medium,Evening,Scooter,16,9.0,58.0,1,1
10608,17.5,Foggy,Low,Afternoon,Bike,22,19.0,65.5,0,1
7269,9.72,Windy,Medium,Afternoon,Scooter,30,5.0,61.0,0,1
400,15.21,Snowy,Medium,Afternoon,Bike,20,9.0,89.0,0,2
4576,6.91,Rainy,Medium,Afternoon,Scooter,27,1.0,56.6,0,1
472,19.41,Snowy,High,Evening,Car,21,3.0,89.0,1,2
3964,0.48,Clear,Medium,Morning,Scooter,11,0.0,20.7,1,0
8308,15.7,Snowy,Low,Afternoon,Car,25,6.0,67.5,0,1
3610,3.37,Clear,Medium,Evening,Bike,27,0.0,51.7,1,1
11178,17.4,Rainy,Medium,Evening,Scooter,33,28.0,83.3,1,2
5900,7.76,Clear,Low,Morning,Car,22,3.0,41.0,1,1
7495,11.05,Snowy,Medium,Morning,Bike,13,4.0,61.6,1,1
6953,9.09,Clear,Low,Evening,Bike,19,3.0,47.8,1,1
10789,19.18,Clear,High,Evening,Car,13,25.0,66.5,1,1
9580,12.01,Clear,Low,Afternoon,Bike,24,6.0,53.9,0,1
3924,0.65,Clear,Low,Night,Bike,14,0.0,19.1,0,0
958,1.42,Clear,High,Afternoon,Scooter,24,2.0,40.0,0,0
598,3.86,Clear,Medium,Afternoon,Bike,21,8.0,34.0,0,0
8430,12.85,Clear,Medium,Evening,Bike,17,10.0,60.4,1,1
7549,10.65,Rainy,Low,Morning,Scooter,26,6.0,56.0,1,1
8966,15.65,Rainy,Low,Evening,Bike,15,7.0,58.6,1,1
9430,13.98,Windy,Medium,Afternoon,Bike,13,10.0,51.2,0,1
10414,18.45,Clear,Medium,Evening,Scooter,19,16.0,69.5,1,1
11428,19.63,Clear,Low,Afternoon,Bike,24,28.0,61.4,0,1
11966,17.51,Clear,Low,Afternoon,Bike,10,15.0,42.3,0,1
816,10.62,Windy,Medium,Afternoon,Car,22,5.0,54.0,0,1
10869,18.42,Clear,Medium,Morning,Scooter,19,20.0,71.3,1,2
8655,15.61,Rainy,Medium,Afternoon,Scooter,14,8.0,62.2,0,1
4738,5.15,Rainy,High,Morning,Bike,29,1.0,69.7,1,1
6796,8.6,Clear,Low,Afternoon,Bike,17,6.0,40.2,0,1
462,13.16,Rainy,High,Morning,Scooter,25,8.0,68.0,1,1
705,1.74,Clear,Medium,Night,Bike,23,2.0,34.0,0,0
537,17.07,Clear,Medium,Morning,Bike,20,6.0,73.0,1,2
2900,0.19,Rainy,Medium,Morning,Bike,30,1.0,51.1,1,1
3834,2.39,Clear,Low,Morning,Scooter,27,0.0,36.0,1,0
8657,13.53,Rainy,Low,Afternoon,Bike,11,10.0,47.8,0,1
8687,14.26,Windy,High,Afternoon,Bike,18,10.0,66.6,0,1
10795,19.42,Rainy,Medium,Evening,Scooter,14,22.0,72.4,1,2
3717,1.58,Clear,Medium,Morning,Scooter,26,1.0,37.8,1,0
4466,7.61,Foggy,Low,Afternoon,Scooter,16,3.0,38.4,0,0
3797,2.51,Rainy,Low,Afternoon,Bike,22,1.0,39.4,0,0
11031,17.47,Clear,Low,Evening,Bike,12,12.0,51.7,1,1
4855,7.72,Foggy,High,Evening,Bike,15,3.0,56.3,1,1
3008,2.44,Clear,Low,Night,Scooter,25,1.0,31.4,0,0
2093,3.76,Clear,Medium,Evening,Bike,18,1.0,43.3,1,1
2275,0.5,Rainy,Medium,Afternoon,Bike,25,1.0,40.5,0,1
11291,16.24,Clear,Medium,Evening,Car,21,12.0,67.9,1,1
9809,14.35,Windy,Medium,Afternoon,Scooter,26,7.0,58.7,0,1
7203,11.27,Clear,Low,Afternoon,Car,8,6.0,32.6,0,0
6956,8.53,Clear,Medium,Evening,Bike,9,5.0,43.2,1,1
11762,17.18,Clear,Low,Morning,Bike,21,29.0,70.0,1,1
4159,7.85,Clear,Medium,Morning,Car,14,3.0,38.0,1,0
2645,3.46,Rainy,Low,Afternoon,Bike,8,0.0,32.2,0,0
7533,11.98,Rainy,Medium,Morning,Car,11,5.0,42.0,1,1
6398,8.62,Foggy,Medium,Morning,Bike,9,5.0,48.0,1,1
5669,4.35,Clear,Low,Evening,Scooter,7,3.0,23.1,1,0
11348,17.94,Snowy,Medium,Morning,Scooter,22,15.0,82.0,1,2
11230,19.82,Clear,Medium,Afternoon,Bike,19,24.0,69.6,0,1
5580,5.55,Clear,Medium,Evening,Bike,12,2.0,41.7,1,1
10092,18.17,Clear,Low,Evening,Bike,18,17.0,58.4,1,1
5033,7.78,Clear,Medium,Morning,Scooter,18,2.0,41.4,1,1
9266,14.78,Clear,Low,Evening,Scooter,15,10.0,43.3,1,1
582,19.61,Clear,High,Evening,Bike,8,6.0,72.0,1,2
4957,4.45,Clear,Medium,Afternoon,Scooter,9,1.0,22.4,0,0
5479,6.98,Windy,Low,Morning,Bike,24,1.0,47.7,1,1
8479,13.48,Clear,Low,Afternoon,Bike,14,9.0,48.6,0,1
10535,16.85,Foggy,Medium,Afternoon,Car,17,11.0,63.6,0,1
11485,18.23,Foggy,Medium,Afternoon,Bike,7,30.0,60.9,0,1
4807,4.1,Clear,High,Night,Car,18,2.0,39.1,0,0
10880,17.51,Rainy,Low,Afternoon,Bike,21,26.0,70.3,0,2
8174,12.89,Clear,Medium,Afternoon,Bike,23,10.0,60.5,0,1
7003,9.24,Foggy,Medium,Afternoon,Bike,26,5.0,62.0,0,1
11351,19.42,Foggy,Medium,Evening,Bike,17,24.0,73.3,1,2
880,4.83,Rainy,Low,Morning,Car,25,9.0,47.0,1,1
10471,18.79,Clear,Low,Morning,Bike,29,17.0,72.7,1,2
7659,8.96,Clear,Low,Morning,Car,12,5.0,31.4,1,0
10786,18.04,Clear,Medium,Morning,Bike,20,13.0,72.9,1,2
7824,9.21,Clear,Low,Afternoon,Bike,14,3.0,38.6,0,0
10548,18.05,Rainy,High,Evening,Car,19,23.0,75.6,1,2
6790,9.78,Rainy,Low,Afternoon,Scooter,17,4.0,40.0,0,0
3641,2.29,Foggy,Low,Afternoon,Bike,17,1.0,31.2,0,0
2547,2.57,Clear,Low,Evening,Scooter,22,1.0,30.3,1,0
2243,0.23,Clear,Medium,Morning,Bike,13,0.0,30.1,1,0
10975,19.35,Clear,Low,Morning,Scooter,27,17.0,75.2,1,2
8489,15.18,Clear,Low,Morning,Scooter,14,8.0,42.7,1,1
11138,17.55,Rainy,High,Afternoon,Bike,22,26.0,82.3,0,2
6495,11.9,Clear,Medium,Afternoon,Car,17,3.0,48.5,0,1
11390,18.57,Clear,Medium,Morning,Bike,20,29.0,70.9,1,2
7452,8.51,Rainy,Low,Morning,Scooter,18,6.0,47.4,1,1
6711,11.67,Foggy,Medium,Afternoon,Car,16,4.0,46.1,0,1
3636,2.5,Clear,Low,Morning,Scooter,20,0.0,30.6,1,0
4623,6.78,Clear,Low,Morning,Bike,10,2.0,35.7,1,0
7021,11.99,Windy,High,Night,Scooter,16,3.0,58.7,0,1
8582,15.91,Rainy,High,Evening,Bike,17,6.0,73.7,1,2
4851,6.15,Clear,Low,Evening,Bike,16,3.0,38.4,1,0
11237,17.27,Clear,Low,Morning,Scooter,22,20.0,63.2,1,1
3771,3.04,Rainy,Medium,Night,Bike,17,0.0,40.3,0,1
10893,19.49,Foggy,Low,Morning,Car,15,26.0,64.8,1,1
9635,15.02,Clear,High,Evening,Bike,15,9.0,62.6,1,1
5762,5.02,Clear,Low,Evening,Car,26,1.0,36.2,1,0
3742,2.33,Clear,Low,Afternoon,Car,16,1.0,23.4,0,0
6736,11.94,Foggy,Medium,Evening,Bike,16,4.0,65.1,1,1
11399,19.76,Foggy,High,Afternoon,Car,20,13.0,81.1,0,2
5584,6.25,Foggy,Low,Evening,Bike,16,3.0,41.0,1,1
9014,12.65,Foggy,Low,Afternoon,Scooter,19,7.0,49.5,0,1
4636,4.68,Clear,Low,Morning,Bike,23,1.0,44.3,1,1
3434,1.61,Clear,High,Morning,Bike,12,1.0,34.2,1,0
10807,19.38,Clear,High,Morning,Bike,9,30.0,66.7,1,1
7619,10.55,Rainy,Medium,Afternoon,Bike,16,4.0,55.5,0,1
6396,8.92,Clear,Medium,Evening,Car,31,5.0,57.5,1,1
2193,1.46,Clear,Medium,Afternoon,Car,22,0.0,31.9,0,0
11244,16.16,Clear,Low,Morning,Bike,18,26.0,56.5,1,1
6489,9.4,Clear,Medium,Night,Bike,10,5.0,40.6,0,1
6712,11.87,Clear,Low,Night,Car,21,4.0,49.7,0,1
667,5.3,Clear,Low,Evening,Bike,16,5.0,32.0,1,0
2498,2.3,Rainy,Low,Afternoon,Scooter,23,0.0,38.8,0,0
10784,18.48,Clear,Medium,Evening,Bike,31,16.0,82.2,1,2
6228,8.86,Clear,Medium,Evening,Bike,22,3.0,52.3,1,1
3551,1.45,Clear,Medium,Morning,Car,15,1.0,32.1,1,0
11502,18.21,Rainy,Medium,Afternoon,Bike,13,12.0,64.0,0,1
340,2.41,Unknown,Medium,Evening,Bike,15,9.0,25.0,1,0
3445,3.69,Clear,Medium,Afternoon,Bike,23,1.0,39.6,0,0
4205,7.21,Clear,Low,Morning,Scooter,21,3.0,40.7,1,1
5783,7.69,Windy,Low,Morning,Bike,29,1.0,53.9,1,1
9276,14.11,Foggy,Low,Morning,Bike,12,8.0,49.7,1,1
4905,6.43,Clear,Medium,Evening,Bike,20,2.0,50.3,1,1
4996,7.95,Clear,Medium,Evening,Bike,20,1.0,52.2,1,1
2850,2.87,Windy,Low,Morning,Scooter,16,1.0,38.1,1,0
60,6.84,Rainy,Medium,Night,Car,14,8.0,47.0,0,1
10337,18.92,Snowy,Medium,Evening,Scooter,15,22.0,68.9,1,1
7022,11.79,Snowy,High,Evening,Bike,20,5.0,68.5,1,1
9577,14.5,Windy,High,Evening,Car,10,9.0,54.7,1,1
10167,18.29,Rainy,High,Evening,Scooter,7,25.0,66.4,1,1
5641,5.01,Clear,Medium,Morning,Bike,14,1.0,37.4,1,0
255,3.81,Rainy,High,Afternoon,Bike,5,6.0,31.0,0,0
306,19.53,Foggy,Low,Afternoon,Bike,11,6.0,87.0,0,2
5102,4.26,Clear,Medium,Afternoon,Car,14,1.0,28.2,0,0
10853,17.03,Clear,Low,Morning,Bike,15,12.0,51.7,1,1
6000,4.28,Clear,Low,Evening,Bike,14,2.0,34.1,1,0
6510,9.5,Clear,High,Evening,Bike,22,3.0,58.9,1,1
7651,10.8,Snowy,Low,Afternoon,Car,11,5.0,41.9,0,1
3889,0.17,Snowy,Low,Evening,Scooter,14,1.0,31.1,1,0
3077,1.12,Rainy,Medium,Evening,Scooter,7,0.0,28.4,1,0
10915,18.43,Clear,Low,Morning,Scooter,25,27.0,62.3,1,1
3812,3.71,Clear,Low,Morning,Scooter,32,1.0,44.5,1,1
8725,12.69,Clear,High,Evening,Car,9,7.0,49.4,1,1
585,12.85,Windy,Medium,Afternoon,Scooter,18,7.0,61.0,0,1
2098,2.04,Clear,High,Morning,Bike,24,1.0,50.3,1,1
10466,18.65,Rainy,Low,Evening,Bike,24,17.0,74.4,1,2
915,11.26,Clear,Low,Night,Bike,5,6.0,49.0,0,1
5129,4.8,Rainy,Low,Morning,Bike,18,2.0,50.7,1,1
4284,7.67,Foggy,Medium,Afternoon,Bike,26,3.0,55.7,0,1
9591,15.93,Clear,Low,Afternoon,Scooter,25,9.0,54.9,0,1
8901,14.18,Clear,Medium,Evening,Scooter,34,8.0,73.8,1,2
86,6.84,Clear,Medium,Evening,Bike,25,1.0,51.0,1,1
9360,15.75,Rainy,High,Morning,Scooter,27,9.0,82.3,1,2
9656,14.24,Foggy,Low,Evening,Bike,5,7.0,45.7,1,1
178,8.04,Clear,Medium,Evening,Car,27,0.0,65.0,1,1
6326,9.83,Rainy,Low,Afternoon,Car,18,6.0,48.7,0,1
11464,19.51,Clear,Medium,Morning,Car,15,19.0,62.7,1,1
6195,11.05,Clear,High,Evening,Bike,19,5.0,64.9,1,1
77,15.54,Clear,Low,Night,Bike,29,1.0,76.0,0,2
7468,10.29,Clear,Medium,Afternoon,Bike,16,5.0,47.4,0,1
9426,14.46,Clear,High,Evening,Bike,18,6.0,67.0,1,1
2862,2.14,Foggy,Low,Afternoon,Bike,14,1.0,30.2,0,0
2209,1.01,Clear,Medium,Morning,Scooter,21,1.0,32.2,1,0
7184,8.53,Rainy,Low,Morning,Bike,15,4.0,45.7,1,1
11042,18.73,Clear,Medium,Afternoon,Bike,13,27.0,59.9,0,1
7956,11.72,Rainy,High,Night,Car,15,5.0,52.8,0,1
9229,13.99,Clear,High,Morning,Car,18,10.0,58.0,1,1
713,9.7,Snowy,Low,Evening,Bike,6,5.0,45.0,1,1
212,13.99,Clear,High,Evening,Scooter,7,3.0,89.0,1,2
10982,18.35,Rainy,Low,Afternoon,Bike,18,29.0,66.3,0,1
3361,3.15,Rainy,High,Morning,Bike,24,1.0,63.1,1,1
3664,1.8,Clear,Medium,Evening,Bike,17,0.0,37.8,1,0
5259,4.98,Rainy,Medium,Afternoon,Bike,24,1.0,53.2,0,1
8366,13.88,Clear,Medium,Evening,Bike,12,6.0,49.0,1,1
3658,0.44,Snowy,Low,Evening,Car,21,0.0,32.3,1,0
3932,1.69,Rainy,Low,Evening,Bike,22,0.0,42.6,1,1
9480,12.14,Windy,Low,Evening,Scooter,21,9.0,50.4,1,1
7630,8.92,Clear,Medium,Afternoon,Car,17,3.0,40.5,0,1
5139,7.03,Foggy,Medium,Morning,Scooter,27,3.0,56.1,1,1
8169,14.94,Clear,Medium,Afternoon,Bike,31,8.0,65.2,0,1
4598,4.09,Clear,Low,Night,Scooter,16,2.0,23.9,0,0
140,19.45,Rainy,High,Morning,Scooter,20,6.0,89.0,1,2
2218,0.94,Clear,Medium,Afternoon,Bike,21,1.0,30.8,0,0
7929,11.81,Snowy,Medium,Morning,Bike,15,5.0,59.6,1,1
9441,13.52,Snowy,Medium,Evening,Scooter,14,6.0,60.7,1,1
9885,13.31,Clear,Medium,Afternoon,Scooter,13,7.0,37.7,0,0
11999,18.3,Clear,Low,Night,Bike,16,30.0,53.2,0,1
10311,19.68,Snowy,Medium,Evening,Bike,24,20.0,89.0,1,2
9368,15.68,Foggy,Medium,Afternoon,Bike,11,9.0,58.3,0,1
866,11.41,Windy,Medium,Afternoon,Scooter,17,4.0,68.0,0,1
5538,4.04,Rainy,High,Morning,Bike,14,1.0,50.3,1,1
9958,13.43,Clear,High,Morning,Car,12,8.0,47.1,1,1
7541,9.29,Windy,Medium,Morning,Scooter,15,5.0,48.4,1,1
4193,7.38,Foggy,Medium,Morning,Car,9,3.0,39.0,1,0
9844,12.47,Rainy,Low,Night,Bike,19,8.0,49.1,0,1
7748,11.22,Windy,Low,Night,Scooter,10,5.0,36.7,0,0
7288,9.24,Rainy,Medium,Afternoon,Car,20,4.0,54.9,0,1
11101,16.72,Clear,Medium,Afternoon,Car,29,30.0,64.2,0,1
7433,11.34,Rainy,High,Morning,Bike,22,4.0,76.9,1,2
11514,17.09,Snowy,High,Afternoon,Bike,18,24.0,83.0,0,2
9328,13.93,Clear,Low,Evening,Scooter,14,6.0,44.2,1,1
2120,1.76,Rainy,Medium,Morning,Car,22,1.0,44.5,1,1
7915,11.91,Clear,High,Morning,Bike,21,3.0,71.0,1,2
5065,4.13,Clear,Medium,Morning,Car,15,1.0,35.9,1,0
8101,13.48,Rainy,Low,Morning,Scooter,21,6.0,56.3,1,1
2023,1.9,Windy,Medium,Morning,Bike,22,0.0,38.3,1,0
6278,8.0,Snowy,Medium,Afternoon,Scooter,18,3.0,51.0,0,1
7316,11.37,Clear,Low,Evening,Bike,23,5.0,52.0,1,1
11186,19.83,Windy,Low,Morning,Scooter,14,30.0,57.6,1,1
4607,7.57,Rainy,Low,Morning,Bike,8,1.0,40.8,1,1
10131,19.69,Rainy,Low,Evening,Scooter,23,29.0,74.3,1,2
220,17.06,Clear,Low,Evening,Bike,9,9.0,66.0,1,1
8337,14.41,Clear,Medium,Afternoon,Bike,18,8.0,55.9,0,1
4715,7.2,Snowy,Medium,Afternoon,Scooter,12,2.0,45.8,0,1
3750,3.9,Clear,Low,Evening,Bike,14,1.0,27.8,1,0
11203,18.65,Clear,Medium,Afternoon,Bike,13,22.0,64.1,0,1
7457,9.86,Clear,Low,Afternoon,Bike,11,6.0,38.8,0,0
3038,3.47,Clear,Low,Afternoon,Bike,25,1.0,38.1,0,0
4093,5.43,Rainy,Medium,Afternoon,Car,31,3.0,55.6,0,1
4197,4.49,Clear,Medium,Afternoon,Scooter,27,1.0,43.5,0,1
6657,9.17,Snowy,High,Afternoon,Bike,14,6.0,54.6,0,1
5803,7.96,Clear,Medium,Evening,Scooter,7,1.0,33.0,1,0
5595,5.41,Clear,Low,Afternoon,Scooter,29,1.0,41.1,0,1
78,1.94,Rainy,Medium,Morning,Bike,16,0.0,35.0,1,0
2480,2.01,Clear,High,Afternoon,Scooter,18,1.0,37.1,0,0
7758,11.01,Rainy,Medium,Night,Bike,14,3.0,53.6,0,1
10401,17.88,Rainy,Low,Afternoon,Bike,18,11.0,64.6,0,1
2007,1.35,Foggy,Medium,Afternoon,Bike,20,1.0,36.7,0,0
10872,16.48,Snowy,Medium,Evening,Bike,22,27.0,78.9,1,2
4879,5.46,Rainy,Low,Night,Scooter,12,2.0,27.9,0,0
11222,17.39,Clear,Medium,Night,Car,14,14.0,52.6,0,1
5695,7.95,Foggy,Medium,Afternoon,Bike,14,3.0,45.8,0,1
2762,2.76,Clear,Low,Afternoon,Scooter,23,0.0,26.5,0,0
5640,6.42,Rainy,Medium,Afternoon,Bike,33,3.0,64.4,0,1
8450,15.89,Foggy,Medium,Afternoon,Car,16,6.0,59.6,0,1
9636,13.24,Clear,Low,Night,Bike,27,8.0,60.2,0,1
8771,15.88,Clear,High,Evening,Bike,20,7.0,71.6,1,2
11959,16.3,Clear,Medium,Morning,Bike,25,14.0,70.2,1,2
9536,14.23,Windy,Low,Morning,Car,24,8.0,57.9,1,1
4990,6.56,Rainy,Medium,Evening,Bike,30,1.0,67.7,1,1
8339,13.99,Clear,Low,Evening,Bike,20,10.0,54.2,1,1
8754,13.13,Windy,Low,Evening,Scooter,11,8.0,45.2,1,1
6355,8.91,Snowy,High,Night,Car,10,4.0,51.6,0,1
2063,2.5,Rainy,High,Morning,Scooter,10,0.0,41.6,1,1
7317,11.4,Clear,Low,Morning,Scooter,12,6.0,40.9,1,1
8541,12.47,Snowy,High,Afternoon,Bike,25,6.0,77.6,0,2
11697,17.01,Clear,Low,Morning,Scooter,9,14.0,46.9,1,1
2735,2.53,Clear,Medium,Morning,Bike,13,1.0,33.9,1,0
502,10.95,Clear,Medium,Evening,Scooter,24,4.0,55.0,1,1
5526,5.07,Clear,Medium,Evening,Bike,25,2.0,47.3,1,1
4054,6.96,Snowy,Low,Morning,Car,15,1.0,41.7,1,1
9252,14.2,Rainy,High,Afternoon,Bike,21,7.0,78.1,0,2
351,10.31,Foggy,Medium,Morning,Scooter,19,5.0,62.0,1,1
6245,8.63,Foggy,Medium,Evening,Scooter,11,6.0,43.5,1,1
8493,15.16,Snowy,Low,Morning,Bike,21,7.0,69.5,1,1
2342,1.17,Windy,High,Afternoon,Scooter,33,0.0,55.1,0,1
7209,9.47,Clear,Medium,Night,Scooter,24,4.0,50.2,0,1
10652,18.75,Windy,Low,Afternoon,Scooter,14,12.0,48.0,0,1
8679,13.82,Clear,High,Morning,Scooter,20,8.0,68.2,1,1
4903,4.56,Clear,Low,Morning,Scooter,17,3.0,24.1,1,0
7955,10.85,Clear,Low,Morning,Bike,16,4.0,49.6,1,1
2222,0.31,Rainy,Low,Afternoon,Scooter,32,0.0,45.9,0,1
4379,4.22,Clear,Low,Evening,Bike,18,2.0,38.8,1,0
6011,10.34,Clear,High,Night,Bike,8,5.0,50.9,0,1
9777,12.47,Clear,Low,Night,Bike,12,7.0,40.3,0,1
5483,7.16,Snowy,Medium,Night,Bike,15,3.0,52.2,0,1
4952,5.98,Foggy,Medium,Afternoon,Bike,18,2.0,44.9,0,1
4327,4.45,Clear,Low,Afternoon,Bike,11,3.0,29.0,0,0
7788,8.73,Snowy,Medium,Morning,Car,20,5.0,57.8,1,1
8566,13.67,Rainy,Low,Morning,Bike,30,10.0,73.5,1,2
9782,15.59,Clear,High,Afternoon,Bike,10,9.0,55.1,0,1
11426,16.24,Foggy,Medium,Morning,Scooter,24,23.0,72.1,1,2
3969,3.66,Clear,Low,Evening,Scooter,21,0.0,43.2,1,1
8535,14.49,Clear,Medium,Afternoon,Scooter,14,6.0,52.2,0,1
10986,18.07,Foggy,Low,Evening,Scooter,25,17.0,67.3,1,1
5892,7.91,Rainy,High,Morning,Bike,24,2.0,67.3,1,1
3499,2.6,Clear,Low,Afternoon,Bike,17,1.0,24.9,0,0
2189,1.84,Foggy,Medium,Afternoon,Scooter,20,0.0,36.1,0,0
6777,8.73,Clear,Low,Morning,Scooter,20,4.0,42.6,1,1
11749,16.22,Snowy,Medium,Night,Car,24,15.0,72.3,0,2
627,9.52,Clear,Low,Unknown,Bike,12,1.0,49.0,0,1
8035,14.86,Windy,Medium,Evening,Scooter,20,9.0,55.2,1,1
2047,3.37,Clear,Low,Afternoon,Bike,10,0.0,14.8,0,0
5800,4.76,Clear,Low,Morning,Car,14,2.0,29.7,1,0
7315,11.93,Clear,Low,Afternoon,Scooter,22,3.0,50.8,0,1
2967,1.59,Windy,Low,Evening,Bike,22,0.0,38.7,1,0
8432,14.35,Clear,Medium,Night,Car,26,6.0,51.5,0,1
8501,14.76,Windy,High,Afternoon,Bike,21,9.0,68.1,0,1
5152,4.29,Rainy,Low,Night,Scooter,16,1.0,33.4,0,0
10526,19.11,Snowy,Medium,Afternoon,Car,9,21.0,63.2,0,1
11427,16.44,Clear,High,Afternoon,Scooter,17,11.0,62.2,0,1
5815,4.64,Clear,Low,Evening,Car,27,3.0,34.0,1,0
4509,4.12,Rainy,High,Afternoon,Bike,14,1.0,47.8,0,1
5060,6.06,Clear,Low,Afternoon,Car,20,3.0,36.5,0,0
3803,0.27,Clear,Low,Afternoon,Car,16,1.0,16.6,0,0
2518,2.86,Foggy,Low,Night,Scooter,18,1.0,31.1,0,0
8452,14.13,Clear,Low,Afternoon,Scooter,17,7.0,50.4,0,1
3638,0.27,Windy,Low,Afternoon,Car,27,1.0,32.2,0,0
6601,9.98,Rainy,Low,Morning,Bike,12,6.0,47.3,1,1
2278,2.72,Rainy,Low,Morning,Bike,11,1.0,38.4,1,0
8973,12.88,Clear,High,Night,Scooter,13,7.0,53.6,0,1
4412,7.03,Windy,Low,Afternoon,Bike,12,1.0,34.9,0,0
7273,11.82,Snowy,Medium,Afternoon,Bike,16,6.0,62.2,0,1
9700,14.25,Rainy,Low,Afternoon,Bike,17,8.0,58.6,0,1
8013,14.17,Clear,Low,Afternoon,Bike,15,7.0,46.6,0,1
4454,4.05,Foggy,Low,Evening,Scooter,24,2.0,41.6,1,1
2031,0.72,Foggy,Low,Morning,Car,17,0.0,27.8,1,0
9868,15.19,Clear,Medium,Afternoon,Scooter,20,6.0,58.2,0,1
2241,3.33,Snowy,Medium,Afternoon,Bike,13,0.0,40.0,0,0
7948,10.51,Rainy,Medium,Evening,Bike,14,4.0,62.9,1,1
9546,14.83,Clear,Medium,Night,Car,15,6.0,53.4,0,1
5012,6.46,Snowy,Low,Morning,Bike,14,2.0,45.3,1,1
7108,8.9,Clear,Medium,Night,Scooter,32,5.0,56.4,0,1
5425,7.57,Clear,Low,Night,Bike,22,3.0,48.3,0,1
7046,9.79,Windy,High,Night,Car,23,5.0,56.7,0,1
10059,16.14,Foggy,High,Afternoon,Scooter,13,18.0,63.6,0,1
4294,6.1,Clear,Low,Evening,Bike,23,1.0,47.2,1,1
5187,4.58,Foggy,Medium,Morning,Bike,17,1.0,47.5,1,1
7864,11.88,Foggy,High,Evening,Car,12,4.0,58.5,1,1
7095,11.51,Windy,Low,Afternoon,Scooter,22,5.0,52.3,0,1
3171,3.09,Clear,Medium,Evening,Scooter,12,1.0,31.6,1,0
10140,16.91,Clear,Medium,Afternoon,Bike,25,24.0,67.2,0,1
9496,12.59,Foggy,Medium,Evening,Car,16,8.0,51.3,1,1
10668,18.97,Rainy,High,Evening,Car,19,14.0,75.4,1,2
6295,10.76,Snowy,Low,Evening,Car,27,5.0,58.1,1,1
2512,1.15,Snowy,Low,Morning,Bike,17,1.0,35.2,1,0
9215,15.99,Snowy,Medium,Afternoon,Bike,31,9.0,83.6,0,2
10479,18.39,Clear,Low,Afternoon,Car,17,14.0,56.2,0,1
9433,13.18,Foggy,Medium,Evening,Bike,7,8.0,50.6,1,1
6258,8.31,Clear,Low,Afternoon,Bike,14,3.0,33.9,0,0
4688,6.46,Rainy,Medium,Night,Car,24,2.0,50.8,0,1
2994,1.17,Clear,Medium,Afternoon,Bike,17,0.0,30.2,0,0
4452,4.48,Foggy,High,Evening,Scooter,13,2.0,47.0,1,1
3006,1.11,Clear,Medium,Morning,Scooter,10,1.0,26.1,1,0
11814,17.56,Clear,Medium,Afternoon,Bike,26,22.0,68.6,0,1
7950,9.34,Rainy,Low,Morning,Scooter,8,3.0,47.0,1,1
6838,11.08,Clear,Medium,Afternoon,Bike,17,3.0,49.9,0,1
6656,9.89,Snowy,Medium,Afternoon,Bike,12,4.0,51.2,0,1
8884,13.21,Snowy,Medium,Afternoon,Bike,10,9.0,56.3,0,1
3614,2.03,Clear,Low,Morning,Bike,25,1.0,40.5,1,1
6397,11.87,Clear,Low,Morning,Scooter,14,5.0,41.0,1,1
11377,18.57,Windy,Medium,Evening,Bike,24,25.0,78.1,1,2
6046,10.29,Clear,Medium,Morning,Bike,8,4.0,41.5,1,1
7579,9.59,Snowy,Low,Night,Bike,9,6.0,45.3,0,1
8221,13.24,Clear,Medium,Afternoon,Bike,14,8.0,51.9,0,1
6268,10.54,Snowy,High,Evening,Scooter,15,6.0,61.8,1,1
5919,6.43,Rainy,Medium,Morning,Scooter,12,1.0,47.3,1,1
4459,6.26,Clear,Low,Morning,Scooter,15,3.0,36.4,1,0
3651,1.46,Clear,Low,Afternoon,Bike,15,1.0,25.9,0,0
16,4.08,Windy,Medium,Afternoon,Bike,7,0.0,33.0,0,0
495,9.54,Rainy,Medium,Evening,Scooter,11,5.0,47.0,1,1
7625,8.65,Clear,Medium,Evening,Bike,22,6.0,56.9,1,1
11442,19.95,Windy,Medium,Morning,Scooter,16,16.0,71.2,1,2
9362,12.11,Foggy,Medium,Evening,Car,9,7.0,50.8,1,1
7519,8.78,Clear,Medium,Morning,Car,13,5.0,34.4,1,0
2203,0.39,Rainy,Low,Afternoon,Car,14,1.0,17.5,0,0
5282,7.55,Clear,Medium,Evening,Bike,30,2.0,61.1,1,1
2949,1.11,Snowy,Low,Morning,Car,19,0.0,37.0,1,0
2661,2.78,Clear,Medium,Evening,Scooter,17,0.0,39.1,1,0
11785,17.43,Rainy,Medium,Afternoon,Car,11,30.0,55.1,0,1
11963,19.59,Clear,High,Morning,Bike,10,17.0,64.4,1,1
2411,1.0,Rainy,Low,Morning,Scooter,24,1.0,40.6,1,1
7760,9.7,Clear,Medium,Night,Scooter,23,3.0,47.3,0,1
601,3.79,Clear,Medium,Morning,Bike,13,2.0,34.0,1,0
2174,1.98,Windy,Medium,Evening,Bike,14,1.0,36.2,1,0
6658,11.97,Clear,Medium,Afternoon,Car,7,6.0,36.6,0,0
488,5.98,Rainy,High,Morning,Bike,21,2.0,60.0,1,1
2325,2.97,Snowy,Medium,Afternoon,Bike,33,0.0,59.4,0,1
3866,1.4,Snowy,Low,Morning,Bike,31,0.0,50.4,1,1
7292,9.77,Clear,Medium,Night,Scooter,27,5.0,57.9,0,1
5268,6.86,Foggy,Low,Evening,Bike,7,3.0,32.1,1,0
9452,15.34,Clear,Medium,Afternoon,Car,28,9.0,61.0,0,1
8643,12.78,Clear,Low,Morning,Bike,15,10.0,45.2,1,1
8873,14.32,Clear,Low,Evening,Scooter,15,9.0,46.9,1,1
9949,14.61,Clear,Medium,Evening,Bike,15,7.0,58.2,1,1
5323,5.4,Foggy,Low,Morning,Bike,32,2.0,58.9,1,1
10496,18.9,Rainy,Low,Morning,Bike,26,14.0,83.0,1,2
5619,4.75,Clear,Medium,Evening,Scooter,18,3.0,43.5,1,1
4767,6.96,Clear,Medium,Afternoon,Bike,9,2.0,40.0,0,0
6773,10.27,Clear,Low,Morning,Bike,23,3.0,54.4,1,1
3761,1.22,Clear,Low,Evening,Scooter,15,0.0,18.2,1,0
5349,6.24,Foggy,Low,Morning,Bike,16,2.0,45.4,1,1
3531,2.39,Clear,Low,Night,Scooter,17,0.0,21.8,0,0
9617,12.28,Clear,High,Afternoon,Bike,22,8.0,62.7,0,1
8619,14.22,Clear,Low,Afternoon,Scooter,22,7.0,47.0,0,1
2280,2.58,Snowy,High,Afternoon,Bike,26,0.0,60.8,0,1
525,16.85,Clear,High,Morning,Car,17,4.0,71.0,1,2
4898,4.79,Clear,Low,Morning,Bike,24,2.0,43.8,1,1
2025,1.28,Foggy,Medium,Afternoon,Bike,22,0.0,47.3,0,1
9463,12.06,Clear,High,Morning,Bike,25,6.0,78.1,1,2
5228,4.61,Clear,Low,Morning,Car,32,2.0,42.8,1,1
2453,2.43,Foggy,Low,Morning,Scooter,26,1.0,46.6,1,1
8371,14.19,Snowy,Medium,Evening,Bike,8,7.0,66.4,1,1
216,5.13,Clear,Low,Morning,Car,15,4.0,30.0,1,0
10403,16.67,Rainy,Medium,Afternoon,Bike,19,18.0,69.4,0,1
9557,13.97,Clear,High,Morning,Bike,12,6.0,60.0,1,1
3076,1.49,Clear,Medium,Morning,Bike,22,0.0,39.1,1,0
9939,14.89,Clear,Medium,Morning,Car,17,8.0,61.7,1,1
11671,19.93,Clear,Medium,Evening,Bike,12,16.0,64.8,1,1
99,1.0,Snowy,Medium,Morning,Bike,25,4.0,44.0,1,1
3993,2.92,Clear,High,Afternoon,Scooter,24,1.0,48.3,0,1
6672,8.78,Clear,Medium,Afternoon,Scooter,22,5.0,45.3,0,1
5052,5.31,Clear,High,Night,Scooter,23,1.0,45.3,0,1
10627,17.28,Clear,Low,Evening,Bike,14,15.0,58.1,1,1
7737,8.39,Rainy,Medium,Evening,Bike,9,5.0,47.2,1,1
53,18.82,Windy,Low,Morning,Car,5,3.0,77.0,1,2
6213,10.86,Clear,Medium,Morning,Scooter,33,6.0,67.4,1,1
2801,2.27,Foggy,Medium,Morning,Scooter,8,0.0,33.7,1,0
3174,0.57,Foggy,High,Afternoon,Bike,26,1.0,54.2,0,1
7506,9.32,Clear,Low,Morning,Bike,20,4.0,49.5,1,1
11343,17.97,Snowy,Medium,Evening,Car,20,23.0,71.9,1,2
6651,10.63,Snowy,Low,Night,Car,11,4.0,40.7,0,1
11801,19.56,Clear,Low,Evening,Bike,23,14.0,73.2,1,2
2845,0.8,Clear,Medium,Evening,Car,15,1.0,24.6,1,0
4822,4.95,Rainy,Medium,Afternoon,Bike,24,3.0,51.3,0,1
9843,13.59,Clear,Low,Evening,Scooter,31,7.0,68.1,1,1
7514,10.34,Clear,Medium,Evening,Car,19,5.0,44.0,1,1
3241,0.43,Snowy,Low,Morning,Car,14,1.0,23.3,1,0
408,0.71,Foggy,Low,Night,Bike,29,1.0,41.0,0,1
2374,3.33,Clear,Medium,Evening,Car,13,0.0,32.8,1,0
11685,16.53,Clear,Low,Evening,Car,31,14.0,63.5,1,1
9786,13.88,Windy,Medium,Afternoon,Scooter,13,8.0,45.7,0,1
4766,7.07,Windy,Medium,Afternoon,Scooter,18,1.0,44.6,0,1
877,14.46,Rainy,Medium,Morning,Scooter,11,9.0,68.0,1,1
3965,2.94,Foggy,Medium,Evening,Car,18,1.0,41.4,1,1
10835,16.45,Clear,Medium,Afternoon,Car,17,22.0,53.3,0,1
3631,1.98,Clear,Low,Morning,Scooter,20,0.0,31.6,1,0
7384,9.4,Clear,High,Morning,Car,24,6.0,59.7,1,1
7663,8.75,Rainy,High,Afternoon,Scooter,12,4.0,49.0,0,1
9344,12.55,Clear,Low,Afternoon,Bike,24,7.0,53.0,0,1
2991,2.89,Rainy,Low,Morning,Bike,22,1.0,42.3,1,1
5551,6.4,Snowy,Medium,Morning,Scooter,18,1.0,50.0,1,1
10461,18.34,Windy,Medium,Evening,Scooter,20,23.0,68.1,1,1
5026,7.94,Clear,Medium,Morning,Bike,9,3.0,38.7,1,0
856,4.22,Clear,Medium,Morning,Bike,16,7.0,35.0,1,0
9305,15.0,Rainy,High,Morning,Scooter,15,6.0,71.5,1,2
8140,12.38,Clear,High,Afternoon,Bike,23,10.0,63.1,0,1
6690,9.22,Foggy,High,Afternoon,Scooter,16,5.0,51.6,0,1
8421,14.55,Clear,High,Morning,Bike,21,10.0,67.9,1,1
8718,14.13,Snowy,Medium,Morning,Car,12,6.0,57.1,1,1
2033,2.65,Clear,Low,Afternoon,Scooter,19,0.0,24.5,0,0
10732,17.74,Rainy,Medium,Evening,Bike,14,23.0,64.8,1,1
676,19.66,Clear,Low,Morning,Car,19,6.0,70.0,1,1
7243,10.36,Clear,Medium,Morning,Bike,27,4.0,66.4,1,1
541,19.1,Snowy,Medium,Morning,Bike,25,6.0,89.0,1,2
8863,13.52,Clear,Medium,Afternoon,Scooter,17,8.0,49.5,0,1
3083,0.12,Windy,Medium,Morning,Scooter,20,0.0,35.3,1,0
756,15.98,Foggy,Low,Morning,Car,21,6.0,89.0,1,2
5185,4.43,Clear,Low,Afternoon,Bike,11,2.0,22.5,0,0
10970,18.17,Rainy,Medium,Morning,Scooter,15,28.0,69.1,1,1
3871,1.66,Clear,Medium,Afternoon,Scooter,28,0.0,44.4,0,1
7626,8.88,Rainy,Low,Morning,Scooter,20,4.0,51.9,1,1
2424,0.42,Clear,Medium,Morning,Bike,30,1.0,41.3,1,1
7395,8.27,Clear,Medium,Evening,Car,20,4.0,49.3,1,1
8117,12.15,Clear,Medium,Afternoon,Scooter,16,7.0,42.9,0,1
2840,2.59,Rainy,Low,Night,Car,19,0.0,30.8,0,0
11109,17.31,Snowy,High,Morning,Scooter,21,26.0,80.4,1,2
5821,5.71,Foggy,High,Evening,Scooter,19,3.0,52.9,1,1
11201,16.87,Clear,Low,Evening,Bike,16,28.0,58.6,1,1
3042,1.34,Rainy,Medium,Evening,Scooter,13,1.0,33.3,1,0
3280,0.26,Rainy,Medium,Afternoon,Bike,15,0.0,28.6,0,0
3594,0.85,Clear,Low,Evening,Car,24,0.0,27.8,1,0
9717,14.33,Rainy,Low,Night,Bike,5,6.0,48.7,0,1
11798,17.89,Clear,Medium,Evening,Bike,25,27.0,74.8,1,2
9588,12.39,Windy,Medium,Evening,Car,18,6.0,51.0,1,1
5766,6.98,Foggy,Low,Afternoon,Scooter,25,1.0,47.2,0,1
750,12.67,Clear,Medium,Evening,Car,10,3.0,65.0,1,1
4187,5.4,Snowy,Medium,Morning,Scooter,19,2.0,52.1,1,1
2160,2.95,Foggy,Low,Afternoon,Car,14,0.0,24.9,0,0
2061,1.98,Rainy,High,Afternoon,Scooter,12,1.0,37.9,0,0
5965,7.29,Clear,High,Evening,Scooter,12,1.0,44.5,1,1
46,13.42,Rainy,Medium,Evening,Bike,6,6.0,89.0,1,2
5013,7.04,Foggy,High,Afternoon,Bike,9,3.0,48.5,0,1
3105,1.87,Clear,High,Afternoon,Car,25,0.0,40.7,0,1
2812,1.86,Clear,Low,Afternoon,Scooter,16,0.0,27.3,0,0
2976,3.26,Rainy,Medium,Afternoon,Scooter,8,1.0,32.3,0,0
8460,12.16,Foggy,Medium,Afternoon,Car,25,8.0,56.8,0,1
11417,18.11,Clear,Low,Afternoon,Car,23,28.0,58.0,0,1
8436,14.55,Clear,Low,Evening,Bike,18,7.0,55.7,1,1
11842,16.48,Clear,High,Afternoon,Bike,27,11.0,74.0,0,2
7055,11.26,Snowy,High,Morning,Bike,24,3.0,80.5,1,2
7897,11.76,Clear,Medium,Evening,Bike,7,5.0,51.3,1,1
3769,1.85,Clear,Medium,Night,Bike,16,0.0,31.0,0,0
9183,14.68,Rainy,High,Afternoon,Bike,16,9.0,65.3,0,1
3096,1.95,Clear,High,Morning,Scooter,29,0.0,53.2,1,1
6540,10.53,Clear,Low,Afternoon,Bike,24,3.0,53.3,0,1
10801,19.78,Clear,Medium,Evening,Scooter,21,21.0,65.7,1,1
3472,1.97,Clear,Medium,Afternoon,Car,21,1.0,35.0,0,0
11929,16.17,Foggy,Low,Evening,Bike,22,24.0,63.8,1,1
5181,6.92,Windy,Low,Evening,Bike,30,3.0,57.5,1,1
6968,10.84,Clear,Medium,Afternoon,Scooter,8,3.0,37.2,0,0
868,4.05,Clear,Medium,Evening,Bike,20,5.0,44.0,1,1
2250,0.38,Clear,High,Evening,Scooter,26,0.0,45.6,1,1
2725,2.24,Clear,High,Evening,Scooter,15,0.0,35.9,1,0
6761,10.88,Rainy,Medium,Morning,Scooter,12,4.0,52.6,1,1
9895,15.35,Clear,Medium,Afternoon,Scooter,14,10.0,52.7,0,1
11604,19.77,Clear,Low,Evening,Bike,9,13.0,61.2,1,1
7808,9.07,Snowy,Medium,Evening,Bike,19,3.0,62.6,1,1
293,16.54,Rainy,Low,Afternoon,Scooter,6,7.0,51.0,0,1
710,13.79,Rainy,Low,Night,Scooter,11,0.0,69.0,0,1
8323,14.25,Snowy,Medium,Evening,Bike,22,10.0,73.1,1,2
189,10.83,Clear,Medium,Evening,Scooter,8,9.0,51.0,1,1
3363,2.56,Rainy,High,Afternoon,Bike,25,1.0,47.9,0,1
6117,8.32,Rainy,High,Morning,Bike,24,6.0,66.5,1,1
3637,0.24,Clear,Low,Morning,Bike,21,0.0,30.5,1,0
3500,2.95,Rainy,Medium,Evening,Scooter,10,0.0,36.1,1,0
3681,2.12,Foggy,Low,Morning,Car,29,0.0,36.6,1,0
242,19.1,Snowy,Low,Afternoon,Bike,18,1.0,89.0,0,2
10616,18.68,Rainy,Medium,Afternoon,Car,17,29.0,58.8,0,1
11004,19.21,Clear,Medium,Morning,Bike,8,30.0,62.0,1,1
9553,15.94,Clear,Medium,Evening,Scooter,25,9.0,66.5,1,1
7039,11.07,Snowy,Medium,Morning,Bike,22,3.0,64.6,1,1
7677,9.74,Clear,High,Night,Bike,15,5.0,51.2,0,1
2490,0.52,Rainy,Low,Evening,Bike,12,1.0,26.4,1,0
5709,5.46,Clear,High,Afternoon,Bike,26,1.0,51.9,0,1
9680,13.35,Windy,Low,Morning,Bike,13,9.0,52.2,1,1
8411,14.52,Clear,Medium,Morning,Bike,10,9.0,50.1,1,1
8705,12.16,Clear,Medium,Afternoon,Bike,23,9.0,60.2,0,1
3288,0.8,Clear,High,Evening,Bike,12,1.0,39.0,1,0
7527,9.09,Clear,Low,Night,Scooter,22,4.0,37.8,0,0
2303,2.92,Rainy,Low,Evening,Scooter,22,0.0,38.8,1,0
7338,8.41,Rainy,Medium,Night,Bike,16,4.0,44.9,0,1
2593,2.9,Clear,Low,Evening,Bike,16,0.0,33.3,1,0
3756,3.78,Rainy,Low,Afternoon,Car,26,1.0,42.4,0,1
2870,2.96,Clear,High,Night,Scooter,20,1.0,38.0,0,0
8302,14.43,Rainy,Low,Morning,Scooter,8,8.0,47.5,1,1
8209,13.36,Clear,Low,Evening,Bike,19,7.0,54.9,1,1
2086,0.65,Clear,High,Evening,Bike,12,0.0,35.8,1,0
11624,18.32,Foggy,Medium,Afternoon,Car,11,29.0,55.1,0,1
10534,19.43,Windy,High,Afternoon,Bike,17,27.0,74.7,0,2
3428,1.74,Clear,Medium,Afternoon,Bike,23,0.0,41.8,0,1
6617,9.28,Clear,Medium,Evening,Bike,23,3.0,59.0,1,1
7997,9.56,Rainy,High,Afternoon,Bike,11,4.0,50.4,0,1
8543,14.49,Windy,Medium,Evening,Car,17,10.0,55.5,1,1
7895,10.06,Clear,Low,Afternoon,Car,16,4.0,33.9,0,0
9905,12.22,Windy,Low,Evening,Bike,14,7.0,51.4,1,1
2966,1.47,Clear,Medium,Evening,Scooter,12,1.0,25.0,1,0
9513,12.52,Clear,Low,Afternoon,Car,20,10.0,42.1,0,1
5739,7.13,Foggy,High,Morning,Scooter,22,1.0,58.9,1,1
10633,19.42,Clear,Low,Morning,Bike,11,22.0,61.0,1,1
4143,4.08,Foggy,High,Night,Bike,17,1.0,44.6,0,1
9477,12.74,Clear,Low,Morning,Car,13,10.0,38.5,1,0
2585,1.22,Windy,Low,Afternoon,Car,19,0.0,21.2,0,0
2741,0.32,Clear,High,Evening,Bike,19,0.0,41.1,1,1
7324,8.51,Clear,Medium,Morning,Bike,16,6.0,54.4,1,1
9206,12.17,Clear,High,Morning,Bike,29,9.0,72.8,1,2
10725,16.79,Rainy,Medium,Morning,Scooter,15,23.0,67.8,1,1
4289,7.59,Clear,High,Morning,Bike,15,2.0,54.1,1,1
4164,5.48,Clear,Low,Afternoon,Scooter,15,1.0,28.3,0,0
11137,17.22,Rainy,High,Evening,Bike,17,20.0,81.2,1,2
9322,13.11,Clear,Low,Evening,Bike,14,9.0,49.7,1,1
6379,11.84,Snowy,High,Morning,Bike,13,6.0,65.6,1,1
2123,3.03,Clear,Medium,Night,Car,25,0.0,39.0,0,0
2395,1.84,Clear,Low,Night,Bike,28,0.0,37.0,0,0
11950,18.55,Rainy,High,Night,Bike,25,21.0,84.1,0,2
6230,10.35,Clear,Medium,Afternoon,Scooter,19,3.0,51.4,0,1
157,13.61,Clear,Low,Unknown,Scooter,12,2.0,43.0,0,1
9114,13.53,Rainy,Low,Afternoon,Bike,32,6.0,74.3,0,2
3370,3.33,Clear,High,Night,Bike,23,0.0,50.9,0,1
9910,13.85,Clear,High,Morning,Bike,10,6.0,58.1,1,1
9825,15.73,Windy,Low,Night,Scooter,24,9.0,62.7,0,1
4827,6.69,Clear,High,Evening,Scooter,7,3.0,36.4,1,0
2743,2.43,Snowy,Medium,Morning,Scooter,27,0.0,54.9,1,1
10091,19.75,Clear,Low,Afternoon,Bike,17,29.0,60.3,0,1
10433,16.93,Snowy,Low,Afternoon,Bike,16,25.0,61.9,0,1
512,8.66,Snowy,High,Morning,Bike,29,3.0,77.0,1,2
7565,9.04,Windy,Low,Evening,Bike,7,4.0,36.7,1,0
5553,6.75,Clear,Medium,Morning,Scooter,12,1.0,40.6,1,1
6274,11.16,Snowy,High,Evening,Car,14,3.0,59.5,1,1
2823,0.69,Clear,Medium,Afternoon,Scooter,10,1.0,17.3,0,0
2803,3.72,Snowy,Low,Night,Bike,14,1.0,36.0,0,0
10768,18.31,Windy,High,Morning,Scooter,21,16.0,74.4,1,2
10405,16.84,Windy,Medium,Afternoon,Scooter,25,23.0,70.2,0,2
11944,18.69,Rainy,Medium,Morning,Bike,24,14.0,78.9,1,2
7461,11.08,Rainy,Low,Morning,Scooter,25,4.0,56.6,1,1
11899,17.28,Rainy,Medium,Afternoon,Bike,19,30.0,73.6,0,2
6564,8.53,Snowy,Low,Afternoon,Bike,12,4.0,40.5,0,1
11881,16.7,Clear,Medium,Afternoon,Scooter,30,25.0,61.3,0,1
6686,9.89,Clear,High,Evening,Bike,15,5.0,55.0,1,1
3850,3.22,Foggy,Medium,Morning,Car,20,1.0,41.7,1,1
8204,15.78,Clear,Low,Morning,Bike,15,6.0,59.2,1,1
10966,19.89,Clear,High,Afternoon,Scooter,13,24.0,64.7,0,1
824,8.26,Snowy,Low,Afternoon,Bike,15,1.0,57.0,0,1
7938,10.53,Clear,Low,Afternoon,Scooter,15,3.0,41.2,0,1
3253,0.59,Clear,Medium,Afternoon,Bike,14,1.0,27.5,0,0
424,10.14,Clear,Medium,Morning,Scooter,20,1.0,59.0,1,1
11200,17.45,Rainy,Medium,Afternoon,Bike,26,30.0,82.8,0,2
6261,8.73,Windy,Low,Afternoon,Car,24,4.0,46.2,0,1
5417,4.57,Rainy,High,Morning,Scooter,13,3.0,45.6,1,1
10233,19.55,Windy,Low,Morning,Scooter,18,23.0,63.7,1,1
8835,15.57,Clear,High,Morning,Car,13,7.0,61.8,1,1
9665,15.63,Clear,Medium,Evening,Bike,22,10.0,63.8,1,1
9771,13.9,Clear,High,Evening,Car,21,8.0,60.7,1,1
6077,11.27,Rainy,Medium,Afternoon,Bike,26,6.0,67.9,0,1
3843,1.87,Clear,Low,Evening,Scooter,30,1.0,43.7,1,1
11063,18.19,Clear,Low,Morning,Scooter,20,20.0,56.9,1,1
9458,12.54,Snowy,Low,Afternoon,Bike,21,7.0,60.3,0,1
2819,2.22,Rainy,Medium,Afternoon,Bike,24,1.0,46.8,0,1
6553,11.23,Clear,Low,Night,Scooter,25,5.0,48.5,0,1
9418,15.16,Snowy,Low,Evening,Scooter,20,9.0,63.8,1,1
8032,14.04,Clear,High,Morning,Bike,25,7.0,65.8,1,1
6095,8.05,Clear,Medium,Morning,Scooter,18,5.0,47.6,1,1
5461,6.98,Clear,Medium,Evening,Car,16,2.0,43.9,1,1
5796,6.03,Rainy,Low,Afternoon,Scooter,15,2.0,31.1,0,0
2997,1.42,Rainy,Medium,Afternoon,Bike,17,1.0,37.1,0,0
7450,11.54,Clear,Medium,Evening,Scooter,16,4.0,49.2,1,1
11577,19.58,Clear,Low,Night,Bike,17,17.0,58.9,0,1
4152,4.94,Clear,High,Afternoon,Scooter,16,3.0,42.6,0,1
2211,1.28,Rainy,Medium,Night,Scooter,12,0.0,31.4,0,0
6669,11.99,Snowy,Medium,Evening,Bike,18,3.0,66.4,1,1
6129,11.29,Foggy,High,Morning,Bike,23,5.0,72.7,1,2
10726,17.38,Windy,Low,Evening,Scooter,19,11.0,62.5,1,1
3429,3.28,Foggy,Medium,Night,Car,15,1.0,27.1,0,0
8820,12.29,Windy,Low,Evening,Bike,17,6.0,54.5,1,1
427,9.11,Clear,Low,Afternoon,Bike,19,6.0,42.0,0,1
11474,19.49,Clear,Medium,Afternoon,Bike,10,11.0,62.3,0,1
279,14.19,Clear,Medium,Afternoon,Bike,9,1.0,57.0,0,1
4677,6.74,Clear,Medium,Evening,Bike,12,1.0,39.2,1,0
4422,7.02,Clear,Medium,Evening,Bike,25,2.0,57.8,1,1
3170,1.07,Clear,Low,Evening,Scooter,25,1.0,36.5,1,0
388,3.96,Clear,Medium,Afternoon,Bike,23,5.0,44.0,0,1
7436,8.29,Clear,Medium,Night,Scooter,32,4.0,51.6,0,1
553,11.26,Foggy,High,Afternoon,Bike,14,2.0,70.0,0,1
4834,7.04,Snowy,Medium,Evening,Scooter,10,1.0,52.5,1,1
247,8.85,Clear,Low,Afternoon,Bike,11,9.0,45.0,0,1
11476,19.93,Windy,High,Evening,Bike,23,11.0,80.4,1,2
11525,16.72,Clear,High,Evening,Scooter,19,16.0,68.9,1,1
11415,19.2,Snowy,Medium,Afternoon,Scooter,30,12.0,88.7,0,2
6546,10.74,Clear,Low,Afternoon,Scooter,20,6.0,45.7,0,1
4872,7.14,Clear,Medium,Evening,Bike,24,3.0,57.4,1,1
10519,18.46,Rainy,Low,Night,Car,12,28.0,52.7,0,1
7751,9.59,Clear,Medium,Morning,Scooter,20,3.0,53.0,1,1
11331,17.72,Rainy,Low,Evening,Bike,28,15.0,73.1,1,2
7530,11.54,Snowy,Medium,Morning,Scooter,11,5.0,58.2,1,1
6900,11.52,Foggy,Low,Afternoon,Bike,12,6.0,44.4,0,1
6088,9.76,Rainy,Medium,Afternoon,Car,26,5.0,57.0,0,1
4888,5.29,Windy,Medium,Morning,Bike,13,2.0,48.3,1,1
7969,8.88,Rainy,Medium,Morning,Bike,18,3.0,58.2,1,1
9696,13.64,Rainy,High,Night,Bike,14,10.0,60.0,0,1
4312,5.6,Clear,Low,Night,Car,17,2.0,33.0,0,0
2046,0.52,Snowy,Low,Evening,Car,20,1.0,31.4,1,0
654,15.04,Clear,Low,Morning,Car,24,5.0,60.0,1,1
2079,0.58,Rainy,Low,Morning,Scooter,8,1.0,20.9,1,0
2837,0.15,Foggy,Medium,Afternoon,Scooter,17,1.0,29.1,0,0
5834,4.92,Clear,High,Morning,Bike,25,1.0,55.3,1,1
4703,6.82,Clear,Low,Morning,Scooter,25,1.0,48.2,1,1
9979,12.98,Windy,High,Evening,Bike,19,9.0,72.4,1,2
9813,13.33,Foggy,Low,Evening,Scooter,16,10.0,51.8,1,1
6830,9.82,Windy,High,Night,Bike,28,4.0,67.7,0,1
4917,5.42,Clear,Low,Afternoon,Car,13,3.0,26.4,0,0
5982,6.79,Clear,Medium,Evening,Bike,24,2.0,51.8,1,1
8025,15.44,Snowy,High,Morning,Bike,27,9.0,87.1,1,2
4277,6.19,Rainy,High,Evening,Bike,18,3.0,58.8,1,1
8565,12.15,Clear,High,Afternoon,Bike,14,9.0,53.2,0,1
2441,3.92,Snowy,Medium,Afternoon,Scooter,27,0.0,50.2,0,1
9994,15.4,Snowy,Medium,Night,Scooter,8,10.0,55.0,0,1
2021,0.84,Foggy,Medium,Afternoon,Scooter,14,1.0,29.9,0,0
11409,17.28,Foggy,Low,Evening,Bike,19,28.0,62.9,1,1
3998,2.71,Clear,Low,Evening,Car,17,0.0,28.3,1,0
11559,18.43,Rainy,High,Evening,Bike,28,30.0,89.0,1,2
3598,1.22,Clear,Low,Evening,Car,30,0.0,43.1,1,1
7093,11.32,Clear,Medium,Evening,Bike,8,4.0,48.7,1,1
2210,1.28,Rainy,Medium,Afternoon,Scooter,8,0.0,26.8,0,0
6052,8.38,Rainy,High,Night,Scooter,14,5.0,52.2,0,1
4725,5.72,Clear,Medium,Night,Bike,14,3.0,39.8,0,0
7707,10.81,Windy,Low,Morning,Scooter,23,6.0,55.5,1,1
8278,13.88,Rainy,High,Evening,Bike,10,9.0,65.1,1,1
9904,13.56,Rainy,Medium,Afternoon,Scooter,21,9.0,61.1,0,1
3022,2.26,Foggy,High,Night,Scooter,14,1.0,33.4,0,0
5188,7.2,Snowy,Medium,Afternoon,Car,23,1.0,54.1,0,1
7499,11.01,Clear,Medium,Evening,Scooter,14,3.0,45.2,1,1
8906,12.58,Snowy,Medium,Afternoon,Bike,15,9.0,63.1,0,1
528,5.83,Clear,High,Evening,Car,27,9.0,56.0,1,1
4047,4.7,Clear,Low,Evening,Bike,11,2.0,29.2,1,0
797,18.68,Snowy,Low,Afternoon,Bike,11,8.0,62.0,0,1
10636,17.58,Clear,Low,Afternoon,Bike,14,13.0,50.9,0,1
4753,5.68,Snowy,Low,Evening,Bike,19,3.0,51.1,1,1
10391,18.46,Rainy,Medium,Afternoon,Car,25,13.0,73.3,0,2
599,4.25,Clear,Low,Afternoon,Bike,5,4.0,22.0,0,0
7378,8.26,Foggy,Medium,Night,Bike,8,3.0,48.8,0,1
7220,8.22,Clear,Low,Morning,Bike,11,3.0,33.4,1,0
11772,17.77,Foggy,Medium,Morning,Bike,18,18.0,71.0,1,2
6887,8.5,Clear,Low,Afternoon,Bike,22,4.0,47.0,0,1
5061,5.74,Rainy,Medium,Evening,Bike,20,2.0,53.7,1,1
10696,19.66,Rainy,High,Afternoon,Bike,17,23.0,79.3,0,2
9057,14.89,Snowy,High,Morning,Bike,23,9.0,77.4,1,2
515,1.38,Clear,Medium,Evening,Scooter,5,8.0,13.0,1,0
8424,13.23,Foggy,Low,Morning,Car,17,10.0,60.8,1,1
300,2.16,Snowy,Low,Evening,Scooter,15,0.0,36.0,1,0
4742,4.07,Snowy,Medium,Evening,Car,31,1.0,57.2,1,1
9253,15.85,Snowy,High,Evening,Bike,18,7.0,81.5,1,2
3521,3.29,Clear,Low,Afternoon,Scooter,19,1.0,26.7,0,0
4633,7.45,Snowy,High,Morning,Bike,14,1.0,58.4,1,1
8152,14.69,Foggy,Medium,Morning,Car,21,6.0,66.7,1,1
8740,12.12,Clear,High,Morning,Car,21,6.0,53.8,1,1
10859,18.13,Clear,Medium,Afternoon,Scooter,23,16.0,68.6,0,1
3319,3.37,Foggy,Low,Afternoon,Bike,21,0.0,42.9,0,1
8383,12.29,Rainy,High,Evening,Bike,18,6.0,73.3,1,2
3524,0.6,Foggy,Medium,Night,Scooter,10,0.0,20.3,0,0
11627,16.92,Clear,Low,Afternoon,Bike,13,15.0,51.0,0,1
10354,16.2,Clear,Low,Afternoon,Car,24,19.0,52.4,0,1
10843,19.32,Clear,Low,Morning,Bike,30,13.0,74.4,1,2
5913,4.33,Snowy,High,Afternoon,Scooter,14,1.0,41.7,0,1
11451,18.32,Windy,High,Night,Car,22,24.0,67.6,0,1
6799,9.06,Snowy,High,Morning,Bike,23,5.0,71.5,1,2
10563,18.98,Snowy,Medium,Afternoon,Bike,22,23.0,76.6,0,2
3062,2.37,Rainy,Low,Evening,Bike,16,0.0,38.3,1,0
3212,1.63,Snowy,Low,Morning,Scooter,11,0.0,29.6,1,0
4125,5.53,Clear,High,Evening,Car,28,2.0,59.1,1,1
11376,19.04,Clear,Low,Evening,Bike,12,19.0,58.6,1,1
10663,17.22,Windy,Low,Evening,Bike,22,13.0,66.5,1,1
3226,2.31,Snowy,Medium,Morning,Bike,11,1.0,30.9,1,0
8122,15.4,Clear,High,Evening,Car,17,6.0,66.3,1,1
2571,2.57,Clear,Low,Evening,Car,16,1.0,24.7,1,0
5218,6.32,Clear,Low,Afternoon,Scooter,20,3.0,34.2,0,0
9163,12.47,Rainy,Low,Morning,Scooter,20,8.0,57.9,1,1
2422,2.81,Clear,Medium,Evening,Car,23,0.0,33.1,1,0
3711,0.27,Foggy,Low,Afternoon,Bike,32,1.0,39.0,0,0
8001,14.64,Clear,Low,Morning,Scooter,15,8.0,47.2,1,1
11132,18.78,Foggy,High,Evening,Bike,14,30.0,70.4,1,2
3590,1.3,Clear,Medium,Evening,Bike,18,0.0,41.1,1,1
6923,10.5,Clear,Medium,Evening,Bike,21,3.0,56.4,1,1
4859,5.38,Foggy,Low,Afternoon,Bike,17,3.0,37.2,0,0
7841,11.57,Clear,Low,Afternoon,Scooter,14,4.0,34.7,0,0
2623,1.7,Windy,High,Evening,Bike,15,1.0,41.4,1,1
10836,18.61,Clear,Low,Morning,Bike,19,30.0,64.8,1,1
2353,2.29,Rainy,Low,Evening,Scooter,7,0.0,18.2,1,0
2391,1.72,Rainy,Low,Evening,Bike,21,0.0,39.4,1,0
2727,2.85,Clear,Low,Evening,Bike,20,1.0,38.6,1,0
6382,11.77,Clear,Low,Morning,Car,25,6.0,49.2,1,1
4503,6.11,Windy,Medium,Morning,Car,14,1.0,37.9,1,0
5934,4.1,Clear,Low,Afternoon,Bike,27,2.0,45.7,0,1
6354,8.27,Clear,Medium,Evening,Bike,14,5.0,43.7,1,1
9342,14.85,Clear,Medium,Afternoon,Car,13,10.0,46.1,0,1
9655,12.66,Clear,Medium,Afternoon,Bike,32,10.0,63.5,0,1
3905,2.42,Rainy,Medium,Morning,Scooter,9,1.0,36.3,1,0
8685,12.41,Clear,Low,Morning,Car,21,9.0,47.6,1,1
978,1.5,Clear,Low,Afternoon,Bike,10,1.0,17.0,0,0
5790,4.6,Foggy,Low,Morning,Scooter,26,3.0,39.9,1,0
3601,1.33,Windy,High,Evening,Bike,21,0.0,41.5,1,1
7329,11.03,Clear,Low,Morning,Bike,13,3.0,45.4,1,1
5121,6.36,Clear,Medium,Night,Bike,16,2.0,43.6,0,1
9829,15.96,Snowy,Low,Morning,Scooter,30,9.0,74.9,1,2
6533,10.73,Rainy,Low,Evening,Bike,26,6.0,66.2,1,1
4680,7.14,Clear,Low,Afternoon,Bike,18,3.0,39.3,0,0
5245,5.02,Clear,Medium,Morning,Scooter,21,1.0,43.6,1,1
3423,3.17,Clear,Low,Morning,Scooter,14,0.0,24.4,1,0
5485,5.44,Foggy,Medium,Evening,Bike,28,2.0,60.8,1,1
8484,15.14,Foggy,Medium,Morning,Bike,14,10.0,60.0,1,1
9074,14.9,Rainy,Medium,Afternoon,Bike,29,8.0,81.6,0,2
4927,7.99,Rainy,Low,Morning,Bike,30,3.0,67.3,1,1
2414,3.54,Snowy,Low,Night,Bike,9,1.0,29.3,0,0
6770,10.85,Foggy,Medium,Morning,Scooter,7,5.0,43.1,1,1
7481,10.47,Clear,Medium,Evening,Car,8,3.0,35.0,1,0
7978,8.34,Clear,High,Evening,Bike,29,6.0,64.3,1,1
4308,7.4,Clear,High,Night,Bike,15,2.0,50.0,0,1
6949,9.59,Rainy,High,Night,Bike,29,6.0,74.8,0,2
9952,14.78,Rainy,Low,Evening,Scooter,22,7.0,67.2,1,1
10339,18.49,Clear,High,Morning,Car,24,22.0,75.8,1,2
3238,1.22,Clear,Low,Evening,Bike,24,0.0,35.9,1,0
9325,12.65,Foggy,Medium,Night,Car,25,7.0,56.1,0,1
11155,17.27,Clear,High,Evening,Bike,12,24.0,62.5,1,1
4806,5.97,Clear,Medium,Evening,Bike,14,3.0,39.4,1,0
11834,17.81,Foggy,Medium,Evening,Scooter,16,19.0,75.3,1,2
498,2.02,Clear,High,Evening,Bike,28,5.0,44.0,1,1
9735,13.14,Snowy,High,Afternoon,Scooter,15,9.0,62.2,0,1
6802,9.43,Clear,Low,Evening,Bike,18,5.0,49.3,1,1
2717,2.0,Rainy,Low,Evening,Scooter,25,0.0,40.5,1,1
2117,0.55,Foggy,High,Evening,Bike,16,0.0,40.3,1,1
7542,9.66,Rainy,Low,Afternoon,Scooter,9,4.0,36.8,0,0
223,2.33,Unknown,Low,Morning,Car,6,1.0,17.0,1,0
10774,17.27,Foggy,Low,Evening,Scooter,14,21.0,59.7,1,1
8883,15.68,Clear,Low,Afternoon,Bike,15,9.0,52.9,0,1
6695,10.51,Clear,Low,Afternoon,Bike,13,4.0,44.2,0,1
6001,8.04,Foggy,Low,Afternoon,Scooter,9,5.0,23.9,0,0
8592,12.03,Rainy,Low,Morning,Bike,14,8.0,49.1,1,1
5472,5.26,Clear,Low,Morning,Scooter,28,3.0,40.2,1,1
7104,9.96,Rainy,Medium,Morning,Car,11,6.0,46.1,1,1
7154,10.57,Clear,Medium,Morning,Scooter,18,5.0,52.2,1,1
2270,3.73,Clear,Medium,Evening,Scooter,23,1.0,36.9,1,0
6975,9.91,Rainy,Medium,Evening,Scooter,7,3.0,45.6,1,1
9373,15.14,Rainy,Low,Evening,Bike,8,6.0,55.2,1,1
7620,10.28,Clear,Medium,Morning,Bike,21,3.0,59.5,1,1
6394,9.12,Rainy,High,Night,Scooter,33,6.0,69.6,0,1
9094,14.87,Foggy,Medium,Morning,Bike,29,8.0,82.9,1,2
6893,11.35,Clear,Medium,Afternoon,Bike,11,3.0,45.4,0,1
7250,9.15,Snowy,Medium,Night,Scooter,23,6.0,55.5,0,1
3617,1.9,Clear,Medium,Morning,Bike,11,0.0,28.1,1,0
749,18.18,Snowy,High,Unknown,Bike,17,3.0,85.0,0,2
5018,7.42,Clear,Low,Evening,Scooter,11,1.0,31.8,1,0
4587,5.23,Clear,Medium,Afternoon,Scooter,12,3.0,26.1,0,0
791,3.49,Clear,Medium,Morning,Bike,17,2.0,38.0,1,0
5748,7.69,Snowy,Low,Morning,Bike,12,3.0,46.9,1,1
9847,15.01,Rainy,High,Afternoon,Car,25,8.0,66.1,0,1
6100,11.17,Windy,Low,Night,Bike,19,4.0,52.3,0,1
2861,3.55,Foggy,Medium,Evening,Bike,22,0.0,49.9,1,1
3129,1.65,Rainy,Medium,Evening,Bike,26,1.0,54.3,1,1
11454,18.5,Rainy,Medium,Morning,Scooter,21,28.0,73.8,1,2
6780,9.85,Rainy,Medium,Morning,Bike,29,3.0,74.4,1,2
7963,8.82,Rainy,Low,Afternoon,Bike,11,4.0,40.0,0,0
4453,5.55,Rainy,Low,Morning,Bike,19,3.0,44.0,1,1
6805,11.92,Snowy,Low,Morning,Scooter,19,5.0,52.2,1,1
9233,12.06,Clear,High,Night,Bike,13,8.0,58.3,0,1
9172,13.14,Rainy,Low,Morning,Bike,16,8.0,53.7,1,1
7507,10.87,Clear,High,Evening,Bike,10,3.0,51.8,1,1
5199,5.2,Clear,Medium,Afternoon,Scooter,17,3.0,38.0,0,0
4773,5.09,Snowy,Low,Morning,Scooter,20,3.0,46.9,1,1
6216,11.37,Clear,Medium,Morning,Bike,19,3.0,62.0,1,1
2990,2.57,Foggy,High,Morning,Scooter,10,0.0,41.8,1,1
11354,16.49,Foggy,Medium,Afternoon,Scooter,20,23.0,63.8,0,1
7953,8.56,Clear,Low,Afternoon,Car,28,4.0,41.9,0,1
670,6.06,Foggy,Low,Afternoon,Scooter,10,8.0,41.0,0,1
4832,5.98,Clear,Low,Afternoon,Car,12,3.0,20.0,0,0
4061,7.34,Windy,Medium,Evening,Scooter,29,3.0,59.4,1,1
5165,4.35,Rainy,Medium,Morning,Bike,14,2.0,45.4,1,1
11573,16.95,Clear,High,Morning,Bike,25,13.0,73.7,1,2
7299,8.38,Clear,Medium,Morning,Car,19,6.0,44.4,1,1
10581,18.82,Rainy,Medium,Afternoon,Car,7,17.0,56.4,0,1
3456,1.95,Clear,Medium,Afternoon,Car,29,0.0,33.9,0,0
9347,14.38,Clear,Low,Night,Bike,10,8.0,40.0,0,0
5720,7.5,Clear,Medium,Evening,Bike,15,3.0,50.1,1,1
8225,13.27,Rainy,Low,Afternoon,Bike,22,8.0,57.6,0,1
71,15.56,Clear,Medium,Evening,Bike,14,3.0,54.0,1,1
5869,7.46,Rainy,Medium,Morning,Scooter,17,2.0,43.8,1,1
703,7.06,Clear,Low,Afternoon,Scooter,26,5.0,51.0,0,1
4119,4.03,Clear,Medium,Afternoon,Car,19,3.0,39.1,0,0
2982,2.0,Snowy,Medium,Afternoon,Scooter,15,1.0,43.3,0,1
3151,3.19,Clear,Medium,Evening,Bike,20,1.0,35.0,1,0
3746,2.86,Rainy,High,Night,Car,13,1.0,36.4,0,0
8800,15.47,Clear,Low,Night,Car,27,8.0,57.0,0,1
2611,3.44,Rainy,Medium,Afternoon,Bike,21,1.0,42.8,0,1
3132,3.2,Rainy,Medium,Evening,Bike,19,1.0,46.0,1,1
2857,0.56,Foggy,Low,Morning,Scooter,21,1.0,31.5,1,0
11008,18.65,Rainy,Low,Night,Bike,27,18.0,67.7,0,1
10681,16.05,Clear,High,Afternoon,Bike,18,14.0,70.7,0,2
5577,5.96,Snowy,Low,Evening,Bike,15,1.0,49.7,1,1
4577,5.75,Foggy,Low,Evening,Bike,18,3.0,44.7,1,1
7300,10.87,Clear,High,Evening,Car,11,3.0,45.4,1,1
3209,0.29,Clear,High,Afternoon,Bike,25,0.0,48.1,0,1
8624,14.9,Clear,Low,Afternoon,Car,31,7.0,61.9,0,1
3403,3.7,Windy,Medium,Evening,Bike,17,1.0,42.4,1,1
10688,19.02,Clear,Low,Afternoon,Bike,20,16.0,64.5,0,1
5714,7.63,Foggy,Medium,Night,Bike,14,3.0,44.8,0,1
406,17.96,Clear,Unknown,Evening,Scooter,26,0.0,74.0,1,2
11016,17.23,Snowy,Low,Evening,Bike,10,29.0,60.0,1,1
302,10.86,Windy,Medium,Unknown,Car,10,4.0,60.0,0,1
7239,9.57,Clear,Low,Evening,Car,16,5.0,37.6,1,0
7893,10.44,Rainy,Medium,Night,Bike,11,5.0,50.2,0,1
8312,15.17,Snowy,Low,Morning,Car,7,8.0,48.0,1,1
6635,10.5,Rainy,Medium,Evening,Bike,31,4.0,75.3,1,2
9505,13.86,Rainy,Medium,Evening,Scooter,16,10.0,56.6,1,1
2632,2.03,Snowy,Medium,Evening,Car,9,0.0,36.6,1,0
2088,2.8,Clear,High,Morning,Scooter,15,0.0,40.9,1,1
4690,6.39,Rainy,Low,Afternoon,Scooter,21,3.0,42.1,0,1
11707,18.01,Foggy,Low,Night,Bike,24,24.0,69.9,0,1
4891,6.03,Clear,Low,Evening,Bike,29,3.0,56.1,1,1
5192,5.27,Clear,High,Evening,Bike,20,3.0,51.2,1,1
4349,7.17,Clear,High,Afternoon,Car,13,3.0,41.4,0,1
6993,9.65,Foggy,Medium,Evening,Bike,22,6.0,65.6,1,1
9207,12.01,Rainy,High,Morning,Car,30,9.0,78.7,1,2
604,2.23,Clear,Low,Morning,Bike,7,6.0,14.0,1,0
10114,18.37,Foggy,Medium,Evening,Car,20,22.0,69.8,1,1
8766,15.14,Rainy,High,Afternoon,Scooter,17,10.0,64.1,0,1
741,9.52,Foggy,Low,Night,Scooter,28,1.0,59.0,0,1
10844,18.72,Rainy,Medium,Morning,Bike,18,15.0,72.2,1,2
5712,4.2,Foggy,Low,Evening,Car,14,1.0,35.1,1,0
2781,3.16,Clear,Low,Afternoon,Bike,20,1.0,34.5,0,0
10034,16.3,Clear,High,Night,Bike,15,15.0,61.1,0,1
2244,0.77,Rainy,Medium,Afternoon,Scooter,13,0.0,29.4,0,0
4930,6.44,Foggy,Low,Evening,Bike,20,1.0,51.8,1,1
2672,2.82,Rainy,Low,Morning,Bike,16,1.0,34.9,1,0
5627,6.28,Snowy,Low,Morning,Scooter,7,1.0,35.0,1,0
448,15.19,Foggy,Low,Evening,Scooter,6,4.0,53.0,1,1
407,8.09,Foggy,Low,Evening,Car,22,2.0,56.0,1,1
7081,10.34,Clear,Medium,Evening,Scooter,15,6.0,46.9,1,1
8449,14.64,Rainy,Medium,Evening,Bike,20,9.0,68.0,1,1
107,8.5,Clear,High,Evening,Car,13,3.0,54.0,1,1
5377,4.82,Clear,Medium,Afternoon,Bike,33,1.0,60.0,0,1
10861,19.26,Clear,Low,Morning,Car,22,23.0,61.0,1,1
5555,4.94,Clear,High,Afternoon,Car,15,2.0,37.5,0,0
284,2.33,Clear,Low,Evening,Bike,9,2.0,18.0,1,0
5075,5.11,Snowy,Medium,Morning,Car,13,3.0,44.3,1,1
6092,10.39,Foggy,Low,Afternoon,Scooter,14,3.0,46.6,0,1
9846,12.66,Clear,Medium,Night,Bike,17,9.0,53.7,0,1
7759,9.64,Clear,Low,Morning,Scooter,8,4.0,29.9,1,0
996,2.29,Rainy,High,Afternoon,Car,8,8.0,80.0,0,2
5829,4.24,Windy,Low,Evening,Scooter,20,3.0,38.1,1,0
11642,18.91,Clear,Low,Evening,Bike,9,17.0,57.9,1,1
11619,19.71,Rainy,Medium,Afternoon,Bike,24,12.0,79.7,0,2
10932,19.99,Clear,Low,Afternoon,Bike,17,20.0,59.1,0,1
6618,10.16,Rainy,Low,Afternoon,Bike,14,6.0,42.7,0,1
11403,19.68,Rainy,Low,Afternoon,Bike,28,18.0,80.9,0,2
2987,3.37,Clear,Medium,Afternoon,Scooter,11,1.0,28.6,0,0
11661,18.93,Clear,Low,Morning,Car,23,15.0,59.5,1,1
373,2.34,Foggy,Medium,Morning,Bike,8,2.0,28.0,1,0
8908,15.36,Snowy,High,Morning,Bike,23,7.0,80.6,1,2
7075,8.02,Windy,Low,Evening,Scooter,32,3.0,56.2,1,1
2843,0.32,Rainy,Medium,Morning,Scooter,30,0.0,52.8,1,1
937,0.86,Clear,Medium,Afternoon,Car,21,7.0,28.0,0,0
149,1.5,Foggy,Medium,Evening,Scooter,15,4.0,32.0,1,0
9678,12.2,Windy,Low,Night,Scooter,16,8.0,36.2,0,0
9673,12.81,Windy,Medium,Evening,Bike,21,6.0,67.8,1,1
828,7.27,Windy,Low,Afternoon,Bike,10,5.0,35.0,0,0
267,14.09,Clear,Medium,Afternoon,Scooter,12,3.0,55.0,0,1
3982,3.9,Clear,Medium,Evening,Scooter,19,0.0,37.4,1,0
6469,9.62,Windy,Medium,Evening,Car,24,4.0,57.3,1,1
4837,4.26,Rainy,High,Afternoon,Bike,22,2.0,57.1,0,1
3625,0.94,Clear,High,Night,Scooter,14,0.0,30.5,0,0
318,3.88,Snowy,Low,Morning,Bike,9,6.0,33.0,1,0
6040,10.28,Snowy,Medium,Morning,Scooter,20,5.0,60.1,1,1
6831,10.04,Rainy,Low,Morning,Bike,15,3.0,53.9,1,1
9154,13.28,Rainy,Medium,Morning,Bike,16,10.0,63.4,1,1
5825,4.54,Foggy,Medium,Night,Scooter,14,1.0,36.0,0,0
2508,0.9,Snowy,Medium,Evening,Bike,30,1.0,59.8,1,1
9012,12.52,Windy,Medium,Morning,Bike,16,10.0,63.3,1,1
11897,16.72,Rainy,Low,Evening,Scooter,25,28.0,65.2,1,1
8720,13.97,Clear,Medium,Afternoon,Bike,16,6.0,62.9,0,1
2533,3.55,Clear,Medium,Evening,Car,23,0.0,43.0,1,1
7344,10.97,Rainy,Medium,Morning,Car,26,4.0,64.8,1,1
8748,12.64,Rainy,High,Afternoon,Bike,15,9.0,57.3,0,1
8471,15.59,Clear,Medium,Morning,Bike,11,7.0,58.4,1,1
2382,2.35,Windy,Low,Afternoon,Car,17,1.0,30.4,0,0
3417,1.98,Rainy,Low,Afternoon,Car,16,1.0,28.1,0,0
675,8.5,Snowy,High,Evening,Bike,14,7.0,56.0,1,1
10629,19.17,Clear,Medium,Morning,Bike,18,24.0,72.8,1,2
5418,4.26,Foggy,Medium,Evening,Scooter,15,1.0,40.3,1,1
9055,12.92,Clear,Low,Evening,Bike,22,10.0,57.4,1,1
6881,10.98,Clear,Medium,Evening,Scooter,28,6.0,62.7,1,1
7599,11.51,Rainy,Low,Afternoon,Scooter,17,6.0,47.1,0,1
2401,0.15,Clear,High,Morning,Bike,21,0.0,46.0,1,1
10165,19.24,Clear,Medium,Evening,Scooter,11,18.0,57.3,1,1
6226,10.56,Snowy,High,Evening,Bike,31,5.0,81.3,1,2
11171,18.95,Clear,Low,Evening,Car,17,12.0,55.6,1,1
6691,10.52,Clear,High,Afternoon,Scooter,23,5.0,51.5,0,1
6128,10.96,Clear,Low,Morning,Scooter,14,5.0,38.4,1,0
10377,16.49,Foggy,Low,Afternoon,Scooter,10,19.0,42.3,0,1
653,11.94,Clear,Low,Evening,Bike,20,3.0,69.0,1,1
4006,4.03,Snowy,Medium,Evening,Bike,11,3.0,45.8,1,1
2355,2.52,Clear,Low,Morning,Bike,15,0.0,30.6,1,0
11053,19.26,Windy,Low,Morning,Bike,28,18.0,82.7,1,2
6193,8.34,Rainy,Low,Evening,Bike,9,3.0,44.4,1,1
275,10.47,Clear,High,Evening,Scooter,14,7.0,55.0,1,1
5768,5.42,Clear,Medium,Morning,Scooter,25,2.0,48.6,1,1
6951,8.5,Clear,Low,Morning,Scooter,20,3.0,43.8,1,1
7974,11.55,Windy,Low,Evening,Bike,30,4.0,65.1,1,1
568,9.03,Clear,Low,Unknown,Bike,11,5.0,43.0,0,1
2921,1.1,Clear,Low,Evening,Bike,29,0.0,41.3,1,1
5860,5.94,Clear,High,Night,Bike,22,3.0,49.3,0,1
2223,3.4,Rainy,Low,Evening,Car,20,0.0,36.7,1,0
11718,18.95,Clear,High,Evening,Scooter,14,15.0,69.9,1,1
7775,9.69,Clear,Low,Evening,Bike,13,5.0,41.5,1,1
7160,8.84,Clear,Medium,Afternoon,Car,15,5.0,36.4,0,0
8594,12.28,Snowy,Medium,Afternoon,Bike,17,6.0,60.3,0,1
7215,11.84,Clear,Medium,Morning,Bike,10,5.0,46.4,1,1
3541,0.53,Snowy,High,Afternoon,Scooter,17,1.0,35.1,0,0
7933,11.12,Clear,Medium,Evening,Car,14,3.0,45.8,1,1
3901,3.91,Rainy,Medium,Morning,Bike,9,1.0,37.5,1,0
8815,13.23,Rainy,High,Afternoon,Bike,13,8.0,61.3,0,1
2457,2.2,Windy,Low,Afternoon,Car,17,1.0,21.8,0,0
11489,19.24,Windy,Medium,Evening,Car,15,18.0,65.9,1,1
3128,3.17,Rainy,Medium,Evening,Car,14,1.0,39.7,1,0
10397,18.32,Rainy,Low,Morning,Scooter,24,11.0,76.5,1,2
5779,6.42,Foggy,Medium,Morning,Scooter,13,1.0,42.3,1,1
372,0.86,Clear,High,Afternoon,Bike,26,5.0,37.0,0,0
3872,3.33,Clear,Low,Night,Bike,16,1.0,35.6,0,0
4456,4.83,Rainy,High,Afternoon,Scooter,18,3.0,44.6,0,1
11520,19.91,Clear,Low,Night,Scooter,19,24.0,59.3,0,1
7540,9.16,Clear,High,Afternoon,Scooter,20,6.0,59.0,0,1
5819,6.0,Rainy,Medium,Evening,Bike,23,2.0,59.8,1,1
2582,2.52,Rainy,Low,Evening,Scooter,20,0.0,38.5,1,0
8211,14.14,Clear,Low,Afternoon,Bike,19,8.0,52.3,0,1
4186,5.23,Clear,Medium,Morning,Car,24,3.0,42.0,1,1
4311,4.86,Windy,High,Afternoon,Scooter,21,2.0,43.7,0,1
2426,2.74,Snowy,Low,Afternoon,Bike,16,0.0,34.0,0,0
6797,10.3,Clear,Low,Morning,Scooter,21,6.0,40.0,1,0
6676,10.03,Clear,Medium,Morning,Scooter,17,4.0,52.3,1,1
3549,0.36,Clear,Medium,Evening,Bike,27,1.0,41.6,1,1
999,19.03,Clear,Low,Afternoon,Car,26,5.0,68.0,0,1
10431,17.97,Clear,Low,Morning,Bike,21,21.0,65.4,1,1
2911,0.57,Foggy,Low,Morning,Scooter,13,0.0,25.6,1,0
3579,0.67,Windy,Low,Afternoon,Car,31,0.0,35.5,0,0
8462,15.11,Foggy,High,Evening,Bike,24,10.0,79.5,1,2
5406,5.04,Snowy,Low,Evening,Scooter,18,2.0,45.8,1,1
286,1.2,Rainy,Low,Morning,Scooter,24,7.0,33.0,1,0
9212,13.46,Foggy,Low,Evening,Car,15,8.0,50.8,1,1
6282,10.66,Clear,Medium,Morning,Bike,13,3.0,44.5,1,1
2099,1.11,Clear,Medium,Morning,Bike,11,1.0,24.7,1,0
7280,9.88,Foggy,High,Afternoon,Scooter,19,6.0,58.9,0,1
3585,2.33,Rainy,High,Morning,Bike,17,0.0,54.2,1,1
10527,17.74,Snowy,Medium,Morning,Bike,23,28.0,80.3,1,2
3488,0.88,Clear,High,Evening,Bike,20,0.0,41.3,1,1
6723,9.59,Clear,Low,Morning,Bike,18,3.0,43.1,1,1
5237,7.83,Windy,Medium,Afternoon,Bike,23,1.0,52.9,0,1
873,13.06,Rainy,High,Morning,Bike,17,8.0,59.0,1,1
5787,4.45,Windy,Low,Evening,Scooter,19,1.0,42.6,1,1
4597,5.14,Clear,High,Morning,Bike,13,3.0,40.4,1,1
3726,1.11,Clear,Medium,Morning,Scooter,27,0.0,38.6,1,0
4918,4.9,Snowy,High,Morning,Bike,11,1.0,59.1,1,1
4130,5.88,Clear,High,Afternoon,Bike,22,3.0,48.3,0,1
5206,7.7,Clear,Low,Evening,Bike,18,1.0,45.1,1,1
733,13.47,Rainy,Low,Afternoon,Scooter,7,6.0,46.0,0,1
6079,10.03,Clear,Low,Evening,Bike,32,4.0,61.3,1,1
5816,6.03,Clear,High,Morning,Scooter,15,2.0,45.5,1,1
8182,12.4,Rainy,Low,Morning,Car,28,10.0,61.2,1,1
5546,6.56,Clear,High,Afternoon,Car,14,2.0,35.9,0,0
325,19.12,Windy,High,Evening,Car,8,0.0,89.0,1,2
7994,9.6,Windy,Low,Afternoon,Bike,23,6.0,47.0,0,1
3732,3.89,Clear,Medium,Afternoon,Car,16,0.0,23.6,0,0
7749,11.83,Windy,Low,Morning,Scooter,20,5.0,52.2,1,1
9199,13.49,Foggy,Medium,Night,Car,10,10.0,47.4,0,1
5159,5.48,Windy,High,Morning,Bike,15,2.0,53.6,1,1
11405,19.6,Foggy,Low,Night,Bike,20,16.0,73.5,0,2
4871,6.31,Rainy,High,Night,Scooter,17,2.0,52.9,0,1
7227,9.39,Clear,Medium,Evening,Bike,13,3.0,47.3,1,1
11566,19.98,Rainy,Low,Night,Bike,22,29.0,78.4,0,2
11793,16.09,Clear,High,Evening,Bike,24,12.0,76.0,1,2
8233,12.57,Snowy,Medium,Evening,Car,12,9.0,57.8,1,1
475,10.79,Clear,Medium,Evening,Scooter,24,1.0,65.0,1,1
8819,14.71,Clear,High,Morning,Scooter,16,8.0,63.1,1,1
10314,19.21,Clear,Medium,Afternoon,Bike,15,20.0,61.7,0,1
6524,11.2,Snowy,High,Night,Car,15,4.0,62.7,0,1
7612,10.09,Foggy,Low,Evening,Scooter,23,6.0,57.9,1,1
5447,4.59,Rainy,High,Morning,Scooter,16,1.0,46.3,1,1
5463,4.14,Clear,Low,Morning,Bike,9,2.0,28.1,1,0
10539,19.16,Clear,Low,Evening,Scooter,12,27.0,54.8,1,1
2738,3.46,Clear,Medium,Evening,Scooter,25,0.0,50.3,1,1
4795,5.61,Snowy,Medium,Morning,Scooter,11,2.0,42.3,1,1
6798,11.04,Clear,Medium,Evening,Scooter,20,4.0,57.2,1,1
3467,2.12,Clear,Low,Afternoon,Bike,20,1.0,29.9,0,0
7015,10.82,Clear,Low,Morning,Scooter,21,5.0,47.9,1,1
7277,9.8,Rainy,Medium,Afternoon,Bike,12,6.0,51.9,0,1
981,7.02,Clear,Medium,Evening,Car,23,2.0,53.0,1,1
4487,7.4,Foggy,Medium,Morning,Scooter,25,3.0,55.1,1,1
2549,2.9,Foggy,Low,Afternoon,Scooter,22,0.0,36.4,0,0
7189,10.0,Snowy,Medium,Night,Bike,15,6.0,53.0,0,1
4163,4.52,Clear,Medium,Morning,Bike,13,3.0,37.9,1,0
7686,9.58,Clear,Medium,Evening,Scooter,17,3.0,45.1,1,1
8488,13.03,Rainy,High,Afternoon,Scooter,13,8.0,60.4,0,1
49,11.16,Foggy,Medium,Afternoon,Car,21,4.0,77.0,0,2
8512,12.95,Clear,Medium,Evening,Bike,26,7.0,66.8,1,1
320,5.38,Clear,Medium,Evening,Scooter,26,1.0,47.0,1,1
6328,11.86,Foggy,Medium,Afternoon,Bike,23,5.0,61.2,0,1
6322,10.34,Rainy,Low,Evening,Scooter,15,4.0,48.9,1,1
3059,1.46,Rainy,High,Afternoon,Bike,17,1.0,42.7,0,1
7791,10.02,Snowy,Low,Afternoon,Scooter,23,6.0,51.5,0,1
4443,6.83,Clear,Low,Afternoon,Bike,8,3.0,28.7,0,0
9461,15.29,Clear,High,Evening,Scooter,11,7.0,60.0,1,1
9448,15.05,Clear,Medium,Morning,Scooter,8,7.0,47.5,1,1
8818,12.8,Clear,Medium,Morning,Car,12,10.0,48.3,1,1
11400,19.19,Rainy,Low,Morning,Bike,33,17.0,83.8,1,2
7628,9.43,Foggy,Low,Afternoon,Bike,21,6.0,50.3,0,1
6143,8.4,Clear,Low,Afternoon,Scooter,21,3.0,44.4,0,1
7135,10.49,Snowy,Low,Afternoon,Scooter,7,4.0,42.7,0,1
11176,19.63,Windy,Medium,Morning,Car,19,17.0,70.6,1,2
5866,4.98,Clear,Medium,Afternoon,Bike,21,2.0,39.4,0,0
9800,12.94,Clear,Low,Afternoon,Scooter,18,6.0,39.5,0,0
920,3.23,Clear,Low,Unknown,Bike,7,7.0,14.0,0,0
2722,2.41,Clear,Medium,Evening,Bike,20,0.0,44.7,1,1
6272,11.79,Clear,High,Morning,Scooter,13,4.0,53.1,1,1
7443,10.12,Snowy,Low,Evening,Car,19,5.0,50.8,1,1
9095,15.61,Rainy,High,Evening,Bike,10,10.0,66.4,1,1
11088,18.09,Snowy,Low,Morning,Scooter,24,25.0,73.3,1,2
11932,17.32,Rainy,Low,Morning,Bike,26,25.0,71.5,1,2
11345,16.47,Rainy,Low,Afternoon,Bike,14,11.0,60.8,0,1
8008,14.33,Snowy,Medium,Morning,Scooter,18,9.0,65.7,1,1
726,16.92,Clear,Low,Night,Bike,23,5.0,78.0,0,2
40,9.08,Clear,Low,Afternoon,Scooter,14,5.0,49.0,0,1
10249,19.28,Clear,High,Afternoon,Bike,27,28.0,82.4,0,2
3655,3.55,Windy,Medium,Morning,Car,23,0.0,40.3,1,1
4749,6.27,Rainy,Low,Evening,Car,16,1.0,40.1,1,1
9035,12.41,Clear,Medium,Evening,Scooter,17,7.0,53.3,1,1
6863,9.49,Clear,Medium,Afternoon,Bike,21,3.0,51.6,0,1
5963,6.9,Rainy,High,Afternoon,Bike,24,2.0,68.3,0,1
130,10.46,Clear,Unknown,Evening,Bike,25,3.0,68.0,1,1
3937,2.4,Clear,High,Morning,Scooter,22,0.0,44.9,1,1
8077,14.65,Rainy,Medium,Morning,Car,11,7.0,55.3,1,1
10600,17.44,Clear,Medium,Evening,Scooter,10,11.0,52.8,1,1
7975,10.97,Windy,Low,Morning,Bike,9,6.0,38.4,1,0
9928,15.53,Clear,High,Morning,Bike,8,10.0,50.9,1,1
10491,17.37,Clear,Medium,Evening,Bike,22,14.0,70.5,1,2
2765,2.45,Windy,Low,Morning,Scooter,17,1.0,38.3,1,0
5358,6.43,Clear,Medium,Evening,Car,15,3.0,44.5,1,1
10453,19.25,Clear,Low,Morning,Bike,12,19.0,55.1,1,1
7137,11.1,Clear,Medium,Afternoon,Scooter,27,3.0,61.2,0,1
4156,7.18,Snowy,Medium,Morning,Scooter,27,3.0,57.4,1,1
9612,15.63,Foggy,Low,Morning,Bike,29,6.0,75.4,1,2
344,8.96,Snowy,Unknown,Morning,Car,6,5.0,51.0,1,1
5008,7.21,Clear,Low,Evening,Bike,15,3.0,42.7,1,1
3328,1.21,Rainy,Medium,Afternoon,Car,19,1.0,31.9,0,0
11005,17.45,Clear,Low,Afternoon,Scooter,15,14.0,53.6,0,1
5138,5.77,Clear,Medium,Morning,Bike,17,2.0,36.9,1,0
8070,14.7,Clear,Medium,Afternoon,Bike,16,7.0,51.9,0,1
11163,19.48,Rainy,Medium,Afternoon,Car,22,20.0,73.3,0,2
5329,5.22,Rainy,Medium,Morning,Car,9,2.0,33.1,1,0
4651,4.44,Windy,Medium,Afternoon,Scooter,19,1.0,38.0,0,0
2919,0.75,Clear,High,Morning,Car,21,1.0,40.5,1,1
10987,19.6,Clear,Medium,Afternoon,Car,16,24.0,61.2,0,1
9812,13.27,Rainy,High,Morning,Scooter,29,10.0,80.7,1,2
10345,19.41,Snowy,Low,Morning,Car,21,20.0,68.8,1,1
6318,9.21,Foggy,Low,Morning,Bike,22,4.0,53.6,1,1
3157,3.23,Clear,High,Morning,Bike,15,0.0,40.7,1,1
6946,8.9,Foggy,Low,Morning,Scooter,20,5.0,48.4,1,1
5894,4.26,Rainy,Low,Evening,Car,11,3.0,31.6,1,0
9221,14.36,Clear,Low,Morning,Bike,10,8.0,48.4,1,1
846,8.59,Clear,Low,Evening,Bike,22,2.0,43.0,1,1
882,13.6,Foggy,High,Evening,Bike,9,7.0,61.0,1,1
3710,0.7,Clear,Low,Afternoon,Bike,20,0.0,24.5,0,0
8078,15.38,Clear,Medium,Evening,Scooter,22,9.0,61.5,1,1
11463,18.63,Clear,Low,Afternoon,Bike,12,15.0,52.6,0,1
11000,16.21,Rainy,Low,Afternoon,Bike,6,25.0,46.3,0,1
832,9.32,Rainy,Medium,Evening,Scooter,24,2.0,71.0,1,2
2875,2.19,Foggy,High,Evening,Scooter,17,1.0,44.6,1,1
9026,12.58,Rainy,Medium,Night,Scooter,17,10.0,45.8,0,1
4073,7.75,Clear,Medium,Afternoon,Car,9,2.0,30.3,0,0
5924,4.01,Windy,High,Evening,Scooter,13,1.0,41.2,1,1
6673,10.04,Clear,Low,Afternoon,Bike,17,4.0,39.3,0,0
5668,5.31,Clear,High,Afternoon,Scooter,28,2.0,51.7,0,1
6624,9.56,Snowy,Low,Evening,Bike,17,5.0,56.3,1,1
5369,4.16,Clear,Low,Afternoon,Bike,17,3.0,33.6,0,0
4650,4.5,Snowy,Low,Morning,Bike,24,1.0,59.4,1,1
9792,14.94,Rainy,Medium,Evening,Bike,14,9.0,61.4,1,1
9657,12.25,Foggy,Low,Evening,Bike,13,8.0,47.1,1,1
6107,10.89,Foggy,Low,Morning,Bike,23,4.0,61.1,1,1
7146,9.64,Snowy,Medium,Evening,Scooter,25,4.0,61.1,1,1
6479,10.36,Snowy,Medium,Afternoon,Car,14,3.0,47.4,0,1
6045,11.79,Clear,High,Night,Scooter,17,4.0,57.2,0,1
11518,18.6,Clear,Medium,Morning,Scooter,17,20.0,66.8,1,1
3599,1.38,Snowy,Low,Evening,Bike,32,1.0,46.5,1,1
7289,10.91,Clear,Low,Morning,Bike,30,3.0,67.0,1,1
9304,12.88,Clear,Low,Evening,Bike,21,9.0,56.8,1,1
6033,11.75,Rainy,Medium,Afternoon,Bike,17,6.0,60.4,0,1
8065,14.97,Clear,Medium,Evening,Bike,22,10.0,65.9,1,1
11553,18.17,Rainy,Low,Morning,Scooter,13,30.0,60.5,1,1
9999,14.16,Clear,High,Morning,Scooter,33,8.0,76.7,1,2
5732,7.88,Windy,Low,Morning,Scooter,31,3.0,61.2,1,1
8926,13.39,Clear,High,Evening,Bike,17,6.0,65.4,1,1
11904,16.71,Rainy,Medium,Evening,Scooter,16,19.0,61.6,1,1
4691,6.68,Windy,Medium,Afternoon,Bike,18,3.0,51.0,0,1
4780,4.39,Clear,Low,Afternoon,Car,27,1.0,35.4,0,0
7738,8.91,Rainy,High,Evening,Bike,28,6.0,75.3,1,2
3696,3.97,Rainy,High,Afternoon,Scooter,15,0.0,40.1,0,1
5952,4.85,Windy,Low,Morning,Scooter,25,2.0,36.1,1,0
8153,15.63,Clear,Medium,Morning,Scooter,28,7.0,70.0,1,1
5215,7.03,Clear,High,Evening,Bike,26,2.0,58.0,1,1
5149,6.44,Snowy,Low,Afternoon,Bike,9,1.0,38.0,0,0
7943,11.9,Clear,Medium,Morning,Car,15,3.0,53.4,1,1
9965,15.51,Clear,Low,Morning,Scooter,23,9.0,52.5,1,1
3708,3.89,Clear,Medium,Afternoon,Bike,21,0.0,39.4,0,0
5428,7.16,Snowy,Low,Morning,Scooter,21,1.0,54.5,1,1
5062,7.18,Clear,High,Evening,Car,18,2.0,49.7,1,1
20,6.18,Clear,Medium,Evening,Bike,9,9.0,35.0,1,0
879,1.03,Clear,Medium,Afternoon,Bike,19,4.0,29.0,0,0
7483,9.3,Clear,Low,Morning,Bike,21,3.0,48.2,1,1
8634,15.52,Rainy,Medium,Night,Bike,15,7.0,60.5,0,1
2055,1.87,Foggy,High,Afternoon,Scooter,6,1.0,29.0,0,0
3858,2.43,Clear,Low,Morning,Bike,11,1.0,22.2,1,0
5943,5.11,Clear,Low,Morning,Scooter,26,2.0,42.2,1,1
6308,8.41,Clear,High,Afternoon,Bike,23,5.0,60.1,0,1
530,17.36,Rainy,High,Afternoon,Bike,24,1.0,89.0,0,2
6470,9.92,Clear,High,Afternoon,Scooter,13,3.0,47.3,0,1
590,3.46,Snowy,Medium,Morning,Scooter,23,3.0,48.0,1,1
8970,15.94,Rainy,Low,Evening,Bike,30,9.0,78.9,1,2
5341,7.17,Clear,Medium,Afternoon,Car,29,1.0,51.4,0,1
7957,9.52,Rainy,Low,Afternoon,Scooter,11,5.0,34.9,0,0
5246,4.55,Rainy,High,Night,Scooter,20,3.0,50.9,0,1
3770,1.66,Snowy,Medium,Evening,Bike,17,0.0,46.2,1,1
10767,17.79,Foggy,Medium,Morning,Bike,14,27.0,66.0,1,1
5024,6.89,Rainy,Medium,Afternoon,Scooter,15,1.0,47.6,0,1
11786,16.49,Rainy,Medium,Afternoon,Scooter,11,30.0,51.8,0,1
4674,4.68,Clear,Low,Afternoon,Scooter,16,1.0,23.7,0,0
2357,1.87,Foggy,Low,Morning,Bike,9,0.0,26.2,1,0
11736,18.6,Rainy,Low,Morning,Scooter,27,14.0,70.3,1,2
3056,0.57,Rainy,Low,Evening,Bike,12,0.0,35.7,1,0
6157,11.79,Windy,Low,Afternoon,Car,22,5.0,48.0,0,1
8458,14.09,Foggy,High,Evening,Scooter,18,8.0,68.1,1,1
9506,13.87,Foggy,Low,Night,Car,26,6.0,58.6,0,1
2758,2.64,Windy,Low,Evening,Bike,18,1.0,40.0,1,0
2146,1.21,Clear,High,Afternoon,Car,24,1.0,37.0,0,0
4596,4.25,Windy,Low,Morning,Car,16,3.0,31.8,1,0
4627,7.09,Rainy,Low,Evening,Car,26,2.0,52.6,1,1
10812,16.2,Windy,Low,Morning,Scooter,24,29.0,65.2,1,1
3533,0.3,Rainy,Medium,Afternoon,Bike,10,1.0,24.5,0,0
3334,2.54,Windy,Low,Night,Scooter,23,1.0,34.3,0,0
6072,11.5,Rainy,Low,Evening,Scooter,16,6.0,48.3,1,1
3211,1.45,Foggy,Low,Afternoon,Car,19,0.0,26.6,0,0
2002,0.57,Clear,Low,Night,Bike,11,1.0,19.0,0,0
8759,12.35,Clear,Low,Afternoon,Bike,18,10.0,41.7,0,1
986,10.16,Clear,High,Night,Bike,12,5.0,52.0,0,1
9668,14.05,Clear,Low,Night,Bike,32,10.0,63.1,0,1
412,19.03,Clear,Low,Morning,Bike,16,5.0,68.0,1,1
6020,11.26,Foggy,High,Morning,Bike,12,3.0,63.5,1,1
10424,17.64,Windy,Medium,Evening,Car,20,21.0,62.8,1,1
10644,16.62,Clear,Medium,Night,Car,20,28.0,60.7,0,1
9260,13.91,Clear,Low,Night,Bike,18,9.0,48.1,0,1
6692,10.71,Clear,Medium,Morning,Car,19,5.0,49.3,1,1
6787,11.24,Clear,High,Evening,Scooter,29,3.0,69.9,1,1
940,11.74,Clear,Low,Afternoon,Car,20,1.0,52.0,0,1
8982,12.01,Windy,Medium,Morning,Scooter,19,6.0,55.6,1,1
4681,6.64,Foggy,High,Afternoon,Scooter,20,3.0,52.9,0,1
8321,13.98,Clear,High,Night,Bike,16,8.0,62.5,0,1
8370,13.12,Foggy,Medium,Morning,Scooter,15,9.0,58.0,1,1
7012,11.7,Rainy,Medium,Morning,Bike,21,4.0,69.2,1,1
3829,0.17,Windy,Medium,Afternoon,Car,11,0.0,16.7,0,0
8573,14.87,Rainy,Low,Morning,Scooter,19,6.0,62.5,1,1
8414,12.07,Windy,High,Night,Bike,25,10.0,60.9,0,1
227,19.47,Clear,Low,Morning,Bike,16,8.0,83.0,1,2
4036,6.0,Foggy,High,Evening,Bike,16,1.0,57.2,1,1
8787,13.31,Clear,Medium,Morning,Car,16,8.0,54.2,1,1
10273,17.79,Windy,Medium,Morning,Scooter,14,16.0,60.0,1,1
2716,1.33,Clear,Medium,Morning,Bike,17,0.0,44.2,1,1
4183,5.92,Snowy,High,Afternoon,Scooter,18,2.0,56.1,0,1
7568,11.58,Clear,Low,Morning,Scooter,20,4.0,52.8,1,1
2584,1.44,Clear,Low,Morning,Scooter,17,0.0,26.8,1,0
11978,19.54,Snowy,Medium,Afternoon,Bike,25,28.0,85.7,0,2
9238,12.55,Rainy,Low,Morning,Bike,14,6.0,54.4,1,1
2052,1.47,Clear,Medium,Afternoon,Car,10,0.0,19.5,0,0
5679,6.55,Clear,Low,Morning,Car,14,1.0,32.8,1,0
4476,5.32,Clear,Low,Evening,Car,30,2.0,39.5,1,0
10849,17.54,Foggy,High,Afternoon,Scooter,15,21.0,71.1,0,2
8043,15.21,Foggy,Medium,Afternoon,Car,19,6.0,59.1,0,1
911,12.01,Clear,Low,Morning,Car,5,7.0,42.0,1,1
11831,17.64,Foggy,Low,Morning,Bike,29,28.0,74.7,1,2
11828,16.58,Rainy,Medium,Afternoon,Bike,17,15.0,60.4,0,1
6603,10.68,Windy,Low,Evening,Bike,20,4.0,54.4,1,1
4708,7.31,Clear,Medium,Morning,Bike,16,1.0,51.7,1,1
7157,8.48,Clear,Medium,Morning,Bike,19,4.0,48.4,1,1
10216,16.83,Clear,High,Evening,Bike,7,13.0,62.9,1,1
7059,10.99,Rainy,High,Morning,Bike,15,4.0,64.7,1,1
896,4.5,Snowy,High,Evening,Bike,24,0.0,66.0,1,1
5109,6.09,Clear,High,Morning,Scooter,14,3.0,46.7,1,1
11506,17.92,Rainy,Low,Afternoon,Bike,26,25.0,69.5,0,1
2059,2.93,Clear,Low,Afternoon,Bike,14,0.0,23.6,0,0
6552,10.38,Rainy,Medium,Morning,Scooter,7,5.0,43.5,1,1
4254,7.42,Rainy,Medium,Afternoon,Scooter,23,3.0,51.9,0,1
10476,19.48,Clear,Medium,Evening,Bike,14,22.0,67.3,1,1
11225,19.15,Clear,Medium,Evening,Bike,6,19.0,50.7,1,1
11962,18.77,Clear,Medium,Morning,Scooter,9,12.0,54.7,1,1
2972,1.49,Clear,High,Evening,Scooter,14,0.0,36.7,1,0
8103,14.45,Snowy,Medium,Morning,Bike,13,10.0,62.3,1,1
650,10.22,Snowy,Medium,Night,Bike,18,1.0,68.0,0,1
3321,1.2,Rainy,Medium,Afternoon,Scooter,8,1.0,25.6,0,0
4811,5.12,Clear,Low,Afternoon,Bike,20,3.0,40.4,0,1
8467,15.18,Clear,Low,Afternoon,Scooter,27,10.0,54.4,0,1
6345,9.6,Foggy,Medium,Morning,Bike,11,4.0,50.9,1,1
8511,12.69,Foggy,Medium,Afternoon,Bike,30,7.0,72.8,0,2
3781,0.3,Clear,Medium,Evening,Car,13,1.0,25.0,1,0
990,16.47,Snowy,High,Evening,Scooter,20,9.0,75.0,1,2
9345,15.01,Clear,Medium,Night,Bike,27,7.0,67.9,0,1
11544,18.55,Rainy,Low,Afternoon,Car,24,11.0,63.3,0,1
5967,5.51,Rainy,Low,Evening,Bike,18,3.0,49.5,1,1
449,7.84,Windy,Low,Afternoon,Bike,6,4.0,28.0,0,0
11636,18.33,Clear,High,Evening,Bike,20,13.0,75.9,1,2
5763,7.67,Clear,Medium,Evening,Bike,17,1.0,45.3,1,1
8641,14.07,Clear,Low,Afternoon,Scooter,11,10.0,31.4,0,0
2523,2.86,Clear,Medium,Evening,Scooter,16,0.0,36.6,1,0
9677,15.56,Clear,High,Afternoon,Scooter,9,7.0,49.0,0,1
759,17.93,Clear,Medium,Afternoon,Bike,29,4.0,85.0,0,2
6002,11.51,Clear,Low,Evening,Scooter,25,3.0,57.2,1,1
655,8.92,Clear,Medium,Unknown,Bike,10,1.0,51.0,0,1
2784,3.71,Rainy,Medium,Evening,Car,24,1.0,48.7,1,1
10605,18.12,Rainy,Low,Morning,Car,19,30.0,63.9,1,1
8783,12.52,Rainy,Medium,Evening,Bike,10,8.0,59.3,1,1
11487,18.96,Rainy,Low,Evening,Bike,9,19.0,58.7,1,1
10282,17.23,Rainy,Medium,Morning,Bike,19,25.0,71.8,1,2
5853,5.63,Clear,Medium,Morning,Bike,13,2.0,41.5,1,1
7558,9.88,Clear,Medium,Afternoon,Car,22,5.0,49.2,0,1
4599,7.49,Windy,Low,Evening,Bike,21,2.0,44.6,1,1
2896,0.14,Snowy,High,Evening,Bike,31,0.0,64.6,1,1
11632,18.28,Windy,High,Evening,Scooter,12,29.0,71.5,1,2
9518,13.15,Rainy,Medium,Evening,Scooter,11,9.0,52.2,1,1
11991,17.7,Clear,Low,Evening,Car,21,25.0,61.2,1,1
2383,0.7,Foggy,Medium,Morning,Car,19,0.0,34.0,1,0
10879,18.43,Clear,Low,Afternoon,Bike,11,16.0,52.0,0,1
8664,12.9,Snowy,Low,Afternoon,Car,25,8.0,56.0,0,1
5725,5.09,Snowy,High,Night,Scooter,17,2.0,49.4,0,1
3873,3.14,Windy,Low,Evening,Bike,20,1.0,39.0,1,0
9924,13.99,Rainy,Low,Afternoon,Bike,25,10.0,65.5,0,1
11162,19.04,Snowy,Low,Afternoon,Car,23,21.0,67.4,0,1
10447,19.29,Clear,Low,Morning,Bike,24,24.0,71.6,1,2
2892,2.74,Windy,Medium,Morning,Bike,24,0.0,48.5,1,1
11631,18.62,Foggy,Low,Morning,Bike,22,15.0,70.7,1,2
4410,4.73,Windy,Low,Evening,Bike,16,1.0,37.4,1,0
3215,2.5,Clear,Medium,Afternoon,Scooter,23,1.0,39.5,0,0
5231,5.22,Clear,Low,Morning,Bike,18,1.0,40.9,1,1
4292,4.61,Foggy,Low,Afternoon,Bike,18,1.0,42.5,0,1
5256,7.21,Snowy,Medium,Afternoon,Car,23,3.0,54.2,0,1
10666,16.88,Rainy,Low,Evening,Bike,10,20.0,57.4,1,1
3972,3.8,Windy,Medium,Morning,Scooter,28,1.0,46.8,1,1
6649,10.22,Clear,High,Evening,Car,16,5.0,50.1,1,1
10697,16.91,Clear,Medium,Evening,Bike,15,28.0,60.6,1,1
10157,19.17,Snowy,Low,Morning,Scooter,11,14.0,59.2,1,1
6285,9.51,Snowy,Low,Morning,Scooter,23,4.0,55.1,1,1
980,12.14,Foggy,High,Afternoon,Bike,12,0.0,65.0,0,1
4743,6.02,Clear,Medium,Night,Bike,17,2.0,38.7,0,0
8997,15.64,Foggy,High,Afternoon,Car,16,10.0,66.4,0,1
2202,1.72,Windy,Low,Morning,Bike,11,0.0,29.7,1,0
6448,8.02,Rainy,Low,Night,Bike,27,5.0,56.4,0,1
11046,18.46,Clear,High,Night,Bike,19,18.0,74.1,0,2
8844,12.18,Clear,Low,Afternoon,Scooter,14,9.0,38.8,0,0
718,19.32,Rainy,High,Morning,Car,21,7.0,89.0,1,2
7815,8.29,Rainy,Medium,Evening,Scooter,12,5.0,47.2,1,1
8574,15.0,Rainy,Medium,Morning,Bike,23,6.0,73.2,1,2
10232,18.42,Clear,Medium,Night,Scooter,25,10.0,64.4,0,1
186,13.37,Windy,High,Afternoon,Scooter,17,8.0,63.0,0,1
4426,5.18,Foggy,Medium,Afternoon,Bike,24,3.0,48.0,0,1
10841,18.7,Clear,Low,Night,Bike,17,19.0,60.3,0,1
9551,13.37,Snowy,Medium,Morning,Bike,11,10.0,62.2,1,1
11181,18.51,Clear,Low,Morning,Bike,19,28.0,64.4,1,1
2232,3.28,Clear,Low,Afternoon,Scooter,24,1.0,30.8,0,0
10579,16.5,Rainy,High,Evening,Scooter,8,16.0,59.2,1,1
11727,18.76,Clear,Low,Morning,Scooter,25,18.0,66.9,1,1
8922,12.8,Foggy,Low,Evening,Car,15,7.0,39.4,1,0
9137,15.28,Clear,Low,Morning,Scooter,25,10.0,57.7,1,1
44,18.23,Rainy,Low,Afternoon,Scooter,27,9.0,86.0,0,2
8644,13.39,Clear,Low,Evening,Scooter,13,9.0,44.4,1,1
10002,18.3,Snowy,High,Afternoon,Car,17,14.0,72.0,0,2
892,17.19,Clear,Medium,Afternoon,Bike,11,8.0,76.0,0,2
10828,16.31,Windy,Low,Night,Bike,23,14.0,62.1,0,1
8237,14.49,Clear,High,Morning,Bike,6,7.0,50.0,1,1
6169,10.44,Rainy,Low,Morning,Bike,27,6.0,59.5,1,1
3110,0.82,Clear,Medium,Morning,Bike,22,0.0,45.8,1,1
3464,3.35,Clear,Medium,Night,Bike,15,1.0,29.3,0,0
837,18.34,Clear,High,Night,Bike,9,4.0,89.0,0,2
458,9.64,Rainy,Medium,Evening,Bike,14,6.0,52.0,1,1
2408,3.41,Snowy,Low,Afternoon,Car,13,0.0,31.9,0,0
5632,6.23,Windy,High,Afternoon,Bike,22,2.0,48.9,0,1
6725,8.31,Clear,Medium,Evening,Car,33,3.0,60.8,1,1
6187,10.2,Clear,Medium,Night,Bike,11,5.0,45.8,0,1
2009,2.51,Clear,Medium,Afternoon,Bike,15,0.0,39.2,0,0
11670,16.06,Snowy,Medium,Night,Scooter,32,23.0,73.0,0,2
821,16.16,Clear,High,Afternoon,Bike,11,1.0,82.0,0,2
9594,14.89,Snowy,Low,Night,Car,19,10.0,53.8,0,1
10724,19.15,Foggy,High,Night,Car,28,12.0,79.5,0,2
8395,14.92,Rainy,Medium,Afternoon,Bike,7,8.0,55.0,0,1
6623,11.08,Rainy,High,Morning,Bike,13,5.0,63.7,1,1
2227,0.22,Clear,Low,Afternoon,Bike,8,1.0,16.6,0,0
4826,4.29,Foggy,High,Afternoon,Scooter,13,1.0,42.0,0,1
4741,5.93,Clear,High,Evening,Bike,12,2.0,49.0,1,1
6502,8.18,Clear,High,Evening,Car,28,6.0,56.8,1,1
10372,18.37,Rainy,Medium,Afternoon,Scooter,17,13.0,65.1,0,1
7827,11.71,Rainy,Low,Morning,Car,9,4.0,44.6,1,1
4652,7.72,Clear,Low,Morning,Bike,15,2.0,43.6,1,1
8081,13.23,Clear,Medium,Morning,Car,23,8.0,57.4,1,1
6971,8.1,Rainy,Low,Evening,Car,17,6.0,43.8,1,1
4285,6.11,Clear,Low,Evening,Bike,23,3.0,45.9,1,1
5482,5.87,Foggy,Medium,Afternoon,Car,9,2.0,27.8,0,0
966,7.44,Rainy,Medium,Evening,Bike,6,1.0,39.0,1,0
7962,10.65,Clear,Low,Afternoon,Bike,22,5.0,49.7,0,1
6715,11.11,Rainy,Low,Afternoon,Bike,14,6.0,49.6,0,1
4420,5.34,Windy,Medium,Morning,Car,29,2.0,50.7,1,1
11273,18.39,Windy,Low,Morning,Bike,13,25.0,60.5,1,1
2535,2.68,Clear,Medium,Evening,Car,26,1.0,40.8,1,1
15,4.05,Snowy,Medium,Evening,Scooter,19,2.0,50.0,1,1
3948,2.73,Windy,Low,Evening,Bike,27,1.0,43.6,1,1
4019,4.92,Rainy,Low,Afternoon,Car,12,1.0,26.5,0,0
8178,14.96,Clear,Low,Evening,Scooter,26,7.0,64.9,1,1
7563,9.14,Clear,Low,Morning,Car,18,6.0,39.3,1,0
7601,8.22,Rainy,Medium,Afternoon,Scooter,26,6.0,52.9,0,1
228,8.17,Clear,Medium,Afternoon,Scooter,20,9.0,44.0,0,1
3180,0.42,Clear,Low,Afternoon,Bike,19,1.0,25.6,0,0
11104,18.95,Foggy,Low,Evening,Scooter,16,25.0,64.6,1,1
511,12.46,Foggy,Low,Afternoon,Bike,10,1.0,62.0,0,1
3930,1.21,Clear,High,Afternoon,Car,18,0.0,34.8,0,0
5059,6.8,Clear,Medium,Morning,Bike,17,3.0,49.7,1,1
10375,19.7,Rainy,Medium,Evening,Bike,14,15.0,72.0,1,2
3270,2.38,Rainy,Medium,Morning,Bike,15,0.0,44.5,1,1
8519,13.82,Clear,Low,Night,Bike,30,8.0,63.6,0,1
7785,10.36,Clear,Low,Afternoon,Car,11,4.0,31.9,0,0
2334,3.83,Snowy,Medium,Morning,Scooter,10,0.0,39.1,1,0
8445,13.41,Clear,Medium,Evening,Bike,32,8.0,72.5,1,2
10241,18.42,Clear,Low,Morning,Scooter,26,12.0,63.4,1,1
4882,5.61,Clear,Low,Night,Bike,33,2.0,50.8,0,1
184,17.61,Windy,Low,Morning,Bike,5,8.0,61.0,1,1
7503,11.9,Clear,Low,Evening,Bike,15,5.0,45.6,1,1
3569,2.67,Clear,Low,Afternoon,Bike,25,0.0,37.4,0,0
841,0.76,Clear,Low,Afternoon,Car,26,9.0,28.0,0,0
7884,8.84,Windy,High,Afternoon,Car,29,3.0,57.2,0,1
2692,3.95,Snowy,Low,Morning,Car,30,1.0,45.0,1,1
11233,16.56,Rainy,Low,Afternoon,Bike,11,17.0,55.5,0,1
2282,3.04,Clear,High,Evening,Scooter,14,0.0,41.1,1,1
112,3.64,Clear,Low,Morning,Scooter,16,3.0,26.0,1,0
7434,10.88,Clear,High,Afternoon,Bike,21,4.0,62.4,0,1
9648,12.23,Clear,Medium,Evening,Car,11,9.0,38.5,1,0
8425,12.92,Clear,Low,Evening,Bike,11,6.0,45.2,1,1
9404,14.19,Rainy,Medium,Afternoon,Bike,24,7.0,70.9,0,2
3516,2.67,Clear,Medium,Evening,Bike,13,0.0,38.7,1,0
5734,4.52,Rainy,Low,Evening,Bike,24,3.0,46.8,1,1
11492,17.13,Windy,High,Morning,Scooter,22,15.0,76.1,1,2
9857,13.43,Clear,Low,Evening,Car,28,7.0,59.1,1,1
11434,16.2,Clear,Medium,Morning,Scooter,20,19.0,56.3,1,1
7202,8.96,Clear,Medium,Afternoon,Scooter,19,5.0,38.7,0,0
6742,10.36,Clear,Low,Morning,Bike,17,6.0,41.6,1,1
6561,11.64,Windy,Low,Evening,Scooter,16,6.0,44.5,1,1
8481,15.4,Foggy,High,Evening,Car,16,10.0,64.0,1,1
5501,4.56,Clear,High,Evening,Scooter,23,2.0,45.4,1,1
8790,13.71,Snowy,Medium,Evening,Scooter,14,6.0,61.7,1,1
2478,2.6,Rainy,Low,Afternoon,Bike,13,0.0,31.4,0,0
3678,2.1,Clear,High,Morning,Scooter,18,0.0,41.9,1,1
8879,13.51,Rainy,Medium,Evening,Bike,26,6.0,77.4,1,2
289,6.09,Clear,Medium,Night,Bike,7,4.0,27.0,0,0
4728,4.49,Clear,Low,Night,Bike,29,3.0,42.0,0,1
8828,14.65,Snowy,Medium,Night,Bike,12,9.0,58.6,0,1
9270,14.3,Clear,Low,Morning,Bike,12,8.0,50.6,1,1
2524,2.25,Rainy,Low,Morning,Car,15,1.0,28.3,1,0
6153,10.39,Clear,High,Night,Car,17,3.0,50.7,0,1
51,19.41,Foggy,Medium,Morning,Car,7,6.0,66.0,1,1
6415,10.68,Clear,Medium,Afternoon,Car,19,5.0,42.4,0,1
7880,9.76,Clear,Low,Afternoon,Scooter,28,6.0,50.0,0,1
9239,14.49,Clear,Medium,Evening,Scooter,24,7.0,68.7,1,1
11175,18.53,Windy,High,Afternoon,Bike,31,11.0,86.0,0,2
9136,15.78,Rainy,High,Night,Bike,22,10.0,75.6,0,2
9524,15.88,Clear,Low,Evening,Scooter,13,9.0,44.5,1,1
5597,7.51,Snowy,Medium,Evening,Car,19,1.0,62.0,1,1
6144,9.98,Clear,Low,Morning,Scooter,16,5.0,44.2,1,1
7715,11.02,Clear,Low,Afternoon,Bike,24,5.0,46.7,0,1
6987,9.48,Rainy,High,Afternoon,Scooter,10,3.0,51.0,0,1
11157,18.13,Clear,Low,Morning,Scooter,31,29.0,72.7,1,2
6075,9.97,Clear,Low,Morning,Car,27,5.0,49.4,1,1
11440,17.59,Clear,Medium,Evening,Bike,15,11.0,64.7,1,1
8198,14.93,Clear,Medium,Morning,Car,8,7.0,46.9,1,1
3325,1.98,Clear,Medium,Evening,Bike,19,1.0,42.7,1,1
10642,18.68,Windy,Medium,Morning,Bike,17,23.0,76.8,1,2
3822,1.22,Rainy,Medium,Evening,Bike,13,0.0,38.9,1,0
11542,17.71,Windy,Low,Morning,Bike,21,19.0,69.6,1,1
11849,17.67,Clear,Low,Morning,Bike,31,21.0,76.2,1,2
11231,18.76,Clear,Low,Evening,Car,19,12.0,61.2,1,1
9669,14.1,Rainy,Low,Afternoon,Scooter,24,10.0,59.7,0,1
7680,10.83,Clear,Low,Evening,Bike,16,6.0,49.1,1,1
2283,0.37,Clear,Low,Afternoon,Car,18,0.0,24.1,0,0
9945,14.49,Rainy,Low,Morning,Car,26,7.0,64.4,1,1
10938,19.68,Clear,High,Afternoon,Bike,13,21.0,68.0,0,1
11676,16.82,Clear,Medium,Evening,Bike,21,26.0,65.9,1,1
4672,5.14,Clear,High,Evening,Bike,11,2.0,34.3,1,0
9182,14.31,Clear,Medium,Afternoon,Bike,20,10.0,53.9,0,1
2633,1.76,Clear,High,Evening,Scooter,18,0.0,38.7,1,0
10528,18.95,Foggy,Medium,Evening,Bike,27,27.0,80.2,1,2
2102,2.15,Foggy,Low,Night,Scooter,20,0.0,33.9,0,0
570,7.29,Clear,High,Evening,Car,11,7.0,48.0,1,1
2873,2.56,Windy,High,Evening,Scooter,28,0.0,54.6,1,1
2277,3.98,Clear,Low,Evening,Scooter,22,0.0,37.1,1,0
6654,10.96,Clear,Low,Evening,Bike,10,5.0,39.6,1,0
179,18.77,Snowy,Medium,Evening,Bike,24,0.0,89.0,1,2
11313,18.98,Clear,Low,Evening,Car,11,27.0,48.5,1,1
4475,6.98,Clear,Low,Afternoon,Scooter,9,2.0,23.2,0,0
884,2.53,Snowy,Low,Morning,Bike,6,8.0,24.0,1,0
12,19.41,Windy,Low,Morning,Bike,11,8.0,62.0,1,1
6314,11.65,Snowy,Low,Evening,Bike,19,6.0,65.8,1,1
11398,18.79,Snowy,Medium,Afternoon,Car,14,29.0,62.0,0,1
9744,14.15,Windy,High,Afternoon,Scooter,21,6.0,63.3,0,1
8108,12.67,Clear,Low,Morning,Scooter,10,7.0,43.3,1,1
4070,6.4,Rainy,Low,Morning,Scooter,20,3.0,49.8,1,1
3911,1.5,Clear,High,Afternoon,Bike,13,0.0,34.2,0,0
7340,8.02,Clear,Low,Evening,Bike,26,3.0,52.3,1,1
5241,7.29,Snowy,Medium,Night,Scooter,21,3.0,53.9,0,1
9849,13.39,Clear,Medium,Night,Car,14,9.0,46.6,0,1
5780,6.16,Windy,Low,Evening,Scooter,18,3.0,37.1,1,0
10155,19.96,Rainy,Low,Evening,Car,21,24.0,69.4,1,1
7655,9.17,Clear,Medium,Afternoon,Scooter,23,4.0,46.5,0,1
5873,4.95,Clear,High,Night,Bike,17,3.0,44.3,0,1
8622,13.67,Clear,Low,Night,Scooter,9,7.0,39.3,0,0
11951,17.09,Clear,High,Evening,Scooter,15,23.0,62.8,1,1
10063,18.37,Rainy,High,Morning,Bike,16,22.0,78.0,1,2
3339,2.18,Snowy,Low,Afternoon,Scooter,12,0.0,30.2,0,0
6671,11.04,Clear,Low,Afternoon,Bike,28,4.0,50.3,0,1
5351,4.75,Clear,Low,Afternoon,Bike,15,3.0,27.0,0,0
764,15.01,Clear,Medium,Morning,Bike,15,6.0,64.0,1,1
5750,5.3,Clear,Low,Afternoon,Car,12,3.0,20.0,0,0
5166,5.72,Rainy,Low,Morning,Bike,6,2.0,36.4,1,0
8361,15.49,Clear,Medium,Evening,Scooter,22,7.0,65.1,1,1
389,15.14,Windy,Medium,Morning,Bike,15,4.0,71.0,1,2
3465,3.65,Rainy,High,Morning,Scooter,27,1.0,60.2,1,1
2198,1.88,Snowy,Low,Morning,Scooter,11,0.0,32.2,1,0
5047,5.66,Clear,Low,Morning,Bike,19,1.0,40.9,1,1
10576,19.37,Rainy,Low,Afternoon,Scooter,29,25.0,73.6,0,2
6784,9.06,Rainy,High,Evening,Car,24,4.0,61.4,1,1
11270,17.22,Snowy,Medium,Afternoon,Scooter,24,23.0,75.8,0,2
2800,0.29,Foggy,High,Evening,Car,20,0.0,42.5,1,1
7900,9.03,Clear,Low,Evening,Bike,22,4.0,45.9,1,1
5973,5.99,Rainy,Medium,Evening,Bike,27,2.0,61.4,1,1
11905,16.31,Rainy,Low,Evening,Bike,17,12.0,66.9,1,1
2575,1.82,Snowy,High,Evening,Bike,10,1.0,45.3,1,1
7193,9.61,Clear,Medium,Morning,Bike,25,5.0,54.1,1,1
7087,11.57,Foggy,Medium,Morning,Scooter,22,3.0,53.3,1,1
7424,9.48,Clear,Medium,Evening,Bike,21,3.0,54.1,1,1
299,12.65,Rainy,Low,Afternoon,Bike,18,8.0,60.0,0,1
5084,7.64,Foggy,Low,Morning,Bike,21,1.0,57.1,1,1
848,19.94,Clear,Low,Afternoon,Bike,26,6.0,83.0,0,2
4108,7.05,Windy,Medium,Morning,Scooter,14,1.0,41.4,1,1
8236,13.0,Clear,Medium,Evening,Bike,11,6.0,56.6,1,1
6426,10.82,Clear,Low,Afternoon,Scooter,28,3.0,55.7,0,1
244,7.72,Foggy,High,Evening,Bike,19,4.0,64.0,1,1
5760,4.81,Clear,Low,Afternoon,Car,31,2.0,36.0,0,0
6912,8.29,Clear,Low,Evening,Bike,22,5.0,48.5,1,1
4926,4.7,Rainy,Medium,Evening,Scooter,17,3.0,44.4,1,1
6378,8.98,Clear,Low,Afternoon,Bike,11,5.0,34.1,0,0
11943,18.64,Foggy,Medium,Night,Bike,13,14.0,65.1,0,1
2444,0.38,Clear,Low,Evening,Scooter,30,1.0,33.2,1,0
5434,7.08,Clear,Low,Evening,Bike,14,1.0,33.8,1,0
6662,9.99,Windy,Low,Afternoon,Scooter,18,4.0,45.2,0,1
7045,8.73,Clear,Low,Morning,Bike,7,6.0,33.4,1,0
11299,16.78,Rainy,Medium,Afternoon,Car,15,19.0,57.2,0,1
10446,17.18,Clear,Medium,Afternoon,Bike,20,15.0,61.4,0,1
3715,0.91,Clear,High,Afternoon,Bike,17,1.0,37.4,0,0
769,7.17,Clear,Medium,Morning,Scooter,7,9.0,29.0,1,0
9194,14.58,Rainy,Medium,Morning,Bike,18,8.0,61.8,1,1
3493,3.82,Rainy,Medium,Night,Car,13,0.0,33.8,0,0
9424,13.7,Rainy,Medium,Afternoon,Car,10,6.0,49.8,0,1
4659,6.08,Clear,High,Evening,Scooter,8,1.0,35.9,1,0
11079,16.22,Clear,Medium,Morning,Car,19,18.0,58.7,1,1
7602,11.53,Clear,Medium,Morning,Bike,17,6.0,52.4,1,1
9472,13.67,Snowy,Medium,Morning,Bike,17,8.0,65.7,1,1
7548,11.9,Rainy,Medium,Afternoon,Car,15,6.0,57.1,0,1
9504,13.56,Clear,Low,Afternoon,Scooter,27,6.0,53.7,0,1
10661,18.06,Clear,Low,Afternoon,Bike,12,29.0,48.4,0,1
7805,10.13,Rainy,Low,Evening,Bike,19,3.0,62.1,1,1
10392,19.8,Clear,Medium,Evening,Bike,14,13.0,62.5,1,1
2081,2.1,Rainy,Low,Afternoon,Bike,14,0.0,32.9,0,0
11350,16.3,Clear,High,Morning,Bike,14,18.0,62.9,1,1
11003,20.0,Rainy,High,Evening,Bike,19,14.0,84.1,1,2
11764,16.16,Clear,High,Morning,Car,16,18.0,65.4,1,1
6445,8.39,Clear,Low,Afternoon,Scooter,13,5.0,26.2,0,0
4095,4.2,Snowy,Low,Afternoon,Bike,21,3.0,42.7,0,1
11307,16.81,Snowy,Medium,Afternoon,Bike,21,11.0,70.4,0,2
3501,1.68,Rainy,Low,Morning,Scooter,12,0.0,25.4,1,0
11134,16.96,Rainy,Low,Afternoon,Scooter,18,15.0,60.7,0,1
8455,12.85,Rainy,Medium,Evening,Bike,13,9.0,54.1,1,1
745,5.03,Clear,Medium,Morning,Bike,17,5.0,38.0,1,0
3991,0.2,Clear,High,Morning,Car,20,0.0,39.3,1,0
752,18.83,Unknown,Medium,Night,Bike,8,0.0,68.0,0,1
9371,13.59,Clear,Low,Evening,Bike,16,7.0,50.2,1,1
11338,17.27,Rainy,High,Evening,Scooter,10,24.0,69.4,1,1
10347,16.58,Rainy,Low,Morning,Bike,15,28.0,66.8,1,1
6530,10.47,Rainy,Medium,Afternoon,Bike,33,6.0,70.0,0,1
8684,12.87,Snowy,Low,Evening,Bike,26,7.0,71.0,1,2
4755,5.97,Snowy,High,Morning,Bike,15,3.0,53.1,1,1
7624,8.65,Rainy,Low,Morning,Car,27,4.0,56.3,1,1
4250,6.17,Clear,Low,Afternoon,Scooter,31,3.0,40.2,0,1
2824,0.11,Rainy,Low,Evening,Scooter,27,0.0,41.8,1,1
11110,16.96,Clear,Medium,Morning,Scooter,10,12.0,56.1,1,1
11286,19.95,Clear,High,Afternoon,Scooter,13,15.0,64.3,0,1
4316,4.32,Clear,Medium,Morning,Scooter,25,2.0,47.5,1,1
4790,6.32,Clear,Medium,Evening,Car,26,3.0,51.3,1,1
7995,10.91,Rainy,Low,Evening,Bike,5,6.0,46.7,1,1
3507,2.71,Foggy,Low,Evening,Bike,13,0.0,31.9,1,0
2440,0.37,Rainy,Low,Morning,Car,16,1.0,34.3,1,0
3654,0.71,Clear,Low,Afternoon,Bike,10,1.0,16.6,0,0
8528,13.05,Clear,Medium,Afternoon,Bike,21,9.0,54.7,0,1
3996,3.52,Foggy,High,Evening,Scooter,11,0.0,44.3,1,1
6287,11.43,Windy,Low,Evening,Scooter,27,3.0,57.3,1,1
463,15.05,Clear,Medium,Evening,Car,12,2.0,66.0,1,1
10434,18.74,Rainy,Low,Night,Bike,31,19.0,79.0,0,2
354,3.68,Unknown,High,Afternoon,Car,16,6.0,47.0,0,1
2281,0.31,Clear,Low,Morning,Scooter,17,1.0,23.0,1,0
10988,18.15,Windy,Medium,Morning,Car,23,16.0,69.7,1,1
621,4.1,Clear,Medium,Evening,Car,18,3.0,38.0,1,0
4382,4.67,Clear,Low,Morning,Bike,15,1.0,24.5,1,0
3796,1.47,Clear,Low,Morning,Car,15,0.0,22.0,1,0
10330,16.62,Clear,Medium,Evening,Scooter,29,11.0,70.8,1,2
10993,16.19,Clear,Low,Evening,Bike,15,27.0,57.7,1,1
5229,4.01,Rainy,Medium,Night,Scooter,14,1.0,38.2,0,0
850,12.11,Rainy,Low,Morning,Bike,9,5.0,59.0,1,1
11970,19.39,Rainy,Medium,Evening,Bike,12,12.0,70.6,1,2
6490,10.41,Rainy,Medium,Morning,Bike,17,3.0,57.8,1,1
3844,2.93,Windy,Low,Afternoon,Scooter,18,0.0,27.5,0,0
734,10.7,Clear,High,Afternoon,Car,8,4.0,57.0,0,1
8238,12.67,Rainy,Low,Evening,Scooter,16,8.0,53.5,1,1
5442,5.85,Clear,Medium,Morning,Car,7,3.0,30.6,1,0
6249,8.16,Clear,Medium,Evening,Bike,21,6.0,51.8,1,1
6945,8.51,Rainy,Low,Evening,Car,20,4.0,48.5,1,1
7151,9.66,Rainy,Medium,Morning,Bike,21,3.0,58.6,1,1
10875,19.71,Clear,Medium,Morning,Scooter,28,20.0,69.2,1,1
8689,14.45,Rainy,Low,Morning,Car,8,10.0,47.0,1,1
886,3.98,Clear,High,Night,Car,19,3.0,41.0,0,1
2737,2.29,Clear,Medium,Afternoon,Bike,13,1.0,27.3,0,0
9586,15.85,Clear,High,Afternoon,Scooter,22,10.0,65.8,0,1
9737,14.55,Foggy,Medium,Evening,Car,19,8.0,62.5,1,1
5462,5.58,Foggy,Low,Night,Bike,11,1.0,35.6,0,0
11939,18.41,Foggy,Medium,Afternoon,Bike,16,11.0,70.2,0,2
4964,7.12,Rainy,Low,Morning,Car,26,1.0,55.6,1,1
6791,8.32,Rainy,Low,Afternoon,Bike,14,4.0,45.2,0,1
6653,10.02,Clear,Low,Morning,Bike,12,5.0,46.1,1,1
5975,6.13,Clear,Medium,Afternoon,Car,8,2.0,25.5,0,0
5585,4.36,Windy,Low,Morning,Bike,17,2.0,36.9,1,0
9387,15.56,Rainy,Low,Night,Car,32,9.0,67.8,0,1
256,11.36,Clear,Medium,Morning,Scooter,8,2.0,52.0,1,1
6276,11.15,Clear,Low,Afternoon,Bike,21,3.0,48.3,0,1
11761,18.46,Snowy,Low,Morning,Car,14,26.0,61.2,1,1
7940,10.59,Snowy,Medium,Evening,Car,25,3.0,69.8,1,1
10327,19.96,Foggy,Low,Night,Scooter,17,11.0,63.5,0,1
5221,4.94,Clear,Low,Morning,Car,23,3.0,36.4,1,0
11938,16.05,Clear,Medium,Evening,Car,22,16.0,60.5,1,1
7346,9.26,Clear,High,Morning,Scooter,16,3.0,56.6,1,1
9850,14.46,Foggy,Low,Afternoon,Scooter,15,7.0,47.2,0,1
9086,12.21,Foggy,Medium,Afternoon,Bike,27,7.0,66.2,0,1
3853,1.48,Rainy,Medium,Morning,Scooter,21,1.0,49.4,1,1
11531,18.35,Rainy,Medium,Afternoon,Scooter,16,10.0,65.7,0,1
8245,15.33,Clear,Medium,Evening,Bike,20,8.0,66.2,1,1
2621,2.08,Foggy,Low,Evening,Bike,18,1.0,40.3,1,1
10439,19.26,Windy,Medium,Night,Scooter,31,20.0,74.4,0,2
10228,18.76,Clear,Medium,Morning,Bike,9,15.0,61.0,1,1
11419,18.76,Rainy,Medium,Morning,Car,15,19.0,70.0,1,1
7838,8.2,Rainy,High,Evening,Bike,19,5.0,63.6,1,1
8088,12.91,Clear,Medium,Morning,Scooter,17,9.0,53.8,1,1
10723,16.68,Foggy,High,Evening,Bike,21,20.0,81.1,1,2
6073,10.36,Clear,Low,Morning,Bike,11,5.0,42.8,1,1
4115,7.03,Clear,Low,Afternoon,Bike,8,1.0,30.2,0,0
2605,2.45,Windy,Low,Evening,Car,18,0.0,33.6,1,0
11221,19.89,Windy,Medium,Morning,Car,20,27.0,69.4,1,1
913,12.67,Windy,Medium,Morning,Scooter,7,3.0,43.0,1,1
32,3.83,Rainy,Medium,Afternoon,Bike,12,9.0,30.0,0,0
6767,8.85,Rainy,Medium,Evening,Bike,16,3.0,57.9,1,1
11260,17.22,Clear,Medium,Morning,Car,15,18.0,61.0,1,1
3835,0.12,Clear,Medium,Evening,Scooter,32,0.0,46.4,1,1
9584,14.31,Foggy,Medium,Morning,Bike,8,6.0,53.2,1,1
3566,3.75,Clear,Low,Evening,Car,15,1.0,23.3,1,0
3875,1.2,Windy,Low,Morning,Bike,22,0.0,36.0,1,0
4925,6.79,Clear,High,Evening,Car,8,2.0,40.1,1,1
10778,16.23,Foggy,Medium,Evening,Car,30,27.0,78.3,1,2
3918,2.35,Foggy,Low,Evening,Car,20,0.0,33.1,1,0
6862,11.54,Snowy,Low,Morning,Car,17,5.0,57.7,1,1
516,1.01,Clear,High,Night,Bike,17,7.0,29.0,0,0
11800,19.07,Clear,Medium,Evening,Bike,11,16.0,61.6,1,1
636,9.22,Clear,Medium,Afternoon,Car,18,9.0,57.0,0,1
4267,7.06,Foggy,Low,Afternoon,Scooter,15,1.0,38.6,0,0
9195,12.58,Foggy,Medium,Morning,Scooter,22,7.0,64.3,1,1
729,4.43,Foggy,Low,Morning,Scooter,10,1.0,63.0,1,1
208,13.44,Clear,Unknown,Evening,Scooter,9,5.0,55.0,1,1
8030,14.05,Clear,Low,Morning,Bike,16,10.0,50.7,1,1
10549,18.46,Foggy,Medium,Afternoon,Bike,13,18.0,59.4,0,1
7427,8.88,Windy,High,Afternoon,Scooter,18,6.0,46.4,0,1
5890,5.87,Clear,Medium,Morning,Bike,27,3.0,51.9,1,1
121,16.25,Foggy,High,Morning,Bike,10,5.0,89.0,1,2
6650,9.24,Clear,Low,Night,Bike,23,4.0,50.5,0,1
5847,5.04,Foggy,Low,Morning,Bike,29,3.0,55.2,1,1
9621,14.56,Clear,Medium,Evening,Car,20,8.0,63.7,1,1
7567,9.69,Rainy,Low,Morning,Scooter,20,4.0,52.1,1,1
11556,18.59,Clear,Medium,Morning,Scooter,24,11.0,69.2,1,1
4954,7.18,Windy,Low,Afternoon,Car,19,1.0,34.9,0,0
7120,9.85,Rainy,Low,Morning,Bike,10,5.0,43.9,1,1
5664,4.11,Rainy,Low,Evening,Bike,12,3.0,32.7,1,0
11482,16.23,Clear,Medium,Night,Car,6,10.0,40.6,0,1
5764,7.29,Clear,Medium,Morning,Scooter,14,2.0,42.6,1,1
580,5.54,Rainy,Medium,Unknown,Scooter,28,9.0,51.0,0,1
42,10.16,Snowy,Medium,Night,Bike,10,1.0,67.0,0,1
5097,4.53,Clear,Medium,Afternoon,Bike,20,2.0,42.1,0,1
2934,3.23,Foggy,Low,Night,Scooter,23,1.0,36.5,0,0
2992,1.65,Foggy,Low,Afternoon,Bike,10,1.0,21.0,0,0
10304,16.75,Clear,Low,Morning,Bike,17,17.0,58.2,1,1
7875,9.04,Clear,High,Evening,Scooter,21,6.0,52.3,1,1
902,1.02,Clear,Medium,Afternoon,Bike,25,4.0,34.0,0,0
10075,17.07,Windy,Low,Evening,Scooter,19,22.0,60.0,1,1
10728,19.88,Clear,Medium,Evening,Bike,11,21.0,63.4,1,1
2433,0.77,Foggy,Medium,Afternoon,Scooter,21,1.0,31.1,0,0
11219,16.95,Foggy,High,Afternoon,Bike,11,19.0,71.1,0,2
3802,3.3,Rainy,Low,Afternoon,Scooter,19,0.0,34.2,0,0
8047,12.41,Clear,Low,Morning,Bike,11,7.0,42.8,1,1
9118,13.2,Rainy,Medium,Afternoon,Scooter,16,10.0,52.6,0,1
8739,14.59,Foggy,High,Night,Car,21,6.0,70.5,0,2
10737,17.28,Rainy,Medium,Evening,Bike,17,16.0,69.6,1,1
3580,0.62,Snowy,Low,Morning,Bike,16,1.0,36.9,1,0
4268,7.21,Rainy,Medium,Morning,Bike,9,2.0,42.9,1,1
6162,10.52,Clear,Low,Morning,Car,17,5.0,44.4,1,1
10202,19.02,Windy,Medium,Morning,Car,26,28.0,74.0,1,2
8156,15.46,Clear,High,Evening,Bike,18,6.0,72.8,1,2
2597,2.42,Foggy,Medium,Night,Bike,13,1.0,31.8,0,0
4595,6.51,Clear,Low,Evening,Car,16,3.0,28.1,1,0
10909,19.57,Clear,Medium,Morning,Scooter,20,16.0,67.2,1,1
4568,6.18,Clear,Medium,Morning,Scooter,15,1.0,41.7,1,1
2155,0.96,Clear,Medium,Afternoon,Bike,28,0.0,42.9,0,1
3112,0.69,Clear,Low,Evening,Bike,25,0.0,35.4,1,0
4661,5.82,Snowy,High,Afternoon,Scooter,19,1.0,52.4,0,1
6867,10.78,Clear,Low,Evening,Car,32,3.0,58.2,1,1
7662,9.92,Clear,Low,Afternoon,Car,6,4.0,25.2,0,0
2038,1.47,Clear,Low,Evening,Bike,24,1.0,47.2,1,1
4251,4.82,Rainy,Medium,Evening,Bike,20,1.0,51.9,1,1
3027,3.46,Windy,Medium,Afternoon,Car,17,1.0,26.8,0,0
103,6.63,Foggy,Low,Night,Scooter,24,3.0,58.0,0,1
5886,5.18,Clear,Low,Evening,Car,16,1.0,27.0,1,0
7004,8.65,Clear,High,Evening,Scooter,29,5.0,63.7,1,1
10545,17.44,Clear,High,Evening,Bike,30,19.0,85.3,1,2
2579,2.85,Snowy,Medium,Morning,Bike,26,1.0,58.9,1,1
3374,3.58,Snowy,High,Morning,Bike,25,0.0,67.9,1,1
10156,16.64,Windy,Medium,Afternoon,Bike,17,15.0,65.1,0,1
8564,14.68,Windy,Low,Morning,Bike,12,6.0,49.2,1,1
8998,14.06,Clear,Low,Afternoon,Scooter,13,10.0,34.2,0,0
8809,15.22,Clear,Low,Evening,Bike,21,10.0,53.2,1,1
6875,10.53,Rainy,Low,Night,Scooter,28,6.0,53.3,0,1
3159,2.61,Clear,Medium,Night,Bike,21,0.0,39.6,0,0
2237,3.05,Clear,High,Evening,Car,31,1.0,56.2,1,1
11662,17.59,Foggy,High,Evening,Car,13,18.0,63.2,1,1
9071,12.03,Rainy,High,Evening,Scooter,20,9.0,69.6,1,1
10227,18.81,Foggy,Medium,Night,Scooter,16,14.0,67.0,0,1
5101,5.9,Windy,Medium,Morning,Bike,22,2.0,52.5,1,1
6405,8.36,Clear,High,Evening,Scooter,11,6.0,42.2,1,1
11179,19.8,Foggy,Low,Afternoon,Scooter,21,10.0,61.4,0,1
6928,10.55,Rainy,High,Evening,Scooter,16,6.0,59.3,1,1
9566,15.48,Snowy,Medium,Afternoon,Scooter,26,9.0,73.3,0,2
4593,5.67,Rainy,Low,Morning,Scooter,22,2.0,44.3,1,1
6728,11.88,Clear,Medium,Afternoon,Bike,20,5.0,56.4,0,1
3985,1.27,Rainy,Medium,Morning,Bike,8,1.0,34.7,1,0
3344,3.46,Rainy,Medium,Evening,Bike,13,0.0,49.8,1,1
11985,16.62,Rainy,Low,Afternoon,Scooter,17,24.0,59.4,0,1
11315,17.79,Clear,Low,Night,Bike,23,19.0,64.7,0,1
9036,14.92,Rainy,Low,Morning,Bike,15,7.0,66.4,1,1
3894,0.51,Clear,High,Morning,Bike,32,0.0,55.3,1,1
10721,18.92,Snowy,High,Evening,Car,22,30.0,81.7,1,2
4138,4.18,Foggy,Low,Morning,Scooter,17,2.0,33.8,1,0
5805,5.79,Clear,Low,Evening,Bike,16,1.0,38.0,1,0
11325,19.56,Clear,High,Night,Scooter,7,27.0,49.1,0,1
9349,14.97,Clear,Medium,Night,Scooter,22,8.0,61.9,0,1
2110,2.44,Windy,Medium,Morning,Car,10,1.0,24.5,1,0
8257,13.69,Rainy,Low,Afternoon,Bike,21,10.0,60.2,0,1
9164,12.35,Foggy,Medium,Afternoon,Scooter,14,10.0,50.7,0,1
7074,11.83,Rainy,Low,Evening,Bike,12,6.0,56.5,1,1
10111,17.66,Clear,Low,Morning,Bike,14,20.0,62.0,1,1
7860,10.63,Clear,High,Afternoon,Car,11,4.0,35.8,0,0
8952,13.53,Windy,High,Morning,Car,22,6.0,66.8,1,1
9611,15.29,Foggy,Medium,Evening,Bike,8,7.0,55.6,1,1
3902,1.78,Clear,Low,Morning,Bike,15,0.0,30.9,1,0
7404,11.12,Clear,Low,Afternoon,Bike,32,6.0,62.0,0,1
9515,13.01,Foggy,Low,Evening,Car,13,8.0,48.1,1,1
9626,13.68,Clear,Low,Afternoon,Bike,32,9.0,66.4,0,1
4098,6.56,Rainy,Medium,Night,Bike,19,1.0,49.2,0,1
8777,15.61,Clear,Low,Evening,Car,23,6.0,59.6,1,1
2482,2.32,Clear,Medium,Evening,Bike,15,0.0,43.1,1,1
4948,5.99,Foggy,Low,Evening,Scooter,20,2.0,39.5,1,0
5136,7.52,Foggy,High,Evening,Bike,16,1.0,60.2,1,1
11775,18.65,Foggy,Medium,Morning,Car,20,19.0,73.5,1,2
9511,12.53,Rainy,High,Afternoon,Car,19,10.0,62.8,0,1
10415,17.06,Clear,Medium,Evening,Bike,18,19.0,70.3,1,2
9160,12.71,Clear,Low,Evening,Car,30,6.0,61.5,1,1
2024,0.41,Snowy,High,Morning,Car,25,1.0,54.1,1,1
9537,15.13,Rainy,Low,Morning,Bike,21,7.0,67.3,1,1
4907,6.5,Windy,Low,Evening,Bike,29,1.0,56.6,1,1
777,4.97,Rainy,Low,Evening,Bike,17,9.0,34.0,1,0
9550,12.33,Clear,Medium,Evening,Bike,21,9.0,61.4,1,1
7832,11.13,Clear,Medium,Afternoon,Bike,19,3.0,49.0,0,1
9130,14.26,Clear,Medium,Morning,Bike,9,6.0,53.2,1,1
3310,1.07,Windy,Medium,Evening,Car,11,0.0,26.6,1,0
10435,16.15,Foggy,High,Morning,Scooter,23,23.0,70.0,1,1
6519,8.83,Foggy,Medium,Afternoon,Scooter,14,3.0,40.5,0,1
5133,6.03,Clear,Medium,Afternoon,Bike,21,2.0,46.3,0,1
3519,0.4,Clear,Medium,Morning,Scooter,10,0.0,21.9,1,0
9256,14.91,Clear,Low,Afternoon,Bike,6,10.0,36.2,0,0
9293,12.05,Snowy,High,Morning,Scooter,24,10.0,74.2,1,2
5032,5.56,Clear,Medium,Afternoon,Bike,26,2.0,45.7,0,1
9572,13.45,Windy,Medium,Morning,Bike,14,6.0,60.5,1,1
382,14.09,Clear,High,Afternoon,Bike,12,6.0,67.0,0,1
8399,14.64,Rainy,Low,Afternoon,Bike,20,8.0,59.0,0,1
9255,13.02,Rainy,Low,Morning,Car,16,10.0,45.6,1,1
927,5.74,Rainy,High,Evening,Bike,13,9.0,46.0,1,1
69,1.95,Clear,Low,Morning,Scooter,16,2.0,23.0,1,0
2657,1.7,Snowy,Low,Afternoon,Car,24,0.0,38.6,0,0
2673,3.17,Windy,Medium,Night,Scooter,17,1.0,32.9,0,0
2259,3.11,Clear,Medium,Morning,Scooter,13,1.0,28.2,1,0
5948,6.26,Clear,Medium,Afternoon,Bike,30,2.0,53.9,0,1
9722,13.67,Snowy,Medium,Evening,Scooter,13,8.0,56.0,1,1
9032,12.15,Clear,Medium,Evening,Car,18,6.0,44.9,1,1
11941,19.16,Windy,High,Morning,Bike,29,27.0,89.0,1,2
292,1.23,Clear,Low,Evening,Bike,18,6.0,21.0,1,0
928,11.06,Clear,High,Evening,Bike,6,9.0,53.0,1,1
9756,12.83,Windy,Low,Morning,Scooter,14,6.0,44.1,1,1
134,7.08,Clear,Medium,Afternoon,Scooter,5,8.0,27.0,0,0
200,15.71,Clear,Low,Afternoon,Scooter,28,5.0,69.0,0,1
4657,6.29,Clear,Medium,Morning,Car,20,2.0,44.8,1,1
6758,8.98,Windy,High,Morning,Bike,29,4.0,65.0,1,1
2216,1.66,Foggy,Low,Evening,Scooter,22,0.0,34.3,1,0
4109,7.21,Clear,Medium,Afternoon,Scooter,19,1.0,44.8,0,1
2062,3.7,Clear,Low,Morning,Car,25,1.0,38.0,1,0
849,10.29,Foggy,Medium,Evening,Scooter,25,4.0,67.0,1,1
10299,16.29,Clear,High,Night,Scooter,23,15.0,65.5,0,1
6721,8.54,Clear,High,Afternoon,Bike,10,4.0,45.7,0,1
11050,16.65,Clear,Low,Afternoon,Scooter,14,10.0,50.7,0,1
6348,11.56,Snowy,High,Afternoon,Scooter,20,3.0,62.9,0,1
930,5.53,Clear,Low,Morning,Car,10,8.0,27.0,1,0
7117,11.05,Rainy,Medium,Evening,Bike,10,5.0,55.4,1,1
10499,16.96,Rainy,High,Morning,Bike,27,10.0,87.3,1,2
6419,8.14,Clear,Low,Evening,Bike,16,4.0,47.5,1,1
9768,12.78,Clear,Low,Evening,Scooter,32,8.0,64.2,1,1
8602,15.45,Clear,Medium,Afternoon,Bike,15,8.0,57.7,0,1
8658,14.72,Windy,Medium,Night,Scooter,10,8.0,47.4,0,1
8953,14.99,Clear,High,Afternoon,Bike,28,7.0,76.2,0,2
9973,13.27,Rainy,Medium,Night,Bike,28,9.0,70.7,0,2
11035,18.77,Clear,High,Evening,Car,15,27.0,68.7,1,1
9944,15.05,Rainy,Medium,Morning,Bike,16,6.0,73.9,1,2
5971,7.75,Windy,High,Night,Bike,16,1.0,48.4,0,1
7364,11.66,Snowy,High,Evening,Scooter,22,6.0,73.7,1,2
11208,17.94,Clear,High,Evening,Bike,25,30.0,74.6,1,2
4168,5.04,Clear,High,Night,Bike,15,1.0,41.9,0,1
10107,17.26,Clear,Medium,Evening,Bike,24,26.0,73.7,1,2
3643,1.44,Clear,Low,Evening,Car,19,1.0,28.7,1,0
10475,17.79,Clear,Low,Evening,Bike,16,22.0,62.5,1,1
9065,12.59,Clear,High,Afternoon,Scooter,17,9.0,53.1,0,1
8264,13.33,Foggy,Medium,Evening,Bike,34,6.0,86.4,1,2
7323,9.91,Snowy,Medium,Afternoon,Car,17,4.0,48.3,0,1
11250,19.12,Snowy,Medium,Morning,Scooter,20,20.0,80.8,1,2
7307,11.19,Windy,Medium,Afternoon,Bike,22,6.0,56.6,0,1
3331,3.43,Foggy,Low,Afternoon,Bike,9,1.0,27.8,0,0
10458,17.54,Snowy,Medium,Morning,Scooter,13,23.0,67.4,1,1
3870,2.18,Snowy,Medium,Evening,Scooter,29,1.0,54.0,1,1
6014,10.45,Clear,High,Morning,Bike,18,4.0,65.2,1,1
11329,16.82,Clear,Medium,Morning,Bike,16,18.0,62.7,1,1
11694,18.44,Clear,Low,Morning,Car,25,27.0,62.9,1,1
7119,11.83,Clear,Low,Morning,Scooter,6,6.0,33.8,1,0
2619,3.32,Clear,High,Afternoon,Car,32,0.0,53.3,0,1
7366,8.07,Windy,High,Afternoon,Bike,12,5.0,46.6,0,1
10819,18.43,Foggy,Low,Afternoon,Car,17,17.0,54.9,0,1
8196,12.46,Clear,Low,Evening,Bike,23,6.0,51.4,1,1
6565,10.84,Clear,Low,Afternoon,Bike,26,4.0,46.4,0,1
3672,1.59,Rainy,Low,Evening,Bike,21,0.0,42.2,1,1
8651,14.19,Rainy,Medium,Evening,Bike,20,7.0,68.5,1,1
6417,11.66,Rainy,High,Night,Bike,11,3.0,62.3,0,1
789,9.51,Clear,High,Morning,Bike,26,9.0,63.0,1,1
11143,18.66,Clear,Medium,Afternoon,Scooter,15,22.0,56.8,0,1
8074,15.88,Clear,Medium,Evening,Scooter,15,8.0,61.7,1,1
2268,0.76,Clear,Medium,Afternoon,Car,20,1.0,30.0,0,0
10204,16.96,Rainy,Medium,Morning,Bike,24,11.0,76.2,1,2
7347,11.13,Foggy,Low,Morning,Car,13,5.0,44.2,1,1
11752,18.94,Snowy,Low,Morning,Bike,15,17.0,72.3,1,2
8086,14.59,Foggy,Low,Morning,Bike,17,10.0,56.1,1,1
98,8.84,Clear,Unknown,Morning,Bike,26,0.0,57.0,1,1
7587,8.14,Rainy,Medium,Morning,Bike,20,4.0,62.8,1,1
10942,16.28,Clear,Medium,Morning,Bike,27,28.0,73.4,1,2
808,18.55,Clear,Low,Afternoon,Car,11,9.0,69.0,0,1
246,18.6,Rainy,Medium,Morning,Car,28,9.0,77.0,1,2
7990,8.95,Clear,Low,Evening,Bike,23,5.0,51.0,1,1
10614,19.26,Clear,High,Morning,Bike,15,22.0,71.3,1,2
5120,4.11,Clear,Low,Morning,Scooter,14,2.0,27.0,1,0
2906,3.65,Rainy,Medium,Morning,Bike,34,1.0,60.2,1,1
5977,7.15,Clear,Medium,Afternoon,Scooter,26,1.0,45.6,0,1
4554,6.95,Windy,Low,Afternoon,Bike,13,3.0,33.9,0,0
2665,3.74,Clear,Medium,Night,Bike,17,1.0,35.6,0,0
11375,18.3,Rainy,Low,Morning,Bike,16,26.0,60.6,1,1
5017,4.31,Windy,Low,Morning,Car,20,3.0,34.1,1,0
5932,6.2,Rainy,Low,Evening,Bike,17,2.0,45.4,1,1
684,13.54,Foggy,Low,Morning,Bike,11,1.0,54.0,1,1
11989,16.17,Clear,Low,Night,Bike,13,12.0,44.9,0,1
3366,1.52,Rainy,High,Afternoon,Car,8,1.0,29.0,0,0
626,7.69,Rainy,High,Morning,Scooter,16,3.0,58.0,1,1
8782,12.87,Clear,High,Evening,Car,27,8.0,69.4,1,1
11628,18.37,Clear,High,Morning,Scooter,15,26.0,68.4,1,1
6446,11.52,Clear,Medium,Evening,Scooter,27,5.0,58.9,1,1
2664,1.25,Clear,Low,Morning,Scooter,14,1.0,26.3,1,0
2373,3.65,Clear,Medium,Morning,Bike,16,0.0,40.4,1,1
5985,4.54,Clear,High,Afternoon,Scooter,14,1.0,37.7,0,0
9189,15.6,Clear,Medium,Morning,Scooter,21,9.0,63.3,1,1
7274,8.6,Snowy,Low,Evening,Bike,24,5.0,54.3,1,1
5238,7.77,Clear,Low,Afternoon,Scooter,21,1.0,37.7,0,0
9101,13.01,Clear,Medium,Morning,Car,6,7.0,43.0,1,1
162,12.83,Clear,Medium,Morning,Bike,19,2.0,76.0,1,2
9300,13.18,Rainy,Medium,Afternoon,Bike,27,9.0,76.3,0,2
11958,19.74,Clear,Medium,Afternoon,Scooter,19,15.0,66.9,0,1
2910,3.32,Clear,High,Afternoon,Bike,17,0.0,40.8,0,1
5354,6.3,Clear,Low,Morning,Scooter,7,2.0,22.0,1,0
11529,18.23,Snowy,Low,Night,Bike,33,11.0,80.5,0,2
10619,17.86,Clear,Low,Afternoon,Bike,17,25.0,59.9,0,1
2064,2.0,Foggy,Medium,Morning,Bike,8,0.0,34.1,1,0
10657,19.65,Clear,High,Afternoon,Car,22,16.0,73.2,0,2
8315,13.51,Rainy,Medium,Evening,Bike,26,9.0,72.1,1,2
2522,1.8,Clear,Low,Morning,Car,25,0.0,25.9,1,0
2592,3.07,Clear,High,Evening,Bike,19,1.0,46.5,1,1
10480,17.24,Snowy,Medium,Afternoon,Car,24,11.0,72.2,0,2
250,17.13,Rainy,Low,Evening,Car,19,1.0,71.0,1,2
6309,9.95,Windy,Low,Afternoon,Car,9,6.0,28.4,0,0
2720,2.99,Windy,Low,Morning,Scooter,24,1.0,40.0,1,0
4002,5.89,Clear,Medium,Evening,Bike,28,3.0,53.1,1,1
6291,8.22,Clear,High,Evening,Bike,16,4.0,56.2,1,1
519,19.75,Clear,Medium,Morning,Bike,25,1.0,89.0,1,2
11262,16.83,Clear,Low,Afternoon,Bike,14,14.0,46.1,0,1
9686,14.1,Snowy,Low,Afternoon,Bike,17,7.0,57.7,0,1
2580,2.27,Clear,Medium,Evening,Bike,20,1.0,40.0,1,0
6172,11.2,Foggy,Medium,Evening,Scooter,12,5.0,50.4,1,1
931,3.22,Rainy,Medium,Night,Bike,14,8.0,34.0,0,0
6860,9.48,Clear,Low,Morning,Bike,15,4.0,39.5,1,0
8285,14.56,Snowy,Low,Morning,Bike,32,9.0,70.8,1,2
2167,0.55,Snowy,High,Morning,Bike,8,1.0,38.1,1,0
8968,13.1,Clear,Medium,Morning,Bike,22,7.0,65.5,1,1
8016,15.39,Clear,Medium,Afternoon,Scooter,10,9.0,46.7,0,1
10669,18.18,Rainy,Low,Morning,Scooter,13,30.0,58.5,1,1
6865,10.38,Rainy,Medium,Evening,Bike,26,3.0,64.2,1,1
2868,3.61,Foggy,Medium,Morning,Bike,22,0.0,53.3,1,1
6263,10.68,Clear,Medium,Afternoon,Scooter,22,3.0,53.7,0,1
9016,13.39,Windy,Medium,Evening,Car,15,8.0,53.6,1,1
7524,10.57,Rainy,Medium,Evening,Bike,6,3.0,46.5,1,1
5118,6.3,Rainy,High,Morning,Scooter,15,2.0,54.0,1,1
557,3.11,Rainy,Medium,Morning,Scooter,21,1.0,43.0,1,1
4326,4.97,Windy,Medium,Night,Car,9,3.0,30.3,0,0
11743,19.6,Rainy,Medium,Afternoon,Bike,30,30.0,83.5,0,2
946,0.71,Rainy,Low,Morning,Car,25,8.0,31.0,1,0
8171,15.32,Windy,Low,Evening,Bike,16,7.0,56.6,1,1
492,12.59,Clear,Low,Evening,Scooter,10,2.0,39.0,1,0
7531,9.22,Clear,High,Morning,Car,27,5.0,58.7,1,1
5998,4.91,Clear,Low,Afternoon,Car,14,2.0,25.3,0,0
11185,16.47,Foggy,High,Evening,Bike,15,26.0,67.0,1,1
5688,4.71,Windy,Medium,Evening,Scooter,26,2.0,52.4,1,1
9173,13.64,Foggy,Medium,Afternoon,Car,23,9.0,53.6,0,1
6223,8.11,Clear,High,Afternoon,Scooter,11,3.0,41.4,0,1
7840,11.38,Clear,Low,Evening,Bike,20,3.0,52.2,1,1
9653,14.8,Rainy,Medium,Afternoon,Scooter,20,10.0,60.4,0,1
10503,18.3,Clear,Low,Afternoon,Bike,30,13.0,74.7,0,2
9157,14.76,Snowy,Low,Afternoon,Bike,20,6.0,68.8,0,1
8963,15.43,Rainy,Medium,Evening,Scooter,16,10.0,62.7,1,1
10522,19.81,Clear,Medium,Morning,Car,12,10.0,62.2,1,1
9401,14.35,Rainy,High,Evening,Bike,17,7.0,75.5,1,2
11214,16.05,Clear,Low,Evening,Car,15,14.0,50.4,1,1
8969,15.8,Rainy,Medium,Morning,Scooter,16,9.0,62.3,1,1
8258,14.36,Clear,Medium,Morning,Car,34,8.0,63.0,1,1
4329,6.7,Rainy,Medium,Afternoon,Scooter,19,2.0,46.0,0,1
8256,15.92,Windy,Medium,Morning,Bike,15,8.0,62.0,1,1
658,7.58,Clear,High,Afternoon,Scooter,19,9.0,57.0,0,1
10927,16.61,Foggy,High,Evening,Car,16,21.0,66.7,1,1
2688,1.23,Windy,High,Evening,Scooter,15,0.0,38.5,1,0
9063,14.75,Clear,High,Evening,Car,14,8.0,53.9,1,1
4970,4.51,Clear,Medium,Evening,Scooter,15,2.0,37.4,1,0
9769,14.67,Windy,Medium,Morning,Bike,12,9.0,58.0,1,1
3142,2.78,Foggy,Medium,Night,Bike,16,0.0,38.3,0,0
7399,10.14,Rainy,High,Evening,Bike,20,5.0,66.3,1,1
9603,14.65,Rainy,Medium,Evening,Bike,16,9.0,65.4,1,1
3682,3.75,Snowy,Low,Afternoon,Bike,14,1.0,34.3,0,0
8476,13.77,Clear,Low,Evening,Bike,24,7.0,54.5,1,1
9860,12.34,Foggy,Low,Morning,Bike,22,10.0,57.0,1,1
7562,10.34,Clear,High,Morning,Bike,25,6.0,70.1,1,2
7465,8.5,Clear,High,Morning,Bike,12,3.0,49.8,1,1
8269,14.35,Clear,High,Afternoon,Bike,15,10.0,60.9,0,1
8775,13.97,Rainy,Low,Evening,Bike,23,9.0,69.1,1,1
5753,6.5,Clear,High,Night,Scooter,16,3.0,42.9,0,1
7784,8.33,Snowy,Medium,Night,Bike,14,5.0,47.0,0,1
9974,12.68,Clear,High,Morning,Bike,23,10.0,66.5,1,1
4718,4.22,Windy,Low,Evening,Car,11,1.0,29.5,1,0
2566,0.64,Rainy,Low,Morning,Bike,29,0.0,47.0,1,1
8599,12.43,Clear,High,Night,Bike,17,9.0,56.2,0,1
9822,12.59,Rainy,Medium,Night,Scooter,20,10.0,54.8,0,1
11478,19.04,Foggy,Low,Morning,Car,14,29.0,63.3,1,1
5468,5.49,Clear,Low,Afternoon,Scooter,16,2.0,34.3,0,0
5871,5.28,Clear,Medium,Evening,Bike,15,2.0,40.0,1,0
817,12.03,Clear,Medium,Unknown,Car,20,5.0,65.0,0,1
7442,10.24,Snowy,High,Morning,Bike,27,3.0,83.4,1,2
6647,9.42,Windy,Medium,Morning,Bike,22,3.0,60.8,1,1
5310,4.47,Clear,Medium,Evening,Car,9,1.0,26.1,1,0
8071,12.28,Windy,Medium,Afternoon,Bike,16,9.0,54.6,0,1
9971,14.39,Rainy,High,Morning,Car,18,8.0,67.2,1,1
715,7.3,Clear,Low,Night,Scooter,14,7.0,28.0,0,0
4381,4.21,Snowy,Low,Evening,Bike,24,3.0,49.9,1,1
2299,0.5,Foggy,Low,Night,Car,19,1.0,19.6,0,0
2129,0.63,Clear,Medium,Morning,Bike,10,1.0,23.5,1,0
7258,11.0,Clear,Medium,Morning,Bike,14,3.0,53.6,1,1
8508,13.43,Clear,Medium,Evening,Bike,22,9.0,63.0,1,1
6892,11.33,Clear,Medium,Afternoon,Scooter,23,4.0,55.9,0,1
6706,11.9,Clear,Medium,Morning,Bike,25,6.0,62.4,1,1
9084,12.34,Clear,High,Morning,Scooter,16,6.0,51.6,1,1
7692,8.26,Clear,Medium,Evening,Scooter,20,3.0,46.3,1,1
7984,11.99,Clear,Medium,Evening,Scooter,27,5.0,61.2,1,1
7072,11.61,Clear,High,Evening,Car,18,4.0,57.6,1,1
6876,9.72,Rainy,Low,Afternoon,Bike,13,4.0,46.5,0,1
4417,7.91,Clear,High,Afternoon,Bike,15,2.0,46.9,0,1
3046,0.41,Clear,High,Afternoon,Bike,16,0.0,37.5,0,0
7437,10.68,Snowy,Medium,Morning,Scooter,24,6.0,65.4,1,1
3819,3.04,Rainy,Medium,Morning,Car,9,0.0,34.5,1,0
7363,10.42,Clear,Low,Morning,Bike,21,3.0,52.5,1,1
3416,1.74,Foggy,Low,Evening,Bike,14,1.0,33.0,1,0
476,19.86,Rainy,High,Evening,Bike,12,8.0,71.0,1,2
820,7.04,Clear,Low,Afternoon,Bike,11,8.0,38.0,0,0
9919,13.56,Windy,Low,Evening,Car,17,8.0,46.8,1,1
10044,17.87,Clear,Medium,Evening,Car,16,21.0,56.5,1,1
4087,6.48,Clear,Low,Evening,Bike,23,1.0,43.1,1,1
589,3.0,Clear,Low,Morning,Scooter,29,1.0,43.0,1,1
2419,3.49,Clear,Medium,Morning,Bike,17,0.0,41.2,1,1
6518,9.72,Clear,Medium,Afternoon,Scooter,16,6.0,41.2,0,1
2287,2.42,Clear,High,Afternoon,Bike,18,1.0,36.0,0,0
6395,9.47,Clear,Low,Evening,Car,15,4.0,35.8,1,0
11883,16.23,Rainy,Medium,Morning,Scooter,29,16.0,77.5,1,2
6362,11.41,Rainy,Medium,Afternoon,Bike,23,4.0,66.6,0,1
3104,2.43,Snowy,Low,Morning,Bike,17,1.0,44.2,1,1
11038,17.71,Rainy,Medium,Morning,Car,12,26.0,65.2,1,1
10038,17.41,Rainy,Low,Evening,Bike,14,21.0,67.8,1,1
6659,8.87,Rainy,Medium,Morning,Bike,21,6.0,59.9,1,1
7564,10.48,Clear,High,Evening,Bike,21,5.0,64.0,1,1
8162,14.27,Rainy,Medium,Evening,Car,21,7.0,70.7,1,2
5306,4.21,Clear,Medium,Afternoon,Scooter,29,1.0,43.3,0,1
11851,19.59,Clear,Low,Morning,Bike,18,28.0,66.9,1,1
10985,19.6,Rainy,High,Evening,Bike,28,19.0,89.0,1,2
3249,3.24,Snowy,Medium,Morning,Scooter,14,1.0,41.3,1,1
22,3.22,Clear,Medium,Afternoon,Bike,19,9.0,32.0,0,0
9376,12.6,Clear,Low,Morning,Bike,13,8.0,46.3,1,1
3054,2.26,Clear,Low,Evening,Bike,13,1.0,25.0,1,0
5295,5.35,Rainy,Medium,Morning,Scooter,11,1.0,45.6,1,1
11021,18.05,Clear,High,Afternoon,Car,8,23.0,54.2,0,1
3854,3.6,Foggy,High,Evening,Scooter,17,0.0,45.0,1,1
3530,1.52,Clear,Low,Evening,Car,7,1.0,14.3,1,0
7780,9.4,Clear,Medium,Night,Bike,26,4.0,54.0,0,1
66,11.08,Snowy,Medium,Morning,Bike,9,0.0,57.0,1,1
2351,2.98,Rainy,Medium,Afternoon,Bike,15,1.0,40.9,0,1
291,1.09,Clear,Medium,Morning,Scooter,6,2.0,17.0,1,0
2594,3.27,Rainy,Low,Night,Bike,33,1.0,55.2,0,1
8129,13.77,Rainy,Medium,Morning,Car,22,8.0,62.5,1,1
10427,17.29,Foggy,High,Evening,Car,20,17.0,68.5,1,1
3237,0.11,Clear,Low,Evening,Bike,28,1.0,36.8,1,0
7845,9.61,Clear,High,Afternoon,Bike,16,6.0,54.4,0,1
11906,19.42,Foggy,High,Morning,Bike,19,17.0,84.7,1,2
5232,7.77,Clear,Low,Afternoon,Car,16,3.0,35.0,0,0
6964,11.8,Clear,High,Evening,Bike,28,6.0,75.9,1,2
2943,0.93,Clear,Low,Night,Bike,26,0.0,32.6,0,0
10235,17.93,Snowy,Low,Afternoon,Bike,16,21.0,66.4,0,1
6950,10.51,Rainy,Low,Morning,Scooter,10,5.0,40.2,1,1
341,10.09,Clear,Medium,Evening,Bike,7,0.0,49.0,1,1
6363,9.15,Rainy,High,Afternoon,Car,8,4.0,44.7,0,1
6065,8.72,Clear,Low,Afternoon,Bike,20,5.0,41.7,0,1
5421,6.18,Snowy,Medium,Morning,Car,20,1.0,53.6,1,1
3757,2.71,Clear,High,Afternoon,Bike,12,0.0,34.3,0,0
8385,15.82,Clear,Low,Afternoon,Car,18,10.0,46.4,0,1
3009,0.62,Foggy,Medium,Evening,Car,19,0.0,31.9,1,0
7204,8.82,Clear,Low,Afternoon,Scooter,22,3.0,41.2,0,1
10604,16.1,Windy,Low,Morning,Scooter,10,26.0,50.4,1,1
5451,4.6,Rainy,Low,Afternoon,Scooter,22,1.0,40.8,0,1
4338,4.94,Clear,Low,Evening,Scooter,22,1.0,41.7,1,1
11314,17.77,Rainy,Low,Morning,Bike,33,26.0,81.6,1,2
3618,1.51,Rainy,Medium,Evening,Scooter,24,0.0,45.8,1,1
3914,3.84,Rainy,Medium,Afternoon,Scooter,16,1.0,38.3,0,0
3320,0.25,Snowy,Medium,Night,Bike,15,0.0,37.2,0,0
6746,11.1,Clear,High,Afternoon,Scooter,12,5.0,45.0,0,1
6570,11.86,Rainy,High,Afternoon,Bike,17,5.0,64.6,0,1
5529,6.96,Snowy,Low,Afternoon,Car,15,2.0,39.9,0,0
8161,15.75,Rainy,Medium,Evening,Car,20,6.0,69.2,1,1
4409,7.48,Clear,Low,Morning,Bike,8,3.0,30.8,1,0
6963,8.78,Rainy,Medium,Afternoon,Car,7,6.0,33.9,0,0
11791,16.54,Clear,Medium,Evening,Bike,13,12.0,57.9,1,1
91,2.83,Windy,Medium,Afternoon,Scooter,14,6.0,28.0,0,0
7002,11.02,Rainy,Medium,Night,Bike,22,4.0,60.9,0,1
3936,2.61,Clear,Low,Afternoon,Scooter,16,0.0,20.3,0,0
4215,5.26,Windy,Low,Morning,Scooter,17,2.0,38.2,1,0
7186,8.58,Snowy,Low,Afternoon,Scooter,31,3.0,62.8,0,1
9187,15.33,Clear,Medium,Afternoon,Bike,24,8.0,63.1,0,1
7456,8.24,Rainy,High,Afternoon,Car,15,5.0,48.3,0,1
7375,10.15,Rainy,Low,Morning,Bike,14,5.0,49.0,1,1
9583,15.43,Clear,Low,Evening,Car,22,9.0,54.7,1,1
10442,16.03,Clear,Medium,Evening,Scooter,14,21.0,50.1,1,1
4309,5.24,Rainy,Low,Night,Car,18,2.0,35.0,0,0
3024,3.0,Rainy,Low,Afternoon,Scooter,11,1.0,21.9,0,0
10119,17.48,Clear,Medium,Morning,Bike,23,30.0,70.5,1,2
694,5.23,Clear,Medium,Morning,Scooter,19,4.0,37.0,1,0
10219,17.84,Clear,Medium,Evening,Bike,13,24.0,63.3,1,1
6336,11.53,Clear,Medium,Afternoon,Car,12,5.0,38.6,0,0
10722,18.22,Rainy,Low,Morning,Bike,20,22.0,69.2,1,1
569,18.13,Rainy,High,Evening,Bike,21,2.0,88.0,1,2
11272,16.67,Foggy,Medium,Night,Bike,13,23.0,61.8,0,1
3380,1.5,Clear,Medium,Afternoon,Scooter,14,1.0,27.0,0,0
8526,12.45,Windy,Low,Morning,Bike,19,7.0,46.9,1,1
1,7.8,Clear,Low,Evening,Scooter,23,5.0,52.0,1,1
11822,16.76,Windy,Medium,Evening,Scooter,30,18.0,79.7,1,2
2317,0.39,Clear,Medium,Afternoon,Bike,22,0.0,30.6,0,0
5504,5.45,Rainy,Medium,Evening,Scooter,6,2.0,34.2,1,0
5769,6.48,Rainy,Medium,Evening,Bike,21,3.0,59.0,1,1
10082,18.45,Rainy,Low,Afternoon,Bike,18,23.0,65.9,0,1
7156,11.05,Clear,High,Morning,Scooter,8,4.0,49.5,1,1
5028,6.43,Snowy,Low,Afternoon,Scooter,13,3.0,37.0,0,0
11725,19.96,Rainy,Medium,Evening,Scooter,14,23.0,73.1,1,2
9251,15.25,Rainy,Low,Evening,Bike,11,6.0,54.1,1,1
9988,15.86,Windy,Medium,Afternoon,Bike,9,10.0,52.3,0,1
4112,7.04,Rainy,Low,Afternoon,Car,9,2.0,27.3,0,0
617,1.69,Windy,Unknown,Afternoon,Car,11,7.0,20.0,0,0
3450,1.52,Clear,Low,Evening,Scooter,17,1.0,25.8,1,0
8583,15.87,Foggy,Medium,Morning,Bike,23,8.0,68.1,1,1
7844,10.75,Rainy,Medium,Morning,Bike,10,6.0,53.9,1,1
11389,19.48,Clear,Medium,Evening,Bike,12,27.0,63.5,1,1
7491,10.78,Clear,Low,Afternoon,Scooter,17,3.0,45.2,0,1
10613,18.9,Rainy,Low,Evening,Scooter,18,27.0,64.9,1,1
10665,18.09,Clear,Medium,Afternoon,Scooter,28,21.0,72.3,0,2
8773,15.82,Clear,High,Morning,Scooter,23,9.0,74.1,1,2
11784,18.08,Clear,Medium,Morning,Bike,15,18.0,66.7,1,1
4567,7.94,Clear,Low,Evening,Scooter,10,1.0,33.4,1,0
3135,3.95,Windy,Low,Afternoon,Scooter,11,1.0,26.4,0,0
10398,18.27,Foggy,Low,Night,Scooter,26,18.0,64.4,0,1
6367,9.53,Clear,High,Morning,Car,11,4.0,48.7,1,1
10520,19.37,Clear,Medium,Morning,Scooter,8,10.0,58.9,1,1
10177,18.09,Rainy,Medium,Afternoon,Scooter,28,14.0,75.9,0,2
10772,16.0,Windy,Low,Afternoon,Car,10,14.0,38.9,0,0
4846,5.83,Rainy,Low,Afternoon,Car,23,3.0,42.7,0,1
737,8.15,Clear,High,Evening,Scooter,12,9.0,43.0,1,1
11522,17.81,Rainy,High,Afternoon,Scooter,24,18.0,81.2,0,2
7959,8.88,Rainy,Medium,Morning,Bike,13,6.0,45.4,1,1
7110,9.53,Snowy,High,Evening,Scooter,26,5.0,70.3,1,2
10388,17.88,Rainy,Medium,Evening,Bike,17,13.0,71.5,1,2
10544,17.61,Windy,Low,Night,Scooter,24,10.0,59.7,0,1
10954,16.93,Windy,Medium,Morning,Car,18,23.0,60.7,1,1
11391,17.04,Rainy,Medium,Evening,Scooter,12,24.0,63.0,1,1
2340,0.41,Windy,Low,Morning,Scooter,14,0.0,24.6,1,0
3208,3.42,Rainy,Low,Afternoon,Bike,23,1.0,45.8,0,1
3564,1.33,Windy,Medium,Evening,Bike,20,0.0,39.3,1,0
9049,14.14,Rainy,Medium,Night,Bike,16,7.0,61.1,0,1
8408,14.39,Clear,Medium,Evening,Bike,5,6.0,54.8,1,1
10920,18.53,Foggy,Low,Evening,Bike,21,25.0,67.6,1,1
7332,10.52,Foggy,Low,Evening,Car,27,6.0,53.4,1,1
8494,13.07,Clear,Low,Afternoon,Scooter,20,9.0,46.9,0,1
9867,14.26,Clear,Medium,Evening,Bike,27,6.0,71.7,1,2
11765,17.12,Clear,Low,Afternoon,Bike,23,12.0,59.2,0,1
72,4.37,Clear,Medium,Evening,Scooter,6,7.0,25.0,1,0
10317,19.27,Windy,Medium,Evening,Bike,10,10.0,69.8,1,1
421,15.94,Clear,Low,Evening,Bike,24,2.0,77.0,1,2
10133,16.98,Foggy,Medium,Afternoon,Scooter,16,12.0,60.7,0,1
2714,1.65,Windy,Medium,Afternoon,Bike,22,1.0,38.0,0,0
5201,6.93,Foggy,High,Evening,Bike,13,1.0,50.8,1,1
5264,4.16,Clear,Medium,Evening,Bike,25,3.0,53.9,1,1
10200,17.44,Clear,Medium,Evening,Car,30,10.0,72.8,1,2
4089,6.38,Foggy,Medium,Morning,Scooter,16,1.0,46.0,1,1
10000,15.93,Windy,Medium,Morning,Car,15,7.0,61.2,1,1
3440,3.5,Windy,High,Evening,Car,15,1.0,45.7,1,1
5848,6.85,Foggy,Medium,Morning,Scooter,11,3.0,41.4,1,1
3035,1.33,Clear,High,Afternoon,Scooter,22,0.0,39.9,0,0
6818,11.27,Rainy,High,Evening,Scooter,15,6.0,59.1,1,1
7673,9.35,Clear,Low,Morning,Bike,15,5.0,41.4,1,1
2783,0.34,Clear,Medium,Night,Scooter,25,1.0,36.2,0,0
4227,6.31,Foggy,Medium,Morning,Scooter,21,1.0,53.5,1,1
33,1.77,Clear,Medium,Evening,Bike,14,9.0,22.0,1,0
7911,8.58,Windy,High,Afternoon,Bike,16,5.0,52.0,0,1
5390,4.06,Clear,High,Afternoon,Car,8,3.0,20.8,0,0
7107,9.8,Clear,Low,Afternoon,Scooter,19,5.0,40.8,0,1
9113,13.48,Rainy,Medium,Morning,Bike,14,9.0,60.0,1,1
7261,10.99,Rainy,Medium,Morning,Bike,10,5.0,50.7,1,1
3674,3.13,Clear,Low,Morning,Scooter,14,0.0,28.5,1,0
6729,11.51,Rainy,High,Evening,Bike,9,3.0,62.4,1,1
4759,7.56,Rainy,Medium,Evening,Scooter,28,3.0,63.8,1,1
776,3.42,Clear,Medium,Night,Car,11,9.0,24.0,0,0
9302,15.07,Rainy,Medium,Afternoon,Scooter,9,7.0,54.4,0,1
11590,19.24,Clear,Low,Morning,Scooter,12,17.0,55.4,1,1
10283,17.39,Clear,High,Morning,Scooter,24,14.0,81.0,1,2
10348,19.26,Clear,Low,Evening,Scooter,14,14.0,49.0,1,1
3863,2.09,Windy,High,Evening,Bike,24,0.0,50.5,1,1
10711,16.58,Foggy,Low,Morning,Bike,25,22.0,67.2,1,1
3161,0.41,Clear,Medium,Morning,Bike,16,0.0,35.4,1,0
2254,3.49,Clear,Medium,Morning,Scooter,18,1.0,27.1,1,0
11066,17.56,Rainy,Low,Evening,Bike,14,29.0,65.4,1,1
5106,4.77,Rainy,Low,Evening,Scooter,18,2.0,39.4,1,0
2377,3.01,Windy,Low,Afternoon,Scooter,20,0.0,33.7,0,0
7660,8.67,Foggy,Low,Afternoon,Scooter,28,4.0,53.2,0,1
10592,19.24,Clear,Medium,Afternoon,Bike,22,17.0,72.0,0,2
5804,7.63,Clear,Low,Evening,Bike,12,2.0,30.6,1,0
10010,16.98,Rainy,Medium,Evening,Bike,30,20.0,82.5,1,2
3788,1.85,Rainy,Medium,Evening,Bike,31,1.0,63.6,1,1
11723,18.17,Clear,Medium,Morning,Bike,17,15.0,71.3,1,2
11652,18.73,Foggy,Medium,Afternoon,Bike,32,15.0,85.8,0,2
9489,15.29,Clear,Low,Morning,Car,33,8.0,62.9,1,1
2969,3.78,Rainy,Low,Morning,Bike,15,1.0,41.1,1,1
5437,4.7,Clear,Medium,Morning,Car,14,1.0,38.2,1,0
3265,3.84,Rainy,Medium,Evening,Bike,29,1.0,52.3,1,1
10673,16.61,Windy,Medium,Evening,Car,25,23.0,71.2,1,2
2106,0.8,Foggy,Medium,Evening,Bike,28,0.0,48.8,1,1
384,17.61,Clear,Medium,Morning,Scooter,19,3.0,80.0,1,2
4804,4.1,Rainy,Medium,Night,Scooter,25,1.0,44.6,0,1
8206,12.59,Rainy,Low,Morning,Bike,21,8.0,59.3,1,1
8985,12.83,Clear,Low,Afternoon,Bike,23,8.0,46.6,0,1
3030,1.14,Clear,High,Afternoon,Scooter,14,0.0,31.5,0,0
2122,0.26,Rainy,Medium,Evening,Car,17,0.0,33.0,1,0
6102,11.18,Rainy,Medium,Evening,Bike,29,3.0,82.5,1,2
9750,13.89,Snowy,Low,Night,Car,18,6.0,54.4,0,1
4256,7.51,Rainy,High,Afternoon,Bike,10,2.0,50.6,0,1
6097,10.86,Rainy,Low,Afternoon,Bike,16,6.0,51.5,0,1
8431,12.85,Clear,Low,Afternoon,Bike,14,8.0,44.4,0,1
8422,13.76,Rainy,Low,Night,Car,25,8.0,57.3,0,1
11059,16.1,Clear,Medium,Morning,Bike,17,12.0,57.0,1,1
3772,0.32,Foggy,Low,Evening,Bike,19,1.0,30.4,1,0
6939,10.43,Rainy,Low,Afternoon,Bike,24,4.0,55.2,0,1
8646,14.44,Clear,Medium,Afternoon,Bike,24,9.0,59.7,0,1
6112,10.59,Snowy,Low,Morning,Scooter,19,5.0,58.6,1,1
4850,4.04,Clear,Low,Evening,Bike,8,3.0,25.6,1,0
3175,0.6,Rainy,Low,Morning,Scooter,12,0.0,26.6,1,0
2893,0.87,Clear,High,Morning,Bike,13,1.0,41.1,1,1
8490,12.5,Windy,Medium,Morning,Car,21,9.0,58.6,1,1
4173,6.22,Rainy,Medium,Afternoon,Bike,15,2.0,45.3,0,1
8034,15.25,Clear,Medium,Afternoon,Car,11,6.0,54.7,0,1
10602,17.0,Clear,Medium,Afternoon,Bike,21,25.0,59.9,0,1
4060,4.44,Clear,Low,Afternoon,Bike,12,1.0,26.6,0,0
4128,7.29,Clear,Low,Morning,Bike,14,1.0,36.8,1,0
4552,6.52,Rainy,Medium,Evening,Bike,15,2.0,50.7,1,1
4770,7.55,Windy,Medium,Afternoon,Bike,13,2.0,40.8,0,1
10069,16.18,Clear,High,Afternoon,Bike,26,18.0,68.4,0,1
608,7.6,Foggy,Low,Morning,Bike,16,4.0,48.0,1,1
3716,3.7,Foggy,High,Evening,Bike,17,1.0,53.1,1,1
9123,15.97,Windy,Low,Afternoon,Bike,17,8.0,52.7,0,1
5389,6.23,Clear,Low,Evening,Scooter,17,1.0,37.0,1,0
5073,5.03,Snowy,Low,Evening,Scooter,17,3.0,44.3,1,1
9110,15.53,Clear,Low,Evening,Bike,26,10.0,64.0,1,1
11145,19.15,Clear,Low,Afternoon,Bike,18,30.0,60.6,0,1
812,16.86,Snowy,Medium,Afternoon,Car,13,4.0,88.0,0,2
3837,2.94,Clear,Low,Evening,Bike,11,0.0,28.7,1,0
337,17.18,Clear,Medium,Night,Scooter,13,1.0,62.0,0,1
7312,11.23,Clear,High,Afternoon,Scooter,34,6.0,70.8,0,2
8892,12.2,Clear,Medium,Morning,Bike,12,9.0,47.0,1,1
11333,19.44,Clear,Low,Evening,Scooter,16,24.0,64.2,1,1
5525,7.03,Rainy,Medium,Night,Bike,26,2.0,57.9,0,1
8546,15.65,Snowy,Low,Evening,Bike,19,9.0,68.1,1,1
10093,17.95,Clear,Medium,Evening,Bike,23,19.0,76.7,1,2
6093,9.74,Snowy,High,Afternoon,Scooter,28,3.0,67.8,0,1
11649,19.45,Clear,Low,Morning,Scooter,20,26.0,57.9,1,1
7702,10.76,Clear,High,Morning,Car,25,4.0,63.8,1,1
5174,4.16,Windy,Low,Evening,Car,19,3.0,34.7,1,0
5266,7.79,Clear,Low,Morning,Scooter,26,2.0,49.7,1,1
5876,7.94,Clear,Medium,Afternoon,Scooter,14,3.0,35.4,0,0
225,5.67,Clear,Low,Morning,Scooter,11,9.0,27.0,1,0
9445,15.66,Clear,High,Morning,Scooter,19,8.0,68.4,1,1
484,12.74,Clear,Low,Night,Scooter,18,0.0,67.0,0,1
6471,8.64,Windy,Medium,Morning,Scooter,10,4.0,39.6,1,0
3632,1.46,Snowy,Low,Morning,Bike,16,1.0,38.2,1,0
9761,13.04,Clear,Low,Morning,Car,19,8.0,52.0,1,1
11975,16.38,Rainy,Medium,Morning,Car,28,29.0,77.1,1,2
10833,19.01,Clear,High,Morning,Scooter,8,16.0,66.9,1,1
4395,7.68,Rainy,Medium,Afternoon,Car,11,1.0,39.5,0,0
11903,17.16,Foggy,High,Morning,Scooter,21,25.0,75.4,1,2
3912,0.72,Clear,High,Afternoon,Scooter,28,1.0,45.5,0,1
11271,16.76,Clear,Medium,Afternoon,Scooter,10,13.0,52.2,0,1
10118,18.16,Clear,Medium,Afternoon,Car,29,17.0,76.1,0,2
8882,13.65,Rainy,Medium,Morning,Car,20,6.0,63.8,1,1
9896,12.08,Rainy,High,Evening,Bike,20,6.0,72.4,1,2
583,10.11,Rainy,Unknown,Afternoon,Scooter,23,2.0,63.0,0,1
2751,2.12,Clear,Medium,Evening,Bike,10,1.0,34.2,1,0
11677,16.17,Rainy,Low,Evening,Bike,24,30.0,70.8,1,2
5459,4.27,Clear,Low,Morning,Bike,28,2.0,44.5,1,1
28,10.53,Foggy,High,Evening,Bike,25,8.0,72.0,1,2
831,4.88,Windy,Medium,Afternoon,Scooter,26,7.0,48.0,0,1
9380,14.31,Clear,Low,Afternoon,Bike,15,10.0,46.6,0,1
9076,12.27,Clear,Low,Morning,Car,11,10.0,34.4,1,0
10218,16.75,Rainy,Medium,Evening,Bike,10,21.0,65.4,1,1
9767,12.18,Foggy,Medium,Morning,Car,31,6.0,69.0,1,1
5987,7.41,Clear,Medium,Afternoon,Scooter,15,2.0,40.7,0,1
10524,16.92,Clear,Medium,Evening,Bike,17,18.0,70.2,1,2
5347,4.44,Foggy,High,Morning,Bike,16,2.0,47.7,1,1
6735,11.36,Windy,Low,Morning,Car,34,6.0,66.5,1,1
11933,18.08,Rainy,Medium,Afternoon,Bike,9,22.0,62.7,0,1
9323,15.72,Clear,High,Afternoon,Scooter,25,9.0,67.2,0,1
6646,8.11,Windy,High,Night,Car,14,5.0,50.6,0,1
6049,11.94,Clear,Low,Morning,Bike,29,6.0,66.8,1,1
2948,3.87,Snowy,High,Afternoon,Bike,19,1.0,60.3,0,1
7781,11.44,Windy,Medium,Afternoon,Car,15,3.0,49.1,0,1
7872,9.8,Clear,High,Morning,Scooter,13,3.0,47.2,1,1
23,6.2,Windy,High,Evening,Scooter,7,3.0,42.0,1,1
10230,17.87,Rainy,Low,Morning,Bike,9,19.0,60.5,1,1
3111,2.43,Clear,Medium,Morning,Car,8,0.0,27.8,1,0
4077,5.39,Windy,Low,Afternoon,Scooter,24,1.0,37.8,0,0
6043,11.9,Clear,Low,Afternoon,Scooter,10,3.0,41.2,0,1
8913,12.75,Rainy,Low,Afternoon,Scooter,12,7.0,45.2,0,1
4373,6.72,Clear,Medium,Evening,Bike,9,1.0,39.3,1,0
2941,2.76,Clear,Low,Afternoon,Scooter,21,1.0,27.5,0,0
9675,12.48,Clear,Low,Morning,Bike,14,6.0,45.5,1,1
6206,10.89,Foggy,Medium,Night,Bike,18,5.0,62.6,0,1
4133,7.6,Windy,Medium,Evening,Bike,21,2.0,55.7,1,1
7412,9.98,Foggy,Low,Night,Bike,15,5.0,49.0,0,1
5367,5.61,Rainy,Low,Night,Scooter,24,1.0,48.8,0,1
11645,16.5,Snowy,Medium,Afternoon,Bike,22,29.0,76.7,0,2
9772,12.12,Clear,Low,Morning,Bike,9,10.0,36.7,1,0
10139,19.09,Foggy,Low,Evening,Bike,21,16.0,68.5,1,1
6814,8.8,Windy,Medium,Morning,Bike,17,3.0,52.1,1,1
10077,17.6,Clear,Low,Afternoon,Scooter,20,10.0,57.3,0,1
6890,8.39,Windy,Low,Morning,Scooter,14,4.0,37.8,1,0
4932,5.18,Clear,Low,Afternoon,Car,13,2.0,23.1,0,0
2385,0.72,Clear,Low,Evening,Car,21,1.0,19.9,1,0
3695,2.04,Rainy,Medium,Evening,Car,11,0.0,30.2,1,0
2712,1.03,Rainy,Low,Evening,Bike,12,0.0,21.5,1,0
9190,12.5,Rainy,Medium,Evening,Scooter,22,10.0,63.7,1,1
2599,0.16,Windy,Medium,Afternoon,Scooter,12,0.0,17.7,0,0
7649,8.38,Clear,Low,Evening,Car,23,6.0,44.3,1,1
11637,16.99,Rainy,Low,Evening,Bike,26,30.0,67.0,1,1
8448,15.8,Clear,Medium,Afternoon,Scooter,14,9.0,46.1,0,1
428,17.81,Windy,High,Evening,Bike,21,4.0,89.0,1,2
7475,10.0,Rainy,Low,Night,Bike,17,4.0,51.0,0,1
9961,13.16,Clear,Low,Morning,Bike,28,7.0,66.2,1,1
9582,15.65,Snowy,High,Evening,Bike,10,9.0,72.7,1,2
4545,7.34,Rainy,Low,Morning,Scooter,15,1.0,44.0,1,1
5223,6.24,Foggy,Low,Morning,Bike,19,3.0,45.2,1,1
7865,11.16,Rainy,Low,Evening,Bike,18,5.0,57.9,1,1
7642,10.63,Foggy,Low,Evening,Car,20,3.0,53.9,1,1
7586,10.35,Windy,Low,Night,Car,11,3.0,36.2,0,0
3427,1.53,Clear,High,Morning,Car,12,0.0,30.1,1,0
9274,15.9,Clear,Low,Morning,Scooter,22,9.0,58.5,1,1
2927,0.61,Clear,Low,Evening,Car,8,1.0,10.0,1,0
7636,11.78,Rainy,High,Afternoon,Scooter,17,6.0,61.8,0,1
5433,4.63,Windy,Medium,Night,Scooter,17,2.0,37.2,0,0
8553,13.55,Snowy,Low,Night,Bike,29,8.0,68.3,0,1
5068,7.54,Clear,High,Morning,Bike,29,2.0,64.8,1,1
10207,18.23,Clear,High,Afternoon,Bike,16,23.0,67.7,0,1
6438,9.08,Clear,Low,Morning,Bike,26,4.0,56.6,1,1
3088,3.78,Foggy,Low,Morning,Scooter,23,1.0,44.4,1,1
10531,19.59,Rainy,High,Afternoon,Bike,14,20.0,74.9,0,2
7026,10.19,Rainy,Low,Evening,Car,11,3.0,42.6,1,1
3624,2.27,Clear,Low,Night,Bike,21,1.0,26.9,0,0
4613,4.14,Rainy,Medium,Evening,Bike,16,1.0,49.0,1,1
3878,2.44,Clear,Medium,Morning,Car,9,1.0,19.8,1,0
11103,17.72,Clear,Low,Afternoon,Scooter,17,29.0,55.3,0,1
7181,10.21,Rainy,Low,Evening,Bike,7,4.0,43.7,1,1
8896,15.2,Clear,Low,Afternoon,Bike,33,8.0,70.7,0,2
11028,19.5,Snowy,Medium,Evening,Bike,16,20.0,76.2,1,2
3421,3.62,Foggy,Low,Night,Bike,22,0.0,38.4,0,0
10329,18.01,Snowy,Medium,Night,Bike,11,27.0,68.6,0,1
11275,16.39,Rainy,Medium,Morning,Scooter,20,23.0,67.1,1,1
5774,7.13,Snowy,Low,Morning,Scooter,21,1.0,52.5,1,1
7634,8.75,Clear,High,Afternoon,Car,25,6.0,52.6,0,1
276,10.28,Clear,Medium,Evening,Scooter,29,3.0,71.0,1,2
8930,13.0,Windy,Medium,Night,Car,20,8.0,55.4,0,1
8708,14.68,Rainy,Low,Evening,Bike,13,8.0,55.0,1,1
8857,13.05,Clear,Medium,Morning,Scooter,19,10.0,50.0,1,1
5759,6.39,Windy,Medium,Morning,Bike,15,1.0,46.6,1,1
9098,14.56,Clear,Low,Evening,Scooter,23,7.0,60.5,1,1
11006,17.5,Foggy,Low,Afternoon,Bike,25,30.0,71.2,0,2
10444,17.24,Clear,Low,Afternoon,Bike,13,29.0,46.4,0,1
7320,9.57,Clear,Medium,Morning,Bike,13,5.0,41.3,1,1
8463,13.94,Foggy,Medium,Morning,Bike,26,7.0,75.2,1,2
5163,5.74,Clear,High,Evening,Bike,21,2.0,59.5,1,1
5203,4.15,Windy,Low,Morning,Bike,28,3.0,45.7,1,1
2730,3.14,Rainy,High,Evening,Bike,26,1.0,59.0,1,1
4049,5.99,Clear,Low,Afternoon,Bike,22,2.0,35.9,0,0
7742,11.63,Rainy,Low,Morning,Scooter,15,6.0,47.0,1,1
4614,4.77,Foggy,Low,Afternoon,Bike,17,1.0,41.6,0,1
3453,3.6,Snowy,Medium,Evening,Scooter,11,1.0,44.2,1,1
10671,19.71,Clear,High,Morning,Bike,21,26.0,70.1,1,2
691,6.81,Clear,Medium,Evening,Bike,23,2.0,47.0,1,1
5670,7.01,Rainy,Low,Morning,Scooter,15,1.0,40.3,1,1
2144,1.99,Rainy,Medium,Afternoon,Car,16,1.0,30.6,0,0
4610,5.41,Clear,High,Morning,Bike,18,2.0,47.4,1,1
10457,20.0,Windy,Low,Afternoon,Bike,28,23.0,75.0,0,2
9431,14.68,Snowy,Medium,Evening,Car,23,8.0,74.8,1,2
6775,11.25,Clear,High,Afternoon,Car,15,4.0,49.4,0,1
11589,16.11,Foggy,Medium,Evening,Scooter,14,13.0,62.7,1,1
9497,13.84,Clear,High,Morning,Bike,25,6.0,72.5,1,2
10088,19.15,Clear,High,Evening,Bike,22,22.0,78.9,1,2
4397,5.47,Clear,Medium,Afternoon,Scooter,12,2.0,30.1,0,0
10515,18.96,Clear,Medium,Evening,Bike,9,13.0,58.8,1,1
9854,14.1,Clear,Medium,Morning,Scooter,6,6.0,43.6,1,1
3082,3.59,Windy,Low,Afternoon,Scooter,25,1.0,36.2,0,0
9437,12.96,Clear,Low,Morning,Bike,12,7.0,42.8,1,1
4396,5.3,Windy,Medium,Morning,Scooter,29,3.0,45.8,1,1
11549,19.42,Rainy,Low,Morning,Bike,31,24.0,81.1,1,2
2748,2.44,Clear,High,Morning,Car,14,1.0,36.3,1,0
11898,19.06,Foggy,Low,Afternoon,Car,20,21.0,61.2,0,1
7842,11.71,Clear,Low,Afternoon,Scooter,18,3.0,46.1,0,1
4603,5.07,Clear,High,Evening,Scooter,33,1.0,63.5,1,1
4151,6.4,Rainy,Medium,Afternoon,Scooter,22,3.0,52.6,0,1
10153,16.74,Rainy,Medium,Night,Scooter,26,12.0,72.6,0,2
4647,7.77,Foggy,Medium,Afternoon,Bike,13,1.0,48.0,0,1
2793,3.82,Clear,Low,Afternoon,Scooter,18,1.0,28.0,0,0
3777,3.08,Foggy,Medium,Morning,Bike,12,1.0,34.9,1,0
4090,7.84,Clear,Low,Afternoon,Bike,14,3.0,38.0,0,0
8762,15.89,Rainy,Low,Night,Bike,7,9.0,50.9,0,1
5988,4.21,Clear,High,Morning,Bike,12,3.0,42.7,1,1
8991,12.73,Clear,Low,Evening,Scooter,31,7.0,58.7,1,1
2898,0.57,Clear,Low,Evening,Bike,26,0.0,37.7,1,0
7720,8.66,Clear,Low,Afternoon,Bike,8,4.0,26.5,0,0
11839,17.5,Snowy,Low,Afternoon,Scooter,29,23.0,78.5,0,2
8631,15.62,Rainy,Medium,Morning,Car,17,7.0,63.2,1,1
7415,11.95,Foggy,Medium,Afternoon,Bike,22,5.0,59.9,0,1
2421,1.24,Rainy,Medium,Evening,Bike,26,1.0,50.8,1,1
2866,0.38,Windy,Medium,Morning,Bike,14,0.0,35.0,1,0
2675,0.38,Rainy,High,Evening,Bike,10,0.0,34.5,1,0
3591,3.62,Clear,Low,Evening,Car,17,1.0,24.9,1,0
3482,0.28,Clear,Low,Afternoon,Bike,24,1.0,27.9,0,0
3351,1.41,Foggy,Medium,Morning,Car,17,1.0,34.2,1,0
2956,0.54,Snowy,High,Afternoon,Bike,26,1.0,53.5,0,1
5194,5.81,Foggy,Medium,Evening,Bike,28,2.0,62.4,1,1
7774,9.95,Rainy,Medium,Morning,Car,12,5.0,50.7,1,1
9616,15.09,Snowy,Low,Morning,Bike,6,6.0,60.2,1,1
8742,14.79,Clear,Low,Afternoon,Bike,13,7.0,48.1,0,1
6203,10.74,Clear,High,Evening,Bike,29,4.0,75.8,1,2
9548,15.15,Clear,Low,Morning,Car,15,7.0,43.8,1,1
4756,6.94,Foggy,High,Evening,Car,18,3.0,53.6,1,1
5171,5.74,Windy,High,Evening,Car,9,3.0,37.9,1,0
6929,9.63,Foggy,Low,Morning,Bike,8,5.0,37.5,1,0
7112,8.75,Rainy,Medium,Evening,Bike,18,3.0,55.1,1,1
3856,1.88,Windy,Medium,Afternoon,Bike,24,0.0,39.0,0,0
6433,10.48,Snowy,High,Evening,Bike,27,3.0,83.5,1,2
3961,2.89,Rainy,Low,Morning,Car,24,0.0,40.1,1,1
6133,9.93,Clear,High,Afternoon,Bike,27,3.0,64.8,0,1
6859,8.4,Clear,Medium,Evening,Bike,34,3.0,66.3,1,1
6416,10.57,Foggy,Low,Evening,Scooter,12,5.0,43.5,1,1
8284,14.13,Clear,Low,Afternoon,Bike,13,10.0,44.9,0,1
3534,2.76,Foggy,Low,Evening,Scooter,12,1.0,25.2,1,0
11249,18.2,Rainy,Low,Afternoon,Car,17,20.0,56.3,0,1
2789,1.32,Foggy,Medium,Night,Car,27,1.0,39.0,0,0
510,14.65,Snowy,High,Morning,Car,19,3.0,89.0,1,2
232,10.3,Clear,Low,Evening,Scooter,19,8.0,48.0,1,1
7575,9.17,Clear,Low,Evening,Scooter,31,4.0,54.4,1,1
3449,2.81,Rainy,Low,Afternoon,Bike,14,0.0,30.4,0,0
4145,7.82,Clear,Medium,Afternoon,Scooter,15,3.0,37.7,0,0
9138,12.14,Clear,Medium,Morning,Car,24,6.0,57.9,1,1
7248,9.75,Clear,Medium,Afternoon,Car,25,5.0,46.1,0,1
2704,0.35,Snowy,Low,Evening,Bike,22,1.0,42.9,1,1
8485,12.74,Windy,High,Morning,Car,11,9.0,50.9,1,1
4863,5.38,Clear,Medium,Afternoon,Scooter,20,3.0,38.1,0,0
24,7.64,Windy,Low,Afternoon,Car,10,8.0,31.0,0,0
6306,11.85,Clear,Low,Morning,Scooter,27,6.0,58.5,1,1
3804,1.55,Rainy,Low,Morning,Bike,20,1.0,39.2,1,0
11519,17.87,Clear,High,Morning,Bike,25,21.0,75.5,1,2
10123,19.19,Foggy,Low,Morning,Scooter,17,19.0,61.1,1,1
10488,16.56,Clear,Medium,Afternoon,Bike,16,14.0,59.0,0,1
9247,14.88,Snowy,Medium,Morning,Bike,29,9.0,78.5,1,2
11195,17.8,Rainy,High,Afternoon,Bike,13,26.0,71.1,0,2
823,7.0,Rainy,Medium,Evening,Bike,17,9.0,49.0,1,1
3219,0.5,Rainy,Low,Afternoon,Car,13,1.0,16.6,0,0
9527,13.31,Foggy,High,Evening,Scooter,10,8.0,58.3,1,1
5708,5.89,Rainy,Low,Morning,Bike,27,1.0,54.2,1,1
2527,2.79,Windy,High,Afternoon,Scooter,26,0.0,45.2,0,1
9128,12.31,Clear,Low,Morning,Car,21,9.0,48.7,1,1
2095,3.53,Clear,High,Morning,Bike,16,1.0,49.0,1,1
3229,3.23,Windy,Low,Morning,Bike,16,0.0,35.9,1,0
9923,12.68,Snowy,High,Afternoon,Scooter,16,8.0,62.5,0,1
10164,17.9,Clear,Low,Night,Car,19,24.0,50.0,0,1
10474,18.88,Clear,Low,Morning,Bike,13,17.0,56.9,1,1
6147,8.48,Clear,Medium,Morning,Scooter,16,6.0,46.0,1,1
8520,15.33,Clear,Low,Evening,Scooter,13,9.0,51.3,1,1
3314,3.83,Clear,Medium,Morning,Scooter,14,1.0,33.1,1,0
3997,2.45,Clear,Medium,Evening,Car,19,0.0,33.5,1,0
6124,8.37,Clear,Low,Night,Bike,21,6.0,40.3,0,1
4171,7.14,Clear,Low,Night,Scooter,17,2.0,31.7,0,0
3600,0.14,Clear,Medium,Afternoon,Car,22,1.0,29.0,0,0
7379,11.36,Clear,Medium,Evening,Bike,26,4.0,63.4,1,1
5096,4.45,Clear,Low,Afternoon,Bike,16,3.0,31.8,0,0
175,13.08,Rainy,Low,Morning,Car,16,4.0,58.0,1,1
10175,16.23,Clear,Medium,Morning,Scooter,17,20.0,63.0,1,1
4084,4.55,Clear,Low,Morning,Car,26,1.0,35.9,1,0
6188,10.93,Clear,Low,Afternoon,Bike,27,3.0,54.0,0,1
5576,4.92,Clear,High,Afternoon,Car,29,1.0,54.4,0,1
10315,19.88,Clear,Medium,Night,Scooter,27,14.0,75.3,0,2
9940,13.86,Rainy,Low,Evening,Bike,26,8.0,67.1,1,1
9726,15.78,Clear,Low,Evening,Scooter,18,10.0,50.6,1,1
314,19.27,Foggy,Medium,Morning,Car,29,9.0,85.0,1,2
8404,13.29,Rainy,Low,Evening,Bike,21,6.0,60.6,1,1
6106,10.96,Clear,Medium,Evening,Car,24,4.0,55.5,1,1
7100,9.75,Snowy,Medium,Afternoon,Scooter,28,4.0,65.3,0,1
6579,9.01,Rainy,Medium,Morning,Bike,20,6.0,53.2,1,1
2398,2.06,Clear,Medium,Night,Bike,10,1.0,20.1,0,0
888,5.14,Clear,Medium,Evening,Scooter,23,7.0,43.0,1,1
11713,16.27,Snowy,Low,Afternoon,Bike,13,28.0,59.7,0,1
11288,18.77,Rainy,Low,Afternoon,Scooter,22,13.0,64.0,0,1
3244,3.44,Clear,Low,Evening,Bike,27,1.0,42.7,1,1
9997,15.09,Clear,Low,Morning,Bike,17,9.0,53.3,1,1
4066,7.4,Windy,Low,Evening,Bike,18,3.0,44.5,1,1
9661,14.7,Clear,Medium,Afternoon,Bike,16,6.0,53.1,0,1
238,0.97,Clear,Low,Night,Scooter,24,8.0,26.0,0,0
9389,15.3,Clear,Low,Night,Bike,17,7.0,55.1,0,1
10550,19.46,Rainy,Low,Night,Bike,19,15.0,68.8,0,1
4893,5.11,Rainy,Medium,Evening,Bike,14,3.0,42.9,1,1
3606,2.23,Clear,Medium,Afternoon,Scooter,20,1.0,31.1,0,0
6538,9.62,Snowy,High,Evening,Car,15,4.0,58.4,1,1
10085,18.6,Clear,High,Night,Scooter,15,27.0,59.1,0,1
2705,2.7,Clear,Medium,Afternoon,Bike,10,1.0,27.7,0,0
308,6.8,Foggy,Medium,Morning,Scooter,13,7.0,46.0,1,1
11674,19.14,Rainy,Medium,Afternoon,Scooter,15,30.0,67.4,0,1
4043,5.97,Rainy,High,Morning,Car,27,2.0,64.1,1,1
4976,7.21,Snowy,Medium,Afternoon,Bike,23,2.0,63.3,0,1
8262,12.26,Clear,High,Afternoon,Bike,16,9.0,55.5,0,1
9269,13.24,Windy,Low,Night,Car,23,9.0,49.8,0,1
6707,9.62,Clear,Medium,Morning,Bike,6,5.0,47.7,1,1
3502,2.71,Windy,Low,Evening,Car,11,1.0,26.4,1,0
8780,12.17,Foggy,Medium,Morning,Bike,24,9.0,59.5,1,1
11481,16.82,Windy,Low,Morning,Car,26,14.0,59.9,1,1
9765,14.2,Rainy,Medium,Afternoon,Bike,26,9.0,71.9,0,2
2883,0.15,Windy,Low,Afternoon,Bike,15,1.0,24.6,0,0
3451,1.09,Foggy,High,Morning,Scooter,9,0.0,32.8,1,0
11807,18.95,Rainy,Medium,Morning,Bike,21,30.0,79.3,1,2
6501,9.48,Clear,Medium,Afternoon,Scooter,32,3.0,58.1,0,1
251,6.24,Snowy,Low,Afternoon,Bike,20,4.0,51.0,0,1
5274,7.65,Foggy,Medium,Afternoon,Bike,24,2.0,62.3,0,1
10371,18.02,Clear,Low,Afternoon,Bike,22,30.0,64.2,0,1
4418,7.42,Rainy,Medium,Morning,Scooter,19,2.0,48.1,1,1
5481,7.53,Clear,Medium,Morning,Bike,15,1.0,46.5,1,1
9167,13.26,Foggy,Medium,Evening,Scooter,20,10.0,53.2,1,1
10817,18.2,Snowy,Low,Morning,Scooter,9,20.0,57.3,1,1
7238,10.21,Clear,Low,Morning,Car,7,5.0,32.4,1,0
3218,1.29,Rainy,Medium,Afternoon,Scooter,30,0.0,51.0,0,1
4551,5.77,Rainy,Low,Afternoon,Scooter,19,1.0,46.1,0,1
5571,4.14,Foggy,Medium,Night,Car,5,2.0,20.5,0,0
9412,15.01,Foggy,High,Morning,Bike,25,6.0,85.7,1,2
3712,2.26,Clear,Medium,Afternoon,Bike,24,1.0,39.3,0,0
6018,8.48,Clear,Medium,Morning,Bike,17,6.0,49.1,1,1
2092,1.01,Foggy,Medium,Afternoon,Scooter,17,0.0,33.3,0,0
11229,18.95,Foggy,Low,Afternoon,Bike,12,28.0,59.5,0,1
4124,7.68,Clear,High,Morning,Car,9,3.0,36.2,1,0
10014,17.06,Clear,Medium,Evening,Scooter,19,11.0,61.8,1,1
894,8.25,Clear,Medium,Afternoon,Bike,7,9.0,28.0,0,0
2938,1.6,Clear,Low,Night,Bike,13,1.0,20.2,0,0
265,17.61,Clear,Medium,Evening,Scooter,21,9.0,79.0,1,2
10583,17.71,Rainy,Medium,Morning,Bike,9,12.0,66.4,1,1
3888,2.79,Clear,Medium,Afternoon,Scooter,10,1.0,25.6,0,0
12000,19.75,Clear,Medium,Morning,Scooter,9,22.0,58.5,1,1
551,10.64,Windy,Low,Evening,Car,11,9.0,36.0,1,0
5681,5.31,Foggy,Medium,Night,Car,18,2.0,40.1,0,1
8144,14.35,Rainy,High,Evening,Scooter,24,10.0,74.0,1,2
6275,9.93,Clear,Low,Evening,Bike,12,5.0,40.9,1,1
4877,7.15,Clear,High,Morning,Scooter,13,3.0,51.8,1,1
10905,18.65,Windy,Medium,Afternoon,Scooter,12,24.0,57.2,0,1
26,15.81,Clear,Low,Unknown,Car,25,1.0,89.0,0,2
7676,9.91,Windy,Medium,Evening,Bike,24,6.0,60.2,1,1
10047,16.96,Foggy,Medium,Afternoon,Bike,20,18.0,66.3,0,1
3307,2.83,Rainy,Medium,Afternoon,Scooter,29,0.0,54.5,0,1
925,8.79,Snowy,Low,Night,Bike,14,6.0,43.0,0,1
2043,2.02,Foggy,Low,Night,Bike,16,1.0,28.6,0,0
9227,15.98,Clear,Low,Morning,Bike,24,9.0,63.5,1,1
3272,2.43,Clear,Medium,Night,Scooter,11,0.0,24.0,0,0
9589,14.48,Rainy,Low,Evening,Car,24,8.0,62.8,1,1
2514,0.21,Clear,Low,Morning,Car,16,0.0,20.0,1,0
6955,10.04,Clear,Low,Evening,Bike,10,3.0,36.1,1,0
4185,6.42,Rainy,Low,Night,Bike,23,2.0,51.7,0,1
5381,4.5,Clear,Medium,Afternoon,Bike,15,2.0,37.6,0,0
4992,6.3,Snowy,Low,Morning,Bike,11,3.0,40.3,1,1
10623,18.69,Clear,Medium,Evening,Bike,17,29.0,66.2,1,1
9793,14.41,Clear,Medium,Morning,Bike,11,9.0,51.1,1,1
7290,9.03,Rainy,Low,Afternoon,Bike,12,6.0,44.0,0,1
11545,18.64,Rainy,Medium,Night,Bike,10,29.0,65.2,0,1
10800,18.16,Clear,Medium,Night,Bike,10,17.0,57.6,0,1
9066,12.62,Snowy,Medium,Evening,Car,23,9.0,62.8,1,1
9046,12.24,Windy,High,Evening,Bike,19,9.0,67.7,1,1
5588,7.73,Clear,Low,Evening,Scooter,22,2.0,40.0,1,0
3308,0.33,Rainy,High,Morning,Bike,11,0.0,38.4,1,0
7981,11.86,Rainy,Medium,Afternoon,Scooter,10,5.0,45.5,0,1
10796,19.03,Rainy,High,Morning,Scooter,20,30.0,84.7,1,2
5906,5.58,Rainy,High,Morning,Scooter,27,2.0,64.7,1,1
126,8.83,Unknown,Medium,Evening,Scooter,12,3.0,89.0,1,2
7167,9.07,Clear,Medium,Afternoon,Scooter,13,5.0,37.9,0,0
10924,18.63,Clear,Medium,Morning,Scooter,22,12.0,71.3,1,2
4025,4.71,Clear,Low,Afternoon,Bike,23,3.0,34.4,0,0
7941,9.16,Rainy,Low,Afternoon,Scooter,23,4.0,45.1,0,1
5846,4.51,Rainy,Medium,Evening,Scooter,33,3.0,62.6,1,1
8215,14.43,Clear,Low,Evening,Scooter,23,10.0,54.4,1,1
9691,14.09,Clear,Medium,Morning,Bike,14,10.0,56.1,1,1
4760,5.31,Rainy,Low,Evening,Car,18,2.0,35.4,1,0
7647,10.91,Rainy,Low,Afternoon,Bike,21,5.0,51.0,0,1
11630,19.13,Rainy,Low,Afternoon,Scooter,30,29.0,79.7,0,2
9339,14.21,Clear,Low,Evening,Scooter,18,8.0,53.1,1,1
10538,18.17,Windy,High,Night,Car,16,27.0,68.0,0,1
2078,2.06,Rainy,Medium,Afternoon,Car,21,0.0,36.7,0,0
2008,2.36,Foggy,High,Evening,Scooter,31,0.0,64.8,1,1
5984,4.98,Clear,Low,Night,Car,18,3.0,26.4,0,0
4264,7.03,Clear,Medium,Afternoon,Scooter,16,3.0,43.5,0,1
3439,0.48,Windy,Low,Morning,Scooter,12,0.0,24.1,1,0
5137,7.55,Snowy,Medium,Afternoon,Bike,29,3.0,60.6,0,1
10504,17.47,Rainy,Medium,Afternoon,Car,11,25.0,55.3,0,1
9363,13.51,Snowy,Medium,Night,Scooter,27,7.0,69.9,0,1
10611,18.95,Clear,Low,Morning,Scooter,19,20.0,63.0,1,1
610,13.96,Rainy,Low,Night,Bike,5,1.0,42.0,0,1
2565,1.63,Rainy,Low,Afternoon,Bike,15,1.0,33.5,0,0
11610,17.41,Clear,Medium,Morning,Bike,22,21.0,69.8,1,1
4194,7.04,Clear,Medium,Morning,Bike,24,3.0,53.9,1,1
2995,0.82,Windy,High,Evening,Bike,16,0.0,43.9,1,1
4179,7.84,Clear,Medium,Morning,Bike,22,3.0,55.6,1,1
5089,5.84,Rainy,High,Afternoon,Car,16,2.0,50.3,0,1
11681,18.25,Rainy,Medium,Morning,Car,18,22.0,69.0,1,1
7213,8.43,Windy,Low,Evening,Scooter,26,6.0,50.7,1,1
5865,7.04,Windy,Medium,Night,Scooter,30,2.0,57.8,0,1
4212,5.35,Clear,Medium,Afternoon,Car,32,2.0,45.8,0,1
10116,16.14,Windy,Medium,Morning,Bike,21,21.0,68.9,1,1
4121,5.63,Clear,Medium,Evening,Bike,15,1.0,45.9,1,1
11847,18.89,Snowy,High,Evening,Car,26,29.0,86.4,1,2
7799,11.13,Rainy,Medium,Morning,Bike,25,6.0,68.2,1,1
11666,18.35,Foggy,Medium,Afternoon,Bike,12,11.0,68.1,0,1
991,16.09,Snowy,Low,Morning,Car,13,6.0,69.0,1,1
7128,11.12,Clear,Medium,Evening,Bike,15,4.0,51.3,1,1
11704,19.23,Clear,Medium,Evening,Scooter,11,23.0,57.4,1,1
4998,7.44,Clear,Medium,Afternoon,Bike,12,1.0,42.0,0,1
10662,19.88,Clear,Medium,Afternoon,Scooter,19,26.0,64.6,0,1
10176,16.9,Snowy,Medium,Morning,Bike,6,24.0,71.1,1,2
11339,16.71,Rainy,High,Morning,Bike,22,18.0,82.6,1,2
2012,2.23,Windy,Low,Afternoon,Bike,28,0.0,41.9,0,1
10977,16.13,Clear,Medium,Afternoon,Bike,25,23.0,66.9,0,1
6108,8.7,Foggy,Medium,Evening,Bike,9,4.0,44.6,1,1
2526,1.54,Clear,Low,Afternoon,Scooter,16,0.0,21.3,0,0
10183,16.18,Rainy,Low,Morning,Bike,15,14.0,60.9,1,1
7178,11.16,Clear,Medium,Morning,Scooter,17,6.0,47.4,1,1
7699,9.49,Snowy,Low,Afternoon,Scooter,27,5.0,57.1,0,1
5443,4.45,Clear,Medium,Night,Scooter,16,3.0,34.0,0,0
7991,11.98,Clear,Medium,Afternoon,Bike,13,5.0,53.8,0,1
2887,3.99,Clear,Low,Evening,Car,18,0.0,33.2,1,0
11265,18.83,Clear,Medium,Evening,Scooter,14,28.0,59.8,1,1
11190,16.03,Rainy,Low,Evening,Bike,19,13.0,64.3,1,1
8141,15.35,Clear,Low,Morning,Bike,21,8.0,64.0,1,1
7351,11.02,Windy,Medium,Morning,Scooter,23,3.0,56.0,1,1
3525,0.44,Foggy,High,Afternoon,Car,19,0.0,35.7,0,0
2874,3.27,Clear,Medium,Morning,Bike,26,1.0,47.4,1,1
10858,18.94,Windy,High,Evening,Bike,17,24.0,76.4,1,2
7042,8.32,Clear,High,Morning,Scooter,16,4.0,51.5,1,1
6411,9.75,Clear,Medium,Afternoon,Bike,18,5.0,49.1,0,1
11180,19.86,Clear,Medium,Evening,Scooter,19,20.0,70.6,1,2
9646,14.48,Clear,Medium,Afternoon,Bike,21,8.0,58.5,0,1
8049,12.01,Clear,High,Evening,Bike,17,7.0,55.6,1,1
8961,15.41,Clear,High,Evening,Bike,12,8.0,65.2,1,1
8356,12.01,Rainy,Low,Evening,Bike,18,7.0,54.8,1,1
5657,4.07,Clear,High,Afternoon,Bike,27,2.0,55.5,0,1
4958,5.83,Clear,Low,Morning,Bike,27,1.0,50.3,1,1
3146,2.66,Clear,Low,Morning,Bike,13,1.0,25.6,1,0
5581,5.05,Foggy,Medium,Morning,Scooter,17,3.0,47.0,1,1
7766,10.2,Clear,Medium,Morning,Bike,28,5.0,61.9,1,1
10385,16.36,Clear,Low,Morning,Bike,25,29.0,62.2,1,1
11857,18.81,Rainy,Low,Afternoon,Car,19,16.0,64.1,0,1
728,16.01,Windy,Low,Morning,Car,28,0.0,84.0,1,2
6571,10.69,Clear,High,Afternoon,Scooter,17,4.0,54.0,0,1
6908,8.3,Clear,Medium,Evening,Scooter,23,6.0,52.2,1,1
11418,18.01,Foggy,Medium,Afternoon,Car,15,17.0,60.4,0,1
7142,10.58,Rainy,High,Evening,Scooter,14,4.0,53.3,1,1
6612,11.81,Clear,Medium,Afternoon,Scooter,18,4.0,50.0,0,1
3236,2.75,Clear,Low,Evening,Bike,24,0.0,43.5,1,1
5541,6.94,Snowy,Medium,Night,Car,14,3.0,44.4,0,1
9969,13.53,Clear,Medium,Evening,Bike,15,7.0,59.1,1,1
5946,6.26,Snowy,Low,Morning,Car,15,2.0,43.9,1,1
7113,9.15,Foggy,High,Evening,Bike,21,6.0,63.2,1,1
606,9.49,Rainy,Medium,Morning,Car,23,6.0,53.0,1,1
9127,13.07,Clear,Medium,Afternoon,Bike,20,7.0,55.4,0,1
8255,15.44,Windy,Medium,Afternoon,Scooter,17,6.0,61.5,0,1
8659,15.22,Foggy,Low,Night,Bike,16,10.0,53.7,0,1
8681,13.64,Rainy,Medium,Night,Car,25,7.0,64.2,0,1
6778,11.54,Clear,Medium,Night,Scooter,19,6.0,46.5,0,1
6864,10.46,Foggy,Medium,Afternoon,Bike,17,5.0,56.4,0,1
2488,3.14,Clear,Medium,Morning,Car,12,0.0,31.8,1,0
3855,2.82,Snowy,Medium,Morning,Bike,12,1.0,41.9,1,1
3255,3.93,Clear,Low,Evening,Car,12,1.0,24.7,1,0
3825,2.38,Foggy,Low,Morning,Scooter,34,0.0,52.9,1,1
10387,18.05,Windy,High,Morning,Bike,10,22.0,67.4,1,1
6050,11.36,Foggy,Medium,Morning,Bike,25,5.0,71.0,1,2
7371,8.79,Clear,High,Afternoon,Bike,20,5.0,51.7,0,1
4617,5.89,Clear,Low,Evening,Bike,14,3.0,34.2,1,0
2455,1.22,Clear,Medium,Morning,Car,18,0.0,26.3,1,0
4191,5.49,Clear,Low,Afternoon,Car,13,2.0,23.3,0,0
4751,7.26,Clear,High,Afternoon,Bike,28,3.0,61.0,0,1
2428,3.58,Snowy,Low,Afternoon,Scooter,10,1.0,26.0,0,0
10813,16.15,Rainy,High,Morning,Bike,19,14.0,78.2,1,2
7852,9.16,Snowy,Medium,Morning,Scooter,14,6.0,53.0,1,1
7813,8.35,Rainy,Medium,Evening,Scooter,14,4.0,51.0,1,1
7786,11.05,Foggy,Medium,Afternoon,Car,11,4.0,47.9,0,1
352,17.2,Rainy,High,Afternoon,Scooter,14,2.0,89.0,0,2
3574,3.28,Snowy,High,Morning,Bike,15,0.0,50.8,1,1
8920,13.57,Rainy,Medium,Night,Scooter,19,9.0,54.3,0,1
5079,5.06,Rainy,Low,Evening,Scooter,21,1.0,40.6,1,1
3120,2.43,Snowy,Low,Afternoon,Scooter,30,0.0,44.6,0,1
7445,8.91,Windy,High,Evening,Bike,26,5.0,64.7,1,1
5164,6.07,Foggy,Medium,Afternoon,Bike,33,2.0,61.7,0,1
11808,19.1,Clear,Low,Evening,Car,15,19.0,60.4,1,1
4053,7.81,Clear,Medium,Evening,Scooter,13,2.0,41.9,1,1
5548,4.85,Windy,Medium,Afternoon,Scooter,13,3.0,28.2,0,0
2375,2.62,Clear,Low,Afternoon,Bike,23,0.0,33.2,0,0
9131,15.86,Clear,High,Afternoon,Scooter,19,6.0,65.5,0,1
2531,2.43,Rainy,Low,Evening,Car,18,1.0,33.1,1,0
2744,1.04,Clear,High,Morning,Bike,27,0.0,54.9,1,1
8350,14.93,Rainy,Medium,Morning,Scooter,8,8.0,54.9,1,1
8138,15.29,Clear,Medium,Morning,Bike,23,9.0,65.5,1,1
11504,16.98,Clear,High,Evening,Bike,16,22.0,70.9,1,2
11672,18.27,Windy,Medium,Afternoon,Car,20,16.0,61.9,0,1
2159,2.09,Foggy,Medium,Evening,Scooter,18,1.0,38.9,1,0
3805,1.87,Rainy,Low,Morning,Bike,31,0.0,51.9,1,1
11555,16.91,Clear,Medium,Afternoon,Scooter,18,28.0,54.6,0,1
11472,19.47,Clear,Low,Morning,Bike,12,30.0,60.8,1,1
11095,17.9,Clear,Medium,Afternoon,Bike,19,24.0,67.2,0,1
3971,0.9,Clear,Low,Evening,Scooter,25,0.0,31.4,1,0
5606,4.25,Clear,Low,Morning,Scooter,25,3.0,41.9,1,1
3956,3.86,Windy,Low,Evening,Bike,21,0.0,43.8,1,1
8701,13.96,Clear,Medium,Morning,Car,18,10.0,46.6,1,1
2364,3.63,Clear,Low,Morning,Scooter,13,0.0,22.0,1,0
7343,10.14,Snowy,Low,Morning,Scooter,24,5.0,51.0,1,1
7728,9.46,Clear,Low,Evening,Bike,28,5.0,55.4,1,1
9451,13.38,Clear,Medium,Afternoon,Bike,24,10.0,58.8,0,1
11868,19.95,Foggy,Medium,Morning,Bike,12,12.0,70.8,1,2
11657,18.78,Clear,Low,Afternoon,Scooter,13,22.0,51.7,0,1
11212,16.4,Clear,Medium,Afternoon,Bike,32,17.0,71.8,0,2
9299,15.87,Windy,Medium,Evening,Car,17,7.0,62.1,1,1
11086,19.5,Clear,Medium,Afternoon,Car,20,27.0,59.6,0,1
3268,2.43,Windy,Low,Morning,Car,14,1.0,24.1,1,0
11983,18.12,Windy,Low,Morning,Scooter,30,28.0,70.3,1,2
2456,0.28,Clear,Low,Afternoon,Bike,18,1.0,24.0,0,0
11952,16.18,Windy,Low,Morning,Car,11,26.0,46.8,1,1
9797,12.28,Clear,High,Afternoon,Car,10,7.0,45.9,0,1
4390,7.09,Clear,Low,Afternoon,Bike,21,1.0,35.5,0,0
4150,4.32,Clear,Low,Afternoon,Car,23,1.0,28.5,0,0
7421,11.52,Clear,Low,Evening,Scooter,16,4.0,47.8,1,1
2950,3.66,Clear,Medium,Morning,Scooter,18,0.0,38.9,1,0
5154,7.16,Clear,Low,Afternoon,Scooter,7,3.0,20.3,0,0
2515,2.77,Clear,High,Afternoon,Scooter,10,0.0,31.0,0,0
3528,1.82,Clear,Low,Afternoon,Scooter,23,1.0,23.7,0,0
11912,19.95,Rainy,Low,Evening,Bike,12,23.0,64.8,1,1
6357,10.44,Windy,Medium,Night,Bike,26,6.0,57.7,0,1
9816,13.54,Clear,Low,Morning,Bike,14,7.0,49.9,1,1
11855,17.24,Clear,Medium,Morning,Scooter,28,27.0,73.3,1,2
3051,3.07,Rainy,Medium,Evening,Bike,22,1.0,47.5,1,1
10451,18.63,Windy,Medium,Evening,Bike,17,15.0,71.5,1,2
11673,16.67,Windy,High,Afternoon,Bike,15,26.0,68.1,0,1
977,12.1,Clear,High,Afternoon,Bike,11,0.0,53.0,0,1
7260,10.6,Clear,Medium,Evening,Bike,25,3.0,59.3,1,1
7504,9.44,Rainy,High,Afternoon,Car,16,5.0,55.8,0,1
5293,4.76,Rainy,Low,Afternoon,Bike,26,1.0,52.7,0,1
9067,12.17,Foggy,Medium,Afternoon,Scooter,14,6.0,49.3,0,1
8022,12.05,Snowy,Low,Morning,Scooter,15,10.0,54.8,1,1
5086,4.28,Clear,Low,Evening,Car,13,2.0,21.9,1,0
10307,19.22,Rainy,Low,Night,Scooter,19,25.0,61.9,0,1
9540,12.64,Clear,Low,Morning,Bike,22,10.0,54.2,1,1
5227,6.34,Rainy,Low,Morning,Car,14,2.0,39.9,1,0
9357,12.25,Foggy,Low,Afternoon,Bike,17,8.0,49.1,0,1
9257,12.53,Clear,Low,Evening,Scooter,17,6.0,45.8,1,1
111,6.15,Foggy,Low,Evening,Scooter,26,5.0,48.0,1,1
11432,16.66,Clear,High,Evening,Bike,16,19.0,73.8,1,2
9439,13.14,Clear,Medium,Evening,Bike,27,7.0,64.1,1,1
5707,4.56,Clear,Medium,Morning,Bike,16,1.0,38.5,1,0
6681,10.74,Windy,High,Evening,Bike,17,6.0,60.9,1,1
10142,16.81,Clear,Low,Morning,Scooter,15,18.0,54.6,1,1
2903,2.2,Clear,Low,Morning,Car,17,1.0,20.7,1,0
8699,12.4,Foggy,Low,Morning,Car,9,8.0,42.5,1,1
11141,17.45,Clear,Low,Night,Car,11,17.0,46.8,0,1
10874,16.89,Foggy,Low,Evening,Scooter,8,29.0,52.1,1,1
4510,6.15,Rainy,Low,Afternoon,Bike,9,1.0,33.9,0,0
2897,2.66,Clear,Medium,Evening,Bike,14,0.0,40.0,1,0
3511,2.55,Clear,Medium,Night,Bike,14,1.0,33.4,0,0
9296,15.84,Windy,High,Evening,Scooter,15,10.0,63.0,1,1
10376,18.68,Rainy,Low,Evening,Scooter,20,11.0,71.0,1,2
4295,4.55,Clear,Low,Morning,Bike,19,3.0,40.6,1,1
5912,5.5,Clear,Medium,Night,Bike,15,2.0,32.9,0,0
6344,9.38,Clear,Medium,Night,Scooter,14,4.0,43.1,0,1
11199,19.15,Clear,Low,Evening,Car,15,11.0,54.9,1,1
8552,13.43,Clear,Low,Afternoon,Car,19,9.0,44.5,0,1
7124,8.88,Rainy,High,Afternoon,Bike,15,3.0,61.0,0,1
4732,5.13,Clear,Medium,Afternoon,Scooter,33,2.0,44.0,0,1
6924,9.72,Snowy,Medium,Morning,Bike,31,4.0,77.6,1,2
11306,19.14,Clear,Medium,Night,Bike,34,18.0,80.3,0,2
3884,3.21,Foggy,High,Afternoon,Bike,12,0.0,40.9,0,1
11885,16.51,Clear,Medium,Evening,Scooter,24,20.0,65.3,1,1
11700,18.04,Clear,Low,Morning,Bike,13,17.0,59.8,1,1
10423,19.92,Rainy,Low,Morning,Scooter,17,26.0,60.1,1,1
2126,3.41,Rainy,Medium,Night,Bike,30,0.0,59.4,0,1
8170,15.32,Foggy,High,Afternoon,Bike,19,7.0,69.4,0,1
9455,13.57,Windy,Medium,Afternoon,Scooter,20,7.0,60.5,0,1
3263,1.47,Clear,Low,Morning,Bike,17,0.0,25.5,1,0
8505,13.68,Foggy,Low,Afternoon,Bike,23,9.0,53.7,0,1
8124,15.87,Clear,Medium,Evening,Bike,15,10.0,61.2,1,1
8682,13.97,Snowy,Low,Morning,Scooter,12,10.0,50.1,1,1
5317,5.89,Foggy,Medium,Morning,Car,21,2.0,51.3,1,1
7067,8.17,Rainy,High,Evening,Scooter,23,3.0,61.9,1,1
9998,12.13,Clear,Low,Morning,Scooter,18,9.0,42.5,1,1
5398,5.59,Clear,Medium,Afternoon,Car,24,1.0,39.3,0,0
4012,7.86,Clear,Medium,Evening,Bike,16,1.0,48.7,1,1
3350,3.26,Clear,High,Morning,Bike,21,1.0,43.4,1,1
7333,9.1,Clear,Medium,Night,Bike,29,3.0,56.2,0,1
11228,16.13,Foggy,Medium,Evening,Bike,20,12.0,65.2,1,1
7523,8.47,Clear,Low,Evening,Car,26,3.0,49.7,1,1
2333,3.51,Rainy,Low,Evening,Bike,9,0.0,31.4,1,0
9297,14.82,Rainy,Low,Afternoon,Scooter,13,9.0,52.6,0,1
2644,3.55,Clear,High,Evening,Scooter,13,1.0,40.3,1,1
11337,18.49,Clear,Low,Morning,Scooter,29,29.0,70.0,1,1
5566,6.89,Snowy,Low,Morning,Car,14,2.0,44.7,1,1
4175,7.65,Clear,High,Morning,Bike,11,2.0,45.6,1,1
9243,13.41,Foggy,Medium,Evening,Scooter,8,10.0,49.5,1,1
4,12.17,Snowy,Low,Evening,Bike,20,8.0,68.0,1,1
4529,6.72,Snowy,Low,Morning,Bike,22,1.0,56.4,1,1
4068,4.69,Windy,High,Afternoon,Scooter,16,3.0,49.0,0,1
211,11.2,Clear,Medium,Morning,Bike,23,5.0,73.0,1,2
6914,11.11,Windy,Low,Evening,Scooter,9,4.0,39.6,1,0
9652,15.74,Clear,Low,Afternoon,Scooter,23,10.0,54.7,0,1
7226,11.99,Clear,Medium,Night,Scooter,12,3.0,48.5,0,1
5699,6.68,Clear,Medium,Afternoon,Bike,17,2.0,48.4,0,1
7528,9.43,Clear,High,Evening,Bike,14,3.0,61.0,1,1
4110,5.65,Clear,Medium,Afternoon,Bike,19,2.0,41.3,0,1
3461,3.99,Foggy,Low,Morning,Bike,31,1.0,52.3,1,1
2065,3.11,Rainy,Low,Evening,Scooter,11,1.0,33.0,1,0
4172,6.11,Clear,High,Evening,Bike,17,2.0,52.3,1,1
3860,2.17,Clear,Low,Night,Car,9,1.0,14.1,0,0
8569,15.45,Rainy,High,Morning,Bike,12,9.0,68.6,1,1
6096,9.07,Clear,Medium,Night,Bike,10,4.0,39.3,0,0
7590,10.5,Rainy,High,Morning,Scooter,14,3.0,60.8,1,1
9258,15.64,Windy,Medium,Evening,Bike,21,8.0,69.4,1,1
5414,7.71,Clear,Medium,Evening,Bike,10,1.0,38.0,1,0
3069,3.97,Clear,Low,Morning,Bike,17,0.0,31.7,1,0
11297,16.31,Clear,Medium,Afternoon,Scooter,25,16.0,62.1,0,1
4064,6.51,Clear,Low,Morning,Bike,24,3.0,47.0,1,1
8937,15.63,Windy,Low,Evening,Bike,20,6.0,67.4,1,1
7725,8.93,Foggy,High,Afternoon,Bike,10,6.0,50.4,0,1
7370,9.27,Clear,Medium,Night,Car,15,4.0,46.2,0,1
798,11.52,Unknown,Medium,Morning,Scooter,25,2.0,58.0,1,1
6948,10.04,Foggy,Low,Evening,Bike,16,3.0,50.4,1,1
8900,13.7,Windy,Low,Afternoon,Car,24,6.0,54.2,0,1
10891,17.92,Foggy,Medium,Afternoon,Bike,19,13.0,68.6,0,1
9019,13.82,Clear,Low,Afternoon,Bike,23,6.0,58.7,0,1
9814,14.7,Clear,Low,Evening,Scooter,18,10.0,56.0,1,1
3074,2.87,Windy,Medium,Afternoon,Bike,12,0.0,33.8,0,0
5446,6.18,Clear,Medium,Evening,Bike,17,2.0,47.2,1,1
8638,12.06,Foggy,High,Night,Car,18,8.0,56.5,0,1
3382,1.04,Clear,Medium,Evening,Car,23,1.0,38.6,1,0
3373,1.8,Clear,Medium,Afternoon,Scooter,22,0.0,36.1,0,0
945,4.53,Snowy,Medium,Morning,Scooter,18,4.0,49.0,1,1
9192,13.31,Clear,Low,Afternoon,Car,22,7.0,46.2,0,1
3200,0.82,Foggy,Medium,Afternoon,Scooter,17,0.0,32.6,0,0
8801,15.67,Clear,Low,Afternoon,Car,20,8.0,50.4,0,1
6177,9.96,Rainy,Low,Morning,Scooter,18,6.0,47.1,1,1
6648,10.97,Clear,High,Afternoon,Bike,19,5.0,59.3,0,1
6833,10.74,Rainy,High,Afternoon,Bike,24,5.0,64.4,0,1
9563,15.86,Clear,High,Evening,Bike,28,6.0,79.9,1,2
11692,16.82,Clear,High,Morning,Bike,17,12.0,62.7,1,1
3883,1.72,Clear,Low,Afternoon,Scooter,27,1.0,29.5,0,0
7372,10.09,Windy,Medium,Morning,Bike,23,6.0,60.1,1,1
8235,15.54,Clear,High,Morning,Bike,23,8.0,71.4,1,2
4242,7.67,Clear,Medium,Evening,Bike,23,3.0,51.3,1,1
2206,1.34,Clear,Low,Afternoon,Scooter,28,0.0,32.9,0,0
3609,0.31,Clear,Medium,Evening,Bike,16,0.0,30.2,1,0
8697,14.28,Clear,Medium,Morning,Bike,17,10.0,55.8,1,1
6559,11.69,Clear,Medium,Night,Bike,26,3.0,56.2,0,1
11993,18.87,Clear,Low,Evening,Bike,16,11.0,51.2,1,1
4533,7.72,Rainy,Medium,Afternoon,Bike,14,1.0,47.9,0,1
5296,7.36,Windy,Medium,Afternoon,Scooter,18,3.0,47.7,0,1
2647,0.5,Clear,Low,Afternoon,Car,11,0.0,13.8,0,0
11468,17.43,Rainy,High,Afternoon,Bike,25,11.0,77.7,0,2
10141,18.96,Clear,Low,Morning,Bike,31,14.0,74.8,1,2
7772,8.2,Snowy,Medium,Afternoon,Scooter,15,3.0,53.4,0,1
6126,8.63,Clear,High,Morning,Bike,28,4.0,67.8,1,1
11411,16.91,Clear,High,Morning,Bike,20,11.0,73.3,1,2
3089,2.64,Clear,High,Night,Scooter,17,0.0,37.8,0,0
2835,0.43,Foggy,Medium,Morning,Scooter,16,0.0,35.3,1,0
10855,18.36,Rainy,Low,Evening,Scooter,18,22.0,60.4,1,1
9644,12.77,Foggy,High,Afternoon,Bike,10,8.0,57.6,0,1
6269,10.48,Foggy,Low,Evening,Bike,24,5.0,58.6,1,1
4439,7.46,Clear,Low,Morning,Bike,25,2.0,51.8,1,1
415,12.82,Rainy,Medium,Evening,Bike,28,9.0,72.0,1,2
8910,14.67,Clear,Low,Afternoon,Bike,22,9.0,55.4,0,1
2878,2.31,Clear,Low,Night,Scooter,18,1.0,24.5,0,0
3722,2.45,Clear,Low,Evening,Bike,7,0.0,22.2,1,0
6410,9.26,Clear,Low,Afternoon,Bike,26,3.0,52.5,0,1
8280,12.25,Clear,Medium,Morning,Bike,26,6.0,65.0,1,1
3762,1.08,Clear,Low,Night,Bike,32,0.0,41.3,0,1
4154,5.52,Foggy,Low,Afternoon,Bike,17,3.0,39.3,0,0
2723,1.96,Clear,Medium,Morning,Bike,18,1.0,38.2,1,0
9249,15.21,Foggy,Medium,Morning,Bike,32,9.0,82.4,1,2
6493,9.08,Windy,High,Evening,Scooter,8,4.0,48.5,1,1
926,0.94,Clear,High,Morning,Bike,9,6.0,21.0,1,0
735,7.5,Clear,High,Morning,Bike,29,1.0,66.0,1,1
5918,5.32,Rainy,Low,Evening,Scooter,8,2.0,30.1,1,0
6341,10.64,Clear,Low,Night,Bike,15,3.0,42.0,0,1
3121,0.96,Rainy,High,Morning,Bike,31,1.0,52.0,1,1
7807,8.5,Foggy,High,Afternoon,Bike,19,6.0,55.6,0,1
550,15.56,Rainy,Low,Afternoon,Scooter,28,0.0,72.0,0,2
2352,1.22,Clear,Low,Evening,Bike,16,0.0,33.4,1,0
4788,5.38,Rainy,Low,Evening,Bike,20,3.0,47.2,1,1
9884,14.21,Foggy,Medium,Morning,Bike,18,10.0,70.9,1,2
9313,12.79,Clear,Medium,Afternoon,Car,10,9.0,36.2,0,0
5617,4.77,Clear,Medium,Morning,Bike,12,1.0,38.4,1,0
2399,3.93,Clear,High,Morning,Bike,8,1.0,37.0,1,0
4216,5.14,Clear,Medium,Afternoon,Bike,15,1.0,36.7,0,0
2918,3.9,Clear,Low,Morning,Bike,22,1.0,41.6,1,1
5510,5.09,Clear,High,Afternoon,Scooter,11,1.0,38.8,0,0
8950,15.23,Snowy,Medium,Evening,Bike,24,7.0,78.2,1,2
3627,2.18,Clear,Medium,Evening,Car,14,0.0,27.8,1,0
4155,5.66,Rainy,Low,Evening,Scooter,29,3.0,54.1,1,1
4287,5.78,Snowy,Low,Afternoon,Bike,14,2.0,47.3,0,1
3677,3.77,Foggy,Medium,Afternoon,Bike,8,0.0,38.8,0,0
3496,3.1,Rainy,Medium,Morning,Scooter,25,1.0,53.4,1,1
11062,19.31,Windy,High,Morning,Scooter,11,27.0,73.0,1,2
7253,9.71,Clear,High,Afternoon,Scooter,18,5.0,57.3,0,1
898,17.98,Clear,Low,Evening,Bike,5,8.0,45.0,1,1
9561,13.32,Windy,Medium,Morning,Bike,26,8.0,71.8,1,2
6737,8.9,Rainy,Low,Afternoon,Scooter,17,5.0,42.1,0,1
3647,1.48,Clear,Low,Afternoon,Bike,21,1.0,32.8,0,0
5130,6.83,Windy,Medium,Morning,Scooter,16,1.0,44.7,1,1
3470,3.24,Clear,Low,Morning,Scooter,32,1.0,45.4,1,1
8603,15.67,Clear,Medium,Night,Scooter,15,6.0,53.2,0,1
11108,18.04,Clear,Low,Evening,Bike,14,23.0,57.2,1,1
7656,10.64,Clear,Low,Afternoon,Car,11,6.0,31.6,0,0
11753,18.41,Clear,Medium,Evening,Bike,21,26.0,69.8,1,1
249,19.29,Windy,Medium,Evening,Scooter,7,8.0,84.0,1,2
6625,10.58,Clear,High,Morning,Bike,22,6.0,67.4,1,1
2136,0.96,Clear,Medium,Morning,Bike,19,0.0,33.9,1,0
387,6.0,Snowy,Low,Morning,Car,20,8.0,53.0,1,1
3078,2.23,Rainy,Low,Morning,Scooter,16,1.0,32.2,1,0
4637,6.67,Clear,Medium,Evening,Car,26,3.0,50.2,1,1
7819,9.66,Clear,Medium,Morning,Scooter,17,5.0,45.3,1,1
6037,9.21,Clear,High,Morning,Scooter,16,6.0,52.0,1,1
9645,12.25,Rainy,Medium,Afternoon,Car,16,9.0,56.1,0,1
11065,19.95,Clear,Medium,Evening,Scooter,28,27.0,75.0,1,2
10585,19.36,Snowy,Low,Afternoon,Car,9,10.0,54.9,0,1
2058,1.76,Rainy,Medium,Night,Scooter,20,1.0,39.6,0,0
8056,12.07,Clear,High,Morning,Bike,28,7.0,69.5,1,1
7546,11.49,Clear,Medium,Afternoon,Bike,17,5.0,55.7,0,1
6103,10.05,Rainy,High,Evening,Car,15,5.0,59.9,1,1
5613,6.99,Rainy,Low,Afternoon,Scooter,27,2.0,53.4,0,1
6491,10.18,Rainy,Low,Evening,Bike,24,6.0,57.9,1,1
7231,9.91,Foggy,Low,Afternoon,Bike,11,5.0,44.4,0,1
2387,1.55,Foggy,Low,Night,Car,22,1.0,28.2,0,0
316,14.07,Rainy,Low,Evening,Bike,10,5.0,63.0,1,1
3611,1.68,Clear,Medium,Morning,Scooter,14,1.0,31.0,1,0
6441,8.91,Clear,Medium,Evening,Scooter,18,4.0,48.4,1,1
11861,19.76,Clear,Medium,Morning,Bike,30,20.0,82.4,1,2
7219,10.98,Clear,Medium,Morning,Bike,26,6.0,62.2,1,1
5292,6.95,Foggy,Low,Afternoon,Scooter,26,1.0,47.2,0,1
6252,10.21,Clear,Medium,Afternoon,Bike,24,5.0,57.6,0,1
5685,6.73,Clear,Medium,Afternoon,Bike,20,3.0,44.8,0,1
10793,18.68,Clear,Low,Evening,Scooter,28,11.0,69.0,1,1
4689,5.72,Clear,Medium,Morning,Scooter,14,3.0,37.1,1,0
8589,12.9,Snowy,High,Morning,Scooter,27,8.0,78.1,1,2
9443,13.62,Foggy,Low,Morning,Bike,19,10.0,59.9,1,1
2037,1.35,Clear,High,Evening,Bike,23,0.0,42.1,1,1
7773,8.11,Clear,Low,Morning,Bike,28,5.0,52.3,1,1
167,6.76,Foggy,Medium,Night,Bike,7,6.0,42.0,0,1
443,7.8,Rainy,Medium,Morning,Bike,11,7.0,49.0,1,1
3468,3.05,Clear,Medium,Afternoon,Car,12,1.0,24.1,0,0
2760,2.24,Clear,High,Morning,Car,26,1.0,42.2,1,1
5953,4.2,Windy,High,Evening,Car,15,3.0,32.8,1,0
2726,3.09,Clear,High,Afternoon,Bike,15,0.0,39.4,0,0
5092,7.38,Windy,Low,Evening,Bike,29,1.0,59.2,1,1
7254,9.63,Snowy,Medium,Evening,Bike,31,4.0,70.8,1,2
9372,15.33,Snowy,Low,Morning,Scooter,12,8.0,57.6,1,1
6716,10.44,Clear,Medium,Evening,Scooter,21,5.0,60.8,1,1
9773,13.6,Clear,Low,Morning,Scooter,16,8.0,44.1,1,1
9986,12.79,Clear,Medium,Night,Scooter,31,8.0,66.6,0,1
118,4.14,Foggy,Medium,Morning,Bike,21,0.0,46.0,1,1
4706,5.51,Clear,High,Night,Scooter,22,3.0,46.5,0,1
9877,14.86,Rainy,Medium,Morning,Bike,27,7.0,76.2,1,2
10783,17.1,Windy,Medium,Afternoon,Car,15,18.0,58.4,0,1
11023,19.17,Windy,Low,Afternoon,Car,16,25.0,57.7,0,1
3823,1.56,Rainy,Low,Morning,Bike,23,0.0,41.2,1,1
2669,1.51,Clear,Medium,Morning,Bike,13,1.0,35.5,1,0
3562,0.97,Rainy,Low,Afternoon,Car,27,0.0,36.9,0,0
3039,0.13,Clear,Low,Morning,Bike,6,0.0,12.6,1,0
7493,10.29,Clear,High,Night,Scooter,9,5.0,41.4,0,1
11150,19.06,Clear,Medium,Evening,Bike,19,12.0,72.1,1,2
3644,1.45,Clear,Low,Evening,Bike,29,1.0,44.0,1,1
3536,0.19,Clear,Medium,Evening,Bike,13,1.0,31.1,1,0
5528,7.49,Clear,Medium,Evening,Scooter,16,2.0,40.9,1,1
5851,4.08,Clear,Low,Morning,Car,23,1.0,36.9,1,0
6970,8.33,Rainy,High,Morning,Bike,17,3.0,68.3,1,1
8610,14.27,Clear,High,Evening,Car,29,10.0,66.8,1,1
8048,14.12,Clear,Medium,Afternoon,Car,14,7.0,42.1,0,1
8353,13.1,Foggy,Medium,Morning,Scooter,15,7.0,59.7,1,1
3376,0.5,Clear,Medium,Afternoon,Car,19,0.0,26.8,0,0
9937,12.85,Clear,Medium,Morning,Scooter,10,7.0,46.9,1,1
7105,9.05,Snowy,Low,Evening,Bike,15,3.0,50.7,1,1
11844,18.33,Rainy,Low,Night,Car,27,18.0,68.4,0,1
4710,6.01,Rainy,Medium,Morning,Bike,16,3.0,54.7,1,1
6145,10.33,Clear,Low,Evening,Car,17,6.0,42.2,1,1
3740,3.31,Foggy,Low,Night,Scooter,14,1.0,22.1,0,0
9099,12.53,Clear,High,Night,Scooter,14,9.0,48.3,0,1
2068,0.86,Clear,High,Afternoon,Car,17,0.0,25.6,0,0
5993,5.7,Clear,Low,Afternoon,Scooter,11,3.0,23.3,0,0
5687,7.97,Clear,Low,Night,Scooter,21,1.0,40.9,0,1
7538,8.23,Rainy,Medium,Evening,Bike,15,6.0,53.9,1,1
5364,5.66,Rainy,High,Night,Bike,14,1.0,45.0,0,1
720,14.75,Clear,Low,Morning,Car,10,7.0,62.0,1,1
7551,10.89,Clear,Low,Morning,Bike,21,4.0,48.8,1,1
6584,9.42,Windy,Low,Afternoon,Scooter,16,4.0,40.5,0,1
2926,2.09,Clear,Medium,Afternoon,Bike,17,0.0,31.2,0,0
6332,9.54,Windy,Low,Night,Car,6,4.0,28.4,0,0
5767,7.66,Rainy,Low,Evening,Bike,22,3.0,50.2,1,1
8723,12.73,Clear,Medium,Evening,Scooter,12,7.0,49.0,1,1
615,17.53,Clear,Low,Afternoon,Bike,14,6.0,79.0,0,2
5514,6.08,Windy,Low,Morning,Bike,12,1.0,40.6,1,1
3187,1.38,Clear,High,Afternoon,Bike,18,1.0,40.1,0,1
10821,16.46,Clear,Medium,Evening,Scooter,9,14.0,54.0,1,1
11087,19.73,Clear,Low,Afternoon,Car,14,14.0,52.7,0,1
3973,0.49,Foggy,High,Evening,Scooter,15,0.0,33.0,1,0
10106,17.81,Clear,Low,Morning,Car,21,29.0,58.9,1,1
7921,9.12,Clear,Medium,Evening,Car,19,6.0,48.3,1,1
5402,6.31,Snowy,Low,Afternoon,Scooter,7,2.0,34.9,0,0
11258,19.35,Snowy,Low,Afternoon,Car,29,29.0,77.8,0,2
5444,6.14,Clear,High,Morning,Scooter,33,2.0,60.9,1,1
6181,8.34,Foggy,Low,Night,Scooter,15,6.0,36.9,0,0
9748,13.25,Rainy,Low,Morning,Car,28,10.0,63.2,1,1
5385,4.48,Clear,Low,Night,Scooter,24,3.0,31.9,0,0
7079,11.54,Clear,Low,Afternoon,Bike,17,6.0,45.0,0,1
10719,16.79,Rainy,Medium,Afternoon,Bike,15,15.0,61.8,0,1
7539,11.17,Clear,Low,Evening,Scooter,13,3.0,47.9,1,1
6492,11.39,Snowy,Low,Morning,Bike,19,4.0,67.9,1,1
3216,2.18,Rainy,Medium,Afternoon,Car,10,0.0,28.1,0,0
785,4.04,Rainy,High,Evening,Bike,14,6.0,39.0,1,0
3353,3.63,Clear,Medium,Evening,Bike,16,0.0,39.7,1,0
8111,14.26,Clear,High,Morning,Bike,20,9.0,67.7,1,1
4692,5.98,Clear,Low,Afternoon,Car,19,1.0,36.0,0,0
3669,3.94,Clear,Low,Morning,Scooter,19,0.0,32.0,1,0
9220,13.68,Clear,Low,Evening,Bike,22,10.0,50.9,1,1
8672,14.01,Clear,High,Evening,Scooter,29,6.0,76.7,1,2
11462,16.87,Clear,High,Night,Bike,19,18.0,70.9,0,2
11583,18.92,Clear,Medium,Night,Bike,33,23.0,74.7,0,2
221,13.32,Windy,Medium,Afternoon,Bike,26,0.0,71.0,0,2
7518,9.22,Clear,Low,Night,Bike,22,4.0,45.8,0,1
8052,13.23,Rainy,Low,Evening,Bike,27,8.0,64.4,1,1
3480,0.98,Clear,High,Morning,Scooter,16,1.0,34.7,1,0
2369,2.45,Clear,Low,Night,Car,31,0.0,37.6,0,0
5542,6.94,Rainy,High,Morning,Bike,18,3.0,62.6,1,1
4081,7.25,Clear,High,Afternoon,Bike,14,1.0,45.9,0,1
7755,10.84,Clear,Low,Afternoon,Car,24,3.0,44.0,0,1
8915,15.59,Foggy,Low,Night,Car,13,7.0,46.2,0,1
470,19.28,Snowy,Medium,Morning,Car,21,3.0,89.0,1,2
3413,1.79,Snowy,High,Afternoon,Bike,18,0.0,47.3,0,1
5265,6.97,Clear,Medium,Morning,Bike,23,2.0,55.6,1,1
5235,7.93,Clear,Low,Afternoon,Bike,14,1.0,36.6,0,0
8768,14.19,Clear,Low,Evening,Car,29,8.0,62.2,1,1
8277,15.85,Clear,Medium,Afternoon,Scooter,26,7.0,65.5,0,1
629,1.22,Clear,Medium,Evening,Scooter,6,5.0,14.0,1,0
9602,13.57,Windy,Medium,Afternoon,Bike,17,8.0,60.9,0,1
5653,7.98,Clear,Medium,Afternoon,Bike,21,2.0,53.2,0,1
696,12.41,Clear,Medium,Morning,Car,10,1.0,51.0,1,1
2182,1.33,Snowy,Low,Afternoon,Bike,31,1.0,58.9,0,1
2071,2.95,Clear,Low,Morning,Bike,19,0.0,34.7,1,0
11379,19.24,Clear,Low,Night,Scooter,14,17.0,52.4,0,1
3783,2.28,Clear,Low,Evening,Bike,20,1.0,38.6,1,0
10003,17.46,Clear,High,Afternoon,Bike,17,18.0,73.9,0,2
3276,1.65,Clear,Medium,Afternoon,Scooter,13,0.0,23.7,0,0
385,14.83,Rainy,Low,Morning,Car,19,4.0,89.0,1,2
7139,10.58,Clear,Low,Afternoon,Car,11,3.0,33.5,0,0
11845,18.37,Clear,High,Evening,Bike,14,20.0,70.3,1,2
9931,14.94,Clear,Low,Afternoon,Scooter,16,10.0,45.1,0,1
11393,17.61,Rainy,Low,Night,Bike,8,11.0,51.4,0,1
4075,5.88,Clear,Low,Afternoon,Bike,11,2.0,27.6,0,0
405,6.74,Rainy,Medium,Evening,Car,21,9.0,47.0,1,1
6297,8.13,Clear,Medium,Afternoon,Bike,6,3.0,33.3,0,0
8632,13.23,Clear,Medium,Morning,Scooter,15,9.0,54.6,1,1
9288,13.8,Clear,Low,Evening,Car,16,6.0,42.7,1,1
346,12.51,Clear,Medium,Evening,Bike,18,5.0,62.0,1,1
8317,15.58,Rainy,Low,Afternoon,Car,17,10.0,49.6,0,1
7164,11.36,Clear,Medium,Morning,Bike,21,5.0,54.7,1,1
10101,18.61,Clear,Medium,Evening,Scooter,15,11.0,58.7,1,1
8234,15.6,Clear,Low,Night,Scooter,14,7.0,49.0,0,1
3785,2.49,Clear,Low,Afternoon,Car,16,0.0,24.0,0,0
80,2.76,Windy,Medium,Night,Bike,6,2.0,27.0,0,0
8999,13.8,Snowy,Medium,Morning,Bike,21,10.0,73.4,1,2
2853,3.07,Snowy,Low,Afternoon,Car,9,0.0,25.1,0,0
5849,5.53,Clear,High,Evening,Bike,32,1.0,66.7,1,1
5420,5.91,Snowy,Low,Afternoon,Bike,16,1.0,44.3,0,1
4867,7.97,Clear,Medium,Afternoon,Bike,12,2.0,35.7,0,0
6683,8.4,Foggy,High,Evening,Bike,11,4.0,54.0,1,1
11304,19.68,Rainy,High,Morning,Bike,14,12.0,84.4,1,2
8670,14.56,Snowy,Low,Evening,Scooter,24,6.0,70.3,1,2
7861,11.86,Rainy,Medium,Morning,Bike,27,4.0,70.8,1,2
10293,17.73,Clear,High,Afternoon,Bike,16,11.0,74.6,0,2
7584,9.92,Foggy,Medium,Morning,Scooter,10,6.0,43.1,1,1
2230,3.14,Clear,Medium,Evening,Bike,18,0.0,42.4,1,1
8975,14.5,Rainy,High,Morning,Scooter,18,9.0,66.6,1,1
10964,16.99,Rainy,Medium,Afternoon,Bike,12,29.0,65.8,0,1
2339,3.12,Clear,Medium,Evening,Scooter,27,1.0,49.1,1,1
6152,11.02,Rainy,Low,Morning,Bike,25,4.0,62.2,1,1
9500,15.22,Clear,Medium,Evening,Car,32,6.0,77.3,1,2
3778,2.68,Clear,Medium,Evening,Scooter,13,1.0,34.7,1,0
3676,1.07,Windy,Medium,Afternoon,Scooter,15,1.0,27.6,0,0
8502,13.61,Clear,Medium,Evening,Scooter,9,9.0,48.7,1,1
3018,0.91,Snowy,Low,Afternoon,Bike,9,0.0,31.7,0,0
10081,18.68,Clear,High,Morning,Bike,15,17.0,71.4,1,2
5071,7.02,Clear,Low,Afternoon,Bike,13,2.0,34.3,0,0
11886,18.08,Snowy,Medium,Afternoon,Scooter,28,17.0,84.6,0,2
10750,18.02,Rainy,Medium,Morning,Car,18,28.0,71.3,1,2
371,2.47,Windy,Medium,Morning,Bike,27,2.0,44.0,1,1
7131,10.43,Clear,Low,Morning,Bike,25,4.0,57.4,1,1
9416,14.76,Snowy,Low,Afternoon,Scooter,11,7.0,49.6,0,1
4993,6.91,Clear,Medium,Afternoon,Scooter,11,1.0,29.1,0,0
7008,8.75,Rainy,High,Afternoon,Bike,24,3.0,64.1,0,1
3963,2.13,Rainy,Low,Morning,Bike,27,1.0,56.0,1,1
11384,17.8,Windy,Low,Evening,Bike,12,26.0,60.0,1,1
6558,9.95,Foggy,High,Morning,Bike,11,6.0,57.0,1,1
7048,8.84,Snowy,Medium,Evening,Scooter,17,3.0,57.9,1,1
4923,7.85,Clear,Medium,Afternoon,Scooter,8,3.0,26.8,0,0
7829,11.23,Rainy,Low,Afternoon,Bike,31,4.0,70.4,0,2
3411,2.56,Snowy,Medium,Night,Scooter,22,0.0,43.2,0,1
7653,9.76,Rainy,High,Morning,Bike,20,6.0,70.5,1,2
5331,7.97,Windy,Medium,Morning,Scooter,19,1.0,54.0,1,1
4365,6.0,Rainy,High,Afternoon,Bike,27,3.0,60.3,0,1
3951,3.64,Windy,High,Morning,Bike,11,1.0,47.9,1,1
5962,7.45,Clear,Medium,Evening,Bike,28,2.0,56.1,1,1
6732,9.02,Windy,Medium,Afternoon,Scooter,13,4.0,45.5,0,1
865,8.31,Windy,Medium,Morning,Bike,6,5.0,44.0,1,1
7912,10.99,Clear,Low,Evening,Car,15,3.0,41.5,1,1
6930,10.0,Clear,Low,Morning,Bike,19,6.0,47.2,1,1
3946,2.06,Windy,Low,Afternoon,Bike,24,0.0,32.1,0,0
6201,8.96,Clear,Low,Night,Bike,28,4.0,50.0,0,1
8379,12.71,Clear,Medium,Afternoon,Scooter,33,8.0,68.0,0,1
3989,2.53,Windy,High,Evening,Scooter,23,0.0,46.6,1,1
11406,18.78,Rainy,High,Afternoon,Bike,12,30.0,69.3,0,1
8193,14.68,Clear,High,Evening,Bike,21,7.0,67.3,1,1
9887,13.83,Clear,High,Evening,Bike,18,9.0,63.7,1,1
10429,17.7,Windy,Low,Afternoon,Scooter,19,25.0,55.3,0,1
9145,13.35,Snowy,Low,Night,Scooter,16,10.0,49.9,0,1
11166,16.49,Clear,Low,Morning,Scooter,15,18.0,51.7,1,1
4823,5.15,Clear,Medium,Evening,Scooter,14,2.0,33.8,1,0
6312,11.81,Foggy,Medium,Night,Bike,17,4.0,57.5,0,1
9459,12.99,Clear,Low,Afternoon,Bike,18,6.0,50.4,0,1
6402,9.57,Foggy,Medium,Morning,Bike,17,4.0,61.4,1,1
7033,10.54,Clear,Medium,Afternoon,Scooter,14,3.0,39.7,0,0
10309,18.69,Clear,Low,Morning,Bike,15,22.0,59.2,1,1
3177,1.62,Clear,Low,Morning,Scooter,21,1.0,31.4,1,0
6768,9.15,Rainy,Low,Night,Car,12,6.0,34.4,0,0
104,10.42,Windy,Medium,Afternoon,Bike,28,3.0,72.0,0,2
4575,7.51,Rainy,Low,Afternoon,Bike,20,2.0,49.6,0,1
7882,11.21,Clear,Low,Evening,Bike,19,5.0,51.7,1,1
8724,15.64,Clear,Medium,Morning,Car,10,9.0,45.0,1,1
3869,1.17,Rainy,Medium,Morning,Scooter,20,0.0,42.4,1,1
3721,2.22,Clear,Medium,Afternoon,Bike,19,1.0,35.6,0,0
7944,11.46,Snowy,Low,Morning,Scooter,21,4.0,58.6,1,1
4279,6.75,Snowy,Low,Morning,Car,16,3.0,39.3,1,0
3787,3.34,Clear,Low,Morning,Scooter,18,1.0,27.1,1,0
9865,12.78,Foggy,High,Morning,Scooter,28,6.0,73.4,1,2
6590,9.38,Snowy,Low,Evening,Bike,31,3.0,68.3,1,1
482,14.07,Clear,High,Afternoon,Bike,5,8.0,67.0,0,1
9907,13.17,Rainy,Low,Afternoon,Bike,26,7.0,59.5,0,1
11371,17.55,Snowy,Low,Afternoon,Bike,15,12.0,63.4,0,1
10714,17.67,Foggy,Low,Evening,Car,20,12.0,65.1,1,1
6463,10.65,Clear,Low,Evening,Car,15,4.0,32.9,1,0
7279,10.75,Clear,High,Night,Bike,25,5.0,60.7,0,1
5677,7.85,Clear,Low,Afternoon,Car,11,3.0,23.3,0,0
10030,16.28,Rainy,Low,Afternoon,Car,17,24.0,55.1,0,1
5214,7.6,Rainy,Medium,Morning,Bike,19,1.0,53.8,1,1
909,5.56,Clear,Low,Afternoon,Scooter,19,5.0,31.0,0,0
6809,10.73,Clear,Low,Morning,Bike,14,6.0,44.6,1,1
4343,4.88,Foggy,Medium,Morning,Bike,27,3.0,53.8,1,1
3801,0.37,Rainy,Low,Evening,Bike,19,0.0,37.4,1,0
5969,4.46,Clear,Medium,Afternoon,Scooter,23,1.0,38.1,0,0
3406,0.15,Clear,Low,Morning,Bike,7,1.0,16.8,1,0
10930,17.67,Clear,Medium,Morning,Scooter,24,20.0,71.1,1,2
4959,4.99,Clear,High,Evening,Bike,15,3.0,46.3,1,1
3667,2.35,Snowy,Low,Evening,Bike,18,0.0,49.4,1,1
4276,4.65,Clear,Low,Night,Scooter,15,2.0,20.4,0,0
10,14.31,Clear,Medium,Morning,Bike,9,8.0,47.0,1,1
8,17.39,Foggy,Medium,Morning,Bike,25,4.0,89.0,1,2
131,8.64,Snowy,Low,Evening,Bike,29,4.0,62.0,1,1
4939,4.42,Clear,Low,Afternoon,Scooter,22,3.0,32.9,0,0
10916,19.2,Clear,Medium,Morning,Scooter,31,15.0,83.7,1,2
324,5.96,Clear,Low,Afternoon,Bike,26,6.0,48.0,0,1
904,11.87,Clear,Medium,Morning,Bike,10,6.0,43.0,1,1
7622,10.63,Clear,Low,Afternoon,Car,16,5.0,44.2,0,1
6984,11.22,Clear,Low,Evening,Bike,29,6.0,57.7,1,1
10718,18.75,Clear,Medium,Afternoon,Bike,9,15.0,58.0,0,1
6819,11.06,Rainy,Low,Evening,Bike,17,5.0,56.0,1,1
7492,11.22,Rainy,Medium,Afternoon,Bike,14,5.0,60.4,0,1
11712,19.36,Clear,Medium,Night,Scooter,26,13.0,70.3,0,2
2396,0.64,Clear,Low,Night,Bike,16,0.0,18.8,0,0
3294,3.05,Clear,Low,Morning,Bike,14,1.0,30.7,1,0
3201,3.1,Rainy,Low,Morning,Scooter,14,0.0,35.1,1,0
9082,12.7,Snowy,Medium,Evening,Car,21,8.0,65.9,1,1
2839,3.2,Clear,Medium,Afternoon,Car,24,1.0,41.3,0,1
5655,6.89,Clear,Medium,Afternoon,Bike,30,1.0,51.4,0,1
7560,10.83,Clear,High,Morning,Car,18,5.0,55.8,1,1
3602,1.16,Clear,Medium,Evening,Bike,9,1.0,26.6,1,0
577,3.37,Clear,High,Morning,Bike,9,5.0,28.0,1,0
3210,1.1,Clear,Medium,Morning,Bike,18,0.0,40.1,1,1
9290,12.36,Clear,Low,Morning,Scooter,29,8.0,56.7,1,1
5093,7.39,Snowy,Low,Morning,Bike,22,2.0,56.9,1,1
9639,13.59,Rainy,High,Evening,Scooter,20,8.0,69.1,1,1
7521,9.5,Clear,Medium,Morning,Bike,16,4.0,50.1,1,1
11730,19.25,Windy,Low,Morning,Scooter,27,19.0,70.4,1,2
122,17.97,Windy,Medium,Morning,Scooter,28,7.0,89.0,1,2
9284,15.22,Clear,Medium,Morning,Car,29,9.0,66.7,1,1
10406,17.52,Snowy,Low,Morning,Car,15,10.0,60.8,1,1
6488,8.3,Clear,High,Evening,Scooter,13,6.0,43.7,1,1
8547,13.19,Clear,Medium,Morning,Scooter,17,8.0,56.2,1,1
4629,6.67,Clear,Medium,Evening,Car,18,2.0,41.7,1,1
3204,0.58,Foggy,Medium,Evening,Scooter,16,0.0,29.8,1,0
367,19.24,Snowy,Low,Unknown,Bike,26,1.0,89.0,0,2
7049,11.12,Clear,Low,Afternoon,Car,25,4.0,51.1,0,1
363,9.44,Rainy,Unknown,Evening,Scooter,28,8.0,63.0,1,1
8940,12.76,Clear,Medium,Afternoon,Bike,11,6.0,42.7,0,1
6542,11.04,Clear,High,Evening,Scooter,23,3.0,64.9,1,1
9832,12.2,Rainy,Medium,Evening,Car,12,8.0,47.4,1,1
9024,15.45,Clear,High,Afternoon,Bike,27,9.0,73.8,0,2
8270,12.03,Clear,High,Morning,Car,15,7.0,55.8,1,1
9417,13.6,Clear,Medium,Evening,Bike,14,10.0,56.2,1,1
6620,9.41,Rainy,Medium,Evening,Bike,17,4.0,55.5,1,1
10146,19.86,Rainy,Medium,Afternoon,Car,20,16.0,68.4,0,1
4814,7.66,Clear,Medium,Afternoon,Bike,15,2.0,41.1,0,1
10685,17.92,Clear,High,Afternoon,Scooter,26,27.0,80.2,0,2
10191,16.74,Rainy,High,Afternoon,Bike,31,26.0,88.0,0,2
5545,6.7,Clear,Medium,Afternoon,Scooter,18,1.0,40.3,0,1
4224,4.62,Clear,Low,Morning,Car,17,1.0,26.9,1,0
195,7.11,Clear,Low,Afternoon,Scooter,27,5.0,48.0,0,1
7606,9.2,Rainy,Low,Evening,Car,15,5.0,43.5,1,1
5020,5.41,Clear,Medium,Morning,Scooter,10,1.0,30.8,1,0
9069,12.89,Clear,Medium,Evening,Car,21,9.0,58.3,1,1
5,3.54,Foggy,Low,Unknown,Bike,23,7.0,37.0,0,0
11790,19.52,Windy,Low,Evening,Bike,6,10.0,52.4,1,1
4768,7.89,Rainy,Medium,Night,Car,21,1.0,52.0,0,1
4501,4.88,Clear,Low,Evening,Scooter,30,2.0,41.4,1,1
8096,12.08,Clear,Medium,Evening,Bike,21,8.0,62.3,1,1
3586,2.88,Windy,High,Evening,Bike,17,1.0,43.3,1,1
477,1.94,Foggy,Low,Night,Bike,10,1.0,25.0,0,0
4570,6.02,Windy,Low,Evening,Scooter,17,3.0,35.2,1,0
8691,13.63,Clear,Medium,Evening,Bike,30,8.0,74.3,1,2
2884,2.61,Clear,High,Morning,Bike,19,0.0,49.2,1,1
7573,10.24,Rainy,Medium,Morning,Car,15,3.0,50.0,1,1
6544,8.59,Rainy,High,Evening,Bike,10,5.0,51.2,1,1
6404,8.32,Clear,Low,Afternoon,Car,16,4.0,34.3,0,0
11435,17.08,Foggy,High,Evening,Bike,21,12.0,77.2,1,2
795,0.85,Clear,Medium,Morning,Bike,9,8.0,17.0,1,0
5287,4.67,Rainy,High,Morning,Bike,26,1.0,61.1,1,1
6148,8.16,Rainy,High,Evening,Car,16,4.0,60.3,1,1
11413,17.37,Clear,Low,Afternoon,Bike,25,30.0,58.1,0,1
5723,7.07,Snowy,Low,Morning,Car,12,3.0,42.1,1,1
9158,15.83,Windy,High,Morning,Bike,22,9.0,78.5,1,2
5742,5.3,Clear,Low,Afternoon,Bike,21,2.0,36.9,0,0
8875,13.79,Clear,Low,Evening,Bike,32,7.0,62.5,1,1
368,18.15,Windy,Medium,Morning,Bike,11,2.0,89.0,1,2
9165,14.98,Windy,Low,Morning,Bike,13,7.0,54.6,1,1
5660,4.04,Clear,Medium,Evening,Bike,27,2.0,50.6,1,1
2257,2.6,Snowy,High,Afternoon,Car,15,0.0,44.2,0,1
9331,14.11,Clear,Medium,Evening,Car,21,10.0,59.7,1,1
5861,4.42,Clear,Low,Morning,Bike,7,2.0,23.7,1,0
4232,7.69,Rainy,High,Evening,Bike,12,1.0,59.8,1,1
10851,18.09,Clear,Medium,Morning,Scooter,11,24.0,54.1,1,1
9244,12.77,Snowy,Low,Morning,Bike,22,6.0,64.9,1,1
4391,5.77,Rainy,Medium,Morning,Bike,10,1.0,46.6,1,1
2022,3.53,Clear,Medium,Afternoon,Bike,7,1.0,31.6,0,0
3047,1.22,Clear,High,Evening,Bike,15,1.0,41.0,1,1
4571,4.7,Clear,Low,Evening,Bike,14,2.0,34.8,1,0
6369,11.7,Clear,High,Night,Scooter,14,6.0,50.7,0,1
7275,8.79,Clear,Low,Morning,Scooter,23,3.0,47.4,1,1
9541,12.12,Windy,High,Afternoon,Scooter,14,10.0,48.9,0,1
657,6.03,Rainy,High,Afternoon,Car,8,6.0,46.0,0,1
9807,15.56,Foggy,Medium,Afternoon,Bike,24,9.0,74.9,0,2
8466,13.74,Snowy,Low,Afternoon,Bike,29,10.0,70.9,0,2
7073,9.27,Clear,Medium,Morning,Scooter,14,6.0,40.4,1,1
5300,6.11,Clear,Low,Night,Bike,17,3.0,30.4,0,0
3570,2.94,Rainy,Low,Afternoon,Car,9,1.0,22.4,0,0
5724,4.2,Clear,Low,Evening,Bike,14,3.0,33.4,1,0
5207,6.7,Clear,Medium,Evening,Bike,23,3.0,48.8,1,1
7752,8.72,Clear,Low,Morning,Bike,14,4.0,39.5,1,0
8978,13.94,Clear,Low,Afternoon,Bike,23,9.0,49.8,0,1
8207,14.32,Clear,High,Evening,Scooter,19,8.0,61.2,1,1
6854,10.06,Clear,Medium,Evening,Bike,18,6.0,52.3,1,1
9597,14.1,Clear,Medium,Evening,Car,17,6.0,52.8,1,1
11821,16.69,Snowy,High,Morning,Bike,15,22.0,77.6,1,2
3485,2.31,Rainy,Medium,Evening,Car,16,1.0,43.3,1,1
609,10.32,Clear,Medium,Night,Car,24,5.0,49.0,0,1
2507,0.86,Clear,Low,Morning,Bike,22,1.0,34.8,1,0
10601,18.83,Rainy,High,Morning,Bike,30,12.0,89.0,1,2
10356,18.04,Foggy,Medium,Evening,Scooter,24,18.0,82.0,1,2
7534,9.02,Clear,High,Afternoon,Scooter,22,5.0,51.9,0,1
3327,1.55,Clear,Low,Evening,Scooter,16,0.0,26.4,1,0
8349,13.0,Rainy,High,Morning,Car,25,10.0,71.1,1,2
2466,2.64,Foggy,High,Afternoon,Scooter,24,1.0,50.8,0,1
3629,3.79,Clear,Medium,Evening,Bike,23,1.0,47.2,1,1
10419,18.62,Clear,Low,Evening,Scooter,26,21.0,71.1,1,2
3561,2.69,Windy,High,Morning,Bike,15,0.0,48.3,1,1
4803,6.24,Clear,Medium,Evening,Bike,11,1.0,42.5,1,1
9853,13.24,Rainy,Medium,Evening,Bike,25,7.0,70.5,1,2
7698,9.84,Snowy,Medium,Afternoon,Bike,23,4.0,68.3,0,1
3033,3.68,Rainy,High,Morning,Car,20,0.0,49.6,1,1
10359,16.48,Snowy,Medium,Evening,Bike,15,10.0,77.6,1,2
4229,5.82,Clear,High,Morning,Bike,14,1.0,47.0,1,1
11511,17.29,Rainy,Medium,Morning,Car,11,25.0,59.0,1,1
4555,7.62,Clear,High,Morning,Bike,20,2.0,58.9,1,1
4086,7.31,Clear,Low,Evening,Bike,20,3.0,41.0,1,1
4055,6.4,Clear,High,Night,Bike,28,2.0,58.7,0,1
115,12.85,Rainy,Medium,Morning,Scooter,14,8.0,73.0,1,2
885,16.1,Clear,Low,Evening,Bike,25,0.0,64.0,1,1
11340,17.11,Clear,Low,Morning,Car,11,11.0,42.4,1,1
4517,5.07,Clear,Low,Afternoon,Car,17,2.0,23.0,0,0
4967,5.01,Clear,Low,Evening,Bike,19,3.0,38.2,1,0
8002,15.1,Clear,Medium,Night,Bike,28,6.0,68.7,0,1
5148,6.07,Foggy,Medium,Afternoon,Bike,21,1.0,53.6,0,1
8220,12.47,Clear,Low,Night,Scooter,26,7.0,50.0,0,1
2550,2.92,Clear,Low,Night,Bike,23,1.0,32.2,0,0
4245,5.65,Clear,High,Afternoon,Scooter,11,2.0,36.2,0,0
4455,4.35,Rainy,Low,Morning,Scooter,12,3.0,30.2,1,0
4273,5.72,Foggy,Medium,Morning,Car,15,1.0,42.9,1,1
6834,10.04,Foggy,Medium,Morning,Bike,20,6.0,57.6,1,1
8721,13.56,Clear,Medium,Night,Scooter,24,6.0,64.2,0,1
7643,10.13,Foggy,Medium,Morning,Car,23,6.0,56.8,1,1
11548,19.05,Foggy,Low,Evening,Bike,34,11.0,80.8,1,2
11431,18.35,Rainy,Medium,Morning,Bike,24,21.0,78.9,1,2
9383,13.8,Windy,High,Afternoon,Bike,17,8.0,65.3,0,1
9567,13.41,Clear,Medium,Afternoon,Car,16,9.0,43.7,0,1
10658,19.15,Rainy,Medium,Evening,Bike,13,26.0,74.0,1,2
11220,18.36,Clear,Medium,Afternoon,Bike,8,21.0,53.2,0,1
11859,17.71,Rainy,High,Afternoon,Bike,24,21.0,82.4,0,2
3117,2.04,Clear,Medium,Evening,Scooter,10,1.0,29.6,1,0
9679,15.1,Windy,Low,Evening,Bike,16,8.0,62.6,1,1
5375,6.61,Rainy,High,Evening,Bike,31,1.0,72.2,1,2
9927,14.39,Clear,Medium,Morning,Bike,23,6.0,68.7,1,1
4819,6.9,Clear,Medium,Afternoon,Bike,10,1.0,34.5,0,0
9879,15.18,Windy,Medium,Evening,Scooter,22,7.0,65.6,1,1
3786,1.61,Snowy,Medium,Afternoon,Bike,21,0.0,45.8,0,1
11922,17.26,Rainy,High,Afternoon,Car,10,10.0,60.9,0,1
9329,15.32,Clear,Medium,Afternoon,Bike,22,10.0,62.3,0,1
9764,15.94,Clear,Low,Afternoon,Car,10,6.0,37.5,0,0
5671,6.87,Clear,High,Morning,Scooter,15,1.0,44.0,1,1
7430,10.13,Rainy,Low,Evening,Car,19,4.0,54.0,1,1
8912,14.04,Rainy,Medium,Night,Scooter,15,6.0,49.8,0,1
11416,17.89,Rainy,Low,Evening,Bike,22,17.0,73.4,1,2
10797,19.72,Clear,Medium,Evening,Car,26,18.0,71.9,1,2
8713,12.58,Clear,Low,Evening,Bike,15,8.0,50.6,1,1
4530,6.4,Rainy,Medium,Morning,Bike,20,2.0,58.7,1,1
8994,12.22,Rainy,Low,Afternoon,Scooter,19,7.0,51.1,0,1
545,12.55,Windy,Low,Evening,Bike,13,8.0,51.0,1,1
11902,18.45,Clear,Medium,Afternoon,Car,18,11.0,63.1,0,1
3258,3.15,Snowy,Medium,Night,Scooter,18,0.0,40.9,0,1
11279,17.99,Clear,Low,Evening,Bike,14,24.0,56.2,1,1
9859,12.03,Snowy,Medium,Morning,Car,18,7.0,61.6,1,1
3143,1.23,Snowy,Low,Night,Bike,12,1.0,31.5,0,0
9090,14.92,Clear,Low,Evening,Car,17,6.0,49.3,1,1
7409,11.2,Clear,Medium,Afternoon,Scooter,19,4.0,49.5,0,1
2755,1.32,Rainy,Low,Evening,Bike,29,1.0,48.5,1,1
7044,11.29,Clear,Low,Evening,Bike,15,4.0,50.3,1,1
9957,12.45,Clear,Low,Morning,Car,21,9.0,42.7,1,1
2854,3.32,Windy,Low,Afternoon,Bike,15,0.0,31.5,0,0
2745,0.54,Rainy,Low,Morning,Bike,15,0.0,30.5,1,0
4490,5.14,Rainy,Medium,Afternoon,Bike,16,1.0,46.4,0,1
7211,11.4,Clear,Low,Morning,Scooter,18,5.0,45.8,1,1
5340,6.1,Rainy,Medium,Afternoon,Car,23,3.0,46.9,0,1
3754,2.79,Snowy,Low,Morning,Scooter,8,0.0,27.6,1,0
739,9.06,Clear,High,Evening,Bike,26,3.0,61.0,1,1
5330,4.94,Clear,Low,Afternoon,Car,18,1.0,25.4,0,0
7165,8.62,Rainy,Low,Afternoon,Scooter,32,3.0,61.1,0,1
4257,6.51,Windy,Low,Afternoon,Bike,14,2.0,33.6,0,0
161,7.67,Foggy,Medium,Afternoon,Scooter,22,8.0,59.0,0,1
9078,14.01,Windy,Low,Evening,Bike,8,8.0,47.9,1,1
8253,13.45,Clear,Low,Morning,Bike,15,10.0,45.0,1,1
4750,6.32,Clear,Medium,Morning,Car,12,2.0,32.5,1,0
5513,5.42,Windy,Low,Evening,Bike,13,3.0,34.5,1,0
2026,0.81,Clear,Medium,Evening,Car,11,0.0,25.6,1,0
5676,5.2,Snowy,High,Afternoon,Bike,17,1.0,58.9,0,1
5519,4.78,Rainy,Low,Evening,Scooter,21,3.0,42.4,1,1
11947,18.83,Snowy,Low,Afternoon,Scooter,16,16.0,63.2,0,1
8168,13.37,Clear,High,Evening,Bike,17,10.0,59.2,1,1
3558,0.17,Rainy,High,Morning,Bike,12,1.0,39.6,1,0
9568,14.34,Rainy,Low,Morning,Car,32,7.0,71.8,1,2
8091,13.64,Clear,Medium,Morning,Bike,8,6.0,52.1,1,1
6670,8.35,Clear,Medium,Morning,Scooter,23,6.0,48.8,1,1
68,16.14,Clear,Low,Night,Car,6,9.0,65.0,0,1
5162,4.95,Windy,Medium,Evening,Bike,10,1.0,41.1,1,1
4769,6.23,Snowy,Low,Evening,Car,14,1.0,42.8,1,1
10712,16.86,Clear,Low,Morning,Car,19,18.0,54.9,1,1
2135,2.32,Rainy,Low,Afternoon,Scooter,30,1.0,44.1,0,1
10831,19.87,Clear,High,Night,Car,15,18.0,71.2,0,2
10594,18.59,Clear,Medium,Afternoon,Car,18,19.0,60.2,0,1
4700,7.24,Snowy,Low,Afternoon,Bike,20,3.0,51.8,0,1
11115,18.44,Clear,Medium,Afternoon,Scooter,18,10.0,61.7,0,1
8914,12.85,Foggy,Low,Morning,Bike,15,10.0,52.3,1,1
3735,0.27,Snowy,High,Afternoon,Bike,22,1.0,47.5,0,1
4385,4.19,Clear,Low,Night,Car,25,1.0,30.4,0,0
7682,10.76,Clear,Low,Morning,Bike,25,5.0,59.1,1,1
11977,16.32,Foggy,Low,Morning,Bike,25,20.0,64.9,1,1
6118,8.7,Snowy,Medium,Afternoon,Bike,12,6.0,49.5,0,1
10838,18.62,Foggy,Low,Morning,Bike,21,14.0,71.4,1,2
6301,9.29,Clear,High,Afternoon,Bike,10,6.0,45.1,0,1
10331,17.98,Clear,Medium,Morning,Bike,15,23.0,58.7,1,1
9020,13.97,Rainy,Medium,Afternoon,Bike,17,6.0,60.9,0,1
5495,5.53,Clear,Low,Morning,Bike,23,3.0,40.7,1,1
903,4.04,Snowy,Low,Night,Bike,11,9.0,70.0,0,1
4441,5.81,Windy,High,Morning,Car,15,3.0,47.2,1,1
9064,15.72,Clear,Low,Night,Bike,13,8.0,52.4,0,1
11121,19.65,Rainy,Medium,Morning,Bike,19,26.0,82.9,1,2
5994,4.58,Clear,Medium,Evening,Scooter,20,2.0,41.7,1,1
4296,6.5,Clear,Low,Evening,Bike,9,3.0,28.3,1,0
5278,5.24,Rainy,High,Afternoon,Car,23,2.0,54.9,0,1
2834,1.43,Rainy,Low,Evening,Scooter,9,0.0,26.7,1,0
7414,10.92,Clear,Low,Afternoon,Scooter,13,5.0,39.4,0,0
10097,18.76,Clear,Medium,Evening,Bike,15,23.0,67.0,1,1
11365,16.41,Foggy,Medium,Afternoon,Car,21,18.0,61.2,0,1
5051,5.01,Snowy,Medium,Evening,Bike,8,3.0,44.0,1,1
10408,17.66,Foggy,Low,Afternoon,Bike,19,19.0,60.1,0,1
7732,10.69,Snowy,Low,Afternoon,Car,16,3.0,45.0,0,1
8213,12.2,Clear,Medium,Afternoon,Bike,10,9.0,47.5,0,1
11423,19.89,Rainy,High,Evening,Car,16,18.0,74.9,1,2
9175,14.87,Clear,Medium,Morning,Car,15,8.0,54.4,1,1
2544,0.17,Windy,Low,Afternoon,Scooter,13,0.0,20.3,0,0
7019,9.91,Rainy,Medium,Morning,Scooter,21,5.0,59.4,1,1
8620,12.22,Clear,Low,Evening,Car,20,6.0,43.7,1,1
6634,10.3,Clear,High,Afternoon,Car,15,3.0,44.5,0,1
7223,11.48,Clear,Low,Morning,Car,9,4.0,37.9,1,0
9054,13.93,Clear,Medium,Afternoon,Car,16,10.0,50.6,0,1
8734,15.62,Foggy,Low,Afternoon,Bike,18,7.0,58.3,0,1
7745,10.2,Rainy,Medium,Morning,Bike,24,4.0,72.5,1,2
695,2.74,Clear,High,Afternoon,Bike,18,9.0,37.0,0,0
11686,18.83,Clear,Medium,Morning,Scooter,28,22.0,79.3,1,2
8746,14.22,Clear,Low,Morning,Bike,21,6.0,60.4,1,1
6254,10.42,Rainy,Medium,Evening,Bike,21,3.0,69.5,1,1
8136,14.1,Clear,Low,Morning,Bike,10,9.0,47.3,1,1
10098,17.37,Rainy,Low,Evening,Car,13,13.0,55.4,1,1
4394,5.5,Clear,Medium,Morning,Bike,11,1.0,41.9,1,1
4464,7.49,Rainy,Medium,Afternoon,Bike,12,2.0,44.1,0,1
3044,2.6,Rainy,Medium,Morning,Scooter,14,0.0,34.0,1,0
5601,6.98,Clear,Low,Night,Scooter,17,2.0,32.0,0,0
496,7.39,Rainy,Medium,Morning,Scooter,25,6.0,60.0,1,1
9716,14.11,Clear,Low,Afternoon,Bike,13,8.0,46.2,0,1
533,19.93,Snowy,Low,Afternoon,Bike,6,6.0,59.0,0,1
3131,1.73,Windy,Medium,Afternoon,Bike,26,1.0,44.4,0,1
783,5.41,Clear,High,Morning,Scooter,17,6.0,38.0,1,0
4995,7.89,Rainy,High,Afternoon,Bike,21,1.0,67.1,0,1
2846,0.18,Snowy,High,Afternoon,Bike,27,1.0,58.3,0,1
10124,19.38,Clear,Medium,Evening,Scooter,19,10.0,65.0,1,1
730,3.69,Rainy,Medium,Afternoon,Bike,8,8.0,27.0,0,0
3228,3.73,Clear,Low,Morning,Bike,24,0.0,35.2,1,0
4794,5.01,Windy,Medium,Evening,Bike,14,2.0,42.3,1,1
11931,17.69,Clear,High,Evening,Bike,16,23.0,73.0,1,2
4714,6.37,Clear,Low,Evening,Bike,8,3.0,31.4,1,0
7863,11.12,Rainy,Low,Afternoon,Scooter,25,6.0,51.0,0,1
975,1.11,Clear,Low,Morning,Bike,5,6.0,8.0,1,0
5283,6.09,Clear,High,Afternoon,Bike,18,3.0,49.0,0,1
5161,7.1,Windy,Medium,Morning,Scooter,18,2.0,48.5,1,1
9995,15.29,Clear,Medium,Afternoon,Scooter,23,9.0,57.0,0,1
558,1.06,Unknown,Low,Afternoon,Scooter,19,6.0,21.0,0,0
3418,2.26,Rainy,Low,Afternoon,Bike,12,1.0,27.4,0,0
8355,14.15,Clear,Low,Evening,Bike,14,7.0,53.2,1,1
8083,14.5,Rainy,Low,Evening,Scooter,14,7.0,55.9,1,1
5863,6.69,Rainy,Low,Afternoon,Bike,18,1.0,41.9,0,1
5852,4.02,Clear,Low,Evening,Bike,23,2.0,41.9,1,1
983,2.58,Clear,Medium,Morning,Scooter,25,7.0,37.0,1,0
4573,7.61,Foggy,Low,Morning,Car,22,3.0,45.0,1,1
6184,8.48,Clear,Medium,Afternoon,Car,30,4.0,58.5,0,1
2073,3.76,Snowy,Medium,Evening,Bike,16,0.0,47.2,1,1
9779,14.17,Clear,Medium,Morning,Car,29,6.0,63.1,1,1
5353,7.99,Clear,Low,Morning,Bike,18,3.0,45.9,1,1
10154,19.48,Snowy,Medium,Morning,Car,30,17.0,88.7,1,2
895,13.53,Rainy,Low,Evening,Bike,28,8.0,78.0,1,2
9061,15.68,Clear,High,Afternoon,Car,30,6.0,71.8,0,2
5439,5.34,Clear,Medium,Evening,Scooter,21,3.0,41.1,1,1
632,17.96,Clear,Medium,Unknown,Bike,22,2.0,76.0,0,2
988,8.98,Clear,Medium,Afternoon,Scooter,22,8.0,89.0,0,2
6824,8.42,Foggy,High,Morning,Scooter,28,5.0,60.0,1,1
3329,2.83,Clear,High,Evening,Scooter,31,0.0,52.4,1,1
10978,17.48,Windy,High,Morning,Bike,21,13.0,78.2,1,2
411,6.73,Clear,Medium,Afternoon,Bike,21,1.0,54.0,0,1
5015,5.98,Clear,Medium,Morning,Bike,22,3.0,49.5,1,1
9819,12.39,Windy,Low,Evening,Scooter,16,10.0,43.5,1,1
268,14.2,Clear,Medium,Afternoon,Bike,17,1.0,73.0,0,2
4682,4.34,Snowy,Medium,Evening,Car,25,1.0,53.5,1,1
7133,10.43,Clear,Low,Morning,Bike,19,5.0,47.1,1,1
707,6.79,Rainy,Low,Evening,Scooter,16,1.0,39.0,1,0
10257,19.37,Foggy,Low,Afternoon,Bike,21,16.0,66.6,0,1
8218,14.2,Foggy,Low,Afternoon,Scooter,19,9.0,49.4,0,1
5964,5.98,Clear,Low,Afternoon,Scooter,31,3.0,47.3,0,1
9320,15.32,Clear,High,Morning,Car,10,8.0,51.7,1,1
7937,8.2,Clear,High,Evening,Scooter,14,6.0,47.8,1,1
942,11.31,Clear,Medium,Evening,Bike,7,0.0,54.0,1,1
10729,19.56,Clear,Low,Afternoon,Bike,25,30.0,71.9,0,2
10868,16.66,Clear,Low,Evening,Bike,30,28.0,68.6,1,1
9615,12.51,Clear,Medium,Afternoon,Bike,10,10.0,41.9,0,1
11210,17.5,Foggy,High,Afternoon,Car,14,13.0,65.3,0,1
8063,15.84,Clear,Low,Evening,Car,17,10.0,49.2,1,1
7196,10.92,Windy,Low,Evening,Car,24,6.0,48.4,1,1
10702,16.34,Rainy,Low,Afternoon,Scooter,26,27.0,58.6,0,1
6412,8.39,Clear,Medium,Evening,Scooter,27,6.0,56.3,1,1
9444,13.08,Clear,Low,Night,Bike,19,7.0,52.0,0,1
2266,1.05,Clear,Low,Night,Bike,16,0.0,24.3,0,0
7313,9.03,Clear,Medium,Evening,Bike,16,6.0,49.8,1,1
8263,12.85,Clear,High,Evening,Scooter,19,10.0,51.6,1,1
6547,10.54,Windy,Low,Morning,Scooter,21,5.0,52.8,1,1
6898,9.25,Rainy,Medium,Night,Bike,22,5.0,61.3,0,1
8143,12.71,Clear,Medium,Morning,Scooter,28,10.0,61.6,1,1
11780,19.37,Snowy,Medium,Morning,Scooter,16,13.0,72.7,1,2
11085,16.75,Clear,High,Morning,Bike,14,16.0,70.0,1,1
10104,17.89,Foggy,Medium,Morning,Scooter,29,20.0,77.9,1,2
6150,9.82,Clear,High,Afternoon,Scooter,11,4.0,45.2,0,1
357,1.02,Windy,High,Evening,Bike,6,8.0,21.0,1,0
7835,9.35,Rainy,Medium,Afternoon,Car,8,3.0,42.1,0,1
6587,11.91,Rainy,Low,Morning,Scooter,22,6.0,54.7,1,1
6071,11.41,Clear,Low,Evening,Scooter,29,4.0,53.8,1,1
660,11.63,Clear,Medium,Night,Scooter,29,7.0,57.0,0,1
8628,12.68,Rainy,Low,Morning,Scooter,9,6.0,48.2,1,1
10268,16.17,Clear,Low,Morning,Bike,27,18.0,66.9,1,1
5288,5.31,Clear,High,Morning,Scooter,24,3.0,56.0,1,1
2319,3.31,Clear,High,Evening,Car,16,1.0,34.9,1,0
237,5.98,Foggy,High,Morning,Bike,14,6.0,44.0,1,1
6727,10.05,Snowy,Low,Morning,Bike,30,5.0,66.0,1,1
7916,11.22,Rainy,Medium,Morning,Bike,7,6.0,48.8,1,1
2899,0.45,Clear,Medium,Afternoon,Car,22,1.0,27.8,0,0
4713,5.74,Clear,Low,Morning,Bike,15,3.0,34.8,1,0
5747,5.28,Clear,High,Evening,Car,25,1.0,51.2,1,1
11953,16.25,Snowy,Low,Morning,Scooter,18,25.0,65.7,1,1
2483,1.41,Rainy,Low,Morning,Bike,16,1.0,37.3,1,0
7901,9.46,Snowy,Medium,Evening,Bike,16,5.0,63.3,1,1
6989,10.08,Windy,Low,Morning,Bike,17,6.0,42.8,1,1
2652,1.34,Snowy,Low,Evening,Scooter,30,1.0,44.0,1,1
8306,14.34,Clear,Low,Evening,Bike,18,8.0,56.6,1,1
9478,12.16,Clear,Low,Evening,Scooter,20,10.0,46.2,1,1
8274,13.52,Clear,Low,Night,Bike,13,8.0,49.6,0,1
2262,1.3,Snowy,High,Morning,Bike,31,0.0,66.9,1,1
8652,12.05,Windy,Low,Morning,Car,14,9.0,42.0,1,1
967,14.52,Clear,Medium,Afternoon,Car,26,5.0,86.0,0,2
5754,6.03,Foggy,Medium,Evening,Car,15,2.0,45.9,1,1
6505,11.57,Clear,Low,Evening,Car,30,6.0,55.4,1,1
4431,4.15,Snowy,Medium,Evening,Scooter,16,2.0,44.2,1,1
10802,16.01,Clear,Medium,Morning,Bike,18,19.0,64.8,1,1
8444,13.91,Snowy,High,Morning,Scooter,11,6.0,68.3,1,1
8674,15.46,Clear,Medium,Afternoon,Car,23,6.0,60.5,0,1
5634,4.69,Clear,Medium,Morning,Bike,29,1.0,54.3,1,1
2083,0.93,Snowy,Medium,Afternoon,Scooter,12,1.0,35.8,0,0
5001,4.12,Snowy,Medium,Afternoon,Bike,17,1.0,51.0,0,1
11967,17.61,Clear,Low,Evening,Bike,26,17.0,68.5,1,1
8532,13.18,Windy,Medium,Morning,Scooter,28,8.0,71.0,1,2
4929,4.3,Clear,Medium,Evening,Scooter,22,2.0,35.8,1,0
748,11.1,Clear,Low,Afternoon,Bike,18,7.0,56.0,0,1
5951,7.21,Clear,High,Morning,Bike,9,2.0,43.8,1,1
6304,11.47,Clear,Medium,Morning,Bike,14,4.0,51.8,1,1
11680,16.67,Clear,Medium,Evening,Car,15,19.0,54.2,1,1
10443,17.42,Clear,Medium,Afternoon,Scooter,10,19.0,50.3,0,1
9556,12.19,Windy,Medium,Evening,Bike,13,7.0,55.9,1,1
8736,15.8,Windy,High,Afternoon,Scooter,13,8.0,58.4,0,1
10234,19.92,Rainy,Low,Afternoon,Scooter,29,30.0,75.9,0,2
9712,14.9,Foggy,Low,Evening,Bike,16,6.0,64.0,1,1
8310,13.4,Foggy,High,Afternoon,Bike,17,8.0,64.8,0,1
8201,14.63,Rainy,Medium,Afternoon,Car,16,9.0,58.6,0,1
10272,18.03,Clear,High,Afternoon,Scooter,11,21.0,56.0,0,1
3043,3.48,Rainy,Low,Afternoon,Bike,15,1.0,39.2,0,0
5336,5.07,Clear,Medium,Evening,Bike,24,1.0,53.8,1,1
10028,17.09,Foggy,Medium,Morning,Car,22,30.0,70.1,1,2
8254,13.97,Clear,Medium,Evening,Bike,24,7.0,68.2,1,1
35,19.33,Clear,Medium,Morning,Bike,7,8.0,73.0,1,2
2487,2.84,Clear,Medium,Night,Bike,25,0.0,45.5,0,1
11925,19.71,Clear,Medium,Afternoon,Scooter,8,12.0,55.0,0,1
7308,10.43,Clear,High,Afternoon,Bike,15,3.0,52.8,0,1
10428,17.37,Clear,High,Afternoon,Car,19,14.0,61.5,0,1
8331,13.53,Clear,Medium,Night,Scooter,28,9.0,60.6,0,1
3004,0.15,Clear,High,Afternoon,Scooter,18,1.0,32.5,0,0
10625,18.31,Clear,Medium,Evening,Bike,11,12.0,64.0,1,1
10771,18.6,Clear,Low,Evening,Bike,15,12.0,56.9,1,1
5716,7.27,Snowy,Medium,Morning,Car,15,2.0,47.8,1,1
10073,17.41,Clear,Medium,Evening,Bike,15,29.0,62.3,1,1
11193,17.82,Rainy,Low,Afternoon,Scooter,16,14.0,58.6,0,1
5923,5.77,Clear,Low,Evening,Scooter,10,3.0,27.0,1,0
7756,8.2,Rainy,Medium,Afternoon,Car,16,5.0,42.3,0,1
836,8.67,Rainy,High,Afternoon,Bike,12,7.0,89.0,0,2
3900,2.9,Clear,High,Afternoon,Scooter,23,0.0,43.3,0,1
6064,10.0,Rainy,Medium,Morning,Bike,8,3.0,51.6,1,1
6207,8.95,Clear,Low,Evening,Bike,9,5.0,34.4,1,0
11124,18.57,Clear,Medium,Morning,Bike,20,23.0,67.9,1,1
7631,9.93,Clear,Low,Morning,Car,27,3.0,47.6,1,1
4862,4.16,Rainy,High,Night,Bike,7,2.0,40.4,0,1
230,12.81,Clear,Low,Morning,Bike,12,2.0,51.0,1,1
7276,9.46,Foggy,High,Afternoon,Bike,15,5.0,55.8,0,1
6324,9.68,Clear,Medium,Morning,Scooter,13,6.0,37.5,1,0
6392,10.21,Foggy,Low,Morning,Bike,11,4.0,45.9,1,1
6450,9.45,Clear,Low,Night,Bike,17,3.0,42.5,0,1
5315,7.72,Clear,Medium,Afternoon,Car,19,3.0,37.5,0,0
6224,10.36,Clear,High,Afternoon,Bike,13,3.0,48.0,0,1
63,16.66,Snowy,High,Afternoon,Scooter,29,7.0,89.0,0,2
4511,5.01,Clear,Medium,Evening,Scooter,13,3.0,35.8,1,0
2164,2.49,Clear,Low,Afternoon,Bike,19,1.0,33.5,0,0
3657,2.37,Clear,Medium,Morning,Bike,12,1.0,30.3,1,0
10237,17.16,Windy,Low,Afternoon,Car,11,11.0,39.8,0,0
11466,19.69,Clear,High,Evening,Car,7,24.0,62.6,1,1
2553,2.6,Clear,High,Evening,Car,20,0.0,44.5,1,1
7666,11.33,Foggy,High,Evening,Scooter,14,6.0,58.8,1,1
6053,9.84,Rainy,High,Evening,Bike,15,5.0,59.9,1,1
5134,5.45,Clear,Low,Afternoon,Car,29,1.0,38.4,0,0
11860,16.18,Rainy,Medium,Evening,Car,22,17.0,65.6,1,1
3011,3.84,Rainy,Low,Evening,Car,19,0.0,39.8,1,0
438,16.53,Snowy,Low,Afternoon,Scooter,24,9.0,89.0,0,2
2318,2.59,Rainy,Low,Evening,Bike,16,0.0,33.5,1,0
4901,6.84,Clear,Medium,Morning,Bike,18,2.0,49.0,1,1
10440,16.33,Clear,Medium,Evening,Bike,30,13.0,75.5,1,2
11349,19.8,Foggy,High,Morning,Scooter,27,27.0,85.6,1,2
9897,12.92,Rainy,High,Evening,Car,18,8.0,67.8,1,1
4321,4.67,Clear,Low,Afternoon,Bike,21,1.0,37.4,0,0
3354,3.08,Clear,Medium,Afternoon,Scooter,10,0.0,20.0,0,0
9466,15.21,Clear,Low,Evening,Bike,21,7.0,61.9,1,1
8324,15.27,Clear,Low,Morning,Scooter,22,8.0,52.2,1,1
9005,15.53,Snowy,Low,Morning,Bike,9,9.0,57.0,1,1
8089,15.2,Clear,Low,Morning,Bike,13,6.0,49.0,1,1
7472,8.69,Clear,Medium,Evening,Scooter,8,5.0,29.6,1,0
10351,17.18,Windy,Low,Evening,Scooter,28,26.0,67.4,1,1
10151,17.18,Rainy,Low,Evening,Bike,15,19.0,60.2,1,1
8841,15.36,Foggy,Medium,Morning,Bike,28,6.0,76.5,1,2
7973,9.24,Rainy,Low,Morning,Scooter,30,6.0,58.1,1,1
4542,7.28,Clear,Low,Afternoon,Bike,30,2.0,52.0,0,1
9231,14.28,Clear,Medium,Morning,Car,18,6.0,61.3,1,1
2205,3.25,Clear,Low,Evening,Bike,15,0.0,29.3,1,0
11731,19.23,Clear,Low,Afternoon,Car,23,16.0,56.8,0,1
11321,18.19,Foggy,Medium,Afternoon,Bike,15,19.0,65.9,0,1
4961,7.36,Foggy,Medium,Evening,Bike,17,1.0,55.4,1,1
9891,13.38,Rainy,Medium,Evening,Bike,16,7.0,63.7,1,1
663,12.31,Windy,Low,Morning,Bike,29,4.0,68.0,1,1
5248,4.0,Snowy,Medium,Afternoon,Car,19,1.0,41.2,0,1
6004,9.02,Clear,Medium,Morning,Scooter,15,6.0,46.6,1,1
11041,16.01,Clear,Low,Night,Bike,23,10.0,58.1,0,1
5563,6.17,Windy,Low,Evening,Scooter,24,3.0,48.4,1,1
6674,8.79,Clear,Low,Night,Scooter,19,4.0,39.6,0,0
9623,14.01,Clear,High,Afternoon,Scooter,16,7.0,64.5,0,1
7246,11.31,Rainy,High,Afternoon,Bike,18,5.0,62.0,0,1
8555,13.12,Clear,High,Morning,Bike,8,9.0,52.7,1,1
9446,13.17,Rainy,Low,Afternoon,Scooter,22,6.0,55.0,0,1
8765,13.37,Clear,High,Morning,Scooter,23,8.0,66.1,1,1
4520,4.04,Clear,Medium,Evening,Car,23,2.0,42.7,1,1
5845,4.82,Windy,Low,Morning,Scooter,26,3.0,38.7,1,0
7267,10.92,Clear,Medium,Night,Bike,15,5.0,43.8,0,1
6562,8.76,Clear,High,Morning,Scooter,19,6.0,54.1,1,1
7718,10.88,Windy,High,Evening,Scooter,28,4.0,69.1,1,1
5957,4.58,Windy,Medium,Evening,Bike,15,2.0,43.0,1,1
4638,7.1,Clear,Low,Evening,Scooter,14,1.0,35.4,1,0
5145,4.98,Snowy,Low,Afternoon,Car,11,3.0,27.1,0,0
9978,14.7,Windy,High,Afternoon,Bike,21,8.0,73.5,0,2
11937,19.5,Clear,Low,Evening,Scooter,32,29.0,76.9,1,2
4914,7.23,Rainy,High,Night,Car,12,1.0,47.1,0,1
5140,6.05,Clear,High,Morning,Bike,21,3.0,50.9,1,1
4280,4.36,Rainy,Low,Night,Car,11,3.0,22.6,0,0
3414,2.03,Windy,Low,Evening,Bike,16,0.0,41.3,1,1
3904,2.6,Clear,Medium,Night,Bike,15,0.0,27.3,0,0
3199,3.11,Clear,Medium,Evening,Bike,18,1.0,35.5,1,0
5125,5.06,Clear,High,Afternoon,Bike,17,3.0,46.5,0,1
6937,10.14,Clear,Low,Afternoon,Car,11,5.0,25.2,0,0
2636,2.72,Clear,Medium,Afternoon,Bike,27,1.0,41.5,0,1
5567,6.31,Snowy,Low,Morning,Bike,19,1.0,48.3,1,1
5788,5.73,Clear,Medium,Night,Bike,22,1.0,46.6,0,1
2255,0.91,Clear,Low,Morning,Bike,28,1.0,40.0,1,0
7833,8.35,Clear,High,Morning,Scooter,15,5.0,46.0,1,1
2913,3.69,Windy,Low,Evening,Scooter,19,0.0,32.5,1,0
11113,17.29,Rainy,Low,Afternoon,Scooter,21,18.0,57.6,0,1
6769,8.57,Clear,Medium,Evening,Car,21,4.0,47.5,1,1
10280,17.87,Clear,Medium,Night,Bike,16,10.0,62.6,0,1
9321,14.01,Clear,Medium,Afternoon,Car,11,10.0,42.2,0,1
4612,7.86,Snowy,Medium,Morning,Scooter,24,3.0,67.6,1,1
10110,19.24,Rainy,High,Evening,Bike,20,30.0,87.7,1,2
603,3.95,Clear,Medium,Morning,Car,28,5.0,47.0,1,1
9701,12.16,Clear,Low,Afternoon,Scooter,13,10.0,36.0,0,0
7318,11.29,Windy,Medium,Morning,Bike,17,4.0,52.3,1,1
8862,15.36,Windy,High,Afternoon,Scooter,16,9.0,60.5,0,1
2316,2.6,Clear,High,Evening,Car,13,1.0,34.7,1,0
576,19.02,Clear,Medium,Afternoon,Bike,29,9.0,87.0,0,2
6759,8.08,Clear,Medium,Morning,Bike,16,5.0,49.3,1,1
10510,18.04,Snowy,High,Morning,Car,27,22.0,87.0,1,2
2139,0.17,Foggy,Medium,Evening,Bike,23,0.0,43.7,1,1
2609,3.17,Foggy,High,Morning,Bike,21,0.0,54.2,1,1
11148,19.83,Clear,High,Morning,Scooter,16,14.0,69.9,1,1
3885,1.16,Clear,Medium,Evening,Car,31,0.0,44.1,1,1
6179,8.25,Rainy,Low,Night,Car,24,4.0,51.9,0,1
11422,17.04,Clear,High,Evening,Bike,19,19.0,71.5,1,2
9162,14.3,Clear,Low,Morning,Bike,30,9.0,62.4,1,1
5838,5.62,Clear,Medium,Afternoon,Bike,27,3.0,49.0,0,1
6099,8.63,Rainy,High,Afternoon,Bike,19,6.0,54.7,0,1
6242,10.82,Snowy,Medium,Morning,Scooter,13,3.0,61.1,1,1
9210,14.25,Rainy,Low,Evening,Bike,15,10.0,55.4,1,1
10170,17.24,Clear,Low,Morning,Bike,20,18.0,67.2,1,1
11854,18.95,Clear,High,Afternoon,Bike,22,20.0,76.2,0,2
9168,14.33,Clear,Medium,Afternoon,Car,30,10.0,60.7,0,1
11726,19.09,Snowy,Low,Evening,Bike,17,17.0,71.0,1,2
5469,6.22,Clear,Medium,Afternoon,Car,18,2.0,37.3,0,0
7859,9.56,Rainy,Low,Morning,Bike,17,6.0,50.8,1,1
10913,17.65,Rainy,High,Morning,Car,23,29.0,76.9,1,2
4840,5.9,Clear,High,Evening,Scooter,23,1.0,54.6,1,1
5243,5.47,Windy,High,Afternoon,Bike,23,3.0,56.4,0,1
546,7.48,Clear,Medium,Morning,Car,21,4.0,52.0,1,1
4934,5.8,Snowy,Low,Evening,Car,10,2.0,38.1,1,0
2284,1.36,Clear,High,Morning,Bike,16,1.0,43.2,1,1
9023,15.21,Clear,Medium,Afternoon,Bike,18,7.0,56.4,0,1
10135,17.65,Clear,High,Afternoon,Bike,27,30.0,75.6,0,2
6467,9.78,Clear,Medium,Morning,Bike,13,5.0,47.5,1,1
8971,13.12,Foggy,Low,Afternoon,Bike,9,6.0,46.4,0,1
11823,17.63,Rainy,Medium,Afternoon,Bike,14,15.0,68.1,0,1
6568,11.7,Clear,Medium,Afternoon,Bike,11,5.0,41.8,0,1
3916,1.82,Clear,High,Morning,Bike,20,1.0,46.6,1,1
5036,6.72,Foggy,Low,Morning,Scooter,14,1.0,36.9,1,0
5077,4.17,Clear,Low,Afternoon,Car,19,3.0,22.2,0,0
7878,8.33,Clear,High,Morning,Bike,25,6.0,64.1,1,1
11848,19.37,Clear,Low,Evening,Bike,20,26.0,67.6,1,1
8542,14.32,Clear,Low,Afternoon,Scooter,15,7.0,46.0,0,1
8606,15.89,Clear,Medium,Afternoon,Bike,18,7.0,61.9,0,1
9235,12.59,Rainy,Low,Evening,Car,12,8.0,46.0,1,1
11562,19.28,Clear,Low,Evening,Bike,23,30.0,71.2,1,2
4027,4.28,Snowy,High,Evening,Bike,13,1.0,53.0,1,1
7783,10.06,Clear,Low,Morning,Scooter,23,4.0,49.9,1,1
561,14.23,Clear,Medium,Afternoon,Scooter,23,7.0,70.0,0,1
5799,7.48,Clear,Medium,Morning,Bike,12,3.0,43.7,1,1
8058,14.08,Rainy,Low,Morning,Bike,16,9.0,59.9,1,1
11073,16.77,Rainy,High,Afternoon,Scooter,11,28.0,66.0,0,1
11639,16.98,Rainy,Medium,Evening,Bike,8,10.0,63.2,1,1
2828,3.78,Clear,Low,Afternoon,Car,19,0.0,20.3,0,0
10180,16.09,Clear,High,Afternoon,Bike,17,22.0,65.6,0,1
7484,8.85,Clear,Medium,Morning,Scooter,28,6.0,55.3,1,1
11457,19.74,Clear,Medium,Evening,Bike,25,20.0,78.1,1,2
4440,7.53,Foggy,Low,Evening,Scooter,15,2.0,44.7,1,1
9682,13.61,Rainy,Low,Morning,Car,20,6.0,59.8,1,1
2261,3.15,Clear,High,Afternoon,Bike,27,1.0,53.9,0,1
6251,10.33,Clear,Low,Evening,Bike,11,5.0,39.6,1,0
2540,3.3,Snowy,High,Morning,Car,14,1.0,44.5,1,1
11864,16.8,Windy,High,Evening,Bike,8,14.0,65.5,1,1
7426,10.51,Rainy,Medium,Morning,Scooter,16,5.0,54.9,1,1
10487,16.71,Windy,High,Evening,Scooter,15,11.0,65.9,1,1
5936,5.56,Clear,Low,Evening,Bike,25,1.0,51.2,1,1
6015,8.62,Rainy,Low,Afternoon,Bike,12,4.0,39.7,0,0
10050,17.46,Rainy,Low,Night,Bike,18,15.0,64.2,0,1
11655,17.93,Snowy,Low,Night,Scooter,18,16.0,63.0,0,1
3455,3.6,Clear,Low,Night,Scooter,8,1.0,16.5,0,0
2030,3.01,Rainy,Low,Morning,Car,32,1.0,50.6,1,1
3251,2.57,Clear,Low,Morning,Bike,14,0.0,29.5,1,0
8090,15.76,Foggy,Medium,Evening,Bike,16,6.0,70.7,1,2
9166,15.17,Clear,Low,Morning,Bike,13,9.0,44.8,1,1
6935,11.21,Rainy,High,Night,Bike,11,6.0,54.8,0,1
5594,6.26,Clear,Medium,Evening,Bike,22,2.0,48.8,1,1
7387,11.77,Clear,Medium,Afternoon,Bike,23,5.0,55.5,0,1
9370,15.11,Windy,Medium,Night,Scooter,10,8.0,46.6,0,1
9981,14.51,Clear,High,Morning,Scooter,13,6.0,64.6,1,1
164,10.95,Snowy,Unknown,Afternoon,Bike,9,1.0,65.0,0,1
3181,0.3,Foggy,Medium,Evening,Scooter,19,0.0,40.6,1,1
10134,17.71,Snowy,Medium,Evening,Scooter,12,17.0,67.3,1,1
10934,16.76,Windy,Low,Afternoon,Bike,31,20.0,66.0,0,1
2965,1.97,Windy,Low,Afternoon,Car,9,1.0,12.8,0,0
11184,19.11,Windy,Low,Evening,Bike,14,25.0,66.0,1,1
6910,11.58,Clear,Low,Morning,Bike,23,4.0,54.0,1,1
11530,17.86,Clear,Low,Evening,Bike,21,10.0,67.2,1,1
11580,16.58,Clear,Medium,Evening,Scooter,16,25.0,58.6,1,1
2493,2.96,Rainy,High,Evening,Car,12,1.0,39.8,1,0
11483,19.61,Windy,High,Afternoon,Scooter,10,20.0,62.5,0,1
3944,3.23,Clear,Medium,Evening,Bike,27,0.0,47.7,1,1
2573,3.74,Clear,Low,Evening,Bike,15,0.0,33.5,1,0
7432,11.98,Clear,Low,Morning,Bike,14,3.0,49.1,1,1
4836,6.34,Rainy,Medium,Morning,Car,30,1.0,63.9,1,1
5427,5.96,Clear,High,Morning,Bike,11,2.0,44.4,1,1
10306,19.97,Clear,Low,Evening,Scooter,14,29.0,55.6,1,1
640,7.86,Windy,Medium,Morning,Car,22,2.0,55.0,1,1
9798,12.76,Snowy,Medium,Morning,Bike,12,9.0,60.7,1,1
8640,13.66,Clear,Low,Evening,Car,22,6.0,51.6,1,1
6120,9.39,Clear,Medium,Afternoon,Bike,24,5.0,52.6,0,1
11914,18.27,Clear,High,Morning,Car,16,19.0,68.3,1,1
5992,6.98,Clear,Medium,Afternoon,Bike,19,3.0,45.9,0,1
5718,6.27,Snowy,Medium,Afternoon,Car,14,1.0,42.5,0,1
31,12.35,Clear,Low,Morning,Scooter,10,6.0,35.0,1,0
4499,4.95,Snowy,Medium,Evening,Car,16,2.0,50.4,1,1
9596,14.75,Snowy,Medium,Morning,Car,13,6.0,59.7,1,1
11767,16.07,Clear,Medium,Evening,Scooter,11,10.0,50.0,1,1
2249,0.36,Clear,Medium,Morning,Bike,14,1.0,32.1,1,0
8817,14.71,Rainy,High,Evening,Car,16,10.0,67.1,1,1
6520,11.11,Clear,Low,Afternoon,Bike,13,4.0,37.9,0,0
4889,7.68,Clear,High,Afternoon,Bike,16,2.0,46.0,0,1
3940,1.18,Clear,Low,Evening,Car,32,0.0,40.6,1,1
6641,11.58,Clear,Low,Morning,Bike,21,3.0,53.1,1,1
11682,18.11,Clear,High,Morning,Bike,12,20.0,64.7,1,1
936,5.81,Foggy,Low,Afternoon,Bike,25,8.0,51.0,0,1
2236,3.99,Snowy,Medium,Evening,Bike,23,0.0,60.6,1,1
8891,13.37,Rainy,Medium,Evening,Scooter,14,7.0,55.9,1,1
10847,16.26,Snowy,High,Evening,Car,24,10.0,80.6,1,2
3477,1.14,Clear,Medium,Afternoon,Bike,17,0.0,33.2,0,0
2505,1.49,Rainy,Low,Afternoon,Bike,26,1.0,37.0,0,0
5250,5.46,Clear,Medium,Afternoon,Car,9,2.0,29.4,0,0
11189,17.6,Foggy,Low,Morning,Bike,16,27.0,64.5,1,1
6600,8.02,Clear,Low,Evening,Bike,14,4.0,41.9,1,1
11917,16.88,Rainy,Medium,Evening,Car,17,25.0,64.5,1,1
792,11.93,Snowy,High,Morning,Car,7,1.0,75.0,1,2
11048,19.29,Clear,Medium,Afternoon,Scooter,32,24.0,79.6,0,2
4922,5.58,Clear,High,Morning,Car,9,2.0,39.0,1,0
5014,7.57,Foggy,Medium,Afternoon,Bike,18,3.0,53.9,0,1
3032,3.46,Foggy,Medium,Afternoon,Car,20,0.0,33.9,0,0
9379,13.58,Clear,Low,Afternoon,Car,19,8.0,39.8,0,0
6800,11.13,Foggy,Low,Morning,Scooter,16,3.0,45.9,1,1
8229,14.16,Clear,Medium,Morning,Scooter,10,7.0,46.7,1,1
10955,16.93,Clear,Low,Morning,Bike,27,21.0,72.9,1,2
8745,13.33,Clear,Medium,Afternoon,Bike,12,6.0,56.1,0,1
2832,1.12,Rainy,Medium,Morning,Bike,23,1.0,47.0,1,1
6967,8.92,Clear,Low,Morning,Car,24,4.0,49.1,1,1
181,7.15,Windy,Low,Morning,Bike,15,3.0,42.0,1,1
875,1.0,Snowy,Medium,Morning,Bike,28,0.0,51.0,1,1
5368,4.22,Rainy,Medium,Evening,Car,14,2.0,39.5,1,0
2545,2.91,Clear,Medium,Morning,Bike,25,0.0,52.1,1,1
10178,16.33,Rainy,Low,Afternoon,Bike,17,24.0,58.9,0,1
2371,3.36,Foggy,Medium,Afternoon,Scooter,12,0.0,29.3,0,0
3577,1.16,Foggy,Medium,Evening,Scooter,17,0.0,36.2,1,0
536,18.92,Clear,High,Morning,Scooter,27,4.0,89.0,1,2
6483,8.1,Foggy,High,Morning,Scooter,22,5.0,64.7,1,1
3050,0.55,Clear,Medium,Morning,Scooter,21,0.0,38.1,1,0
780,13.0,Foggy,Low,Evening,Bike,25,7.0,77.0,1,2
2354,0.22,Rainy,Low,Morning,Bike,12,0.0,31.7,1,0
8834,15.71,Windy,High,Morning,Bike,25,6.0,83.8,1,2
9377,15.29,Clear,High,Evening,Bike,22,10.0,73.4,1,2
9262,15.47,Snowy,Medium,Evening,Bike,22,9.0,75.4,1,2
4157,4.35,Clear,High,Morning,Bike,29,1.0,60.0,1,1
2183,3.75,Rainy,Medium,Afternoon,Scooter,15,1.0,34.5,0,0
6342,8.02,Clear,Medium,Morning,Bike,20,4.0,51.9,1,1
8305,13.77,Foggy,High,Morning,Bike,27,6.0,79.0,1,2
7183,8.79,Clear,Low,Morning,Scooter,12,3.0,34.9,1,0
10096,19.87,Snowy,Medium,Evening,Bike,15,17.0,78.9,1,2
5141,7.09,Clear,Low,Afternoon,Scooter,26,1.0,43.9,0,1
2330,1.46,Clear,High,Afternoon,Scooter,23,0.0,41.8,0,1
4263,6.68,Clear,Low,Afternoon,Scooter,22,1.0,33.2,0,0
6522,10.4,Clear,Medium,Evening,Car,15,3.0,48.0,1,1
7230,8.68,Clear,Low,Morning,Scooter,17,6.0,37.6,1,0
4942,4.1,Clear,Low,Morning,Car,13,2.0,24.9,1,0
6903,11.73,Clear,Medium,Morning,Bike,11,4.0,51.8,1,1
3634,1.53,Rainy,Medium,Evening,Bike,15,0.0,35.5,1,0
11607,19.75,Rainy,High,Morning,Bike,28,16.0,89.0,1,2
2543,2.69,Snowy,Medium,Afternoon,Scooter,16,0.0,42.3,0,1
5933,5.82,Rainy,Low,Afternoon,Scooter,27,1.0,49.1,0,1
365,18.86,Snowy,Medium,Night,Bike,18,1.0,89.0,0,2
7037,10.57,Snowy,High,Evening,Bike,17,4.0,66.7,1,1
9912,12.86,Clear,Low,Evening,Scooter,28,8.0,64.7,1,1
11280,16.53,Windy,Low,Evening,Scooter,21,23.0,61.8,1,1
3362,2.03,Clear,Low,Afternoon,Scooter,17,1.0,26.4,0,0
6337,8.76,Clear,Low,Morning,Car,22,4.0,38.6,1,0
6066,9.45,Foggy,Low,Afternoon,Bike,16,5.0,50.0,0,1
5915,6.9,Clear,High,Morning,Bike,11,3.0,43.7,1,1
234,10.1,Clear,High,Morning,Car,17,6.0,55.0,1,1
3243,1.92,Clear,Low,Morning,Bike,14,0.0,26.0,1,0
5312,5.71,Windy,Low,Afternoon,Car,24,3.0,38.0,0,0
2613,2.66,Windy,High,Morning,Car,16,1.0,40.8,1,1
6536,8.41,Clear,Low,Morning,Bike,16,5.0,37.2,1,0
6913,11.44,Clear,Low,Evening,Bike,16,4.0,48.7,1,1
5527,7.52,Clear,Low,Afternoon,Bike,18,1.0,34.6,0,0
5210,6.13,Clear,High,Afternoon,Bike,16,1.0,43.3,0,1
7670,8.33,Snowy,Medium,Evening,Bike,25,5.0,63.4,1,1
10380,18.7,Clear,High,Evening,Bike,15,10.0,66.0,1,1
2740,2.62,Clear,Medium,Morning,Bike,20,0.0,41.2,1,1
11183,19.75,Clear,Medium,Morning,Scooter,12,16.0,56.5,1,1
10929,19.49,Clear,Low,Evening,Bike,29,12.0,75.3,1,2
6811,11.67,Rainy,High,Afternoon,Bike,27,5.0,73.5,0,2
7397,10.05,Clear,High,Evening,Car,23,3.0,58.3,1,1
4856,6.93,Windy,Low,Evening,Car,18,3.0,42.2,1,1
8712,13.66,Snowy,Low,Afternoon,Bike,28,7.0,70.2,0,2
3517,1.28,Clear,High,Afternoon,Bike,25,0.0,42.0,0,1
3158,1.24,Clear,High,Night,Bike,27,1.0,46.5,0,1
4111,4.1,Rainy,Low,Evening,Bike,31,2.0,50.8,1,1
11089,19.61,Rainy,Medium,Evening,Bike,17,10.0,77.1,1,2
10829,17.59,Clear,Low,Evening,Car,20,16.0,59.9,1,1
326,14.89,Clear,High,Evening,Car,22,9.0,88.0,1,2
4016,6.69,Rainy,Medium,Evening,Scooter,13,2.0,46.0,1,1
2614,1.13,Windy,Medium,Morning,Bike,29,0.0,52.9,1,1
2145,0.12,Clear,Low,Morning,Car,20,1.0,20.7,1,0
5830,4.36,Rainy,Medium,Morning,Bike,18,3.0,45.0,1,1
6880,11.89,Clear,Low,Morning,Scooter,17,6.0,44.5,1,1
8165,12.75,Snowy,Medium,Afternoon,Car,22,6.0,60.8,0,1
7268,8.75,Snowy,Medium,Afternoon,Scooter,24,5.0,59.2,0,1
10804,19.08,Clear,Medium,Afternoon,Car,27,16.0,70.7,0,2
5605,5.26,Windy,Medium,Evening,Scooter,20,2.0,42.1,1,1
10610,16.91,Clear,High,Afternoon,Bike,22,26.0,70.2,0,2
3666,3.7,Snowy,Low,Morning,Bike,22,0.0,49.9,1,1
5034,6.91,Clear,Medium,Morning,Car,32,1.0,56.3,1,1
2163,1.88,Clear,Medium,Evening,Bike,8,1.0,31.5,1,0
6137,10.42,Rainy,Low,Morning,Scooter,24,4.0,56.8,1,1
5004,6.07,Foggy,Low,Morning,Bike,7,2.0,32.5,1,0
7170,10.87,Clear,Low,Morning,Bike,24,3.0,58.9,1,1
6346,8.3,Windy,Medium,Evening,Scooter,17,3.0,49.3,1,1
10105,17.37,Foggy,Medium,Morning,Car,9,18.0,55.8,1,1
8517,12.29,Foggy,Low,Afternoon,Scooter,14,6.0,46.2,0,1
3683,2.78,Foggy,High,Evening,Bike,25,0.0,57.5,1,1
132,4.83,Clear,Low,Evening,Bike,11,1.0,29.0,1,0
10252,19.07,Clear,Medium,Afternoon,Bike,20,21.0,68.1,0,1
11806,19.51,Snowy,Low,Morning,Bike,9,28.0,62.2,1,1
9222,15.8,Clear,Medium,Afternoon,Bike,26,10.0,60.3,0,1
7769,10.87,Clear,Low,Night,Bike,19,6.0,46.1,0,1
3010,3.48,Clear,High,Afternoon,Bike,14,1.0,40.6,0,1
6151,11.77,Clear,Medium,Evening,Bike,32,3.0,72.4,1,2
6465,11.24,Clear,Low,Morning,Scooter,15,5.0,43.9,1,1
335,1.4,Windy,Low,Evening,Bike,9,9.0,17.0,1,0
8420,13.39,Rainy,Medium,Morning,Car,31,7.0,72.7,1,2
8232,12.68,Rainy,High,Morning,Car,19,9.0,63.6,1,1
9818,12.09,Rainy,Medium,Morning,Bike,10,10.0,54.8,1,1
9125,14.73,Clear,Medium,Morning,Scooter,24,6.0,63.0,1,1
9406,12.73,Clear,Low,Evening,Bike,12,7.0,46.9,1,1
7556,8.03,Snowy,Low,Evening,Bike,14,3.0,51.5,1,1
579,10.1,Rainy,Low,Evening,Car,8,4.0,50.0,1,1
7942,8.65,Rainy,Low,Afternoon,Scooter,17,5.0,40.1,0,1
7511,9.08,Clear,Medium,Afternoon,Scooter,22,5.0,43.7,0,1
409,18.15,Rainy,High,Morning,Bike,22,7.0,89.0,1,2
7373,10.39,Clear,High,Morning,Scooter,26,5.0,63.4,1,1
8789,14.39,Foggy,Low,Morning,Car,20,8.0,56.6,1,1
8202,15.3,Rainy,Low,Morning,Bike,24,6.0,78.7,1,2
10291,18.59,Foggy,Low,Morning,Scooter,11,23.0,58.2,1,1
4209,7.58,Clear,Medium,Morning,Bike,20,3.0,49.9,1,1
7810,10.87,Foggy,Medium,Evening,Bike,24,4.0,64.7,1,1
3277,2.25,Clear,Medium,Morning,Scooter,13,0.0,27.5,1,0
634,10.88,Snowy,Low,Afternoon,Car,13,3.0,52.0,0,1
2959,2.7,Rainy,Low,Evening,Scooter,19,1.0,37.9,1,0
4588,7.18,Clear,Low,Evening,Bike,26,2.0,48.5,1,1
5635,5.2,Rainy,Low,Morning,Car,31,1.0,52.1,1,1
6009,11.46,Clear,High,Morning,Bike,17,3.0,61.3,1,1
8924,13.45,Rainy,Low,Afternoon,Car,19,7.0,54.1,0,1
7661,8.07,Clear,High,Morning,Scooter,20,4.0,56.8,1,1
721,18.8,Clear,High,Afternoon,Bike,23,7.0,89.0,0,2
5902,5.4,Snowy,Low,Morning,Bike,7,3.0,32.8,1,0
5031,4.51,Foggy,Medium,Night,Bike,12,1.0,43.5,0,1
10509,16.35,Windy,Medium,Night,Bike,15,30.0,60.2,0,1
5621,5.82,Rainy,Low,Morning,Bike,19,2.0,42.9,1,1
2937,0.32,Windy,Low,Morning,Bike,13,0.0,31.1,1,0
6934,11.25,Clear,Medium,Afternoon,Scooter,23,6.0,54.9,0,1
5989,7.24,Windy,High,Evening,Bike,19,1.0,57.5,1,1
11516,16.12,Windy,Medium,Afternoon,Scooter,17,16.0,57.1,0,1
5440,5.43,Rainy,Medium,Evening,Car,17,1.0,47.9,1,1
11751,18.11,Windy,Medium,Night,Car,11,28.0,55.5,0,1
9263,15.79,Rainy,Medium,Evening,Bike,13,9.0,65.8,1,1
4433,7.58,Rainy,Medium,Afternoon,Scooter,27,2.0,54.9,0,1
3037,0.99,Clear,Low,Evening,Bike,12,0.0,25.2,1,0
506,3.67,Clear,Low,Unknown,Bike,9,0.0,26.0,0,0
5893,7.67,Rainy,High,Evening,Scooter,16,2.0,53.0,1,1
3782,0.86,Foggy,Low,Evening,Scooter,28,0.0,39.8,1,0
3299,2.99,Foggy,Low,Afternoon,Bike,15,0.0,31.1,0,0
4505,5.66,Clear,Low,Evening,Scooter,12,1.0,30.5,1,0
5689,4.31,Rainy,Medium,Night,Scooter,21,1.0,44.2,0,1
9241,14.68,Rainy,Medium,Evening,Bike,6,7.0,57.2,1,1
10512,18.67,Rainy,Low,Morning,Scooter,27,24.0,74.3,1,2
3125,0.44,Clear,High,Night,Scooter,17,1.0,29.5,0,0
2791,2.13,Clear,High,Afternoon,Car,27,0.0,40.3,0,1
7471,9.75,Rainy,Medium,Afternoon,Scooter,17,5.0,47.7,0,1
9486,12.45,Foggy,Medium,Afternoon,Bike,12,8.0,51.1,0,1
11564,17.37,Rainy,Low,Morning,Scooter,17,22.0,59.9,1,1
3282,3.83,Clear,Low,Evening,Scooter,19,0.0,29.8,1,0
18,10.73,Rainy,High,Afternoon,Car,27,6.0,83.0,0,2
4897,6.65,Windy,Medium,Morning,Bike,21,1.0,55.9,1,1
2362,1.09,Clear,Low,Evening,Bike,27,0.0,43.5,1,1
7618,10.32,Snowy,Medium,Night,Bike,6,3.0,42.4,0,1
8319,14.52,Rainy,Low,Morning,Bike,31,8.0,74.2,1,2
9454,13.52,Rainy,Medium,Morning,Scooter,19,6.0,64.6,1,1
6023,10.08,Clear,Low,Evening,Scooter,27,6.0,50.0,1,1
10700,17.37,Clear,Low,Morning,Bike,14,22.0,61.9,1,1
5094,6.08,Windy,Low,Evening,Car,22,1.0,42.0,1,1
2889,3.9,Clear,Medium,Evening,Car,17,0.0,32.1,1,0
2690,2.47,Rainy,High,Evening,Car,26,1.0,54.0,1,1
3070,1.32,Clear,Medium,Afternoon,Bike,22,0.0,36.5,0,0
6442,10.66,Clear,Low,Morning,Car,14,3.0,43.2,1,1
504,16.37,Clear,High,Morning,Bike,26,7.0,89.0,1,2
3067,0.22,Clear,High,Morning,Car,9,1.0,26.4,1,0
11158,19.74,Clear,Low,Night,Scooter,14,13.0,51.8,0,1
5405,7.04,Snowy,Medium,Evening,Bike,12,1.0,53.0,1,1
8107,15.69,Windy,Medium,Evening,Bike,10,6.0,63.9,1,1
6904,10.97,Snowy,Medium,Afternoon,Bike,18,4.0,56.5,0,1
7175,8.49,Clear,Medium,Morning,Scooter,20,5.0,47.7,1,1
6476,11.6,Rainy,High,Evening,Bike,11,4.0,63.5,1,1
8979,12.5,Foggy,High,Evening,Bike,31,7.0,80.8,1,2
7733,11.37,Rainy,Medium,Morning,Bike,15,5.0,58.8,1,1
11061,18.21,Snowy,Low,Afternoon,Scooter,15,25.0,53.4,0,1
4582,6.81,Snowy,Medium,Afternoon,Scooter,27,2.0,61.7,0,1
874,8.47,Foggy,Medium,Evening,Bike,24,0.0,68.0,1,1
9485,15.73,Clear,High,Morning,Bike,30,6.0,85.4,1,2
7224,10.72,Clear,Low,Morning,Bike,25,3.0,54.3,1,1
4559,6.97,Clear,Low,Evening,Bike,14,1.0,34.0,1,0
4778,4.31,Rainy,Medium,Evening,Scooter,20,3.0,49.9,1,1
6305,10.11,Clear,High,Morning,Scooter,23,3.0,58.4,1,1
2885,2.49,Clear,High,Afternoon,Scooter,24,1.0,39.9,0,0
3542,3.07,Clear,Medium,Morning,Scooter,23,0.0,36.5,1,0
8763,13.09,Windy,Medium,Afternoon,Bike,13,6.0,48.4,0,1
7405,9.43,Rainy,Low,Evening,Car,22,5.0,46.6,1,1
3845,0.71,Clear,Low,Afternoon,Bike,24,1.0,31.1,0,0
4204,7.33,Clear,High,Evening,Bike,18,1.0,56.7,1,1
10892,18.02,Foggy,Low,Evening,Bike,24,15.0,75.5,1,2
10054,18.84,Foggy,Medium,Afternoon,Car,10,22.0,54.2,0,1
8587,12.1,Clear,Low,Evening,Bike,14,6.0,48.7,1,1
3023,1.15,Windy,High,Morning,Scooter,12,0.0,38.1,1,0
10358,18.39,Clear,Medium,Morning,Car,27,19.0,74.2,1,2
8955,13.52,Foggy,Low,Evening,Scooter,10,10.0,44.6,1,1
2400,2.88,Clear,High,Evening,Scooter,20,1.0,39.0,1,0
10972,16.86,Clear,Medium,Night,Car,32,11.0,70.3,0,2
8181,14.18,Clear,High,Evening,Scooter,20,7.0,67.6,1,1
8788,12.56,Foggy,Medium,Evening,Scooter,14,10.0,53.7,1,1
7174,9.25,Clear,High,Night,Car,24,3.0,52.6,0,1
6534,11.74,Clear,Medium,Night,Car,18,6.0,48.6,0,1
471,0.74,Rainy,Low,Morning,Car,13,4.0,21.0,1,0
5392,4.14,Foggy,High,Morning,Scooter,14,2.0,47.7,1,1
3388,0.57,Clear,Low,Afternoon,Scooter,22,0.0,25.0,0,0
4380,5.9,Rainy,Medium,Evening,Bike,24,1.0,60.0,1,1
7206,11.34,Clear,Low,Morning,Bike,15,5.0,49.8,1,1
11421,18.0,Clear,High,Morning,Bike,25,18.0,71.9,1,2
4909,4.49,Windy,Medium,Morning,Bike,18,3.0,43.5,1,1
2014,0.61,Snowy,Medium,Evening,Bike,16,0.0,45.7,1,1
9017,13.33,Clear,Low,Night,Bike,21,9.0,49.8,0,1
3119,2.24,Clear,Low,Morning,Bike,16,0.0,29.1,1,0
9902,14.99,Rainy,Low,Evening,Car,18,8.0,61.0,1,1
8612,15.3,Clear,Medium,Afternoon,Scooter,25,8.0,54.3,0,1
7848,9.05,Clear,Medium,Afternoon,Bike,17,6.0,41.8,0,1
9159,12.77,Clear,High,Afternoon,Bike,14,10.0,60.1,0,1
2568,3.83,Clear,High,Evening,Car,26,0.0,46.9,1,1
8351,13.23,Foggy,Medium,Morning,Scooter,12,10.0,51.2,1,1
3337,2.32,Clear,Medium,Evening,Bike,19,1.0,37.6,1,0
9103,14.27,Rainy,High,Afternoon,Scooter,28,9.0,76.0,0,2
4099,5.57,Clear,High,Night,Bike,17,3.0,48.3,0,1
9218,13.4,Foggy,High,Afternoon,Car,17,10.0,53.2,0,1
10883,18.75,Rainy,Medium,Evening,Bike,25,29.0,85.3,1,2
9196,14.77,Windy,High,Afternoon,Scooter,12,6.0,57.8,0,1
10612,17.52,Foggy,Low,Evening,Scooter,28,10.0,72.7,1,2
2379,1.48,Clear,Low,Evening,Bike,8,0.0,19.5,1,0
9493,13.52,Foggy,Low,Evening,Bike,20,9.0,59.7,1,1
830,9.32,Clear,Low,Morning,Scooter,6,5.0,30.0,1,0
3029,2.87,Foggy,Low,Afternoon,Bike,11,0.0,33.0,0,0
9146,13.78,Foggy,High,Evening,Bike,12,9.0,64.9,1,1
6962,11.02,Clear,Medium,Evening,Car,28,5.0,67.9,1,1
8082,13.75,Clear,Low,Afternoon,Bike,19,7.0,53.4,0,1
10205,19.81,Clear,Medium,Morning,Scooter,20,15.0,70.9,1,2
9102,15.01,Clear,Low,Morning,Scooter,18,10.0,51.9,1,1
4472,6.21,Snowy,Medium,Morning,Bike,17,1.0,56.9,1,1
588,3.01,Clear,Medium,Evening,Bike,14,4.0,26.0,1,0
8332,15.58,Windy,Low,Afternoon,Car,22,9.0,61.5,0,1
6222,11.24,Clear,Medium,Afternoon,Bike,33,6.0,65.0,0,1
6016,11.24,Rainy,Low,Night,Bike,21,6.0,56.2,0,1
307,10.57,Snowy,Low,Afternoon,Bike,28,9.0,59.0,0,1
8145,13.02,Rainy,Low,Morning,Bike,12,8.0,53.3,1,1
7561,11.01,Windy,Medium,Evening,Scooter,22,3.0,57.9,1,1
842,13.44,Clear,Medium,Morning,Car,22,1.0,79.0,1,2
3007,2.15,Windy,High,Morning,Car,15,1.0,40.1,1,1
3484,1.15,Clear,Low,Morning,Bike,16,1.0,25.0,1,0
11563,19.95,Clear,Medium,Night,Bike,10,12.0,58.4,0,1
4977,4.12,Rainy,Low,Morning,Scooter,18,2.0,43.9,1,1
2070,0.2,Clear,Medium,Morning,Bike,26,1.0,39.5,1,0
6850,8.38,Foggy,Medium,Morning,Scooter,26,6.0,53.5,1,1
8329,14.64,Clear,Medium,Afternoon,Scooter,16,9.0,51.6,0,1
3240,1.45,Clear,Medium,Night,Bike,12,0.0,29.7,0,0
10181,19.65,Clear,Low,Afternoon,Bike,30,12.0,70.7,0,2
9203,14.47,Clear,Low,Evening,Bike,14,10.0,51.1,1,1
8137,13.28,Windy,High,Evening,Scooter,9,9.0,54.1,1,1
8166,14.12,Rainy,Medium,Night,Bike,23,8.0,67.7,0,1
11098,16.07,Clear,Low,Evening,Bike,20,12.0,56.9,1,1
8190,12.16,Rainy,Medium,Afternoon,Scooter,14,6.0,53.8,0,1
3733,1.98,Foggy,High,Afternoon,Bike,8,0.0,41.4,0,1
4663,6.8,Clear,Low,Afternoon,Car,21,3.0,34.0,0,0
5067,4.95,Clear,Low,Evening,Scooter,15,2.0,25.1,1,0
11096,19.43,Rainy,Low,Morning,Bike,11,20.0,64.3,1,1
4241,7.19,Clear,Low,Evening,Bike,15,3.0,39.0,1,0
11151,18.16,Clear,Medium,Night,Scooter,9,22.0,49.0,0,1
6440,10.22,Clear,Low,Morning,Bike,16,3.0,47.5,1,1
5345,7.81,Rainy,Medium,Morning,Scooter,18,2.0,55.9,1,1
11149,17.51,Clear,Medium,Evening,Bike,29,15.0,78.9,1,2
5568,5.66,Clear,Medium,Evening,Bike,23,3.0,49.0,1,1
10762,19.55,Clear,Medium,Evening,Bike,23,21.0,77.1,1,2
3958,0.5,Clear,Medium,Evening,Bike,16,1.0,32.9,1,0
10670,19.78,Snowy,Low,Evening,Scooter,20,24.0,70.2,1,2
11973,18.98,Windy,High,Morning,Bike,18,18.0,78.4,1,2
8636,13.54,Clear,Medium,Morning,Bike,15,9.0,54.3,1,1
6597,11.34,Clear,Medium,Afternoon,Scooter,15,5.0,49.1,0,1
6642,9.55,Clear,Low,Afternoon,Car,12,3.0,31.0,0,0
248,19.35,Clear,High,Unknown,Bike,12,7.0,75.0,0,2
3709,0.85,Snowy,Low,Morning,Bike,29,1.0,52.6,1,1
3192,1.3,Clear,Medium,Afternoon,Bike,9,1.0,19.3,0,0
11930,16.49,Rainy,High,Afternoon,Scooter,22,19.0,74.2,0,2
2301,1.04,Foggy,Medium,Night,Car,13,1.0,27.2,0,0
2536,1.97,Clear,Medium,Evening,Bike,20,1.0,38.1,1,0
5344,5.39,Clear,Medium,Afternoon,Scooter,14,1.0,34.6,0,0
8407,12.85,Windy,Medium,Evening,Scooter,21,6.0,61.4,1,1
9938,15.57,Clear,Low,Evening,Bike,12,6.0,59.1,1,1
10094,18.01,Windy,Medium,Evening,Bike,26,28.0,82.3,1,2
8525,12.63,Clear,Low,Morning,Scooter,28,8.0,56.7,1,1
4200,7.29,Rainy,Low,Afternoon,Bike,14,2.0,43.3,0,1
10349,18.64,Clear,Medium,Evening,Scooter,14,28.0,57.9,1,1
2713,0.86,Snowy,Low,Evening,Scooter,11,0.0,34.0,1,0
5891,5.88,Clear,High,Evening,Bike,16,1.0,49.9,1,1
9647,15.83,Clear,Low,Evening,Scooter,14,6.0,49.3,1,1
11012,16.06,Rainy,Low,Morning,Scooter,17,30.0,55.1,1,1
10201,18.37,Clear,High,Evening,Scooter,20,18.0,72.4,1,2
62,5.79,Windy,Medium,Morning,Bike,26,6.0,49.0,1,1
9727,12.56,Clear,Medium,Night,Bike,31,8.0,68.4,0,1
4876,7.95,Clear,Medium,Afternoon,Bike,30,3.0,56.6,0,1
10809,19.32,Windy,High,Morning,Bike,19,16.0,77.8,1,2
4363,5.12,Clear,Medium,Morning,Scooter,15,2.0,37.6,1,0
7272,11.83,Snowy,Low,Morning,Car,10,4.0,52.3,1,1
303,11.04,Clear,Medium,Afternoon,Scooter,8,2.0,54.0,0,1
4904,4.4,Windy,High,Afternoon,Bike,15,3.0,43.9,0,1
774,8.25,Windy,Medium,Evening,Car,24,4.0,62.0,1,1
9062,15.94,Clear,Medium,Afternoon,Car,13,10.0,50.3,0,1
5412,6.21,Clear,Medium,Evening,Bike,17,1.0,48.2,1,1
6842,11.39,Clear,Low,Morning,Car,11,3.0,41.6,1,1
11827,19.7,Windy,High,Evening,Scooter,15,25.0,74.7,1,2
7148,11.5,Clear,High,Evening,Scooter,23,5.0,64.4,1,1
370,1.85,Clear,Medium,Evening,Bike,10,1.0,24.0,1,0
6985,10.75,Clear,High,Night,Car,18,5.0,52.4,0,1
5304,6.19,Windy,High,Morning,Car,27,1.0,57.8,1,1
11986,18.96,Windy,Low,Morning,Car,25,22.0,68.9,1,1
5177,4.67,Snowy,Low,Morning,Scooter,10,1.0,35.2,1,0
6661,9.63,Rainy,Low,Evening,Bike,7,3.0,43.2,1,1
10226,19.84,Clear,Low,Evening,Scooter,8,30.0,47.3,1,1
7904,12.0,Foggy,High,Evening,Scooter,30,5.0,73.8,1,2
10507,17.82,Rainy,Low,Morning,Car,17,26.0,68.3,1,1
7927,8.41,Snowy,High,Afternoon,Bike,13,4.0,54.9,0,1
3688,1.02,Rainy,Medium,Afternoon,Car,20,0.0,33.5,0,0
8559,12.82,Snowy,Medium,Afternoon,Bike,21,10.0,68.2,0,1
10541,16.24,Clear,Low,Morning,Car,12,21.0,42.9,1,1
855,4.5,Windy,Low,Evening,Scooter,20,6.0,32.0,1,0
9625,13.91,Clear,High,Morning,Bike,20,8.0,65.8,1,1
2615,3.97,Clear,Low,Evening,Bike,24,0.0,40.6,1,1
5694,5.37,Rainy,Medium,Morning,Scooter,29,1.0,66.0,1,1
6167,9.33,Clear,Low,Night,Car,15,6.0,31.4,0,0
9161,12.56,Rainy,Low,Morning,Bike,12,6.0,56.0,1,1
2588,0.8,Clear,High,Evening,Bike,18,1.0,39.8,1,0
8714,12.34,Rainy,Low,Afternoon,Car,12,6.0,44.6,0,1
8527,13.05,Clear,Medium,Morning,Car,19,6.0,57.1,1,1
11205,19.14,Clear,Medium,Afternoon,Bike,30,16.0,77.4,0,2
3483,2.06,Rainy,Medium,Morning,Car,25,1.0,50.9,1,1
11071,16.54,Clear,Low,Night,Bike,13,20.0,48.0,0,1
5356,5.36,Clear,Low,Morning,Car,12,2.0,23.7,1,0
5410,7.54,Clear,Medium,Afternoon,Car,16,1.0,38.7,0,0
8686,12.29,Clear,Low,Evening,Car,17,9.0,36.3,1,0
723,1.8,Clear,Unknown,Night,Bike,14,1.0,28.0,0,0
9209,12.9,Clear,High,Afternoon,Scooter,21,8.0,55.5,0,1
4106,5.61,Foggy,Low,Afternoon,Scooter,12,2.0,30.0,0,0
4781,7.6,Clear,Medium,Morning,Scooter,13,1.0,42.0,1,1
9734,15.73,Clear,Medium,Morning,Bike,21,10.0,70.1,1,2
6947,9.6,Rainy,Medium,Morning,Scooter,19,6.0,55.1,1,1
2729,0.92,Clear,Low,Night,Bike,20,0.0,26.7,0,0
6452,8.55,Windy,High,Afternoon,Scooter,17,5.0,50.0,0,1
4944,7.92,Clear,High,Evening,Bike,20,2.0,59.5,1,1
11760,18.25,Clear,Low,Night,Bike,17,14.0,53.1,0,1
3349,0.13,Clear,Low,Evening,Car,12,1.0,19.8,1,0
2731,1.41,Clear,Low,Afternoon,Bike,18,0.0,29.7,0,0
11609,17.97,Windy,Medium,Afternoon,Bike,19,21.0,65.0,0,1
7545,11.45,Rainy,High,Morning,Scooter,19,6.0,62.8,1,1
10450,17.98,Foggy,Medium,Evening,Car,20,18.0,73.1,1,2
9900,13.18,Clear,Low,Morning,Bike,14,8.0,47.5,1,1
2381,2.41,Rainy,Low,Evening,Bike,25,0.0,46.4,1,1
2348,0.48,Clear,Low,Night,Car,16,1.0,19.0,0,0
10102,20.0,Clear,Low,Afternoon,Bike,7,21.0,52.1,0,1
4723,5.29,Clear,Medium,Morning,Scooter,25,2.0,49.1,1,1
10641,17.96,Clear,Medium,Afternoon,Bike,29,24.0,74.4,0,2
11055,17.94,Snowy,Medium,Afternoon,Scooter,27,10.0,84.1,0,2
2569,0.57,Clear,Medium,Afternoon,Scooter,20,1.0,30.2,0,0
8026,14.99,Snowy,High,Evening,Bike,7,8.0,65.2,1,1
4207,5.51,Foggy,Low,Evening,Bike,17,2.0,41.8,1,1
433,12.56,Clear,High,Evening,Bike,17,5.0,69.0,1,1
9796,15.77,Foggy,Low,Afternoon,Car,20,10.0,59.2,0,1
9993,12.03,Clear,Low,Morning,Car,6,6.0,32.1,1,0
9528,14.49,Foggy,High,Afternoon,Bike,27,7.0,76.6,0,2
4722,5.07,Snowy,Medium,Afternoon,Bike,24,3.0,52.1,0,1
9599,15.6,Clear,Medium,Evening,Bike,19,9.0,63.8,1,1
11871,17.58,Clear,Medium,Afternoon,Bike,28,24.0,78.6,0,2
6583,11.78,Snowy,Low,Afternoon,Bike,25,3.0,60.7,0,1
11236,16.34,Clear,Medium,Morning,Bike,17,28.0,65.5,1,1
10056,18.34,Rainy,Medium,Morning,Bike,23,12.0,81.0,1,2
5911,6.12,Rainy,Low,Night,Bike,22,3.0,48.3,0,1
4669,7.88,Rainy,Low,Evening,Bike,15,3.0,48.0,1,1
9740,14.86,Clear,Low,Afternoon,Scooter,18,10.0,48.5,0,1
4671,6.49,Rainy,Medium,Evening,Scooter,28,1.0,61.2,1,1
4318,5.45,Foggy,Low,Afternoon,Bike,9,1.0,36.2,0,0
8283,15.17,Clear,Medium,Afternoon,Bike,22,8.0,65.7,0,1
65,5.98,Clear,Low,Evening,Car,22,9.0,35.0,1,0
10742,17.38,Rainy,Medium,Morning,Bike,13,18.0,76.2,1,2
4040,6.77,Foggy,Low,Night,Car,17,1.0,37.7,0,0
9139,14.33,Foggy,Low,Morning,Bike,19,8.0,63.7,1,1
2879,2.79,Rainy,Medium,Afternoon,Bike,23,1.0,44.4,0,1
5572,4.83,Clear,Medium,Afternoon,Scooter,27,2.0,48.4,0,1
5656,6.32,Clear,Medium,Morning,Bike,23,1.0,52.2,1,1
9310,15.04,Clear,High,Morning,Scooter,11,8.0,55.7,1,1
2390,2.84,Snowy,Medium,Evening,Bike,30,0.0,62.0,1,1
3529,3.53,Clear,Low,Afternoon,Bike,19,0.0,35.0,0,0
338,14.22,Rainy,Unknown,Evening,Car,25,8.0,84.0,1,2
5547,4.82,Clear,High,Morning,Scooter,16,1.0,45.9,1,1
7960,10.99,Clear,Medium,Morning,Scooter,18,5.0,46.8,1,1
2423,1.31,Clear,Low,Afternoon,Scooter,10,0.0,15.6,0,0
9217,13.06,Rainy,Medium,Afternoon,Car,14,7.0,49.4,0,1
4162,7.63,Clear,Low,Evening,Bike,14,2.0,44.0,1,1
2161,3.74,Clear,Medium,Evening,Bike,13,1.0,37.7,1,0
11020,18.87,Snowy,Medium,Morning,Scooter,28,12.0,89.0,1,2
7150,8.64,Clear,High,Morning,Scooter,24,6.0,59.4,1,1
4035,5.92,Clear,Medium,Evening,Scooter,18,3.0,43.2,1,1
4419,7.16,Clear,Low,Morning,Car,10,3.0,26.5,1,0
489,19.03,Clear,Medium,Morning,Scooter,8,8.0,65.0,1,1
4170,5.14,Rainy,Low,Evening,Bike,22,3.0,48.4,1,1
2112,2.6,Clear,Medium,Evening,Car,10,0.0,29.0,1,0
10276,19.92,Clear,Medium,Evening,Car,30,18.0,78.4,1,2
3744,3.19,Windy,Medium,Afternoon,Scooter,16,1.0,34.8,0,0
2929,3.63,Rainy,High,Evening,Bike,14,0.0,55.2,1,1
7126,9.64,Clear,Low,Morning,Scooter,28,5.0,50.2,1,1
9133,15.72,Clear,High,Afternoon,Bike,11,6.0,54.9,0,1
8019,15.89,Foggy,Low,Evening,Bike,28,7.0,76.0,1,2
8092,14.21,Clear,High,Afternoon,Bike,19,6.0,68.5,0,1
174,4.92,Clear,High,Morning,Scooter,12,0.0,41.0,1,1
11913,19.9,Snowy,Medium,Morning,Bike,22,30.0,84.4,1,2
11407,19.18,Rainy,High,Afternoon,Bike,14,21.0,74.3,0,2
5303,5.7,Clear,High,Morning,Scooter,10,1.0,39.6,1,0
4463,4.23,Clear,Medium,Evening,Bike,7,3.0,29.9,1,0
9093,12.38,Snowy,Low,Night,Bike,17,8.0,55.1,0,1
11569,19.13,Clear,High,Afternoon,Scooter,21,24.0,67.2,0,1
235,4.31,Rainy,Medium,Afternoon,Bike,9,2.0,35.0,0,0
483,9.36,Rainy,High,Morning,Scooter,17,2.0,65.0,1,1
5117,5.28,Clear,Low,Afternoon,Bike,19,2.0,35.7,0,0
386,16.17,Clear,Medium,Evening,Scooter,12,2.0,78.0,1,2
7390,10.89,Windy,Medium,Afternoon,Scooter,22,6.0,54.0,0,1
5713,6.08,Windy,High,Evening,Bike,12,3.0,51.2,1,1
124,2.65,Unknown,Medium,Afternoon,Car,14,4.0,35.0,0,0
4531,6.47,Rainy,Medium,Afternoon,Scooter,8,1.0,40.4,0,1
10061,19.48,Rainy,Low,Evening,Car,15,19.0,59.9,1,1
9538,14.8,Snowy,Medium,Afternoon,Bike,26,7.0,76.7,0,2
2392,0.81,Clear,High,Afternoon,Scooter,15,0.0,28.0,0,0
3728,2.49,Snowy,Low,Night,Scooter,27,1.0,43.2,0,1
6237,9.75,Clear,High,Evening,Scooter,27,5.0,64.5,1,1
4057,7.79,Windy,Medium,Night,Bike,23,3.0,50.0,0,1
6804,9.82,Clear,Medium,Evening,Car,33,3.0,63.1,1,1
9280,13.7,Foggy,Medium,Afternoon,Bike,22,7.0,64.6,0,1
8811,14.77,Clear,High,Afternoon,Scooter,21,6.0,61.6,0,1
2770,0.67,Rainy,Low,Afternoon,Bike,21,1.0,37.3,0,0
3992,2.78,Rainy,Medium,Morning,Bike,22,1.0,43.0,1,1
11783,16.83,Rainy,Medium,Afternoon,Car,21,21.0,65.7,0,1
441,2.15,Windy,Medium,Afternoon,Car,17,6.0,30.0,0,0
4492,4.47,Clear,Medium,Morning,Bike,14,2.0,38.8,1,0
10456,17.19,Clear,High,Morning,Bike,21,25.0,72.6,1,2
2279,1.78,Snowy,Medium,Morning,Scooter,12,1.0,37.1,1,0
2195,0.14,Clear,Medium,Evening,Bike,20,0.0,33.4,1,0
8593,14.55,Clear,Medium,Afternoon,Scooter,9,10.0,48.4,0,1
10477,18.65,Foggy,High,Night,Bike,25,16.0,75.9,0,2
6508,8.98,Clear,Medium,Morning,Bike,20,3.0,47.9,1,1
283,7.82,Rainy,Medium,Evening,Bike,16,8.0,45.0,1,1
3660,0.46,Clear,High,Afternoon,Bike,11,0.0,30.0,0,0
2168,2.72,Snowy,High,Morning,Bike,12,0.0,50.4,1,1
2617,3.42,Foggy,Medium,Evening,Car,17,1.0,34.2,1,0
7208,8.21,Windy,High,Afternoon,Bike,18,5.0,51.2,0,1
753,12.74,Clear,Low,Afternoon,Scooter,12,0.0,63.0,0,1
9933,13.39,Clear,Medium,Morning,Bike,16,7.0,66.0,1,1
5455,4.38,Windy,Medium,Morning,Bike,18,3.0,43.8,1,1
392,8.55,Clear,Low,Evening,Scooter,28,8.0,46.0,1,1
4491,6.81,Windy,Medium,Afternoon,Car,16,3.0,42.8,0,1
2768,1.33,Clear,Low,Morning,Car,18,1.0,25.5,1,0
9169,14.97,Rainy,Low,Afternoon,Bike,26,6.0,66.7,0,1
3895,0.82,Clear,Medium,Night,Bike,14,1.0,31.7,0,0
10238,19.38,Rainy,Low,Night,Bike,22,18.0,73.2,0,2
4931,5.27,Rainy,Low,Morning,Scooter,8,3.0,28.4,1,0
4235,4.42,Foggy,High,Evening,Scooter,20,2.0,50.0,1,1
9510,12.67,Rainy,Medium,Morning,Bike,13,9.0,55.2,1,1
7376,9.59,Rainy,Medium,Evening,Scooter,12,3.0,54.5,1,1
3348,2.73,Clear,Medium,Night,Scooter,13,0.0,26.9,0,0
6856,10.59,Windy,Low,Afternoon,Car,15,4.0,45.8,0,1
4574,6.7,Snowy,Medium,Evening,Car,24,1.0,58.2,1,1
4813,6.65,Rainy,Medium,Afternoon,Bike,20,2.0,52.9,0,1
8827,14.83,Clear,Low,Afternoon,Scooter,22,10.0,48.4,0,1
9153,13.31,Windy,Low,Evening,Car,21,6.0,54.3,1,1
2114,3.28,Rainy,High,Evening,Scooter,17,1.0,44.9,1,1
11112,16.68,Clear,Medium,Evening,Car,12,17.0,54.5,1,1
398,8.87,Clear,Low,Evening,Bike,19,3.0,55.0,1,1
4085,6.03,Rainy,High,Evening,Scooter,9,3.0,47.7,1,1
3650,2.94,Snowy,High,Afternoon,Scooter,16,1.0,54.7,0,1
11332,17.8,Clear,Low,Evening,Bike,14,27.0,54.6,1,1
6289,8.21,Windy,Medium,Afternoon,Scooter,20,4.0,53.0,0,1
7839,9.04,Clear,High,Evening,Car,12,4.0,48.1,1,1
6299,10.38,Rainy,Medium,Morning,Bike,24,6.0,64.0,1,1
6795,9.09,Clear,Low,Night,Bike,14,6.0,37.4,0,0
2871,1.51,Foggy,Low,Evening,Bike,28,1.0,49.3,1,1
922,10.0,Clear,Medium,Afternoon,Scooter,6,9.0,47.0,0,1
7712,11.38,Rainy,Low,Morning,Bike,31,3.0,67.5,1,1
10791,16.0,Snowy,Low,Afternoon,Scooter,16,16.0,53.8,0,1
6684,8.41,Foggy,Low,Afternoon,Bike,28,5.0,52.7,0,1
2389,0.42,Clear,Medium,Evening,Bike,15,1.0,29.3,1,0
361,8.07,Windy,Low,Evening,Bike,21,4.0,48.0,1,1
9364,14.43,Snowy,Medium,Afternoon,Bike,25,7.0,77.2,0,2
6866,9.89,Clear,Medium,Afternoon,Bike,30,4.0,58.5,0,1
950,12.15,Clear,High,Morning,Car,12,6.0,63.0,1,1
4374,5.45,Clear,Medium,Morning,Bike,11,1.0,43.8,1,1
5949,7.69,Snowy,High,Morning,Bike,16,1.0,65.3,1,1
7169,9.36,Clear,Medium,Evening,Bike,18,3.0,54.0,1,1
2004,0.14,Foggy,Medium,Morning,Bike,22,0.0,46.3,1,1
3747,1.59,Foggy,Medium,Evening,Bike,27,0.0,52.6,1,1
8491,13.92,Clear,Low,Morning,Bike,21,8.0,56.8,1,1
2180,3.19,Foggy,Low,Afternoon,Bike,19,0.0,44.5,0,1
2345,0.98,Foggy,Medium,Afternoon,Car,27,1.0,42.2,0,1
5927,4.45,Rainy,Medium,Afternoon,Bike,16,3.0,41.3,0,1
6389,11.97,Foggy,Medium,Morning,Scooter,20,4.0,61.9,1,1
8068,13.83,Clear,High,Afternoon,Bike,15,8.0,63.0,0,1
2774,1.71,Snowy,Low,Afternoon,Scooter,8,0.0,30.4,0,0
9711,14.31,Clear,High,Night,Car,16,10.0,53.4,0,1
4371,7.26,Clear,High,Morning,Bike,20,1.0,52.5,1,1
11724,18.26,Clear,Medium,Evening,Scooter,15,11.0,56.9,1,1
3776,3.13,Rainy,Medium,Morning,Car,17,0.0,38.4,1,0
4986,5.58,Clear,Low,Afternoon,Bike,13,2.0,34.0,0,0
6030,10.32,Windy,Low,Evening,Bike,22,6.0,50.5,1,1
4895,6.0,Windy,Low,Evening,Scooter,17,3.0,34.5,1,0
3402,0.35,Clear,Low,Evening,Bike,6,1.0,13.4,1,0
3346,0.34,Rainy,Low,Evening,Bike,17,1.0,33.8,1,0
3466,1.08,Rainy,Low,Morning,Car,18,0.0,33.7,1,0
8534,12.21,Clear,High,Evening,Bike,21,7.0,72.0,1,2
10190,18.19,Snowy,High,Afternoon,Car,25,26.0,76.4,0,2
10260,18.37,Rainy,Low,Morning,Bike,26,11.0,76.2,1,2
9815,14.21,Rainy,High,Morning,Car,10,8.0,62.7,1,1
4870,4.7,Clear,Medium,Afternoon,Scooter,30,3.0,46.6,0,1
2187,3.58,Clear,Low,Morning,Bike,23,0.0,39.7,1,0
8825,15.02,Rainy,Medium,Evening,Bike,14,7.0,67.7,1,1
5704,7.21,Rainy,Low,Morning,Car,9,3.0,32.3,1,0
7935,9.79,Clear,Medium,Night,Scooter,13,4.0,38.7,0,0
2035,2.65,Clear,High,Afternoon,Bike,26,1.0,54.1,0,1
3205,0.98,Clear,Medium,Night,Bike,21,1.0,42.2,0,1
6992,8.47,Snowy,Medium,Afternoon,Scooter,20,6.0,57.0,0,1
9282,12.33,Clear,High,Afternoon,Car,26,9.0,57.7,0,1
10561,16.33,Clear,Low,Evening,Car,11,17.0,46.3,1,1
6484,10.08,Clear,Medium,Morning,Car,27,4.0,57.1,1,1
2172,0.4,Rainy,Medium,Night,Car,22,0.0,37.8,0,0
8199,15.24,Clear,Medium,Afternoon,Bike,18,9.0,57.4,0,1
2838,3.49,Windy,Low,Evening,Bike,10,1.0,34.4,1,0
8890,14.26,Rainy,Low,Afternoon,Scooter,22,9.0,54.3,0,1
3556,3.68,Foggy,Low,Afternoon,Car,20,0.0,32.1,0,0
3861,2.98,Rainy,High,Afternoon,Bike,15,0.0,48.7,0,1
10185,19.55,Clear,Low,Evening,Bike,13,24.0,65.2,1,1
5313,7.4,Rainy,Medium,Morning,Car,17,1.0,45.8,1,1
3271,2.75,Windy,Medium,Evening,Scooter,17,1.0,34.0,1,0
10445,18.77,Snowy,High,Morning,Scooter,17,29.0,79.0,1,2
5326,5.02,Snowy,Low,Evening,Bike,15,3.0,43.3,1,1
8125,12.08,Clear,Low,Afternoon,Car,26,6.0,49.4,0,1
4496,6.32,Rainy,High,Afternoon,Scooter,25,2.0,57.2,0,1
9975,12.82,Foggy,High,Afternoon,Bike,10,6.0,55.9,0,1
8307,13.41,Rainy,Low,Evening,Car,16,9.0,46.7,1,1
11570,19.34,Rainy,High,Evening,Bike,16,21.0,82.7,1,2
10240,19.7,Clear,Medium,Evening,Bike,31,24.0,84.2,1,2
624,9.95,Windy,High,Evening,Scooter,21,5.0,72.0,1,2
6555,8.81,Clear,Low,Night,Bike,20,4.0,41.6,0,1
4074,4.7,Snowy,Medium,Afternoon,Bike,19,1.0,50.7,0,1
2005,3.92,Clear,Medium,Evening,Bike,23,0.0,48.6,1,1
4558,5.03,Clear,Medium,Night,Bike,22,2.0,50.8,0,1
7476,10.28,Clear,Low,Morning,Bike,24,4.0,52.6,1,1
6699,10.31,Rainy,Low,Morning,Car,16,5.0,46.0,1,1
8595,15.58,Windy,Low,Evening,Car,14,8.0,48.8,1,1
2451,1.61,Clear,Low,Afternoon,Bike,19,1.0,27.5,0,0
10015,19.21,Clear,Medium,Night,Car,18,13.0,66.7,0,1
3040,0.65,Clear,High,Evening,Bike,22,0.0,46.5,1,1
2306,0.47,Clear,Low,Evening,Bike,24,1.0,32.5,1,0
5180,4.78,Rainy,High,Afternoon,Bike,20,1.0,57.6,0,1
543,4.96,Rainy,High,Morning,Bike,21,0.0,60.0,1,1
534,11.33,Unknown,Low,Morning,Bike,25,3.0,60.0,1,1
7566,11.27,Clear,High,Evening,Bike,8,3.0,50.6,1,1
5604,6.72,Clear,Medium,Morning,Bike,23,1.0,55.6,1,1
10221,19.03,Clear,Low,Evening,Car,14,26.0,60.0,1,1
2054,3.24,Rainy,Low,Morning,Scooter,24,0.0,46.9,1,1
166,16.79,Foggy,High,Afternoon,Bike,24,6.0,85.0,0,2
10900,18.85,Clear,Low,Afternoon,Bike,24,12.0,65.9,0,1
11142,18.5,Windy,High,Afternoon,Bike,11,18.0,72.3,0,2
8544,13.56,Rainy,High,Morning,Scooter,24,7.0,75.3,1,2
11425,19.71,Rainy,Low,Afternoon,Bike,22,11.0,71.2,0,2
9044,14.66,Clear,Medium,Evening,Bike,18,6.0,63.3,1,1
11734,19.52,Clear,High,Afternoon,Car,10,24.0,64.4,0,1
11832,18.32,Clear,High,Night,Bike,24,26.0,79.5,0,2
859,11.51,Foggy,Low,Afternoon,Car,5,7.0,57.0,0,1
3567,1.03,Clear,Low,Evening,Bike,12,0.0,27.5,1,0
10850,17.21,Windy,Medium,Evening,Scooter,13,30.0,57.8,1,1
8585,12.03,Clear,High,Morning,Scooter,12,7.0,52.0,1,1
7473,11.57,Windy,Low,Morning,Bike,23,6.0,57.8,1,1
11014,18.38,Clear,Low,Afternoon,Bike,26,27.0,68.6,0,1
10126,16.8,Clear,Low,Afternoon,Car,13,28.0,46.5,0,1
9663,15.03,Rainy,Medium,Night,Bike,17,9.0,58.8,0,1
11976,19.97,Clear,Medium,Morning,Bike,15,10.0,69.6,1,1
5618,5.73,Clear,High,Afternoon,Bike,20,3.0,51.3,0,1
8693,14.99,Snowy,Low,Afternoon,Bike,27,8.0,71.8,0,2
8518,15.99,Rainy,Low,Morning,Scooter,30,6.0,75.0,1,2
6459,9.44,Clear,Low,Afternoon,Bike,29,3.0,50.3,0,1
4465,7.9,Clear,High,Morning,Scooter,16,2.0,52.3,1,1
4243,6.68,Clear,Low,Morning,Scooter,16,3.0,42.6,1,1
8185,13.95,Clear,Medium,Morning,Scooter,26,6.0,68.5,1,1
2286,2.93,Clear,Medium,Evening,Bike,13,1.0,36.5,1,0
6879,8.08,Clear,Medium,Afternoon,Bike,9,5.0,34.5,0,0
600,1.3,Foggy,Low,Evening,Bike,19,5.0,29.0,1,0
2378,2.52,Clear,Medium,Afternoon,Car,20,0.0,35.9,0,0
7644,8.73,Clear,Medium,Evening,Bike,10,6.0,41.6,1,1
8596,12.98,Clear,Medium,Evening,Scooter,22,9.0,60.3,1,1
6443,9.49,Snowy,Medium,Morning,Bike,18,5.0,62.0,1,1
8203,15.05,Rainy,Medium,Afternoon,Scooter,20,8.0,63.4,0,1
9346,13.31,Rainy,Medium,Afternoon,Scooter,22,6.0,63.8,0,1
3886,3.82,Clear,Medium,Morning,Scooter,23,0.0,36.2,1,0
5253,7.28,Clear,Low,Morning,Bike,22,3.0,48.0,1,1
7836,11.93,Clear,Low,Afternoon,Bike,18,6.0,49.5,0,1
10357,16.07,Rainy,Medium,Morning,Bike,18,12.0,67.2,1,1
4083,7.6,Rainy,Medium,Afternoon,Bike,10,1.0,45.4,0,1
8654,14.87,Rainy,Low,Morning,Bike,15,10.0,59.6,1,1
698,11.83,Clear,Low,Evening,Scooter,9,7.0,32.0,1,0
9980,13.63,Clear,Medium,Night,Bike,15,9.0,49.3,0,1
6136,9.43,Clear,Low,Evening,Scooter,33,3.0,56.7,1,1
5108,4.22,Rainy,Medium,Morning,Bike,21,1.0,60.3,1,1
520,3.43,Windy,Medium,Morning,Bike,7,6.0,23.0,1,0
7803,9.53,Foggy,Low,Afternoon,Car,10,3.0,34.9,0,0
10887,17.81,Clear,Low,Evening,Bike,18,11.0,60.9,1,1
3707,1.2,Clear,Low,Afternoon,Scooter,32,0.0,33.7,0,0
8175,13.19,Clear,High,Afternoon,Car,28,7.0,65.5,0,1
9576,14.6,Windy,Low,Afternoon,Car,25,6.0,57.5,0,1
7309,9.48,Clear,Low,Afternoon,Bike,16,3.0,40.8,0,1
5413,6.76,Rainy,Low,Afternoon,Scooter,14,1.0,36.0,0,0
3836,2.47,Clear,High,Evening,Bike,12,1.0,39.6,1,0
6631,11.73,Clear,Medium,Afternoon,Scooter,9,3.0,41.3,0,1
3383,3.66,Rainy,Low,Morning,Bike,29,0.0,52.5,1,1
5058,5.2,Clear,Low,Evening,Scooter,15,2.0,27.9,1,0
11105,18.23,Foggy,Medium,Afternoon,Car,17,21.0,54.5,0,1
4983,6.19,Clear,Low,Afternoon,Bike,22,2.0,38.7,0,0
3391,1.21,Windy,Medium,Morning,Scooter,21,1.0,40.0,1,0
8180,14.56,Clear,High,Afternoon,Bike,11,6.0,54.8,0,1
2176,1.96,Clear,Low,Night,Bike,15,0.0,25.4,0,0
5997,4.1,Clear,Medium,Evening,Scooter,14,2.0,35.3,1,0
6422,8.37,Clear,Low,Night,Bike,14,6.0,34.8,0,0
4252,6.47,Foggy,Medium,Afternoon,Scooter,11,2.0,35.5,0,0
9681,12.9,Windy,High,Morning,Bike,28,6.0,78.3,1,2
8441,12.83,Rainy,Medium,Morning,Scooter,18,6.0,61.0,1,1
2010,0.81,Clear,Medium,Morning,Car,13,1.0,24.3,1,0
9955,14.2,Snowy,High,Morning,Car,22,7.0,74.3,1,2
6281,8.46,Clear,Low,Morning,Car,13,3.0,34.5,1,0
6523,11.42,Foggy,Medium,Afternoon,Bike,31,3.0,67.2,0,1
9225,12.07,Rainy,Low,Morning,Car,27,7.0,58.0,1,1
2001,1.24,Foggy,Low,Afternoon,Bike,11,1.0,19.3,0,0
7726,9.21,Snowy,Medium,Morning,Bike,16,3.0,59.9,1,1
2901,3.54,Clear,Medium,Evening,Bike,22,1.0,42.8,1,1
9491,14.66,Windy,Low,Afternoon,Scooter,29,8.0,63.2,0,1
3149,3.18,Rainy,Medium,Evening,Bike,28,0.0,55.2,1,1
10734,17.89,Clear,High,Evening,Scooter,18,20.0,68.0,1,1
4028,4.04,Clear,Low,Morning,Bike,17,2.0,34.2,1,0
486,18.07,Clear,High,Afternoon,Scooter,5,2.0,67.0,0,1
6168,9.34,Clear,Low,Afternoon,Bike,13,3.0,43.3,0,1
5178,6.01,Clear,Medium,Evening,Scooter,15,1.0,39.2,1,0
3387,3.9,Foggy,Medium,Afternoon,Scooter,23,0.0,44.5,0,1
8464,12.83,Clear,Medium,Night,Scooter,22,9.0,55.9,0,1
5721,6.27,Rainy,Low,Evening,Scooter,10,1.0,40.7,1,1
5042,4.98,Windy,Low,Evening,Scooter,18,3.0,35.0,1,0
2521,3.33,Snowy,High,Night,Bike,16,1.0,52.6,0,1
2036,0.41,Clear,High,Evening,Car,15,0.0,30.0,1,0
818,8.28,Snowy,Low,Evening,Car,29,7.0,58.0,1,1
6221,10.28,Clear,Low,Morning,Car,29,4.0,51.9,1,1
2513,0.66,Clear,Medium,Afternoon,Car,22,1.0,31.3,0,0
2256,3.09,Foggy,Medium,Morning,Car,12,1.0,30.1,1,0
2763,1.14,Clear,Medium,Morning,Bike,18,0.0,41.5,1,1
7919,10.11,Snowy,Medium,Afternoon,Bike,26,5.0,67.6,0,1
4072,5.33,Clear,Medium,Morning,Car,17,1.0,37.3,1,0
9204,15.12,Windy,Medium,Morning,Bike,23,9.0,69.6,1,1
3635,0.48,Windy,Low,Morning,Bike,10,1.0,23.1,1,0
5366,4.98,Clear,Medium,Afternoon,Bike,11,1.0,36.2,0,0
2300,1.09,Rainy,High,Morning,Bike,13,1.0,45.8,1,1
7488,9.11,Clear,Low,Morning,Car,14,5.0,39.3,1,0
692,8.8,Rainy,Medium,Afternoon,Bike,6,2.0,38.0,0,0
6969,9.22,Clear,High,Afternoon,Bike,24,3.0,62.3,0,1
9336,15.42,Windy,High,Evening,Bike,23,8.0,74.3,1,2
7301,9.46,Rainy,Medium,Afternoon,Scooter,14,4.0,49.2,0,1
5826,5.12,Rainy,Low,Evening,Bike,25,3.0,55.9,1,1
3927,3.11,Clear,Medium,Evening,Scooter,24,0.0,41.4,1,1
3705,1.15,Clear,Medium,Morning,Bike,10,1.0,26.5,1,0
9801,12.63,Clear,Low,Morning,Car,19,8.0,47.8,1,1
10386,19.6,Clear,Medium,Evening,Bike,11,17.0,66.5,1,1
2739,2.27,Clear,Low,Afternoon,Bike,14,0.0,29.9,0,0
11358,16.24,Rainy,Medium,Evening,Car,24,28.0,69.4,1,1
7053,9.64,Rainy,Low,Evening,Bike,23,3.0,59.5,1,1
7583,10.37,Clear,Low,Evening,Bike,33,5.0,60.1,1,1
3588,1.3,Rainy,Medium,Morning,Bike,17,1.0,35.7,1,0
6922,9.62,Clear,Low,Morning,Scooter,16,4.0,44.9,1,1
5189,6.37,Clear,Medium,Evening,Bike,23,1.0,49.7,1,1
6541,11.6,Clear,Low,Morning,Bike,9,5.0,45.4,1,1
8872,15.82,Rainy,Low,Evening,Bike,20,9.0,63.8,1,1
757,12.59,Windy,Medium,Morning,Bike,13,9.0,62.0,1,1
7207,11.17,Clear,Low,Evening,Bike,16,3.0,52.9,1,1
669,4.14,Clear,Medium,Morning,Scooter,14,2.0,30.0,1,0
11334,16.13,Rainy,Low,Afternoon,Car,15,24.0,54.3,0,1
8611,14.69,Foggy,Medium,Morning,Bike,13,7.0,70.8,1,2
5119,5.31,Clear,Low,Evening,Bike,18,3.0,38.3,1,0
8726,12.22,Clear,Low,Evening,Bike,12,8.0,42.6,1,1
9672,14.06,Clear,Low,Afternoon,Scooter,12,7.0,40.1,0,1
3767,2.57,Windy,Low,Evening,Scooter,25,0.0,35.5,1,0
6409,8.51,Snowy,Medium,Afternoon,Car,16,3.0,53.4,0,1
10646,18.13,Clear,Medium,Morning,Bike,27,29.0,77.5,1,2
70,19.74,Unknown,Low,Unknown,Car,21,7.0,71.0,0,2
3136,3.74,Clear,High,Evening,Bike,12,0.0,37.2,1,0
7001,10.74,Clear,Medium,Night,Bike,25,5.0,56.4,0,1
6364,10.5,Windy,Low,Morning,Scooter,16,5.0,46.2,1,1
7328,10.64,Windy,Medium,Afternoon,Bike,18,5.0,55.8,0,1
10606,16.21,Clear,Medium,Evening,Scooter,8,22.0,44.1,1,1
7029,9.68,Rainy,Low,Morning,Bike,24,4.0,58.2,1,1
6380,9.75,Clear,Low,Evening,Bike,13,4.0,45.3,1,1
7179,8.93,Rainy,Low,Evening,Bike,20,3.0,55.2,1,1
11789,16.49,Clear,Low,Morning,Bike,28,19.0,68.2,1,1
6390,8.16,Rainy,Medium,Morning,Scooter,19,4.0,55.4,1,1
6017,8.84,Clear,Medium,Afternoon,Car,10,6.0,36.0,0,0
7610,10.32,Foggy,Low,Evening,Scooter,28,4.0,62.1,1,1
7977,8.74,Foggy,Low,Night,Car,24,6.0,45.7,0,1
2162,3.89,Windy,Low,Morning,Car,16,1.0,34.5,1,0
2955,2.44,Windy,High,Morning,Bike,15,1.0,39.9,1,0
9073,15.56,Clear,Medium,Afternoon,Bike,30,7.0,71.4,0,2
11326,17.78,Rainy,Medium,Evening,Bike,22,19.0,80.2,1,2
11082,18.43,Clear,Medium,Evening,Bike,32,24.0,77.4,1,2
6372,8.33,Clear,Medium,Morning,Bike,22,5.0,49.2,1,1
9659,14.82,Clear,Medium,Afternoon,Scooter,26,10.0,58.3,0,1
2124,1.47,Clear,Medium,Afternoon,Car,19,0.0,27.7,0,0
8719,15.79,Rainy,Low,Afternoon,Bike,12,7.0,52.6,0,1
7172,9.67,Rainy,Low,Evening,Bike,24,5.0,58.9,1,1
9403,13.3,Clear,Low,Afternoon,Bike,23,6.0,56.6,0,1
9156,13.4,Foggy,Low,Afternoon,Scooter,20,8.0,53.1,0,1
6872,11.81,Clear,High,Afternoon,Scooter,24,4.0,60.9,0,1
6921,11.22,Clear,Low,Morning,Bike,15,5.0,52.2,1,1
4265,5.07,Rainy,Low,Afternoon,Bike,16,3.0,40.4,0,1
378,0.95,Rainy,Medium,Morning,Car,27,0.0,44.0,1,1
4798,4.37,Clear,Medium,Afternoon,Scooter,16,1.0,36.4,0,0
8459,12.99,Rainy,High,Morning,Bike,22,6.0,73.7,1,2
11592,17.37,Clear,High,Evening,Bike,27,20.0,84.8,1,2
6714,11.12,Windy,Medium,Afternoon,Scooter,29,4.0,60.4,0,1
11471,16.09,Rainy,Medium,Night,Bike,20,11.0,68.6,0,1
6577,8.68,Snowy,Low,Evening,Bike,32,6.0,68.1,1,1
645,2.84,Clear,Low,Evening,Scooter,24,2.0,35.0,1,0
3505,2.2,Snowy,High,Evening,Bike,6,0.0,46.4,1,1
3326,1.06,Snowy,Medium,Afternoon,Car,23,0.0,41.3,0,1
3063,2.9,Clear,Medium,Evening,Scooter,11,0.0,24.5,1,0
4899,6.64,Rainy,Low,Morning,Scooter,22,2.0,49.5,1,1
3619,1.54,Windy,Medium,Afternoon,Bike,15,0.0,33.8,0,0
4100,4.31,Clear,Low,Morning,Scooter,17,2.0,35.1,1,0
4288,7.17,Foggy,Low,Morning,Scooter,17,1.0,41.6,1,1
5810,6.3,Foggy,High,Night,Bike,13,2.0,44.0,0,1
9502,14.72,Foggy,High,Morning,Scooter,29,10.0,80.5,1,2
8661,15.3,Clear,Medium,Evening,Bike,15,6.0,62.4,1,1
7750,8.01,Windy,Medium,Evening,Scooter,25,6.0,54.2,1,1
9731,12.51,Rainy,Medium,Afternoon,Car,21,10.0,59.5,0,1
4805,7.16,Clear,Low,Morning,Bike,17,3.0,39.1,1,0
6385,9.73,Snowy,Medium,Afternoon,Scooter,16,5.0,53.4,0,1
11287,19.9,Snowy,Low,Afternoon,Bike,16,11.0,64.6,0,1
8709,14.15,Rainy,Low,Night,Car,19,8.0,46.3,0,1
11774,16.1,Rainy,Low,Afternoon,Bike,20,15.0,60.9,0,1
2622,2.85,Rainy,Low,Evening,Bike,15,1.0,42.3,1,1
5922,5.88,Snowy,Low,Afternoon,Car,22,3.0,42.4,0,1
5941,6.69,Clear,Low,Evening,Bike,13,3.0,37.7,1,0
4679,5.25,Foggy,Medium,Evening,Bike,16,3.0,47.6,1,1
9316,13.25,Clear,High,Morning,Scooter,18,8.0,55.5,1,1
6255,9.64,Snowy,High,Evening,Bike,12,4.0,60.6,1,1
4640,7.71,Clear,Low,Afternoon,Car,25,1.0,39.9,0,0
3431,1.85,Windy,Medium,Afternoon,Bike,11,0.0,32.0,0,0
2776,0.15,Snowy,Medium,Afternoon,Scooter,14,0.0,29.9,0,0
8496,13.66,Clear,Medium,Afternoon,Bike,10,9.0,45.0,0,1
8197,14.4,Foggy,Low,Night,Car,14,10.0,44.8,0,1
935,3.85,Rainy,Medium,Afternoon,Bike,26,3.0,46.0,0,1
7385,8.73,Clear,Medium,Afternoon,Car,17,5.0,37.5,0,0
5054,4.54,Foggy,Medium,Afternoon,Bike,16,3.0,43.7,0,1
11576,19.14,Rainy,Medium,Night,Bike,14,18.0,71.8,0,2
4548,7.73,Clear,Medium,Morning,Car,20,3.0,47.1,1,1
10369,16.28,Clear,Medium,Evening,Bike,22,29.0,68.4,1,1
10031,16.59,Rainy,Medium,Evening,Car,11,21.0,59.7,1,1
2759,1.28,Clear,High,Morning,Scooter,25,1.0,50.5,1,1
6474,11.42,Clear,Medium,Evening,Scooter,20,5.0,55.4,1,1
9523,15.56,Clear,Low,Morning,Bike,24,8.0,68.9,1,1
452,11.39,Rainy,High,Evening,Scooter,14,1.0,72.0,1,2
2034,3.54,Clear,Medium,Morning,Bike,18,1.0,39.8,1,0
3305,1.53,Snowy,Low,Evening,Car,22,1.0,35.3,1,0
7985,10.86,Rainy,Medium,Morning,Car,16,3.0,59.5,1,1
7341,11.13,Clear,Medium,Afternoon,Scooter,18,4.0,45.1,0,1
11303,19.71,Clear,High,Evening,Scooter,14,16.0,68.9,1,1
8784,14.69,Clear,Medium,Afternoon,Bike,24,6.0,63.4,0,1
6545,9.45,Clear,Medium,Evening,Bike,10,6.0,40.0,1,0
3474,2.99,Rainy,Medium,Morning,Car,16,1.0,37.9,1,0
5003,7.86,Clear,Low,Morning,Scooter,9,2.0,31.6,1,0
5503,6.82,Clear,Low,Morning,Bike,30,1.0,51.8,1,1
9337,13.57,Rainy,High,Evening,Bike,18,6.0,74.2,1,2
8276,14.01,Foggy,Medium,Afternoon,Car,13,7.0,51.6,0,1
6771,10.33,Rainy,Medium,Night,Scooter,24,5.0,59.9,0,1
5898,4.69,Clear,Medium,Afternoon,Car,25,1.0,40.9,0,1
6233,9.94,Foggy,Low,Evening,Scooter,22,5.0,50.2,1,1
9638,13.67,Windy,Medium,Morning,Bike,21,6.0,67.3,1,1
5053,5.35,Rainy,Medium,Afternoon,Bike,21,2.0,54.7,0,1
2264,3.15,Clear,Medium,Afternoon,Bike,22,1.0,34.1,0,0
4211,6.45,Windy,Low,Morning,Car,17,3.0,32.8,1,0
4799,6.84,Rainy,Low,Morning,Scooter,16,2.0,42.7,1,1
5986,4.6,Clear,Medium,Evening,Bike,17,2.0,41.2,1,1
9554,13.81,Clear,Medium,Afternoon,Car,19,7.0,51.3,0,1
269,7.51,Rainy,Low,Evening,Car,27,6.0,50.0,1,1
5082,5.38,Clear,Low,Evening,Bike,18,1.0,39.4,1,0
7365,11.79,Snowy,Low,Evening,Scooter,11,5.0,48.9,1,1
3702,3.45,Windy,Low,Afternoon,Scooter,20,0.0,29.6,0,0
7127,10.13,Clear,High,Morning,Bike,28,4.0,71.1,1,2
5833,5.03,Clear,Low,Morning,Bike,10,2.0,33.9,1,0
8710,12.34,Clear,Low,Afternoon,Car,13,9.0,33.3,0,0
10412,18.32,Rainy,Low,Evening,Bike,15,25.0,62.6,1,1
2131,0.99,Clear,High,Evening,Scooter,21,0.0,43.6,1,1
9960,13.3,Windy,Low,Morning,Bike,19,7.0,58.0,1,1
7232,11.84,Windy,High,Evening,Car,14,4.0,57.0,1,1
4408,6.13,Clear,Medium,Afternoon,Scooter,15,2.0,32.1,0,0
5772,7.99,Windy,Medium,Morning,Car,15,1.0,47.7,1,1
7717,11.85,Snowy,Medium,Evening,Car,22,6.0,72.0,1,2
10948,19.68,Foggy,Medium,Evening,Bike,25,19.0,87.6,1,2
7335,11.5,Clear,Medium,Afternoon,Scooter,29,6.0,60.9,0,1
3002,1.43,Clear,Medium,Afternoon,Scooter,26,0.0,39.3,0,0
5512,4.54,Foggy,Medium,Afternoon,Bike,15,3.0,40.2,0,1
11517,17.94,Snowy,Medium,Evening,Bike,32,30.0,89.0,1,2
10113,19.69,Windy,Low,Morning,Bike,25,17.0,73.6,1,2
656,2.99,Windy,Medium,Morning,Bike,27,5.0,41.0,1,1
10277,17.32,Clear,Medium,Afternoon,Bike,12,11.0,55.4,0,1
5705,4.68,Clear,Medium,Morning,Scooter,23,3.0,46.2,1,1
4046,6.27,Clear,Low,Morning,Scooter,24,1.0,48.7,1,1
3731,0.81,Windy,High,Evening,Scooter,22,1.0,44.2,1,1
9600,12.42,Rainy,Low,Night,Bike,22,9.0,60.5,0,1
4643,4.57,Rainy,Medium,Evening,Scooter,16,1.0,48.1,1,1
4137,4.62,Clear,Low,Night,Scooter,14,3.0,24.7,0,0
8139,12.25,Clear,Medium,Evening,Car,15,8.0,49.3,1,1
3490,3.53,Clear,Low,Night,Car,16,0.0,23.2,0,0
5882,5.01,Windy,Medium,Morning,Scooter,24,1.0,52.6,1,1
2769,3.69,Clear,High,Morning,Bike,16,1.0,48.2,1,1
8482,15.39,Clear,High,Evening,Bike,30,8.0,81.8,1,2
5658,7.63,Clear,Low,Evening,Bike,13,2.0,38.4,1,0
4630,6.2,Clear,Low,Morning,Car,7,3.0,21.1,1,0
10368,17.13,Foggy,Low,Afternoon,Car,19,20.0,55.9,0,1
3737,3.95,Snowy,High,Morning,Bike,29,1.0,67.5,1,1
280,16.02,Clear,Low,Evening,Bike,20,7.0,61.0,1,1
9499,12.16,Rainy,Medium,Afternoon,Bike,18,7.0,62.6,0,1
2842,3.4,Foggy,Low,Morning,Bike,20,0.0,39.8,1,0
11252,16.76,Clear,Medium,Evening,Car,20,13.0,60.1,1,1
10876,18.63,Clear,Low,Evening,Bike,22,10.0,72.3,1,2
3699,3.31,Windy,High,Evening,Bike,26,0.0,59.6,1,1
3254,0.32,Rainy,Medium,Evening,Scooter,27,0.0,48.5,1,1
9780,14.87,Foggy,Medium,Afternoon,Scooter,28,8.0,75.0,0,2
6825,9.93,Clear,Low,Night,Bike,9,4.0,31.4,0,0
9053,13.7,Clear,Low,Morning,Scooter,22,10.0,51.9,1,1
3623,1.14,Snowy,Low,Morning,Bike,29,0.0,53.9,1,1
2586,3.05,Rainy,Low,Morning,Bike,26,1.0,51.6,1,1
10969,19.06,Windy,Low,Afternoon,Bike,15,30.0,56.6,0,1
6127,11.64,Rainy,Medium,Morning,Scooter,15,6.0,59.9,1,1
10923,16.1,Clear,High,Evening,Car,27,10.0,70.2,1,2
3230,0.8,Clear,Low,Evening,Car,24,0.0,25.6,1,0
8671,14.45,Clear,High,Evening,Scooter,11,6.0,60.4,1,1
6039,9.73,Clear,High,Afternoon,Bike,22,6.0,60.7,0,1
270,6.23,Clear,Medium,Evening,Car,20,1.0,51.0,1,1
6277,9.58,Clear,Low,Night,Scooter,14,6.0,28.8,0,0
7627,11.85,Foggy,Low,Evening,Scooter,13,4.0,47.4,1,1
7122,11.68,Clear,Low,Afternoon,Car,14,4.0,38.5,0,0
3538,2.14,Foggy,Medium,Evening,Bike,26,0.0,47.7,1,1
11621,16.08,Clear,Low,Morning,Scooter,8,13.0,42.9,1,1
183,18.53,Rainy,Low,Afternoon,Scooter,8,8.0,57.0,0,1
4178,4.97,Snowy,High,Morning,Bike,28,3.0,72.7,1,2
3176,1.64,Foggy,Low,Night,Bike,13,0.0,32.2,0,0
10493,16.23,Clear,Medium,Morning,Car,14,24.0,53.5,1,1
253,17.1,Clear,Medium,Evening,Bike,25,5.0,65.0,1,1
5318,5.25,Clear,Medium,Evening,Car,30,2.0,50.1,1,1
2502,2.96,Snowy,Medium,Morning,Bike,20,1.0,53.2,1,1
7721,9.13,Foggy,High,Morning,Bike,15,6.0,59.7,1,1
9341,12.69,Rainy,Low,Afternoon,Scooter,20,7.0,56.9,0,1
89,17.8,Windy,High,Afternoon,Car,12,9.0,73.0,0,2
9397,15.42,Clear,Medium,Afternoon,Bike,17,6.0,60.2,0,1
11034,17.22,Snowy,High,Evening,Bike,8,18.0,68.5,1,1
2888,1.9,Clear,High,Evening,Bike,15,0.0,39.8,1,0
6826,9.99,Clear,Low,Evening,Scooter,16,5.0,47.2,1,1
10432,19.77,Clear,Low,Evening,Car,9,17.0,46.7,1,1
7719,9.04,Clear,Low,Morning,Bike,17,4.0,48.1,1,1
5645,6.38,Clear,Medium,Evening,Bike,13,1.0,40.1,1,1
8437,12.8,Rainy,Low,Morning,Bike,15,9.0,56.9,1,1
11068,16.3,Rainy,Low,Afternoon,Car,23,24.0,64.0,0,1
11194,18.81,Clear,High,Afternoon,Bike,19,19.0,69.6,0,1
8427,15.1,Clear,Medium,Afternoon,Bike,11,8.0,56.6,0,1
11539,18.26,Foggy,Medium,Morning,Bike,10,20.0,62.6,1,1
8967,15.68,Rainy,Medium,Evening,Scooter,13,7.0,63.4,1,1
10290,16.36,Clear,High,Night,Car,16,13.0,56.7,0,1
8747,12.55,Rainy,Medium,Evening,Bike,25,7.0,79.4,1,2
5384,4.63,Rainy,Medium,Morning,Bike,30,2.0,61.8,1,1
8372,15.47,Clear,Low,Morning,Car,19,10.0,48.4,1,1
4166,6.89,Clear,Medium,Morning,Bike,24,1.0,53.4,1,1
55,12.16,Windy,High,Evening,Scooter,11,0.0,69.0,1,1
2829,2.22,Snowy,Low,Evening,Bike,18,1.0,42.1,1,1
2764,2.11,Clear,High,Afternoon,Bike,19,0.0,41.6,0,1
3124,3.89,Clear,Medium,Evening,Bike,27,1.0,51.7,1,1
840,12.83,Clear,Low,Evening,Bike,5,8.0,50.0,1,1
6059,10.16,Clear,Medium,Evening,Scooter,20,6.0,50.0,1,1
10127,17.25,Clear,Medium,Afternoon,Car,24,30.0,62.6,0,1
7988,9.18,Clear,Low,Afternoon,Bike,31,4.0,52.8,0,1
7641,11.44,Clear,Medium,Evening,Car,17,4.0,49.0,1,1
8549,12.47,Foggy,Medium,Evening,Scooter,11,8.0,48.7,1,1
5942,7.84,Clear,Medium,Afternoon,Bike,23,2.0,48.6,0,1
2746,1.45,Rainy,Low,Night,Bike,15,0.0,28.6,0,0
7256,8.48,Snowy,Medium,Morning,Scooter,9,5.0,46.6,1,1
5864,5.15,Clear,Low,Afternoon,Car,28,3.0,37.2,0,0
10236,18.4,Clear,Low,Morning,Scooter,15,12.0,57.4,1,1
4752,5.57,Foggy,Medium,Afternoon,Car,11,1.0,27.3,0,0
9279,12.67,Rainy,Medium,Morning,Scooter,22,6.0,61.5,1,1
2019,2.24,Snowy,Medium,Afternoon,Scooter,19,0.0,42.4,0,1
5445,6.68,Snowy,Low,Morning,Scooter,31,1.0,64.9,1,1
3877,1.32,Clear,Low,Afternoon,Car,17,0.0,22.0,0,0
10857,18.76,Snowy,Low,Evening,Scooter,27,27.0,81.1,1,2
7739,8.91,Windy,Medium,Afternoon,Car,30,6.0,54.5,0,1
3714,2.39,Snowy,Medium,Evening,Bike,32,1.0,66.8,1,1
4791,5.6,Snowy,Low,Evening,Bike,25,1.0,58.5,1,1
2931,0.35,Clear,Medium,Afternoon,Bike,13,0.0,22.4,0,0
8097,15.37,Clear,Medium,Afternoon,Bike,24,9.0,67.1,0,1
4860,4.95,Clear,Low,Evening,Car,22,2.0,32.2,1,0
499,19.5,Clear,High,Morning,Bike,18,2.0,73.0,1,2
422,15.9,Rainy,Low,Evening,Car,19,5.0,78.0,1,2
3661,1.91,Clear,Low,Evening,Bike,19,0.0,36.8,1,0
7125,10.22,Rainy,Low,Afternoon,Bike,27,3.0,58.1,0,1
6586,8.85,Foggy,Medium,Night,Scooter,8,5.0,41.1,0,1
4547,6.17,Windy,High,Morning,Bike,29,3.0,70.3,1,2
229,17.89,Windy,Low,Unknown,Bike,27,1.0,89.0,0,2
8295,14.74,Clear,Low,Afternoon,Bike,9,6.0,44.4,0,1
2072,1.93,Clear,High,Night,Bike,18,0.0,38.0,0,0
844,19.24,Rainy,High,Afternoon,Bike,9,7.0,75.0,0,2
10298,18.41,Clear,Medium,Evening,Car,23,16.0,68.1,1,1
5909,5.89,Rainy,Low,Evening,Scooter,11,2.0,33.9,1,0
4484,4.06,Clear,High,Afternoon,Bike,10,3.0,32.3,0,0
954,18.33,Snowy,Medium,Morning,Scooter,5,5.0,67.0,1,1
94,11.44,Rainy,Medium,Evening,Car,20,2.0,57.0,1,1
790,18.97,Rainy,High,Night,Bike,20,8.0,89.0,0,2
8155,15.99,Clear,Low,Evening,Bike,22,10.0,63.1,1,1
4139,7.29,Foggy,High,Afternoon,Scooter,25,2.0,57.1,0,1
3060,2.17,Foggy,Medium,Morning,Car,13,0.0,34.0,1,0
9205,15.22,Rainy,Medium,Afternoon,Bike,26,10.0,75.5,0,2
8434,14.02,Windy,High,Afternoon,Scooter,21,10.0,60.7,0,1
7017,9.39,Rainy,Medium,Afternoon,Scooter,20,3.0,54.5,0,1
918,18.99,Rainy,High,Afternoon,Bike,10,6.0,70.0,0,1
2185,0.29,Foggy,Medium,Morning,Bike,16,0.0,42.3,1,1
3102,3.4,Clear,Medium,Evening,Bike,9,1.0,30.1,1,0
7614,10.35,Rainy,Medium,Afternoon,Scooter,23,5.0,59.4,0,1
4167,5.06,Snowy,Low,Afternoon,Bike,33,2.0,62.1,0,1
4793,6.51,Foggy,Low,Morning,Bike,15,1.0,40.6,1,1
5961,6.14,Clear,High,Morning,Bike,23,3.0,61.8,1,1
9224,12.97,Clear,Medium,Evening,Scooter,26,10.0,59.5,1,1
6267,8.79,Clear,High,Evening,Scooter,12,5.0,41.8,1,1
746,18.04,Clear,Medium,Morning,Bike,8,5.0,71.0,1,2
6994,10.35,Clear,Medium,Morning,Bike,15,4.0,53.8,1,1
10968,18.56,Clear,Low,Afternoon,Scooter,10,10.0,45.1,0,1
8114,14.85,Windy,High,Afternoon,Scooter,20,7.0,65.0,0,1
404,16.62,Snowy,Low,Afternoon,Bike,26,8.0,89.0,0,2
11216,19.34,Foggy,High,Afternoon,Bike,18,27.0,79.5,0,2
3003,2.45,Clear,High,Afternoon,Car,18,1.0,33.9,0,0
2246,3.0,Snowy,Low,Morning,Bike,17,0.0,45.7,1,1
4298,7.55,Clear,Medium,Afternoon,Bike,18,3.0,41.7,0,1
4201,4.15,Clear,High,Afternoon,Scooter,24,3.0,40.9,0,1
8354,13.45,Clear,High,Afternoon,Scooter,26,8.0,63.3,0,1
4975,6.33,Rainy,Medium,Night,Bike,17,3.0,46.6,0,1
10622,19.36,Rainy,High,Morning,Scooter,25,29.0,80.6,1,2
7145,10.71,Clear,Medium,Evening,Bike,27,4.0,63.1,1,1
2245,1.12,Rainy,Medium,Afternoon,Car,19,0.0,35.0,0,0
11698,19.49,Clear,Medium,Afternoon,Car,15,22.0,65.4,0,1
6966,12.0,Clear,Low,Afternoon,Bike,16,3.0,42.9,0,1
10782,19.86,Clear,High,Morning,Scooter,16,30.0,72.5,1,2
513,18.69,Windy,Medium,Night,Bike,23,9.0,74.0,0,2
2799,2.8,Foggy,High,Evening,Scooter,9,0.0,38.3,1,0
8805,15.69,Snowy,Medium,Morning,Car,15,10.0,62.2,1,1
7654,11.18,Clear,Medium,Morning,Scooter,17,5.0,47.6,1,1
11750,18.48,Clear,Low,Night,Car,13,13.0,51.3,0,1
4056,5.28,Clear,Low,Morning,Bike,22,3.0,41.2,1,1
10217,19.88,Snowy,Low,Afternoon,Bike,23,11.0,74.9,0,2
9248,14.02,Clear,Medium,Evening,Bike,22,6.0,65.6,1,1
8876,15.61,Rainy,Medium,Afternoon,Bike,17,6.0,71.1,0,2
3931,3.44,Rainy,Low,Evening,Bike,12,0.0,35.7,1,0
4461,4.01,Snowy,High,Afternoon,Scooter,30,1.0,60.6,0,1
6286,9.64,Clear,Medium,Evening,Car,18,4.0,45.4,1,1
7303,9.05,Foggy,High,Afternoon,Bike,9,3.0,46.9,0,1
10691,19.44,Rainy,Medium,Afternoon,Bike,11,28.0,68.7,0,1
4579,6.13,Clear,Medium,Morning,Bike,11,1.0,37.1,1,0
7594,9.65,Clear,Low,Evening,Bike,17,6.0,44.7,1,1
5066,5.36,Clear,Medium,Evening,Bike,19,1.0,49.2,1,1
191,2.32,Clear,Low,Afternoon,Scooter,23,1.0,32.0,0,0
2436,3.94,Clear,High,Evening,Bike,15,1.0,48.5,1,1
6643,9.51,Clear,Low,Morning,Bike,17,4.0,42.3,1,1
6891,10.64,Clear,High,Morning,Bike,30,3.0,72.2,1,2
11206,19.48,Snowy,Low,Morning,Bike,13,26.0,66.0,1,1
5703,7.18,Rainy,Medium,Evening,Bike,27,1.0,68.9,1,1
5507,5.9,Rainy,Medium,Afternoon,Scooter,23,3.0,46.1,0,1
9338,14.19,Rainy,Low,Evening,Bike,17,10.0,62.9,1,1
8649,12.73,Windy,High,Afternoon,Car,29,10.0,67.3,0,1
7801,9.22,Clear,Low,Night,Bike,11,3.0,35.7,0,0
10928,17.96,Windy,Low,Afternoon,Bike,10,27.0,53.6,0,1
2710,2.43,Clear,Low,Afternoon,Bike,15,1.0,23.7,0,0
6494,10.28,Clear,High,Evening,Bike,13,4.0,56.4,1,1
21,12.43,Rainy,High,Morning,Bike,13,6.0,70.0,1,1
6532,11.12,Clear,Medium,Evening,Bike,15,3.0,56.1,1,1
9405,13.85,Rainy,Medium,Morning,Scooter,14,6.0,55.4,1,1
2221,2.22,Clear,High,Morning,Scooter,18,0.0,42.8,1,1
11629,19.98,Windy,Medium,Evening,Scooter,9,25.0,58.6,1,1
5247,7.4,Clear,High,Afternoon,Scooter,18,3.0,44.2,0,1
4260,7.88,Clear,Low,Morning,Car,11,1.0,33.4,1,0
3809,1.76,Clear,Medium,Evening,Scooter,19,1.0,36.5,1,0
7236,11.06,Rainy,High,Afternoon,Bike,20,3.0,73.8,0,2
6593,10.47,Foggy,Low,Evening,Scooter,13,6.0,45.0,1,1
6265,11.69,Rainy,Low,Night,Bike,24,5.0,62.1,0,1
527,8.59,Clear,Low,Night,Scooter,17,8.0,36.0,0,0
8732,12.58,Rainy,Low,Afternoon,Car,9,10.0,35.5,0,0
9453,14.68,Clear,High,Evening,Scooter,20,6.0,64.6,1,1
11120,19.46,Snowy,Medium,Afternoon,Bike,31,25.0,88.2,0,2
11383,18.39,Rainy,Low,Afternoon,Scooter,15,29.0,56.1,0,1
538,5.32,Rainy,Low,Afternoon,Scooter,27,2.0,48.0,0,1
9042,13.63,Clear,Low,Morning,Bike,18,10.0,55.8,1,1
4590,4.89,Clear,Low,Evening,Bike,14,2.0,35.1,1,0
6551,8.38,Clear,Medium,Morning,Car,11,5.0,37.0,1,0
934,10.75,Rainy,Medium,Morning,Bike,8,6.0,60.0,1,1
10215,16.17,Clear,High,Afternoon,Bike,11,27.0,58.2,0,1
11546,19.99,Clear,High,Afternoon,Bike,13,28.0,68.9,0,1
7097,9.13,Rainy,Low,Evening,Scooter,19,3.0,53.9,1,1
359,18.83,Clear,Medium,Evening,Scooter,5,8.0,69.0,1,1
73,0.61,Clear,Low,Afternoon,Scooter,10,0.0,16.0,0,0
3589,2.68,Clear,Medium,Afternoon,Bike,17,1.0,31.2,0,0
2361,1.73,Windy,High,Morning,Bike,14,1.0,43.1,1,1
7096,8.74,Rainy,High,Afternoon,Bike,19,3.0,66.6,0,1
9533,12.89,Clear,Medium,Afternoon,Bike,20,9.0,57.6,0,1
9343,15.3,Snowy,Medium,Evening,Car,28,7.0,76.9,1,2
11602,17.67,Clear,High,Morning,Scooter,11,24.0,66.4,1,1
2119,2.05,Clear,Low,Evening,Bike,22,1.0,35.5,1,0
8954,15.48,Rainy,High,Morning,Bike,14,6.0,70.4,1,2
921,17.44,Unknown,Low,Night,Car,23,0.0,85.0,0,2
8545,15.82,Clear,High,Evening,Bike,13,7.0,65.9,1,1
6678,9.23,Clear,Low,Afternoon,Bike,22,5.0,44.8,0,1
2091,0.77,Clear,Low,Afternoon,Scooter,19,0.0,23.3,0,0
727,3.23,Rainy,Low,Morning,Car,25,7.0,42.0,1,1
5835,7.88,Clear,Low,Evening,Bike,10,3.0,32.4,1,0
8417,12.88,Clear,Low,Evening,Scooter,26,6.0,59.5,1,1
989,5.3,Clear,Medium,Afternoon,Scooter,29,3.0,47.0,0,1
9191,14.71,Rainy,Low,Morning,Car,14,8.0,54.4,1,1
120,11.02,Clear,High,Morning,Scooter,22,2.0,70.0,1,1
10628,17.36,Windy,Medium,Night,Car,15,23.0,58.6,0,1
3072,1.31,Rainy,Medium,Morning,Scooter,26,1.0,44.9,1,1
5222,7.66,Snowy,Low,Night,Car,21,3.0,43.2,0,1
10364,17.97,Clear,Low,Morning,Scooter,18,30.0,55.8,1,1
4500,4.15,Rainy,Medium,Evening,Car,17,3.0,39.9,1,0
3773,1.67,Rainy,Medium,Evening,Scooter,17,0.0,31.1,1,0
11758,19.22,Rainy,Medium,Morning,Scooter,26,29.0,80.2,1,2
8192,14.8,Clear,Medium,Afternoon,Scooter,22,7.0,59.8,0,1
3113,0.47,Rainy,Medium,Evening,Car,21,1.0,36.1,1,0
3058,0.25,Clear,Medium,Morning,Car,30,1.0,34.7,1,0
11140,19.23,Clear,Low,Evening,Scooter,24,30.0,62.3,1,1
10072,16.66,Rainy,High,Evening,Scooter,18,13.0,76.7,1,2
3179,0.42,Clear,High,Morning,Car,21,0.0,34.0,1,0
52,15.62,Rainy,Medium,Afternoon,Scooter,23,7.0,78.0,0,2
2733,0.57,Clear,Low,Afternoon,Bike,21,0.0,30.9,0,0
5841,7.91,Rainy,Medium,Afternoon,Car,20,3.0,44.1,0,1
11267,16.18,Clear,High,Morning,Bike,19,28.0,72.2,1,2
4033,6.91,Clear,Low,Afternoon,Bike,20,1.0,37.0,0,0
7849,10.0,Clear,High,Night,Bike,22,6.0,53.9,0,1
9193,13.66,Rainy,Medium,Afternoon,Bike,13,9.0,58.6,0,1
811,19.7,Rainy,Low,Evening,Bike,10,2.0,60.0,1,1
10958,18.19,Rainy,Medium,Evening,Car,12,11.0,62.7,1,1
5974,4.78,Clear,Low,Evening,Scooter,13,2.0,24.3,1,0
2295,1.64,Snowy,Medium,Morning,Car,28,1.0,50.3,1,1
11107,16.05,Clear,Low,Morning,Bike,11,27.0,52.8,1,1
9640,12.25,Clear,High,Night,Car,33,6.0,66.1,0,1
10224,18.55,Windy,High,Evening,Scooter,20,29.0,80.5,1,2
5667,6.36,Clear,Low,Afternoon,Bike,15,3.0,31.5,0,0
5126,5.4,Clear,Medium,Morning,Bike,21,2.0,47.6,1,1
8752,12.74,Clear,Low,Afternoon,Scooter,28,7.0,47.3,0,1
7063,10.39,Clear,Low,Morning,Bike,11,5.0,39.2,1,0
11081,18.6,Clear,Low,Afternoon,Bike,30,14.0,71.1,0,2
11984,19.31,Rainy,Low,Afternoon,Scooter,20,11.0,66.8,0,1
4063,7.06,Rainy,Low,Evening,Scooter,19,1.0,46.7,1,1
11824,17.43,Clear,High,Afternoon,Bike,20,22.0,66.4,0,1
5272,5.06,Rainy,Low,Afternoon,Scooter,14,1.0,33.0,0,0
3543,3.19,Clear,Low,Morning,Scooter,17,0.0,31.4,1,0
8227,15.74,Rainy,High,Night,Bike,12,6.0,63.9,0,1
4430,6.04,Foggy,Low,Afternoon,Car,16,2.0,34.3,0,0
3015,2.06,Clear,High,Afternoon,Scooter,12,0.0,30.1,0,0
8851,12.19,Windy,Low,Evening,Scooter,13,8.0,44.0,1,1
3763,2.93,Clear,Medium,Morning,Bike,25,0.0,50.1,1,1
3547,3.3,Clear,Low,Night,Bike,18,0.0,37.8,0,0
9428,12.0,Clear,Medium,Morning,Car,26,6.0,56.7,1,1
6135,11.84,Rainy,Low,Afternoon,Scooter,16,6.0,47.7,0,1
542,12.32,Clear,Medium,Evening,Scooter,17,4.0,71.0,1,2
2370,3.3,Snowy,High,Evening,Scooter,20,0.0,53.3,1,1
2365,0.74,Rainy,Medium,Morning,Scooter,16,0.0,38.6,1,0
10481,16.81,Clear,Low,Morning,Scooter,20,16.0,56.5,1,1
2107,2.08,Clear,Medium,Evening,Bike,10,1.0,29.7,1,0
4675,4.43,Rainy,Medium,Morning,Bike,25,1.0,62.5,1,1
8675,15.18,Rainy,Low,Afternoon,Bike,17,7.0,53.3,0,1
5172,4.29,Rainy,Medium,Evening,Bike,22,1.0,53.4,1,1
11622,18.9,Foggy,Low,Morning,Car,18,29.0,62.4,1,1
9892,13.8,Windy,Medium,Evening,Bike,14,9.0,59.0,1,1
8334,13.9,Clear,Low,Night,Bike,23,9.0,50.8,0,1
554,11.44,Foggy,High,Afternoon,Car,14,4.0,74.0,0,2
602,5.93,Clear,Low,Afternoon,Scooter,19,3.0,36.0,0,0
6885,10.67,Snowy,Low,Afternoon,Scooter,17,3.0,59.8,0,1
2626,1.27,Clear,Low,Morning,Scooter,7,0.0,15.4,1,0
6594,10.1,Clear,High,Afternoon,Scooter,23,3.0,60.3,0,1
6724,9.07,Rainy,Low,Evening,Bike,15,6.0,49.5,1,1
3719,0.85,Rainy,Low,Evening,Scooter,12,1.0,22.9,1,0
8731,12.54,Snowy,Medium,Evening,Bike,12,6.0,63.5,1,1
2462,2.18,Clear,Low,Evening,Car,23,0.0,35.9,1,0
8859,12.51,Clear,Medium,Night,Bike,7,6.0,46.9,0,1
10373,18.08,Clear,High,Evening,Scooter,15,30.0,67.8,1,1
8244,15.4,Foggy,Medium,Afternoon,Car,22,10.0,64.4,0,1
505,13.85,Clear,Low,Evening,Bike,29,5.0,71.0,1,2
2438,3.79,Rainy,High,Afternoon,Bike,29,1.0,62.8,0,1
8960,15.3,Windy,Medium,Afternoon,Bike,18,7.0,57.9,0,1
6869,8.3,Clear,Low,Morning,Bike,14,4.0,40.8,1,1
2090,1.49,Rainy,Low,Evening,Scooter,8,1.0,27.7,1,0
10856,17.01,Clear,Low,Morning,Scooter,26,17.0,64.1,1,1
10922,17.86,Foggy,Medium,Evening,Bike,15,27.0,75.1,1,2
9469,12.71,Foggy,Low,Evening,Bike,20,7.0,63.4,1,1
3503,2.24,Clear,Low,Afternoon,Scooter,24,1.0,31.2,0,0
3394,3.95,Clear,Low,Morning,Scooter,26,1.0,45.2,1,1
10551,18.17,Rainy,Low,Morning,Bike,22,26.0,79.8,1,2
2583,3.3,Clear,Low,Morning,Bike,23,1.0,43.8,1,1
5103,5.2,Windy,Low,Afternoon,Bike,22,3.0,43.2,0,1
5782,4.88,Snowy,High,Morning,Bike,13,2.0,58.2,1,1
11955,16.89,Rainy,Low,Afternoon,Car,14,12.0,53.9,0,1
970,9.78,Clear,Medium,Afternoon,Bike,18,3.0,58.0,0,1
10049,18.71,Rainy,Low,Evening,Bike,8,12.0,59.1,1,1
11888,18.2,Foggy,Low,Evening,Bike,10,20.0,58.8,1,1
4539,6.65,Clear,High,Afternoon,Scooter,19,2.0,42.3,0,1
2944,3.92,Clear,Low,Afternoon,Bike,25,1.0,42.2,0,1
7031,10.86,Clear,High,Afternoon,Bike,22,5.0,60.1,0,1
5844,7.59,Rainy,Low,Afternoon,Scooter,21,1.0,42.8,0,1
7690,9.66,Snowy,High,Night,Car,20,4.0,64.7,0,1
96,10.13,Clear,Medium,Evening,Bike,22,0.0,65.0,1,1
7846,10.94,Snowy,Medium,Morning,Car,19,5.0,63.2,1,1
11397,18.95,Rainy,Low,Night,Scooter,17,27.0,60.8,0,1
6605,10.44,Foggy,High,Morning,Bike,28,5.0,78.1,1,2
7297,10.63,Windy,Medium,Morning,Car,23,5.0,59.2,1,1
6176,11.5,Rainy,Low,Morning,Bike,11,4.0,45.2,1,1
123,6.7,Foggy,High,Morning,Scooter,23,3.0,59.0,1,1
3103,2.86,Foggy,Low,Morning,Bike,24,0.0,51.8,1,1
3399,1.29,Rainy,Medium,Afternoon,Scooter,25,0.0,46.5,0,1
11936,19.83,Clear,High,Afternoon,Bike,16,18.0,70.6,0,2
8626,12.79,Windy,Low,Morning,Bike,12,7.0,46.6,1,1
7089,11.1,Windy,Medium,Morning,Scooter,26,6.0,64.7,1,1
6665,8.96,Rainy,Medium,Afternoon,Bike,24,4.0,60.6,0,1
11717,16.49,Clear,High,Morning,Bike,19,11.0,68.7,1,1
3020,1.12,Clear,Low,Morning,Bike,7,1.0,18.2,1,0
4230,7.5,Rainy,Low,Night,Bike,15,3.0,39.8,0,0
3426,3.82,Clear,Low,Evening,Bike,6,1.0,21.4,1,0
10206,16.09,Clear,Medium,Evening,Bike,10,17.0,52.5,1,1
5637,6.89,Snowy,Medium,Morning,Bike,10,2.0,48.0,1,1
7979,11.46,Clear,Medium,Night,Bike,21,3.0,59.0,0,1
9559,14.51,Snowy,Medium,Afternoon,Bike,24,7.0,75.5,0,2
572,15.78,Clear,High,Afternoon,Scooter,12,1.0,68.0,0,1
3713,2.99,Windy,Medium,Evening,Car,21,1.0,40.8,1,1
2678,3.73,Rainy,Low,Afternoon,Car,32,1.0,41.0,0,1
594,7.24,Clear,Medium,Afternoon,Bike,28,7.0,57.0,0,1
8933,12.23,Rainy,Medium,Afternoon,Car,11,8.0,47.9,0,1
3094,1.26,Clear,Medium,Afternoon,Scooter,23,1.0,27.4,0,0
11152,17.75,Clear,High,Afternoon,Scooter,26,23.0,69.1,0,1
5333,7.71,Clear,Low,Afternoon,Scooter,23,2.0,40.4,0,1
7736,10.72,Windy,High,Afternoon,Scooter,16,3.0,57.4,0,1
2274,3.28,Rainy,Medium,Morning,Scooter,10,1.0,31.3,1,0
10212,18.02,Windy,Low,Morning,Scooter,16,17.0,58.6,1,1
8405,13.34,Clear,Low,Afternoon,Bike,15,9.0,40.6,0,1
9799,13.56,Clear,Medium,Evening,Scooter,24,10.0,56.9,1,1
8804,14.34,Clear,Low,Afternoon,Bike,26,10.0,59.8,0,1
595,17.99,Snowy,Low,Afternoon,Bike,15,3.0,63.0,0,1
236,14.59,Clear,Medium,Morning,Bike,15,6.0,64.0,1,1
8046,14.92,Clear,Low,Evening,Car,18,9.0,46.6,1,1
7924,11.23,Clear,Low,Night,Car,17,4.0,39.3,0,0
8106,12.73,Windy,Medium,Afternoon,Bike,17,6.0,56.3,0,1
11309,16.9,Clear,Low,Evening,Bike,32,10.0,75.6,1,2
10144,18.67,Clear,Medium,Morning,Scooter,8,10.0,55.6,1,1
3724,3.48,Rainy,Medium,Night,Bike,13,1.0,37.6,0,0
2338,2.84,Foggy,High,Morning,Scooter,24,1.0,54.1,1,1
3422,3.33,Clear,Medium,Evening,Car,14,1.0,31.3,1,0
4352,4.51,Snowy,Low,Evening,Bike,18,1.0,45.7,1,1
5110,6.08,Windy,Medium,Morning,Bike,20,2.0,53.1,1,1
125,4.94,Rainy,High,Evening,Scooter,28,4.0,63.0,1,1
5474,6.18,Clear,Medium,Night,Scooter,11,3.0,28.5,0,0
2749,2.23,Foggy,Low,Afternoon,Car,15,1.0,24.2,0,0
8240,15.68,Rainy,High,Evening,Bike,27,9.0,82.0,1,2
3616,1.74,Clear,Medium,Morning,Bike,31,1.0,54.1,1,1
4473,5.84,Foggy,Medium,Evening,Car,21,1.0,46.6,1,1
10281,18.0,Clear,Medium,Evening,Scooter,15,26.0,63.0,1,1
8551,14.94,Snowy,Medium,Evening,Bike,20,6.0,74.4,1,2
10125,19.87,Windy,Low,Morning,Bike,20,12.0,69.7,1,1
8614,15.19,Clear,Low,Morning,Bike,21,7.0,61.8,1,1
11870,19.94,Windy,Low,Night,Scooter,17,19.0,65.3,0,1
3691,2.51,Foggy,Medium,Morning,Bike,17,1.0,43.4,1,1
793,10.36,Rainy,Medium,Afternoon,Bike,7,8.0,39.0,0,0
7210,11.41,Clear,Low,Evening,Bike,21,4.0,56.1,1,1
7138,8.78,Clear,Medium,Afternoon,Bike,26,5.0,54.7,0,1
509,19.02,Rainy,High,Evening,Scooter,22,1.0,89.0,1,2
5355,4.75,Rainy,High,Afternoon,Scooter,20,3.0,51.2,0,1
3652,2.85,Clear,Low,Evening,Car,15,0.0,28.7,1,0
4346,6.72,Clear,Low,Afternoon,Bike,18,1.0,35.9,0,0
2666,0.31,Foggy,Low,Afternoon,Scooter,15,0.0,27.0,0,0
8903,13.12,Foggy,Low,Morning,Car,9,7.0,50.5,1,1
11709,18.51,Foggy,Medium,Evening,Bike,21,16.0,71.9,1,2
4994,7.05,Rainy,Medium,Morning,Car,34,3.0,58.2,1,1
4506,7.08,Clear,Medium,Afternoon,Car,20,3.0,40.3,0,1
10839,16.96,Clear,Medium,Morning,Bike,28,21.0,76.0,1,2
254,6.68,Clear,High,Morning,Scooter,10,5.0,44.0,1,1
7608,8.68,Rainy,Low,Night,Bike,33,6.0,60.6,0,1
8413,15.21,Clear,Low,Afternoon,Bike,9,7.0,39.1,0,0
2175,1.5,Clear,Medium,Evening,Bike,23,1.0,45.0,1,1
2656,0.29,Clear,Medium,Evening,Car,18,1.0,29.9,1,0
4581,4.37,Clear,Medium,Morning,Scooter,26,2.0,49.5,1,1
6164,9.55,Clear,Low,Evening,Bike,19,4.0,49.5,1,1
4754,7.41,Clear,Medium,Evening,Bike,12,1.0,42.7,1,1
4347,5.76,Snowy,Medium,Afternoon,Bike,30,2.0,60.8,0,1
3898,2.54,Clear,Medium,Night,Bike,15,0.0,32.6,0,0
2517,2.84,Clear,Medium,Morning,Scooter,14,1.0,30.8,1,0
4563,6.48,Foggy,Low,Evening,Car,20,3.0,43.0,1,1
2269,3.11,Clear,Low,Morning,Scooter,15,1.0,25.7,1,0
2452,1.1,Snowy,High,Evening,Bike,15,0.0,47.9,1,1
947,3.17,Clear,Medium,Evening,Scooter,17,6.0,33.0,1,0
9789,12.23,Rainy,High,Evening,Car,22,10.0,68.3,1,1
11159,16.03,Clear,Medium,Afternoon,Scooter,25,30.0,59.7,0,1
6338,9.05,Clear,High,Evening,Bike,30,3.0,69.3,1,1
10999,17.06,Windy,Low,Evening,Scooter,29,14.0,68.4,1,1
2458,0.6,Clear,Medium,Afternoon,Bike,18,1.0,27.0,0,0
8040,15.78,Clear,Medium,Night,Bike,14,10.0,51.2,0,1
6972,8.59,Clear,Low,Morning,Car,12,4.0,33.1,1,0
8251,14.39,Snowy,Medium,Evening,Car,18,10.0,61.8,1,1
518,16.31,Foggy,Medium,Afternoon,Car,14,7.0,71.0,0,2
10739,16.73,Foggy,Medium,Afternoon,Bike,11,16.0,53.2,0,1
3947,0.51,Clear,Medium,Night,Scooter,16,0.0,24.0,0,0
11364,18.7,Rainy,Medium,Night,Bike,11,14.0,62.3,0,1
6083,9.3,Foggy,Medium,Evening,Bike,26,3.0,64.9,1,1
10590,19.09,Rainy,Medium,Afternoon,Scooter,17,17.0,66.3,0,1
8015,12.93,Clear,Low,Evening,Bike,26,6.0,68.6,1,1
2689,2.25,Foggy,Low,Afternoon,Bike,18,1.0,30.6,0,0
4236,4.58,Snowy,High,Morning,Scooter,17,1.0,54.2,1,1
11278,19.58,Clear,Low,Morning,Bike,15,24.0,62.5,1,1
8376,15.36,Clear,High,Morning,Scooter,10,10.0,58.3,1,1
5242,5.3,Rainy,Medium,Evening,Scooter,20,3.0,51.6,1,1
4763,4.94,Clear,Low,Afternoon,Bike,16,2.0,29.0,0,0
7585,8.69,Foggy,High,Evening,Bike,23,5.0,67.1,1,1
6806,10.95,Foggy,Low,Night,Car,23,5.0,46.5,0,1
6997,11.32,Clear,Low,Evening,Car,14,5.0,39.2,1,0
11243,17.15,Clear,Low,Morning,Scooter,18,30.0,58.1,1,1
7903,8.94,Clear,High,Afternoon,Bike,21,6.0,59.5,0,1
6211,10.97,Foggy,Low,Evening,Bike,21,6.0,59.8,1,1
6996,8.71,Clear,High,Morning,Scooter,9,6.0,45.2,1,1
9301,13.52,Clear,Medium,Evening,Scooter,10,10.0,43.9,1,1
8776,14.0,Clear,High,Morning,Bike,20,6.0,69.5,1,1
5536,6.8,Foggy,Low,Afternoon,Bike,30,3.0,56.4,0,1
8358,12.94,Windy,Medium,Morning,Bike,13,10.0,51.1,1,1
11890,16.84,Windy,Medium,Afternoon,Bike,8,21.0,49.5,0,1
133,2.84,Clear,Medium,Night,Scooter,28,1.0,44.0,0,1
9778,13.83,Snowy,Medium,Morning,Bike,23,6.0,75.8,1,2
6959,9.11,Clear,High,Afternoon,Bike,15,5.0,52.2,0,1
3424,3.24,Clear,Medium,Afternoon,Scooter,17,1.0,32.0,0,0
5224,5.75,Foggy,Medium,Afternoon,Car,24,1.0,46.3,0,1
10032,17.41,Clear,High,Morning,Scooter,11,30.0,62.0,1,1
11436,16.72,Rainy,Low,Night,Bike,13,20.0,57.5,0,1
8118,15.37,Clear,High,Morning,Bike,13,6.0,64.0,1,1
11009,19.35,Foggy,Medium,Evening,Scooter,18,24.0,67.0,1,1
7143,11.39,Clear,Medium,Afternoon,Car,14,6.0,42.4,0,1
8680,13.34,Clear,Medium,Afternoon,Bike,6,9.0,40.2,0,1
9811,15.26,Clear,High,Afternoon,Bike,15,7.0,60.2,0,1
7665,10.2,Clear,Medium,Night,Bike,23,3.0,56.3,0,1
10607,18.37,Clear,Low,Evening,Car,15,14.0,50.1,1,1
586,5.18,Clear,Medium,Afternoon,Car,9,2.0,30.0,0,0
9613,12.31,Rainy,Medium,Morning,Bike,15,7.0,61.2,1,1
901,4.55,Rainy,Low,Afternoon,Bike,5,6.0,21.0,0,0
5144,4.24,Clear,Low,Evening,Scooter,23,2.0,38.6,1,0
150,5.93,Foggy,High,Unknown,Scooter,27,1.0,89.0,0,2
5498,4.65,Foggy,Low,Evening,Scooter,20,2.0,37.2,1,0
5881,5.27,Foggy,Low,Evening,Scooter,20,2.0,39.7,1,0
11437,17.61,Clear,Low,Evening,Bike,23,20.0,64.4,1,1
6595,9.76,Clear,Medium,Afternoon,Bike,30,3.0,63.1,0,1
4701,5.75,Rainy,Low,Morning,Bike,28,3.0,56.0,1,1
6822,9.4,Clear,Low,Morning,Scooter,10,5.0,38.8,1,0
3287,3.04,Clear,High,Afternoon,Bike,15,1.0,38.7,0,0
761,3.46,Clear,Low,Morning,Bike,24,6.0,37.0,1,0
4324,6.3,Clear,Medium,Morning,Bike,15,2.0,41.7,1,1
2696,2.81,Rainy,Medium,Evening,Bike,18,0.0,45.9,1,1
9134,14.54,Clear,Medium,Evening,Scooter,17,10.0,55.9,1,1
9693,14.87,Clear,High,Morning,Bike,25,7.0,76.4,1,2
10363,19.87,Rainy,Medium,Morning,Scooter,11,11.0,62.5,1,1
10501,17.54,Clear,Medium,Morning,Bike,18,19.0,61.4,1,1
6521,11.67,Clear,Medium,Morning,Bike,11,3.0,52.9,1,1
6539,9.69,Clear,High,Morning,Scooter,21,4.0,57.5,1,1
10051,17.19,Clear,High,Evening,Scooter,30,25.0,80.5,1,2
697,6.13,Clear,Medium,Night,Scooter,22,0.0,48.0,0,1
755,3.22,Windy,High,Morning,Car,7,7.0,27.0,1,0
6942,9.32,Clear,High,Evening,Bike,23,5.0,64.4,1,1
9294,13.36,Clear,Medium,Evening,Scooter,19,8.0,61.7,1,1
9514,13.58,Foggy,Medium,Evening,Bike,8,10.0,51.4,1,1
10825,17.45,Snowy,Medium,Night,Bike,24,21.0,78.1,0,2
712,12.11,Clear,Medium,Evening,Bike,28,0.0,75.0,1,2
8984,12.5,Foggy,Medium,Evening,Bike,23,8.0,64.0,1,1
2388,2.76,Windy,Low,Morning,Scooter,7,1.0,25.4,1,0
8279,14.86,Foggy,Low,Afternoon,Car,20,10.0,44.8,0,1
420,15.17,Windy,Low,Morning,Bike,25,4.0,77.0,1,2
5583,5.73,Clear,Low,Evening,Bike,13,2.0,37.3,1,0
3522,3.89,Rainy,Medium,Night,Bike,15,1.0,40.3,0,1
4042,5.42,Foggy,High,Evening,Car,18,2.0,44.9,1,1
2736,3.38,Foggy,Low,Afternoon,Scooter,20,1.0,36.5,0,0
8055,13.07,Clear,Low,Evening,Scooter,11,8.0,39.1,1,0
6525,8.63,Foggy,High,Afternoon,Scooter,28,6.0,61.2,0,1
2814,2.2,Rainy,Low,Morning,Bike,11,1.0,30.2,1,0
7817,9.64,Clear,Low,Evening,Bike,23,3.0,50.9,1,1
2978,3.51,Clear,Medium,Evening,Bike,14,1.0,41.3,1,1
3749,3.26,Clear,Medium,Afternoon,Scooter,29,0.0,45.2,0,1
4536,5.09,Rainy,High,Evening,Scooter,26,3.0,59.5,1,1
4069,4.49,Clear,Medium,Morning,Bike,9,1.0,37.3,1,0
9852,12.33,Snowy,Low,Afternoon,Scooter,10,7.0,44.8,0,1
6731,9.55,Clear,Low,Afternoon,Bike,24,6.0,49.8,0,1
10842,17.86,Clear,Low,Evening,Scooter,29,11.0,70.2,1,2
8802,14.29,Rainy,Low,Evening,Bike,19,8.0,63.3,1,1
11665,17.74,Clear,Medium,Afternoon,Bike,16,25.0,63.7,0,1
6196,8.38,Rainy,Low,Afternoon,Car,26,3.0,51.9,0,1
7906,11.59,Snowy,Medium,Evening,Scooter,23,3.0,68.0,1,1
8772,13.45,Rainy,High,Morning,Bike,28,6.0,82.4,1,2
4323,7.61,Clear,Medium,Afternoon,Scooter,23,2.0,42.8,0,1
987,13.92,Snowy,Low,Morning,Scooter,18,4.0,70.0,1,1
61,8.08,Foggy,Low,Morning,Bike,25,2.0,61.0,1,1
7683,8.36,Clear,Medium,Evening,Bike,18,5.0,47.7,1,1
9250,14.2,Rainy,High,Afternoon,Bike,13,6.0,67.6,0,1
9946,12.87,Clear,High,Afternoon,Scooter,31,6.0,68.7,0,1
7701,10.43,Snowy,High,Afternoon,Scooter,21,3.0,69.3,0,1
7965,10.62,Rainy,Medium,Afternoon,Bike,24,3.0,62.0,0,1
2703,1.71,Clear,Medium,Evening,Bike,22,0.0,40.2,1,1
9631,14.69,Rainy,Low,Morning,Car,6,10.0,43.6,1,1
3419,2.56,Snowy,High,Evening,Scooter,30,0.0,61.1,1,1
7520,9.0,Rainy,Low,Morning,Bike,21,5.0,57.9,1,1
10265,17.88,Rainy,Low,Morning,Scooter,17,29.0,63.3,1,1
2157,1.44,Clear,Low,Morning,Bike,17,1.0,32.6,1,0
9048,15.06,Clear,High,Afternoon,Bike,17,8.0,68.9,0,1
10902,16.0,Windy,Medium,Evening,Bike,25,26.0,76.2,1,2
5995,6.47,Clear,Medium,Night,Bike,16,3.0,40.8,0,1
11165,18.38,Rainy,Low,Morning,Scooter,15,30.0,66.2,1,1
8645,15.44,Rainy,Low,Afternoon,Scooter,12,9.0,43.3,0,1
10269,18.86,Foggy,Medium,Morning,Bike,31,20.0,89.0,1,2
7195,8.09,Snowy,Low,Afternoon,Scooter,21,4.0,46.3,0,1
11721,17.16,Foggy,Low,Afternoon,Scooter,18,20.0,60.4,0,1
4884,6.21,Clear,High,Morning,Bike,19,3.0,50.0,1,1
10166,16.39,Rainy,Medium,Morning,Scooter,17,15.0,67.7,1,1
19,8.92,Windy,Unknown,Morning,Bike,25,4.0,62.0,1,1
10508,18.85,Clear,Medium,Evening,Bike,16,14.0,68.8,1,1
2363,2.21,Clear,Medium,Afternoon,Bike,29,0.0,48.0,0,1
7603,8.65,Snowy,Low,Afternoon,Scooter,14,3.0,41.2,0,1
664,5.13,Clear,Medium,Morning,Car,16,1.0,38.0,1,0
8102,15.77,Clear,Low,Afternoon,Bike,11,7.0,45.6,0,1
226,5.26,Rainy,Medium,Evening,Scooter,28,8.0,51.0,1,1
10258,18.7,Clear,Low,Morning,Scooter,12,13.0,48.6,1,1
8500,13.06,Rainy,Medium,Evening,Scooter,28,8.0,69.6,1,1
11810,17.59,Foggy,Low,Afternoon,Car,9,14.0,45.9,0,1
9143,13.81,Foggy,Low,Afternoon,Car,14,6.0,46.9,0,1
3130,3.18,Windy,Low,Morning,Scooter,16,0.0,34.5,1,0
224,7.67,Windy,Low,Morning,Car,9,2.0,31.0,1,0
3640,3.49,Foggy,High,Evening,Scooter,12,1.0,44.0,1,1
5907,6.83,Snowy,Low,Afternoon,Scooter,22,1.0,50.8,0,1
2670,3.53,Clear,Medium,Evening,Scooter,14,0.0,30.9,1,0
11054,16.08,Foggy,Low,Night,Scooter,18,19.0,56.9,0,1
93,15.34,Rainy,Low,Afternoon,Bike,18,6.0,54.0,0,1
7814,11.13,Foggy,High,Afternoon,Bike,26,4.0,73.3,0,2
5883,6.18,Foggy,Low,Morning,Scooter,23,1.0,44.7,1,1
334,2.76,Windy,Medium,Morning,Scooter,8,5.0,22.0,1,0
2425,1.56,Rainy,Low,Afternoon,Bike,20,0.0,33.9,0,0
11896,18.08,Snowy,High,Morning,Scooter,17,16.0,73.6,1,2
5270,4.48,Clear,Low,Night,Bike,14,1.0,28.1,0,0
2640,3.35,Snowy,Medium,Evening,Car,17,0.0,48.6,1,1
8871,14.72,Rainy,High,Morning,Bike,20,7.0,76.1,1,2
10328,16.85,Rainy,Low,Afternoon,Bike,18,25.0,66.3,0,1
4148,4.8,Windy,Low,Morning,Bike,16,2.0,41.8,1,1
9935,12.65,Rainy,Medium,Afternoon,Scooter,20,7.0,60.9,0,1
10981,16.46,Rainy,Low,Evening,Bike,18,24.0,68.5,1,1
7678,9.08,Rainy,Medium,Afternoon,Scooter,16,4.0,47.7,0,1
4618,4.91,Snowy,Low,Evening,Bike,13,2.0,37.4,1,0
6574,10.91,Clear,Medium,Evening,Bike,11,3.0,54.0,1,1
619,16.22,Rainy,High,Evening,Bike,22,0.0,89.0,1,2
6284,11.47,Clear,Low,Morning,Scooter,16,5.0,53.7,1,1
529,1.6,Foggy,Low,Night,Scooter,24,5.0,37.0,0,0
9977,15.97,Snowy,Low,Evening,Scooter,14,9.0,60.9,1,1
2467,0.76,Rainy,Medium,Afternoon,Scooter,31,1.0,48.5,0,1
10251,17.01,Clear,Medium,Morning,Car,14,19.0,59.6,1,1
10090,17.6,Clear,Medium,Morning,Scooter,14,26.0,54.6,1,1
8084,13.05,Clear,High,Morning,Scooter,13,8.0,51.9,1,1
8098,12.6,Rainy,Medium,Morning,Scooter,11,8.0,55.1,1,1
7516,10.1,Windy,Medium,Morning,Bike,22,4.0,57.9,1,1
4667,5.78,Snowy,Medium,Evening,Scooter,19,1.0,54.5,1,1
3360,2.3,Clear,Medium,Morning,Bike,17,1.0,38.7,1,0
10717,19.64,Clear,Low,Morning,Bike,11,13.0,55.1,1,1
2179,3.06,Snowy,Medium,Morning,Bike,12,0.0,46.0,1,1
5151,7.23,Clear,Low,Morning,Bike,11,3.0,39.0,1,0
3107,2.65,Clear,High,Night,Scooter,7,1.0,27.4,0,0
7825,11.93,Clear,Medium,Morning,Bike,15,3.0,51.0,1,1
6907,11.46,Snowy,Low,Morning,Scooter,7,4.0,45.1,1,1
4438,6.4,Rainy,Medium,Morning,Car,17,3.0,48.8,1,1
9622,14.18,Foggy,Medium,Evening,Scooter,12,9.0,56.5,1,1
11869,18.96,Clear,High,Afternoon,Bike,26,22.0,79.4,0,2
8925,14.94,Clear,Low,Morning,Scooter,27,8.0,61.8,1,1
4594,5.6,Clear,Medium,Afternoon,Scooter,22,2.0,43.6,0,1
8336,13.81,Clear,Medium,Evening,Bike,19,10.0,58.8,1,1
7703,8.76,Clear,Medium,Afternoon,Bike,12,3.0,44.1,0,1
9694,12.83,Clear,Low,Night,Car,23,6.0,40.0,0,0
8095,15.49,Windy,High,Afternoon,Bike,22,8.0,75.6,0,2
683,3.83,Rainy,Low,Evening,Car,27,3.0,49.0,1,1
10421,17.74,Clear,High,Afternoon,Bike,25,28.0,75.0,0,2
6896,11.83,Clear,High,Afternoon,Scooter,25,5.0,62.1,0,1
815,17.46,Clear,Medium,Morning,Scooter,6,5.0,62.0,1,1
7431,8.99,Clear,Low,Evening,Bike,29,6.0,58.7,1,1
564,0.78,Clear,Low,Afternoon,Bike,11,0.0,18.0,0,0
5921,6.28,Clear,Low,Morning,Bike,10,2.0,29.1,1,0
11293,19.76,Foggy,Low,Afternoon,Scooter,10,20.0,51.7,0,1
11710,17.52,Rainy,High,Afternoon,Car,18,14.0,66.8,0,1
5007,4.22,Rainy,Low,Afternoon,Car,14,1.0,30.5,0,0
10967,17.04,Rainy,Low,Morning,Bike,19,12.0,70.1,1,2
7036,8.01,Clear,Medium,Afternoon,Bike,13,5.0,38.7,0,0
11812,17.07,Clear,High,Morning,Scooter,27,11.0,78.6,1,2
7459,8.68,Clear,Medium,Evening,Bike,13,5.0,44.4,1,1
9509,13.11,Rainy,Low,Evening,Bike,14,10.0,50.8,1,1
5311,5.3,Windy,Low,Morning,Bike,20,1.0,47.4,1,1
3949,0.33,Clear,Low,Evening,Scooter,17,0.0,25.7,1,0
2476,1.13,Clear,Medium,Afternoon,Scooter,10,1.0,23.6,0,0
9873,14.49,Clear,Medium,Evening,Scooter,18,8.0,60.4,1,1
7918,11.34,Foggy,Medium,Morning,Scooter,21,6.0,58.4,1,1
6576,9.14,Clear,Medium,Morning,Scooter,22,3.0,53.3,1,1
7173,9.9,Snowy,Medium,Evening,Car,14,3.0,52.2,1,1
10285,19.34,Clear,Low,Morning,Car,8,12.0,46.6,1,1
11889,18.78,Clear,Medium,Afternoon,Car,19,18.0,60.4,0,1
10870,16.44,Rainy,Medium,Morning,Bike,27,10.0,78.8,1,2
9115,13.82,Snowy,Medium,Afternoon,Car,27,8.0,65.5,0,1
10882,19.17,Windy,Low,Afternoon,Car,15,10.0,54.9,0,1
9281,14.68,Foggy,Medium,Morning,Scooter,27,8.0,67.1,1,1
182,2.71,Clear,Low,Morning,Scooter,6,1.0,20.0,1,0
9415,12.1,Rainy,Low,Night,Car,13,9.0,40.1,0,1
11820,18.41,Snowy,High,Afternoon,Scooter,32,20.0,89.0,0,2
2804,2.29,Rainy,Medium,Afternoon,Bike,7,0.0,29.5,0,0
6645,10.82,Clear,Medium,Evening,Car,26,4.0,57.5,1,1
890,5.24,Windy,High,Afternoon,Scooter,26,8.0,51.0,0,1
366,8.03,Clear,Low,Evening,Scooter,14,8.0,42.0,1,1
4136,5.51,Rainy,Low,Morning,Scooter,8,3.0,30.7,1,0
969,11.54,Clear,High,Afternoon,Car,10,0.0,56.0,0,1
10808,18.09,Foggy,Medium,Afternoon,Car,24,21.0,75.2,0,2
4892,7.73,Windy,High,Morning,Car,15,1.0,45.2,1,1
10845,17.18,Foggy,Medium,Morning,Car,23,18.0,70.1,1,2
10076,16.08,Rainy,High,Evening,Bike,14,15.0,71.8,1,2
7060,8.2,Clear,Medium,Morning,Bike,16,5.0,48.0,1,1
9660,14.27,Rainy,Medium,Afternoon,Scooter,11,6.0,51.9,0,1
2671,1.68,Clear,Medium,Afternoon,Car,9,1.0,17.2,0,0
6486,10.98,Clear,Low,Morning,Bike,24,5.0,52.0,1,1
11363,18.66,Rainy,Low,Evening,Car,15,14.0,63.5,1,1
6,3.54,Rainy,Medium,Evening,Bike,10,5.0,32.0,1,0
10687,19.67,Foggy,Medium,Evening,Bike,23,21.0,77.6,1,2
3687,1.54,Rainy,Medium,Afternoon,Car,25,0.0,46.3,0,1
11347,18.97,Clear,Low,Evening,Scooter,26,23.0,69.0,1,1
3202,1.26,Rainy,Medium,Morning,Bike,20,1.0,44.5,1,1
176,3.9,Rainy,High,Morning,Car,25,9.0,54.0,1,1
3816,2.07,Rainy,Low,Afternoon,Bike,19,0.0,39.2,0,0
2464,2.7,Clear,Low,Evening,Bike,12,0.0,29.4,1,0
8127,14.49,Clear,High,Evening,Bike,13,8.0,61.9,1,1
7589,10.48,Rainy,Medium,Evening,Car,21,6.0,57.9,1,1
7080,9.22,Foggy,Medium,Evening,Bike,26,5.0,67.6,1,1
11097,16.54,Clear,Low,Morning,Bike,18,10.0,60.2,1,1
11532,18.85,Rainy,High,Morning,Scooter,23,13.0,85.6,1,2
7557,8.04,Clear,High,Afternoon,Car,15,6.0,43.1,0,1
2728,2.98,Clear,Low,Evening,Bike,12,0.0,31.5,1,0
10643,17.8,Clear,Low,Afternoon,Bike,15,25.0,54.1,0,1
7972,11.67,Clear,Low,Morning,Car,23,4.0,46.4,1,1
4717,6.79,Rainy,Low,Afternoon,Car,13,3.0,30.8,0,0
4562,5.25,Rainy,Medium,Evening,Bike,16,2.0,44.1,1,1
9390,13.22,Clear,High,Morning,Scooter,20,10.0,60.5,1,1
7115,9.18,Clear,Medium,Morning,Bike,10,5.0,44.0,1,1
2116,3.72,Snowy,Low,Evening,Bike,10,0.0,38.3,1,0
11328,18.26,Clear,Medium,Afternoon,Scooter,22,13.0,65.9,0,1
5275,7.48,Foggy,Low,Evening,Scooter,26,2.0,49.7,1,1
3378,0.35,Snowy,Medium,Morning,Scooter,14,1.0,37.5,1,0
10992,17.14,Clear,Low,Morning,Bike,13,11.0,56.2,1,1
3510,0.3,Foggy,Medium,Afternoon,Bike,12,0.0,29.2,0,0
7123,11.51,Clear,Medium,Afternoon,Scooter,15,5.0,40.3,0,1
10271,18.83,Rainy,Medium,Afternoon,Scooter,32,21.0,77.9,0,2
3760,1.99,Windy,Low,Afternoon,Car,22,0.0,30.2,0,0
11361,18.74,Clear,High,Afternoon,Bike,12,22.0,64.7,0,1
6003,11.07,Snowy,Low,Morning,Bike,14,4.0,53.1,1,1
7040,8.59,Foggy,High,Morning,Scooter,8,5.0,44.7,1,1
6609,8.06,Clear,Low,Evening,Bike,14,6.0,37.4,1,0
8294,12.24,Windy,Low,Morning,Bike,24,8.0,64.0,1,1
731,3.7,Clear,Medium,Morning,Bike,28,7.0,45.0,1,1
9423,13.42,Clear,Medium,Evening,Bike,29,7.0,72.8,1,2
11327,16.02,Rainy,High,Afternoon,Scooter,17,30.0,69.2,0,1
2877,2.16,Clear,Medium,Afternoon,Scooter,32,1.0,43.3,0,1
11069,19.13,Rainy,High,Night,Scooter,16,24.0,71.1,0,2
7806,10.46,Foggy,High,Morning,Car,12,3.0,54.3,1,1
523,19.41,Clear,Low,Morning,Car,7,3.0,48.0,1,1
8116,15.15,Foggy,Low,Morning,Car,14,7.0,54.1,1,1
9043,13.96,Clear,Medium,Evening,Scooter,17,9.0,55.9,1,1
11298,18.09,Windy,Low,Morning,Car,9,11.0,47.1,1,1
8087,15.3,Rainy,Medium,Morning,Bike,16,9.0,64.4,1,1
693,10.4,Clear,Low,Evening,Bike,16,4.0,52.0,1,1
4787,4.76,Rainy,Low,Evening,Bike,19,1.0,47.7,1,1
2089,0.53,Clear,Medium,Evening,Bike,16,1.0,26.7,1,0
6334,10.77,Clear,Medium,Morning,Bike,11,4.0,49.6,1,1
10137,19.99,Rainy,Medium,Morning,Car,11,16.0,70.3,1,2
8228,13.39,Clear,High,Morning,Scooter,15,8.0,60.6,1,1
8945,12.14,Clear,High,Afternoon,Scooter,20,8.0,51.1,0,1
10733,16.65,Clear,High,Morning,Bike,25,25.0,76.8,1,2
827,7.25,Clear,Medium,Afternoon,Scooter,18,4.0,45.0,0,1
3182,0.23,Clear,Medium,Morning,Scooter,26,0.0,36.8,1,0
3977,3.14,Clear,Medium,Morning,Scooter,21,0.0,38.1,1,0
11207,19.02,Rainy,Medium,Night,Bike,8,20.0,63.3,0,1
245,0.8,Snowy,High,Evening,Bike,14,9.0,36.0,1,0
8338,13.1,Clear,High,Evening,Car,13,6.0,54.3,1,1
2178,0.93,Windy,Low,Afternoon,Bike,26,1.0,36.7,0,0
11173,19.21,Clear,Medium,Evening,Bike,11,17.0,66.5,1,1
7891,11.15,Windy,Medium,Night,Car,21,3.0,49.0,0,1
2305,3.42,Snowy,High,Afternoon,Bike,8,1.0,33.6,0,0
9432,12.36,Rainy,Medium,Evening,Bike,13,7.0,57.3,1,1
11136,18.85,Foggy,Low,Morning,Scooter,27,13.0,74.7,1,2
6383,8.48,Clear,Low,Evening,Bike,26,3.0,53.1,1,1
10555,18.47,Foggy,High,Morning,Car,16,10.0,71.6,1,2
2143,2.75,Windy,Medium,Evening,Bike,20,1.0,47.0,1,1
9265,12.75,Rainy,Low,Afternoon,Bike,21,6.0,56.7,0,1
4445,7.83,Clear,Low,Evening,Bike,12,3.0,36.9,1,0
7350,8.12,Clear,Medium,Afternoon,Bike,18,5.0,42.5,0,1
54,17.95,Snowy,High,Morning,Scooter,16,5.0,89.0,1,2
4979,5.21,Foggy,Medium,Morning,Bike,16,1.0,53.3,1,1
9208,12.9,Clear,Medium,Evening,Scooter,20,6.0,54.6,1,1
10381,18.09,Rainy,Medium,Evening,Car,28,12.0,77.5,1,2
11245,18.01,Clear,Low,Afternoon,Scooter,17,16.0,47.9,0,1
6535,10.84,Rainy,High,Evening,Car,15,6.0,52.5,1,1
11658,18.18,Clear,Medium,Evening,Scooter,10,17.0,58.5,1,1
3459,1.48,Windy,High,Afternoon,Bike,15,1.0,41.4,0,1
11837,18.32,Clear,High,Afternoon,Bike,16,17.0,68.9,0,1
9658,13.58,Foggy,Medium,Morning,Bike,14,9.0,59.1,1,1
4131,4.45,Clear,Low,Night,Bike,15,1.0,28.5,0,0
3684,0.55,Clear,High,Afternoon,Bike,18,1.0,33.1,0,0
11235,19.96,Clear,High,Morning,Bike,17,16.0,81.3,1,2
2625,2.05,Windy,Low,Evening,Car,19,1.0,24.8,1,0
11735,18.39,Clear,Low,Morning,Bike,22,23.0,65.7,1,1
3106,0.77,Foggy,Medium,Morning,Bike,16,0.0,39.4,1,0
3967,3.72,Foggy,Low,Afternoon,Scooter,31,1.0,46.5,0,1
10361,19.97,Clear,Low,Morning,Scooter,13,30.0,54.9,1,1
11385,18.8,Clear,Medium,Evening,Bike,20,25.0,68.2,1,1
7582,9.57,Clear,Medium,Morning,Car,24,5.0,45.3,1,1
6611,9.64,Snowy,Medium,Morning,Scooter,27,4.0,67.9,1,1
7487,10.72,Snowy,Medium,Afternoon,Bike,32,6.0,73.6,0,2
5931,6.05,Rainy,High,Afternoon,Scooter,13,1.0,48.8,0,1
2050,2.51,Clear,Low,Afternoon,Car,30,1.0,36.0,0,0
813,2.93,Clear,Medium,Morning,Bike,24,8.0,89.0,1,2
5081,5.34,Clear,Low,Evening,Scooter,24,3.0,33.5,1,0
11803,18.41,Rainy,Low,Evening,Bike,13,14.0,59.4,1,1
305,14.66,Snowy,High,Morning,Car,5,6.0,71.0,1,2
5569,7.46,Snowy,Medium,Morning,Bike,21,2.0,61.2,1,1
7463,9.44,Clear,Low,Morning,Bike,11,6.0,35.7,1,0
9775,15.84,Rainy,High,Evening,Car,18,7.0,67.8,1,1
9758,15.94,Clear,High,Night,Scooter,11,7.0,57.7,0,1
6212,9.91,Clear,Low,Afternoon,Bike,11,4.0,35.5,0,0
4045,7.09,Windy,Medium,Afternoon,Car,19,3.0,45.8,0,1
7249,8.24,Clear,Low,Morning,Bike,13,4.0,40.3,1,1
5441,4.14,Clear,Low,Evening,Scooter,11,1.0,24.9,1,0
10962,17.68,Clear,Medium,Evening,Scooter,22,13.0,62.6,1,1
11057,17.91,Rainy,Low,Afternoon,Bike,12,22.0,57.6,0,1
5394,6.5,Clear,Medium,Morning,Bike,18,3.0,52.3,1,1
5150,7.28,Clear,Medium,Evening,Bike,11,2.0,45.6,1,1
7793,11.48,Clear,High,Evening,Bike,20,3.0,69.2,1,1
10344,18.91,Clear,Low,Afternoon,Bike,9,13.0,43.3,0,1
10058,17.39,Clear,Low,Evening,Bike,14,24.0,56.7,1,1
6425,8.82,Rainy,Medium,Morning,Bike,16,6.0,55.4,1,1
7700,8.37,Clear,Medium,Afternoon,Scooter,28,6.0,51.7,0,1
9283,15.13,Clear,High,Evening,Bike,12,6.0,59.7,1,1
11094,18.95,Clear,Low,Morning,Car,23,12.0,62.9,1,1
8246,14.65,Clear,Medium,Morning,Scooter,7,10.0,41.3,1,1
2825,1.41,Snowy,Medium,Evening,Bike,18,1.0,47.3,1,1
7917,9.01,Foggy,High,Evening,Bike,13,6.0,60.5,1,1
5972,4.15,Clear,Medium,Evening,Bike,21,3.0,45.2,1,1
333,0.78,Clear,Medium,Morning,Bike,6,1.0,17.0,1,0
11024,18.36,Rainy,Low,Evening,Car,20,16.0,64.3,1,1
2273,2.67,Clear,Low,Morning,Bike,18,1.0,33.0,1,0
11954,19.92,Rainy,High,Afternoon,Scooter,20,14.0,77.7,0,2
30,1.41,Foggy,Medium,Evening,Bike,15,0.0,72.0,1,2
7082,10.95,Rainy,Low,Morning,Bike,23,4.0,65.0,1,1
5123,5.34,Clear,Medium,Morning,Bike,19,3.0,45.7,1,1
7252,8.57,Clear,Medium,Afternoon,Scooter,18,4.0,40.8,0,1
8597,12.95,Clear,Medium,Afternoon,Bike,13,8.0,48.8,0,1
355,1.88,Clear,Medium,Morning,Scooter,24,7.0,35.0,1,0
652,10.97,Clear,Low,Afternoon,Scooter,27,3.0,51.0,0,1
4004,6.75,Rainy,High,Morning,Car,15,3.0,53.7,1,1
7140,10.32,Snowy,Low,Afternoon,Scooter,15,6.0,43.9,0,1
6961,8.92,Clear,Medium,Morning,Bike,8,4.0,46.6,1,1
6315,11.07,Clear,High,Afternoon,Bike,21,3.0,65.0,0,1
3745,3.02,Foggy,Low,Evening,Scooter,11,0.0,26.1,1,0
5929,7.12,Clear,Low,Afternoon,Bike,15,2.0,32.5,0,0
7569,8.51,Clear,Medium,Morning,Car,14,6.0,36.8,1,0
3508,0.69,Clear,Medium,Afternoon,Scooter,22,1.0,24.2,0,0
8363,14.07,Rainy,High,Evening,Car,14,9.0,64.7,1,1
8650,12.33,Clear,High,Morning,Scooter,19,9.0,60.4,1,1
10914,18.75,Clear,Low,Morning,Car,27,28.0,63.7,1,1
4226,5.77,Clear,Medium,Morning,Bike,16,2.0,46.0,1,1
8154,14.74,Clear,Low,Afternoon,Bike,16,6.0,50.9,0,1
5335,6.39,Clear,Low,Morning,Car,18,1.0,39.3,1,0
11572,19.12,Rainy,Low,Evening,Scooter,21,29.0,69.1,1,1
5458,6.96,Windy,Low,Afternoon,Bike,16,2.0,45.1,0,1
8247,15.25,Windy,Low,Morning,Car,17,7.0,43.7,1,1
9674,15.79,Clear,Medium,Afternoon,Scooter,11,6.0,53.6,0,1
2963,2.53,Clear,High,Evening,Scooter,19,1.0,35.2,1,0
5505,5.66,Foggy,Medium,Night,Scooter,19,3.0,40.2,0,1
2631,3.96,Windy,Medium,Evening,Scooter,33,0.0,57.5,1,1
108,15.23,Snowy,High,Morning,Bike,5,0.0,62.0,1,1
6160,9.13,Clear,High,Afternoon,Bike,12,4.0,48.6,0,1
5722,5.52,Rainy,Medium,Night,Bike,19,3.0,46.5,0,1
3345,0.48,Windy,Low,Afternoon,Bike,20,0.0,25.3,0,0
6925,9.1,Clear,Medium,Afternoon,Scooter,18,4.0,41.6,0,1
2643,1.17,Clear,Low,Afternoon,Car,22,1.0,19.7,0,0
9201,14.4,Clear,High,Afternoon,Bike,13,10.0,60.0,0,1
2556,0.19,Clear,High,Afternoon,Scooter,23,0.0,31.9,0,0
331,7.44,Rainy,Low,Evening,Bike,27,5.0,53.0,1,1
3539,3.89,Snowy,Low,Morning,Bike,21,0.0,44.5,1,1
4158,6.4,Clear,Low,Morning,Bike,11,2.0,35.6,1,0
8418,14.55,Clear,Low,Morning,Scooter,11,9.0,44.6,1,1
4432,6.25,Foggy,High,Afternoon,Bike,30,2.0,64.2,0,1
8386,12.95,Snowy,Medium,Afternoon,Scooter,31,6.0,76.7,0,2
2796,0.93,Clear,Low,Evening,Scooter,21,1.0,29.0,1,0
535,15.5,Clear,Medium,Morning,Scooter,28,9.0,89.0,1,2
41,2.88,Rainy,Unknown,Morning,Car,16,4.0,41.0,1,1
7986,9.44,Clear,Medium,Night,Bike,29,6.0,58.7,0,1
11294,18.41,Clear,Medium,Morning,Bike,19,17.0,70.5,1,2
2153,1.52,Clear,Medium,Afternoon,Bike,12,0.0,26.6,0,0
5794,6.93,Clear,Low,Morning,Bike,16,2.0,37.5,1,0
9916,15.21,Windy,Low,Afternoon,Scooter,9,7.0,46.3,0,1
6114,8.73,Rainy,Medium,Morning,Scooter,19,4.0,53.4,1,1
7890,10.47,Clear,Medium,Afternoon,Bike,17,5.0,51.1,0,1
4951,6.7,Clear,Medium,Afternoon,Bike,21,2.0,53.6,0,1
10319,18.31,Clear,Medium,Morning,Bike,11,12.0,61.0,1,1
5401,4.96,Clear,Medium,Evening,Bike,8,2.0,34.1,1,0
6704,11.35,Clear,Medium,Afternoon,Bike,27,4.0,58.8,0,1
744,10.3,Clear,Low,Morning,Car,12,7.0,41.0,1,1
3979,0.67,Foggy,Medium,Morning,Bike,14,0.0,37.6,1,0
3806,2.75,Rainy,Low,Afternoon,Bike,31,1.0,50.7,0,1
787,11.88,Rainy,High,Afternoon,Car,29,9.0,78.0,0,2
8840,14.73,Snowy,High,Evening,Bike,18,10.0,78.2,1,2
2655,2.09,Snowy,Medium,Evening,Scooter,26,1.0,49.2,1,1
6918,8.84,Rainy,Medium,Morning,Bike,12,5.0,58.3,1,1
5926,4.69,Rainy,Low,Evening,Bike,24,1.0,51.9,1,1
2732,1.01,Clear,Medium,Morning,Bike,10,1.0,28.5,1,0
2415,1.36,Clear,Medium,Morning,Scooter,32,1.0,46.6,1,1
11979,16.78,Clear,Low,Morning,Scooter,16,14.0,51.7,1,1
10500,17.06,Clear,Low,Evening,Car,10,23.0,43.8,1,1
7064,8.83,Clear,Medium,Morning,Car,25,3.0,53.0,1,1
4916,6.99,Clear,High,Morning,Scooter,21,1.0,51.9,1,1
2558,3.28,Rainy,Medium,Afternoon,Bike,22,0.0,46.4,0,1
3882,2.98,Rainy,High,Evening,Scooter,8,1.0,37.3,1,0
8292,12.47,Windy,Medium,Morning,Bike,24,8.0,63.5,1,1
4782,7.54,Clear,Low,Morning,Bike,18,1.0,42.9,1,1
10279,16.99,Windy,Medium,Night,Scooter,20,19.0,64.0,0,1
5520,4.24,Foggy,Low,Evening,Scooter,16,1.0,36.9,1,0
7879,10.68,Foggy,Low,Evening,Car,18,3.0,53.6,1,1
10888,18.69,Rainy,Medium,Morning,Bike,22,12.0,76.5,1,2
5817,5.27,Clear,Low,Afternoon,Car,19,2.0,24.8,0,0
4746,5.28,Foggy,Medium,Evening,Bike,22,2.0,52.1,1,1
7828,8.38,Clear,High,Afternoon,Scooter,17,6.0,44.3,0,1
4386,4.55,Foggy,Medium,Morning,Bike,15,3.0,44.6,1,1
491,9.39,Clear,Low,Morning,Bike,14,2.0,37.0,1,0
3970,0.82,Rainy,Medium,Morning,Bike,24,0.0,49.3,1,1
4736,7.42,Clear,High,Evening,Scooter,27,2.0,60.0,1,1
3207,2.72,Rainy,Low,Morning,Bike,17,0.0,39.1,1,0
4894,7.4,Rainy,Medium,Afternoon,Car,13,1.0,40.5,0,1
5532,7.88,Clear,Medium,Afternoon,Scooter,29,1.0,55.9,0,1
5045,6.06,Foggy,High,Afternoon,Bike,28,3.0,63.8,0,1
7646,8.34,Clear,Medium,Evening,Bike,20,6.0,49.9,1,1
11737,18.5,Clear,Low,Night,Car,17,10.0,53.1,0,1
5184,5.61,Clear,Medium,Afternoon,Scooter,18,2.0,40.0,0,0
11438,19.51,Foggy,Low,Afternoon,Scooter,11,29.0,54.4,0,1
2489,1.81,Rainy,High,Evening,Bike,15,1.0,48.9,1,1
666,3.48,Foggy,Low,Afternoon,Scooter,9,1.0,31.0,0,0
10559,19.57,Clear,Medium,Afternoon,Bike,11,17.0,60.7,0,1
6940,11.53,Clear,Medium,Evening,Scooter,14,6.0,47.4,1,1
10578,17.99,Clear,Medium,Evening,Bike,8,28.0,58.4,1,1
10990,19.89,Clear,Medium,Afternoon,Bike,18,17.0,63.6,0,1
9570,12.87,Windy,Low,Morning,Bike,11,6.0,48.7,1,1
8867,13.87,Rainy,Medium,Afternoon,Bike,14,9.0,57.2,0,1
8529,13.11,Rainy,Medium,Afternoon,Bike,18,8.0,60.9,0,1
7536,10.99,Foggy,Medium,Evening,Bike,14,6.0,55.9,1,1
4584,4.82,Clear,Low,Afternoon,Scooter,25,2.0,34.1,0,0
2680,1.72,Clear,Low,Morning,Bike,16,0.0,32.5,1,0
2346,0.41,Foggy,High,Afternoon,Bike,11,1.0,34.3,0,0
8536,15.09,Clear,Medium,Morning,Bike,26,6.0,73.7,1,2
11047,19.09,Clear,Low,Evening,Scooter,16,17.0,58.3,1,1
6038,9.97,Snowy,Medium,Afternoon,Bike,13,4.0,57.6,0,1
10944,18.19,Foggy,Low,Evening,Scooter,14,24.0,57.6,1,1
5332,7.28,Clear,Low,Night,Scooter,25,1.0,43.1,0,1
6999,8.27,Clear,Medium,Morning,Bike,16,6.0,49.0,1,1
6582,10.52,Foggy,Medium,Morning,Car,10,3.0,44.1,1,1
9913,14.82,Clear,Medium,Afternoon,Bike,19,9.0,57.7,0,1
9564,15.87,Clear,Low,Evening,Car,12,9.0,45.1,1,1
10037,19.3,Clear,Low,Evening,Bike,18,27.0,66.0,1,1
4664,7.12,Clear,Low,Evening,Bike,22,2.0,47.9,1,1
5731,4.26,Windy,Low,Evening,Bike,28,2.0,48.6,1,1
955,8.67,Windy,High,Morning,Bike,20,4.0,55.0,1,1
11076,17.65,Clear,Medium,Evening,Bike,11,20.0,55.9,1,1
11957,17.07,Foggy,Medium,Evening,Bike,9,18.0,64.6,1,1
5352,7.81,Clear,High,Morning,Car,24,3.0,58.1,1,1
5840,4.67,Clear,Low,Morning,Bike,8,3.0,29.5,1,0
807,18.72,Rainy,Medium,Afternoon,Bike,17,0.0,89.0,0,2
5114,4.04,Rainy,Medium,Evening,Bike,28,1.0,57.3,1,1
6401,10.41,Foggy,Medium,Night,Bike,27,4.0,64.5,0,1
4146,7.24,Windy,Medium,Morning,Bike,25,3.0,57.6,1,1
11659,19.25,Windy,Medium,Evening,Car,23,12.0,79.3,1,2
11475,17.85,Clear,Medium,Evening,Scooter,16,10.0,65.3,1,1
974,4.69,Rainy,Medium,Evening,Scooter,12,7.0,36.0,1,0
11078,16.44,Rainy,Low,Afternoon,Scooter,15,25.0,50.0,0,1
10067,17.36,Clear,Medium,Evening,Bike,21,27.0,66.4,1,1
11643,17.08,Snowy,Medium,Evening,Bike,28,22.0,86.8,1,2
213,13.21,Clear,Unknown,Morning,Scooter,12,4.0,63.0,1,1
6119,11.33,Clear,Low,Evening,Bike,23,3.0,58.8,1,1
7111,11.76,Clear,Medium,Afternoon,Scooter,9,5.0,41.9,0,1
6644,9.7,Clear,Low,Afternoon,Scooter,12,6.0,34.1,0,0
11296,19.13,Clear,Medium,Morning,Scooter,24,20.0,76.2,1,2
10300,19.71,Clear,Medium,Evening,Bike,8,29.0,61.2,1,1
10690,17.36,Snowy,Medium,Afternoon,Bike,12,15.0,70.4,0,2
10302,19.53,Clear,Medium,Morning,Bike,14,15.0,61.8,1,1
10360,16.97,Clear,Medium,Afternoon,Bike,19,15.0,66.7,0,1
10871,19.39,Rainy,Medium,Afternoon,Car,24,28.0,73.0,0,2
6557,8.7,Foggy,Medium,Morning,Car,9,4.0,41.3,1,1
9385,12.38,Clear,Medium,Afternoon,Bike,24,7.0,54.3,0,1
11835,16.57,Snowy,High,Afternoon,Car,26,19.0,75.1,0,2
7200,9.97,Rainy,Low,Morning,Scooter,22,3.0,57.3,1,1
8837,15.73,Clear,Low,Evening,Bike,18,10.0,56.4,1,1
7000,8.24,Rainy,High,Afternoon,Bike,10,3.0,46.7,0,1
6886,11.16,Snowy,Low,Morning,Car,14,5.0,49.7,1,1
5990,5.86,Windy,Medium,Afternoon,Scooter,13,3.0,37.2,0,0
11866,16.09,Clear,Low,Afternoon,Car,20,24.0,51.2,0,1
4946,4.26,Clear,Low,Evening,Bike,23,1.0,41.5,1,1
4196,4.37,Snowy,Medium,Afternoon,Bike,17,1.0,48.1,0,1
5578,6.09,Clear,High,Morning,Bike,21,3.0,53.7,1,1
2263,3.17,Clear,Medium,Morning,Car,18,0.0,36.0,1,0
11865,18.22,Clear,High,Afternoon,Bike,19,12.0,73.6,0,2
10286,18.0,Clear,Low,Evening,Scooter,24,12.0,67.2,1,1
4800,5.63,Foggy,Low,Evening,Scooter,17,1.0,39.8,1,0
8886,12.37,Windy,Medium,Afternoon,Car,15,8.0,42.6,0,1
9490,12.89,Clear,Low,Night,Scooter,19,8.0,43.2,0,1
5535,4.45,Foggy,Low,Afternoon,Bike,13,3.0,36.7,0,0
4968,6.12,Clear,Medium,Evening,Scooter,14,2.0,38.5,1,0
5592,7.21,Clear,Low,Afternoon,Scooter,14,2.0,39.9,0,0
7605,9.53,Rainy,Low,Evening,Bike,14,4.0,48.7,1,1
2894,3.87,Clear,Low,Afternoon,Bike,19,1.0,38.5,0,0
3425,2.15,Clear,Medium,Evening,Scooter,22,0.0,32.5,1,0
11840,16.87,Windy,Medium,Morning,Bike,17,18.0,65.8,1,1
4246,7.76,Clear,Low,Morning,Car,27,1.0,50.2,1,1
3573,2.05,Rainy,Medium,Afternoon,Scooter,6,0.0,26.0,0,0
3224,0.63,Rainy,Low,Night,Bike,15,0.0,33.0,0,0
9152,15.72,Foggy,Medium,Afternoon,Bike,17,9.0,61.6,0,1
6056,11.67,Snowy,Medium,Morning,Scooter,18,6.0,58.7,1,1
8301,13.01,Clear,Medium,Evening,Bike,26,7.0,64.8,1,1
5220,7.36,Clear,Low,Morning,Scooter,18,2.0,41.6,1,1
3881,3.95,Rainy,Low,Afternoon,Scooter,26,0.0,42.0,0,1
8778,14.35,Rainy,Low,Morning,Car,10,6.0,51.0,1,1
2844,2.97,Clear,High,Afternoon,Bike,9,1.0,39.9,0,0
5648,7.99,Clear,Low,Night,Scooter,13,2.0,29.1,0,0
7790,11.0,Clear,Low,Afternoon,Bike,21,3.0,47.7,0,1
929,12.85,Rainy,Medium,Evening,Scooter,6,7.0,61.0,1,1
2977,0.38,Clear,Low,Morning,Bike,10,0.0,18.2,1,0
100,2.6,Clear,Low,Afternoon,Bike,16,1.0,29.0,0,0
4508,6.25,Windy,Low,Afternoon,Scooter,27,1.0,45.9,0,1
2785,1.77,Windy,High,Evening,Bike,15,1.0,47.5,1,1
9411,12.58,Foggy,Low,Morning,Scooter,14,9.0,44.4,1,1
2942,1.51,Snowy,High,Evening,Bike,28,1.0,65.6,1,1
2786,1.87,Clear,High,Evening,Car,6,1.0,27.2,1,0
7645,9.5,Rainy,High,Evening,Scooter,19,5.0,58.7,1,1
8598,13.59,Clear,Medium,Evening,Car,10,6.0,46.0,1,1
5591,6.1,Snowy,Medium,Afternoon,Bike,19,3.0,59.4,0,1
4847,7.47,Clear,Low,Afternoon,Bike,15,2.0,38.3,0,0
5935,5.11,Rainy,Low,Evening,Scooter,22,1.0,49.2,1,1
403,10.35,Clear,Medium,Night,Bike,7,9.0,48.0,0,1
4428,4.17,Rainy,High,Afternoon,Bike,29,3.0,66.1,0,1
809,9.29,Clear,Medium,Morning,Bike,17,2.0,49.0,1,1
10468,19.82,Rainy,Medium,Afternoon,Car,26,30.0,74.9,0,2
7638,10.37,Foggy,Medium,Evening,Bike,29,6.0,66.4,1,1
5680,5.98,Clear,Medium,Morning,Scooter,11,3.0,29.7,1,0
9151,12.28,Rainy,High,Evening,Car,8,9.0,53.5,1,1
9306,13.07,Clear,High,Afternoon,Bike,10,10.0,44.8,0,1
5647,5.97,Clear,Low,Morning,Bike,16,1.0,39.2,1,0
4214,7.75,Clear,High,Afternoon,Bike,24,2.0,61.8,0,1
5533,5.86,Clear,Medium,Evening,Bike,32,3.0,58.6,1,1
10184,17.84,Clear,High,Night,Bike,7,23.0,59.2,0,1
3016,2.01,Clear,Low,Morning,Bike,19,1.0,33.5,1,0
3518,1.61,Windy,Low,Afternoon,Bike,12,0.0,22.6,0,0
4668,5.89,Clear,Low,Afternoon,Bike,17,2.0,35.2,0,0
8205,12.02,Clear,Low,Afternoon,Scooter,15,7.0,36.8,0,0
3784,3.59,Clear,Low,Afternoon,Scooter,30,0.0,37.9,0,0
3550,1.04,Clear,Low,Evening,Bike,28,0.0,38.7,1,0
11668,16.46,Windy,Medium,Afternoon,Bike,28,23.0,69.6,0,1
7153,8.51,Clear,High,Evening,Car,12,4.0,44.0,1,1
2474,0.2,Clear,High,Night,Bike,27,1.0,49.7,0,1
5305,6.68,Foggy,Low,Morning,Bike,13,2.0,45.1,1,1
8394,13.35,Clear,High,Evening,Bike,10,9.0,57.9,1,1
4641,7.49,Foggy,Low,Afternoon,Bike,13,3.0,36.4,0,0
3821,1.47,Windy,Low,Morning,Scooter,17,0.0,34.2,1,0
11813,16.34,Rainy,Low,Night,Car,10,27.0,41.6,0,1
8919,15.84,Clear,Medium,Afternoon,Scooter,16,8.0,54.0,0,1
7855,9.19,Clear,High,Evening,Bike,17,5.0,55.7,1,1
4357,5.92,Rainy,High,Afternoon,Bike,26,2.0,62.2,0,1
9985,14.42,Foggy,Low,Evening,Bike,24,10.0,66.4,1,1
2486,1.76,Clear,Low,Night,Bike,16,1.0,27.8,0,0
5480,4.59,Rainy,High,Afternoon,Scooter,10,2.0,38.3,0,0
6619,10.39,Clear,Low,Morning,Bike,25,3.0,52.4,1,1
9228,13.48,Clear,Low,Morning,Scooter,23,8.0,53.4,1,1
9213,13.81,Rainy,Low,Evening,Scooter,22,10.0,55.5,1,1
6036,8.11,Clear,Low,Morning,Car,13,4.0,26.9,1,0
8060,14.41,Snowy,Low,Evening,Bike,24,10.0,71.0,1,2
9234,14.74,Clear,Low,Evening,Scooter,15,9.0,45.6,1,1
5464,7.16,Clear,Medium,Afternoon,Bike,20,1.0,46.5,0,1
5843,6.76,Rainy,Low,Evening,Bike,29,2.0,59.0,1,1
5757,5.57,Clear,High,Evening,Scooter,15,3.0,45.2,1,1
474,17.88,Clear,Medium,Evening,Bike,29,3.0,89.0,1,2
7259,8.09,Clear,Medium,Afternoon,Bike,17,3.0,42.1,0,1
881,5.01,Rainy,Low,Afternoon,Bike,10,5.0,31.0,0,0
11289,16.94,Clear,Medium,Morning,Car,21,24.0,64.5,1,1
4007,7.82,Rainy,Medium,Afternoon,Car,19,3.0,49.0,0,1
136,6.8,Clear,High,Evening,Bike,28,5.0,55.0,1,1
9381,14.61,Clear,High,Morning,Scooter,23,9.0,61.1,1,1
3198,2.9,Rainy,Medium,Afternoon,Bike,21,1.0,46.3,0,1
7225,10.45,Clear,Low,Afternoon,Bike,25,3.0,49.3,0,1
7811,9.91,Rainy,Low,Morning,Bike,11,3.0,43.5,1,1
8696,12.93,Clear,Low,Night,Scooter,15,9.0,36.5,0,0
11792,16.82,Clear,Low,Morning,Car,28,27.0,65.3,1,1
993,5.81,Rainy,Medium,Evening,Bike,14,8.0,41.0,1,1
2564,1.78,Rainy,Medium,Night,Scooter,20,0.0,39.4,0,0
682,5.53,Windy,High,Morning,Bike,23,4.0,59.0,1,1
932,16.78,Rainy,Medium,Morning,Bike,22,1.0,70.0,1,1
9542,15.49,Clear,Medium,Morning,Car,29,10.0,60.3,1,1
4784,5.59,Clear,Low,Morning,Car,9,3.0,21.1,1,0
11664,19.66,Snowy,Low,Morning,Bike,20,15.0,79.7,1,2
6679,9.8,Clear,Medium,Morning,Bike,24,5.0,56.3,1,1
9587,12.26,Clear,High,Morning,Bike,21,9.0,64.9,1,1
8163,12.23,Clear,Low,Morning,Car,29,6.0,55.7,1,1
5522,4.64,Snowy,High,Evening,Bike,9,1.0,48.5,1,1
11129,17.78,Clear,Medium,Afternoon,Bike,20,17.0,66.0,0,1
611,1.27,Foggy,High,Afternoon,Bike,25,9.0,46.0,0,1
3261,0.48,Clear,Low,Evening,Bike,15,1.0,25.2,1,0
11366,16.86,Clear,High,Morning,Scooter,15,26.0,62.5,1,1
9839,12.63,Foggy,Low,Evening,Scooter,25,10.0,56.6,1,1
437,1.92,Clear,Low,Unknown,Bike,8,7.0,14.0,0,0
7621,10.76,Clear,High,Morning,Bike,11,4.0,51.3,1,1
2820,0.31,Clear,Medium,Afternoon,Car,25,1.0,30.2,0,0
6273,9.85,Snowy,High,Morning,Car,34,5.0,81.4,1,2
5135,6.4,Foggy,Medium,Evening,Scooter,11,3.0,42.6,1,1
8785,13.58,Rainy,Low,Evening,Car,22,6.0,60.4,1,1
4220,7.87,Clear,Low,Evening,Bike,23,1.0,52.4,1,1
4003,4.93,Windy,Medium,Evening,Bike,12,2.0,46.0,1,1
10189,19.42,Rainy,Low,Afternoon,Bike,25,25.0,74.0,0,2
10907,17.25,Clear,Medium,Morning,Bike,18,16.0,68.4,1,1
11988,17.02,Snowy,Low,Evening,Bike,26,16.0,77.7,1,2
3975,0.65,Clear,Medium,Afternoon,Bike,30,1.0,40.3,0,1
6573,11.77,Clear,Medium,Night,Bike,22,4.0,60.9,0,1
6089,8.49,Clear,Low,Morning,Bike,6,4.0,33.3,1,0
8949,13.15,Foggy,Medium,Morning,Bike,15,6.0,65.2,1,1
6599,8.2,Clear,Low,Evening,Bike,21,6.0,45.4,1,1
8808,13.76,Windy,Medium,Evening,Bike,9,10.0,50.4,1,1
4815,7.16,Clear,Medium,Night,Bike,19,3.0,44.9,0,1
8678,15.02,Snowy,Medium,Afternoon,Bike,15,9.0,65.2,0,1
11620,17.46,Foggy,Low,Morning,Bike,14,13.0,65.4,1,1
4604,4.54,Foggy,Medium,Afternoon,Bike,24,3.0,49.8,0,1
951,12.21,Clear,High,Morning,Bike,9,4.0,57.0,1,1
9068,14.15,Windy,Medium,Afternoon,Scooter,30,7.0,68.5,0,1
7216,8.43,Clear,Low,Morning,Bike,17,4.0,42.6,1,1
9535,13.43,Clear,Medium,Afternoon,Scooter,26,9.0,59.8,0,1
2808,2.16,Clear,Medium,Night,Car,9,1.0,24.3,0,0
897,6.22,Rainy,Medium,Morning,Bike,15,0.0,49.0,1,1
9356,13.35,Clear,High,Evening,Bike,19,7.0,66.2,1,1
5411,5.44,Rainy,High,Afternoon,Scooter,28,2.0,58.8,0,1
9880,14.91,Windy,Low,Evening,Bike,23,9.0,63.8,1,1
9129,14.95,Snowy,Medium,Afternoon,Car,26,7.0,71.6,0,2
7058,10.13,Rainy,High,Afternoon,Bike,8,4.0,57.6,0,1
7770,10.48,Foggy,Low,Morning,Bike,27,3.0,62.2,1,1
2936,3.93,Clear,Medium,Afternoon,Scooter,20,0.0,33.8,0,0
138,14.21,Clear,Medium,Evening,Bike,24,5.0,58.0,1,1
5387,5.57,Rainy,Medium,Afternoon,Bike,24,3.0,53.8,0,1
8474,15.82,Rainy,High,Evening,Car,17,6.0,75.6,1,2
6550,11.16,Clear,Medium,Afternoon,Scooter,11,6.0,42.6,0,1
9324,13.48,Windy,Medium,Night,Scooter,18,8.0,50.1,0,1
4102,7.7,Clear,Low,Morning,Bike,21,3.0,42.5,1,1
10787,16.33,Rainy,Low,Morning,Bike,7,18.0,53.8,1,1
3986,1.34,Windy,Medium,Morning,Bike,14,0.0,36.3,1,0
10794,19.89,Foggy,High,Afternoon,Bike,27,22.0,87.6,0,2
39,13.84,Clear,Low,Morning,Scooter,18,5.0,64.0,1,1
3231,2.43,Clear,Medium,Morning,Car,23,1.0,36.1,1,0
6556,10.69,Foggy,Low,Afternoon,Bike,29,3.0,58.6,0,1
10171,16.42,Windy,Low,Evening,Scooter,25,20.0,64.7,1,1
8623,13.48,Clear,Low,Afternoon,Bike,23,9.0,53.3,0,1
5629,5.02,Rainy,High,Evening,Bike,22,2.0,62.1,1,1
3273,0.6,Clear,High,Afternoon,Car,18,1.0,32.1,0,0
8846,13.81,Clear,Medium,Evening,Bike,29,8.0,67.6,1,1
2234,1.59,Rainy,Medium,Evening,Scooter,15,0.0,34.5,1,0
6685,9.17,Windy,Medium,Evening,Car,13,6.0,48.8,1,1
4896,5.68,Clear,Low,Evening,Bike,18,3.0,40.4,1,1
8830,14.14,Foggy,Low,Afternoon,Bike,18,10.0,57.9,0,1
264,10.61,Clear,Medium,Morning,Bike,17,0.0,59.0,1,1
6047,8.28,Clear,High,Night,Bike,28,4.0,60.7,0,1
8290,13.67,Snowy,Low,Morning,Scooter,27,7.0,65.0,1,1
4779,6.33,Clear,Low,Morning,Car,31,2.0,49.5,1,1
460,2.82,Rainy,Medium,Evening,Scooter,10,1.0,29.0,1,0
10940,16.25,Windy,High,Afternoon,Car,17,27.0,63.9,0,1
11818,18.66,Clear,Medium,Evening,Bike,11,24.0,63.2,1,1
11626,17.29,Foggy,Medium,Morning,Scooter,16,17.0,67.1,1,1
7418,8.29,Windy,High,Evening,Bike,28,4.0,65.5,1,1
8423,13.57,Rainy,Low,Evening,Bike,25,6.0,69.1,1,1
9041,15.07,Rainy,Low,Night,Bike,11,8.0,50.7,0,1
171,13.71,Rainy,Medium,Evening,Bike,22,9.0,64.0,1,1
9176,13.88,Clear,Medium,Evening,Bike,14,7.0,55.1,1,1
2199,0.67,Clear,Low,Evening,Bike,19,1.0,31.9,1,0
10798,18.64,Rainy,Medium,Morning,Car,30,29.0,83.0,1,2
5328,7.29,Snowy,Medium,Morning,Car,16,2.0,56.2,1,1
3123,0.68,Snowy,Low,Evening,Bike,16,1.0,37.9,1,0
360,11.72,Rainy,Low,Evening,Bike,11,9.0,42.0,1,1
3857,1.02,Clear,Medium,Night,Bike,12,0.0,24.0,0,0
8447,15.51,Rainy,Low,Night,Bike,22,7.0,66.3,0,1
10149,17.49,Snowy,High,Morning,Bike,20,11.0,86.7,1,2
6608,11.53,Clear,Low,Morning,Bike,22,3.0,52.0,1,1
6785,11.75,Windy,Medium,Afternoon,Bike,15,6.0,51.6,0,1
9990,13.03,Snowy,High,Afternoon,Car,17,8.0,66.3,0,1
5564,7.64,Clear,Medium,Morning,Scooter,24,2.0,53.9,1,1
2715,2.6,Foggy,Low,Afternoon,Bike,14,1.0,28.8,0,0
2620,0.95,Clear,Low,Evening,Bike,12,1.0,20.4,1,0
3446,2.44,Rainy,Medium,Afternoon,Bike,28,1.0,54.8,0,1
9522,14.77,Clear,Low,Evening,Scooter,15,8.0,45.7,1,1
2094,0.63,Clear,Low,Morning,Bike,11,0.0,21.1,1,0
9608,12.75,Clear,Medium,Morning,Scooter,19,7.0,61.1,1,1
5717,5.67,Foggy,Low,Morning,Car,14,1.0,35.2,1,0
2248,3.32,Clear,Medium,Evening,Bike,14,1.0,35.2,1,0
5755,5.51,Clear,Medium,Afternoon,Scooter,17,1.0,33.8,0,0
11706,19.76,Clear,Low,Evening,Bike,31,22.0,80.0,1,2
10692,17.01,Clear,Medium,Evening,Bike,18,16.0,62.4,1,1
3458,3.19,Clear,Medium,Night,Car,21,0.0,37.0,0,0
3548,2.47,Foggy,Medium,Evening,Bike,11,1.0,35.3,1,0
8588,12.57,Windy,High,Morning,Bike,14,7.0,67.6,1,1
7667,11.21,Clear,Low,Afternoon,Bike,19,3.0,51.3,0,1
10046,16.32,Clear,Medium,Afternoon,Scooter,28,15.0,62.6,0,1
2417,1.22,Clear,Low,Afternoon,Scooter,17,1.0,17.8,0,0
10637,17.92,Clear,Low,Night,Scooter,25,21.0,57.9,0,1
7490,11.5,Foggy,High,Evening,Scooter,16,3.0,58.8,1,1
3957,0.31,Rainy,Low,Evening,Bike,16,0.0,33.5,1,0
3384,3.26,Windy,Low,Morning,Scooter,22,0.0,37.8,1,0
7734,8.67,Snowy,Low,Morning,Bike,12,6.0,53.2,1,1
4945,4.04,Clear,Low,Afternoon,Scooter,31,3.0,43.6,0,1
6294,8.37,Rainy,High,Morning,Bike,14,3.0,63.4,1,1
4802,5.92,Rainy,Low,Afternoon,Bike,28,3.0,49.0,0,1
4141,6.06,Snowy,Medium,Evening,Bike,15,1.0,54.6,1,1
10779,18.47,Snowy,Medium,Morning,Car,17,26.0,70.3,1,2
8803,12.9,Rainy,Medium,Morning,Scooter,13,10.0,58.0,1,1
11946,16.41,Clear,Low,Afternoon,Bike,10,30.0,45.1,0,1
10542,18.96,Clear,Low,Morning,Car,10,18.0,53.5,1,1
11769,19.54,Rainy,Low,Morning,Scooter,16,18.0,59.4,1,1
4997,6.06,Rainy,High,Morning,Bike,19,3.0,56.9,1,1
10095,19.12,Clear,Low,Evening,Car,16,21.0,59.3,1,1
717,16.7,Clear,Medium,Afternoon,Scooter,28,1.0,76.0,0,2
2336,3.15,Rainy,High,Afternoon,Car,17,0.0,44.3,0,1
7013,8.66,Clear,High,Afternoon,Bike,19,5.0,56.3,0,1
10087,17.72,Windy,Medium,Morning,Bike,11,29.0,59.4,1,1
11025,16.16,Foggy,High,Morning,Scooter,13,20.0,67.0,1,1
2384,3.63,Clear,High,Afternoon,Scooter,12,0.0,33.8,0,0
4731,7.25,Clear,High,Morning,Car,10,1.0,38.5,1,0
6232,10.65,Clear,Medium,Evening,Scooter,9,4.0,39.1,1,0
8080,12.04,Snowy,Medium,Morning,Scooter,29,9.0,80.3,1,2
3865,0.9,Rainy,Medium,Afternoon,Bike,12,1.0,26.2,0,0
6977,8.38,Clear,Medium,Evening,Bike,15,4.0,49.1,1,1
4849,6.95,Foggy,Medium,Afternoon,Bike,25,3.0,59.3,0,1
9488,12.34,Clear,Medium,Evening,Car,19,9.0,54.9,1,1
11960,18.17,Clear,High,Afternoon,Bike,24,28.0,73.9,0,2
4639,5.97,Snowy,Low,Evening,Bike,13,3.0,42.6,1,1
6146,10.32,Clear,High,Afternoon,Scooter,21,5.0,53.3,0,1
369,4.32,Clear,Low,Morning,Bike,21,9.0,34.0,1,0
5954,4.45,Foggy,High,Night,Scooter,25,3.0,51.8,0,1
6621,9.68,Clear,Low,Evening,Scooter,19,5.0,45.7,1,1
9575,15.13,Clear,Low,Evening,Bike,33,10.0,70.6,1,2
4678,4.21,Snowy,Low,Evening,Bike,12,1.0,41.9,1,1
5775,7.52,Foggy,High,Morning,Scooter,19,2.0,57.5,1,1
4625,5.89,Rainy,High,Morning,Car,17,2.0,53.2,1,1
819,1.57,Rainy,Low,Evening,Car,16,1.0,30.0,1,0
8798,14.64,Clear,Low,Morning,Car,18,6.0,53.7,1,1
9106,14.93,Clear,Low,Evening,Bike,10,7.0,51.7,1,1
11825,16.41,Clear,Medium,Afternoon,Car,14,20.0,53.0,0,1
10759,16.95,Clear,Medium,Evening,Scooter,13,26.0,54.6,1,1
10253,16.3,Foggy,Low,Morning,Scooter,16,14.0,59.6,1,1
4915,4.95,Clear,Medium,Afternoon,Scooter,13,3.0,32.4,0,0
8590,15.36,Rainy,Low,Afternoon,Scooter,21,7.0,64.5,0,1
4342,4.83,Clear,High,Afternoon,Bike,30,2.0,51.7,0,1
8059,15.05,Snowy,Low,Afternoon,Scooter,13,9.0,57.9,0,1
5175,5.0,Rainy,Medium,Afternoon,Bike,25,3.0,51.1,0,1
11702,16.24,Clear,Low,Evening,Bike,21,20.0,61.0,1,1
3968,1.98,Snowy,Medium,Morning,Scooter,16,1.0,38.1,1,0
3172,2.26,Foggy,Low,Afternoon,Bike,7,0.0,22.5,0,0
9079,13.03,Clear,High,Afternoon,Car,12,9.0,44.0,0,1
11887,17.43,Foggy,Medium,Morning,Bike,23,11.0,74.7,1,2
10753,18.73,Foggy,High,Evening,Car,17,11.0,76.4,1,2
6349,11.96,Rainy,High,Morning,Bike,25,6.0,77.5,1,2
5492,4.51,Clear,Low,Morning,Bike,18,2.0,34.6,1,0
6435,8.28,Rainy,Medium,Morning,Scooter,15,3.0,53.8,1,1
3954,1.89,Windy,High,Morning,Bike,20,1.0,50.8,1,1
210,3.64,Windy,High,Evening,Bike,17,6.0,40.0,1,0
11981,19.42,Clear,Medium,Evening,Scooter,27,22.0,71.2,1,2
11277,17.38,Snowy,Medium,Evening,Bike,18,23.0,79.7,1,2
7998,11.22,Snowy,Medium,Morning,Bike,21,3.0,71.0,1,2
5622,5.32,Clear,Low,Morning,Scooter,31,3.0,48.8,1,1
10334,18.79,Rainy,High,Afternoon,Scooter,17,25.0,78.7,0,2
5496,4.58,Snowy,Low,Morning,Bike,24,1.0,54.4,1,1
4883,6.52,Rainy,Medium,Evening,Scooter,29,3.0,55.5,1,1
4935,5.15,Rainy,High,Evening,Scooter,17,3.0,52.6,1,1
6444,10.33,Windy,Medium,Evening,Scooter,18,3.0,55.2,1,1
8275,16.0,Clear,Medium,Afternoon,Scooter,13,9.0,54.5,0,1
9917,14.41,Snowy,Low,Afternoon,Car,18,6.0,57.7,0,1
148,10.3,Rainy,Low,Evening,Bike,29,0.0,73.0,1,2
4981,6.66,Rainy,Medium,Night,Bike,12,2.0,46.3,0,1
7381,10.17,Clear,Medium,Night,Bike,20,3.0,57.9,0,1
2149,1.67,Clear,Low,Morning,Scooter,19,0.0,27.2,1,0
3563,3.15,Snowy,Low,Morning,Scooter,7,1.0,29.9,1,0
639,5.75,Windy,High,Morning,Scooter,7,4.0,37.0,1,0
6749,8.22,Snowy,High,Evening,Scooter,10,5.0,57.5,1,1
10895,16.08,Clear,High,Afternoon,Bike,17,29.0,66.6,0,1
4367,7.22,Clear,High,Evening,Car,18,3.0,50.6,1,1
8836,13.6,Clear,Low,Morning,Scooter,17,8.0,49.8,1,1
11356,16.68,Clear,Medium,Morning,Scooter,17,14.0,65.0,1,1
11687,18.01,Snowy,Low,Morning,Scooter,27,24.0,80.9,1,2
10676,18.28,Foggy,Medium,Afternoon,Bike,19,15.0,73.0,0,2
9851,13.63,Rainy,Low,Morning,Car,22,6.0,59.5,1,1
4838,5.71,Clear,Medium,Morning,Bike,22,1.0,44.1,1,1
5642,4.23,Clear,Low,Night,Scooter,24,2.0,36.7,0,0
4820,6.31,Windy,Low,Evening,Bike,21,3.0,45.1,1,1
3830,3.88,Rainy,Medium,Evening,Scooter,15,1.0,44.3,1,1
9763,14.6,Clear,High,Afternoon,Bike,23,9.0,71.6,0,2
3622,2.01,Rainy,Medium,Morning,Bike,22,0.0,48.5,1,1
3068,0.24,Rainy,Low,Morning,Car,17,0.0,22.9,1,0
11091,18.63,Rainy,High,Night,Scooter,24,19.0,78.7,0,2
2347,2.48,Windy,Low,Evening,Scooter,22,1.0,36.1,1,0
11907,19.92,Rainy,Low,Afternoon,Car,6,19.0,51.5,0,1
329,8.68,Rainy,Medium,Morning,Bike,8,5.0,52.0,1,1
9015,14.17,Clear,High,Afternoon,Scooter,16,6.0,60.5,0,1
11608,17.08,Rainy,High,Morning,Car,15,20.0,75.4,1,2
205,12.33,Clear,Medium,Evening,Bike,22,9.0,75.0,1,2
2658,3.84,Clear,Low,Evening,Bike,15,0.0,38.0,1,0
4034,5.48,Clear,Medium,Evening,Bike,19,2.0,41.3,1,1
5016,5.2,Foggy,Medium,Evening,Car,30,1.0,57.0,1,1
5682,5.34,Clear,Medium,Morning,Bike,16,2.0,43.3,1,1
4142,7.61,Clear,Low,Afternoon,Scooter,7,1.0,30.0,0,0
8409,14.33,Rainy,Low,Afternoon,Car,10,9.0,43.6,0,1
2217,3.99,Clear,Low,Night,Bike,14,1.0,32.1,0,0
10609,16.03,Clear,High,Evening,Bike,13,21.0,64.3,1,1
9080,15.11,Windy,Medium,Evening,Bike,19,7.0,67.6,1,1
10667,19.25,Clear,Medium,Evening,Car,33,20.0,82.4,1,2
4282,6.58,Clear,High,Afternoon,Scooter,18,2.0,43.1,0,1
117,16.17,Clear,Medium,Evening,Car,10,2.0,89.0,1,2
10939,19.17,Clear,Medium,Morning,Bike,12,13.0,65.7,1,1
8729,13.7,Foggy,High,Night,Bike,13,10.0,61.3,0,1
3572,1.93,Rainy,High,Evening,Bike,16,1.0,48.5,1,1
241,18.84,Foggy,Medium,Afternoon,Scooter,25,8.0,88.0,0,2
185,5.53,Clear,Medium,Afternoon,Bike,19,1.0,44.0,0,1
2794,3.57,Clear,High,Afternoon,Bike,26,0.0,53.1,0,1
9335,12.77,Clear,Medium,Afternoon,Bike,6,8.0,41.7,0,1
2315,3.58,Clear,Low,Night,Bike,30,0.0,39.0,0,0
3633,2.46,Rainy,Medium,Afternoon,Bike,10,1.0,30.1,0,0
3048,2.52,Foggy,Low,Evening,Bike,18,0.0,39.5,1,0
6098,10.42,Rainy,Medium,Evening,Car,12,4.0,47.6,1,1
3298,3.7,Clear,High,Morning,Scooter,20,0.0,41.1,1,1
7,1.63,Rainy,Medium,Night,Bike,24,5.0,38.0,0,0
3095,1.87,Rainy,Medium,Evening,Car,15,1.0,36.4,1,0
11729,19.96,Rainy,Medium,Afternoon,Car,14,22.0,63.9,0,1
8304,14.06,Clear,Low,Evening,Scooter,17,7.0,54.8,1,1
2880,0.57,Rainy,Low,Morning,Bike,17,1.0,32.6,1,0
240,3.95,Clear,Low,Afternoon,Bike,13,5.0,25.0,0,0
9539,15.07,Clear,Low,Evening,Bike,13,7.0,52.9,1,1
5586,5.43,Foggy,High,Evening,Bike,24,3.0,54.9,1,1
285,11.78,Clear,Low,Afternoon,Scooter,26,3.0,71.0,0,2
8057,13.02,Clear,High,Afternoon,Bike,26,10.0,69.0,0,1
2181,2.37,Snowy,High,Morning,Bike,11,0.0,52.8,1,1
9664,15.83,Windy,Low,Evening,Scooter,8,7.0,48.7,1,1
6980,8.92,Windy,Low,Afternoon,Scooter,11,3.0,33.4,0,0
10025,18.77,Clear,High,Morning,Scooter,19,11.0,75.8,1,2
6413,11.36,Foggy,Medium,Afternoon,Car,8,6.0,42.2,0,1
6035,8.08,Clear,Low,Evening,Bike,26,5.0,45.7,1,1
3780,1.66,Clear,High,Evening,Car,30,1.0,52.1,1,1
7294,8.67,Rainy,Low,Evening,Bike,16,6.0,51.8,1,1
2881,3.1,Clear,Medium,Evening,Bike,15,1.0,38.5,1,0
3486,2.92,Clear,Low,Afternoon,Scooter,31,0.0,39.5,0,0
628,15.08,Rainy,Medium,Evening,Scooter,26,1.0,89.0,1,2
11372,17.75,Clear,High,Evening,Bike,24,24.0,75.2,1,2
8591,13.5,Clear,High,Evening,Scooter,27,7.0,69.5,1,1
7675,9.1,Rainy,Medium,Morning,Car,33,3.0,60.3,1,1
3279,1.32,Snowy,Low,Evening,Scooter,18,0.0,42.2,1,1
3841,3.78,Clear,High,Afternoon,Car,23,0.0,46.6,0,1
597,13.52,Clear,Low,Morning,Scooter,27,1.0,82.0,1,2
7262,10.52,Rainy,High,Morning,Car,13,3.0,57.6,1,1
11880,18.79,Clear,Low,Morning,Scooter,17,29.0,58.2,1,1
6713,10.14,Rainy,High,Evening,Bike,24,6.0,66.8,1,1
2154,2.62,Rainy,Medium,Afternoon,Scooter,10,0.0,34.9,0,0
8388,15.84,Clear,Medium,Night,Bike,14,6.0,55.1,0,1
2869,1.85,Clear,Low,Morning,Bike,27,1.0,35.1,1,0
9348,14.14,Clear,Low,Evening,Scooter,18,7.0,54.2,1,1
6408,10.9,Clear,Low,Morning,Scooter,20,5.0,53.6,1,1
11269,18.67,Windy,Low,Afternoon,Bike,29,26.0,71.1,0,2
2986,3.49,Windy,Medium,Afternoon,Bike,21,1.0,44.7,0,1
9976,14.69,Snowy,High,Afternoon,Car,15,6.0,61.9,0,1
7477,11.63,Clear,Medium,Morning,Bike,19,4.0,52.5,1,1
11568,19.68,Snowy,Medium,Night,Car,15,26.0,74.0,0,2
11799,19.56,Clear,Low,Evening,Car,16,25.0,53.7,1,1
10084,17.5,Rainy,Low,Evening,Car,15,20.0,57.3,1,1
7951,9.0,Clear,Low,Evening,Bike,16,3.0,42.3,1,1
7417,9.52,Clear,Low,Evening,Bike,16,4.0,47.1,1,1
6165,10.23,Rainy,Medium,Evening,Car,16,4.0,55.2,1,1
11139,18.81,Clear,Medium,Evening,Car,16,27.0,60.2,1,1
3336,2.09,Snowy,Medium,Afternoon,Bike,19,0.0,46.1,0,1
4078,5.48,Clear,High,Evening,Bike,13,2.0,42.7,1,1
11051,19.92,Clear,Low,Morning,Scooter,18,10.0,59.1,1,1
10770,17.17,Clear,High,Evening,Bike,18,13.0,72.1,1,2
3232,0.61,Rainy,High,Morning,Car,19,0.0,43.7,1,1
5610,7.97,Clear,Medium,Afternoon,Bike,15,2.0,42.7,0,1
9788,13.81,Snowy,Medium,Morning,Scooter,15,9.0,58.6,1,1
3768,0.27,Clear,Low,Evening,Bike,21,0.0,28.1,1,0
10814,18.1,Windy,Medium,Morning,Scooter,31,26.0,78.3,1,2
7812,10.09,Clear,Low,Morning,Car,11,5.0,30.2,1,0
3645,2.91,Clear,Low,Morning,Scooter,10,0.0,23.9,1,0
5307,4.69,Clear,High,Evening,Bike,17,3.0,44.0,1,1
917,6.24,Unknown,Medium,Evening,Bike,15,3.0,52.0,1,1
7704,11.01,Foggy,High,Morning,Bike,16,4.0,63.0,1,1
11830,17.72,Rainy,High,Afternoon,Car,18,15.0,69.6,0,1
5968,4.6,Clear,Low,Evening,Bike,26,2.0,50.2,1,1
10449,16.89,Clear,Low,Evening,Bike,14,10.0,51.3,1,1
3452,2.01,Rainy,High,Morning,Scooter,14,0.0,38.2,1,0
4485,6.9,Snowy,Low,Afternoon,Bike,19,1.0,49.1,0,1
7771,9.32,Snowy,High,Afternoon,Scooter,21,6.0,61.0,0,1
4325,5.63,Clear,Medium,Afternoon,Bike,19,3.0,44.2,0,1
8821,12.01,Rainy,Medium,Morning,Bike,15,7.0,54.3,1,1
8375,13.37,Clear,Low,Afternoon,Scooter,18,8.0,45.4,0,1
10650,18.24,Rainy,Medium,Morning,Car,29,18.0,80.3,1,2
8618,14.68,Snowy,High,Night,Bike,26,10.0,80.4,0,2
7615,10.61,Rainy,Low,Night,Car,33,4.0,61.6,0,1
9642,13.18,Windy,High,Afternoon,Bike,24,10.0,64.1,0,1
5334,4.07,Clear,Medium,Evening,Scooter,17,3.0,38.3,1,0
6235,11.28,Clear,Medium,Evening,Bike,18,6.0,59.0,1,1
10820,19.4,Snowy,High,Night,Bike,19,25.0,81.9,0,2
8951,15.46,Rainy,High,Night,Bike,13,6.0,69.4,0,1
4400,6.43,Rainy,Low,Morning,Bike,20,2.0,48.8,1,1
5324,4.13,Snowy,High,Evening,Bike,24,1.0,61.5,1,1
10128,17.12,Foggy,Medium,Evening,Bike,16,15.0,63.7,1,1
11809,17.27,Clear,Medium,Morning,Car,28,25.0,67.8,1,1
10452,19.55,Clear,High,Morning,Bike,15,21.0,77.0,1,2
4835,6.34,Rainy,Medium,Night,Bike,16,2.0,54.8,0,1
5022,6.69,Foggy,Low,Evening,Bike,14,1.0,41.6,1,1
10245,17.51,Windy,Medium,Evening,Bike,12,15.0,61.6,1,1
7694,8.23,Snowy,Low,Afternoon,Scooter,34,5.0,64.0,0,1
2813,1.25,Windy,Medium,Morning,Scooter,12,0.0,32.6,1,0
2481,1.53,Clear,High,Evening,Bike,20,1.0,46.1,1,1
9688,12.08,Rainy,Medium,Evening,Scooter,16,10.0,53.8,1,1
11117,18.51,Clear,Low,Afternoon,Bike,18,15.0,63.6,0,1
5470,6.95,Windy,Medium,Evening,Car,23,3.0,48.7,1,1
803,11.74,Clear,High,Evening,Car,6,3.0,54.0,1,1
6899,11.58,Snowy,Medium,Evening,Bike,10,4.0,57.3,1,1
10777,19.14,Clear,Medium,Evening,Bike,22,22.0,76.8,1,2
7090,10.36,Clear,Low,Morning,Car,17,3.0,39.5,1,0
4271,7.57,Rainy,High,Morning,Car,17,3.0,56.6,1,1
4435,6.1,Foggy,Low,Evening,Scooter,16,1.0,40.1,1,1
3665,1.86,Windy,Low,Morning,Bike,18,1.0,35.6,1,0
8142,13.29,Clear,Medium,Morning,Car,23,9.0,57.8,1,1
7936,11.34,Rainy,Medium,Morning,Scooter,16,3.0,60.4,1,1
8856,12.46,Clear,Medium,Morning,Scooter,18,9.0,52.3,1,1
5511,6.07,Windy,Medium,Afternoon,Scooter,17,3.0,37.7,0,0
11227,17.21,Windy,Medium,Evening,Bike,14,19.0,64.8,1,1
6375,9.21,Rainy,Medium,Afternoon,Bike,13,4.0,47.2,0,1
4693,6.63,Snowy,High,Afternoon,Bike,32,1.0,76.7,0,2
3752,0.32,Clear,Medium,Evening,Bike,10,1.0,27.6,1,0
8556,14.29,Clear,Medium,Evening,Bike,17,7.0,64.9,1,1
10908,17.25,Snowy,Medium,Afternoon,Scooter,17,18.0,69.4,0,1
11605,18.33,Clear,Medium,Evening,Bike,28,23.0,77.9,1,2
5076,7.66,Windy,High,Night,Scooter,15,3.0,48.2,0,1
425,1.62,Windy,Low,Evening,Bike,9,8.0,16.0,1,0
9695,15.22,Clear,Low,Evening,Car,29,8.0,58.6,1,1
3581,3.29,Snowy,Low,Evening,Bike,19,1.0,48.4,1,1
5940,6.03,Clear,High,Evening,Car,21,2.0,54.2,1,1
9419,14.25,Clear,Medium,Morning,Scooter,21,8.0,57.0,1,1
10211,16.78,Clear,Medium,Morning,Bike,18,20.0,68.8,1,1
3864,1.3,Rainy,High,Morning,Bike,17,0.0,43.8,1,1
10716,18.49,Clear,High,Morning,Bike,20,12.0,78.1,1,2
9126,14.97,Windy,High,Evening,Car,23,8.0,72.1,1,2
9375,12.21,Rainy,Low,Night,Car,15,8.0,40.2,0,1
11039,18.9,Clear,Low,Morning,Bike,7,28.0,51.8,1,1
10016,19.86,Clear,Low,Afternoon,Car,25,21.0,62.1,0,1
330,5.33,Clear,Low,Evening,Car,29,1.0,51.0,1,1
27,4.39,Foggy,Medium,Night,Bike,12,8.0,38.0,0,0
6803,8.97,Clear,Medium,Afternoon,Scooter,20,5.0,43.7,0,1
5372,6.83,Clear,Low,Evening,Bike,14,2.0,44.6,1,1
8219,15.65,Clear,Low,Night,Scooter,26,7.0,55.9,0,1
3908,3.46,Clear,High,Evening,Car,31,0.0,52.9,1,1
11715,19.38,Clear,Medium,Afternoon,Scooter,28,13.0,77.0,0,2
3642,0.17,Clear,Medium,Morning,Scooter,24,1.0,35.9,1,0
2341,3.31,Clear,Low,Evening,Car,23,1.0,31.4,1,0
11719,18.17,Snowy,High,Morning,Bike,25,22.0,89.0,1,2
5663,5.14,Snowy,High,Afternoon,Scooter,29,3.0,59.2,0,1
6387,10.03,Clear,Low,Evening,Bike,14,6.0,45.9,1,1
10894,16.68,Clear,Medium,Morning,Scooter,27,14.0,72.3,1,2
7764,8.72,Windy,Low,Morning,Bike,21,5.0,47.3,1,1
6057,10.61,Clear,Low,Morning,Bike,14,6.0,38.7,1,0
4878,4.2,Clear,Medium,Morning,Scooter,9,2.0,37.7,1,0
10776,16.41,Clear,Low,Morning,Car,11,13.0,41.0,1,1
5449,5.65,Clear,High,Afternoon,Bike,25,2.0,56.3,0,1
10744,17.15,Foggy,High,Morning,Bike,18,28.0,75.6,1,2
5537,7.96,Clear,Low,Morning,Bike,11,1.0,39.1,1,0
6087,10.11,Rainy,Medium,Evening,Scooter,14,3.0,48.7,1,1
10547,16.25,Foggy,Medium,Afternoon,Scooter,27,10.0,64.5,0,1
5791,4.33,Clear,Low,Afternoon,Bike,8,1.0,22.3,0,0
5357,4.85,Rainy,Medium,Afternoon,Car,11,1.0,34.3,0,0
5490,5.5,Rainy,High,Morning,Scooter,12,2.0,48.4,1,1
10918,17.6,Clear,Low,Evening,Bike,31,19.0,70.4,1,2
3988,2.24,Rainy,Medium,Morning,Bike,17,1.0,44.5,1,1
2598,3.79,Rainy,Low,Evening,Bike,32,0.0,53.6,1,1
11146,16.78,Foggy,High,Afternoon,Bike,21,13.0,70.8,0,2
3560,3.22,Snowy,Low,Evening,Bike,10,0.0,36.5,1,0
358,11.92,Clear,Low,Afternoon,Scooter,14,4.0,46.0,0,1
5466,5.51,Foggy,Medium,Afternoon,Scooter,17,3.0,41.8,0,1
9034,13.0,Clear,Low,Night,Bike,25,7.0,54.9,0,1
11056,18.57,Windy,Low,Evening,Scooter,15,15.0,60.7,1,1
426,11.22,Windy,High,Evening,Bike,25,5.0,79.0,1,2
2027,3.76,Clear,High,Evening,Scooter,30,0.0,56.0,1,1
6010,10.67,Rainy,Low,Afternoon,Bike,23,5.0,57.9,0,1
10587,16.25,Clear,Medium,Afternoon,Bike,18,22.0,53.1,0,1
7818,10.41,Clear,Low,Afternoon,Car,20,6.0,35.2,0,0
8200,14.91,Windy,Medium,Evening,Scooter,23,10.0,67.0,1,1
4592,4.35,Snowy,High,Evening,Scooter,14,3.0,44.2,1,1
8021,15.19,Windy,Medium,Afternoon,Bike,27,8.0,65.7,0,1
2849,0.85,Clear,High,Morning,Scooter,32,1.0,49.2,1,1
3012,0.56,Rainy,High,Night,Bike,15,0.0,37.9,0,0
9116,13.8,Snowy,High,Morning,Bike,26,10.0,77.0,1,2
8099,15.37,Rainy,Low,Evening,Bike,27,6.0,69.8,1,1
7240,8.44,Rainy,Medium,Night,Scooter,14,6.0,41.0,0,1
5403,7.32,Rainy,Medium,Morning,Bike,13,1.0,52.9,1,1
11404,19.82,Clear,Low,Night,Scooter,22,19.0,63.3,0,1
7574,8.85,Snowy,Low,Afternoon,Bike,19,6.0,57.7,0,1
10393,18.42,Clear,Medium,Afternoon,Bike,7,10.0,50.6,0,1
3476,1.92,Rainy,Medium,Morning,Bike,25,0.0,54.0,1,1
5761,4.65,Windy,Low,Evening,Bike,21,2.0,46.4,1,1
9384,13.31,Clear,High,Afternoon,Scooter,16,7.0,54.3,0,1
5391,5.7,Clear,Low,Evening,Bike,22,1.0,42.8,1,1
7923,9.78,Foggy,Medium,Afternoon,Scooter,11,6.0,42.1,0,1
7449,8.47,Rainy,High,Morning,Bike,29,5.0,69.2,1,1
5156,5.94,Clear,High,Afternoon,Bike,23,1.0,53.2,0,1
9092,15.24,Rainy,High,Evening,Scooter,18,8.0,67.6,1,1
8210,14.98,Snowy,Medium,Afternoon,Car,9,10.0,55.1,0,1
3109,2.46,Windy,Low,Evening,Bike,12,1.0,28.6,1,0
7958,8.42,Clear,Low,Afternoon,Car,20,5.0,37.1,0,0
4844,6.82,Clear,Medium,Afternoon,Bike,20,2.0,48.3,0,1
4887,7.68,Clear,Medium,Morning,Bike,27,3.0,60.0,1,1
11503,17.15,Rainy,Low,Evening,Scooter,9,23.0,48.9,1,1
4424,4.38,Clear,Medium,Evening,Scooter,23,1.0,46.9,1,1
4048,6.47,Rainy,Medium,Morning,Bike,11,2.0,46.0,1,1
2848,1.38,Rainy,Medium,Evening,Bike,28,0.0,53.5,1,1
11256,16.11,Clear,Medium,Afternoon,Bike,8,30.0,49.6,0,1
3141,2.73,Clear,Medium,Evening,Bike,14,0.0,37.0,1,0
8957,13.47,Clear,Medium,Afternoon,Bike,15,6.0,50.6,0,1
8878,14.47,Clear,Medium,Evening,Bike,10,7.0,47.0,1,1
11133,19.21,Clear,Low,Evening,Bike,11,28.0,56.3,1,1
2908,1.66,Clear,Medium,Afternoon,Bike,19,0.0,34.9,0,0
10885,16.69,Rainy,Medium,Morning,Car,18,13.0,68.8,1,1
190,5.22,Snowy,Medium,Unknown,Scooter,14,3.0,43.0,0,1
8829,15.31,Rainy,Low,Morning,Car,25,7.0,66.6,1,1
2406,3.62,Snowy,Medium,Night,Bike,20,0.0,49.2,0,1
9471,13.69,Clear,High,Morning,Bike,13,6.0,61.0,1,1
6995,10.82,Rainy,Low,Morning,Bike,17,5.0,57.7,1,1
11968,19.56,Rainy,Medium,Afternoon,Bike,24,19.0,82.8,0,2
10695,19.28,Foggy,Low,Night,Car,25,19.0,67.6,0,1
11948,16.48,Clear,Medium,Morning,Scooter,19,24.0,57.7,1,1
9425,14.84,Foggy,High,Morning,Bike,10,9.0,65.6,1,1
10485,19.9,Foggy,Low,Morning,Bike,24,13.0,75.8,1,2
7744,11.71,Snowy,Low,Evening,Scooter,15,4.0,56.4,1,1
4244,4.73,Clear,High,Morning,Bike,19,2.0,51.6,1,1
10173,18.03,Rainy,High,Afternoon,Bike,31,10.0,87.7,0,2
6343,9.0,Rainy,Low,Night,Bike,16,4.0,46.9,0,1
5111,4.78,Clear,Low,Evening,Car,20,2.0,36.7,1,0
2017,2.01,Rainy,Low,Evening,Bike,8,1.0,30.0,1,0
7382,10.72,Foggy,Medium,Evening,Bike,16,5.0,57.3,1,1
4628,4.21,Clear,Medium,Evening,Scooter,22,2.0,42.5,1,1
4351,5.72,Clear,High,Morning,Car,29,2.0,57.0,1,1
4135,6.33,Rainy,High,Morning,Bike,11,3.0,51.2,1,1
3313,2.96,Rainy,Low,Afternoon,Bike,18,0.0,36.5,0,0
11585,19.26,Snowy,Medium,Afternoon,Bike,19,21.0,71.9,0,2
11064,18.0,Foggy,High,Morning,Bike,14,18.0,73.7,1,2
8172,12.6,Clear,Medium,Afternoon,Scooter,9,6.0,40.9,0,1
2242,2.7,Foggy,Medium,Morning,Bike,8,1.0,38.2,1,0
8223,13.3,Rainy,Low,Evening,Bike,12,7.0,57.0,1,1
10824,19.58,Foggy,Low,Night,Bike,23,12.0,71.8,0,2
11942,19.34,Clear,Low,Morning,Scooter,25,18.0,63.8,1,1
4444,7.8,Rainy,Medium,Afternoon,Bike,24,3.0,59.3,0,1
2694,3.34,Clear,Medium,Afternoon,Bike,21,0.0,43.7,0,1
5167,4.61,Clear,Medium,Evening,Bike,23,3.0,51.1,1,1
11693,16.12,Foggy,Low,Morning,Bike,16,25.0,67.3,1,1
6952,10.09,Foggy,Low,Afternoon,Car,8,3.0,37.9,0,0
6868,8.6,Clear,Medium,Morning,Car,11,3.0,32.6,1,0
4262,4.74,Windy,Low,Night,Scooter,7,2.0,23.5,0,0
6158,11.78,Clear,High,Morning,Scooter,10,5.0,56.7,1,1
6335,8.28,Snowy,Medium,Afternoon,Bike,13,6.0,54.4,0,1
9784,12.19,Clear,High,Afternoon,Bike,30,10.0,68.2,0,1
8391,13.72,Clear,High,Afternoon,Bike,17,9.0,62.0,0,1
6941,11.1,Snowy,Low,Afternoon,Scooter,29,5.0,64.6,0,1
8877,12.14,Clear,Low,Afternoon,Scooter,17,7.0,39.6,0,0
6407,11.34,Windy,Medium,Morning,Scooter,12,5.0,50.9,1,1
4470,7.75,Clear,Medium,Evening,Scooter,24,3.0,50.7,1,1
7559,10.23,Rainy,Medium,Morning,Scooter,22,5.0,57.7,1,1
11778,19.16,Rainy,Medium,Morning,Car,25,24.0,81.5,1,2
11479,17.71,Clear,Medium,Morning,Bike,20,18.0,70.2,1,2
6748,9.49,Rainy,Low,Evening,Bike,18,3.0,56.7,1,1
339,9.75,Clear,Low,Afternoon,Bike,22,7.0,50.0,0,1
5380,4.88,Windy,High,Afternoon,Bike,24,3.0,52.5,0,1
8023,13.03,Clear,High,Morning,Bike,17,10.0,63.3,1,1
10350,18.75,Clear,Medium,Evening,Car,11,15.0,57.4,1,1
10680,19.41,Rainy,Low,Morning,Scooter,18,21.0,70.9,1,2
8548,14.93,Rainy,Low,Afternoon,Bike,16,10.0,55.7,0,1
9267,13.19,Clear,Medium,Morning,Bike,23,8.0,61.9,1,1
7283,9.64,Windy,High,Morning,Scooter,11,3.0,55.8,1,1
7500,9.28,Clear,Medium,Afternoon,Scooter,10,4.0,37.1,0,0
5291,5.97,Clear,Low,Evening,Scooter,31,2.0,46.0,1,1
10803,18.06,Clear,Medium,Morning,Scooter,14,22.0,57.2,1,1
6774,8.68,Clear,Medium,Morning,Scooter,31,4.0,54.8,1,1
4488,5.06,Snowy,Low,Evening,Car,18,3.0,36.6,1,0
4619,5.58,Snowy,Medium,Morning,Scooter,32,2.0,69.2,1,1
11352,16.79,Rainy,Medium,Morning,Bike,21,25.0,77.5,1,2
7792,8.96,Rainy,High,Afternoon,Scooter,23,3.0,63.0,0,1
11934,17.16,Clear,Medium,Afternoon,Bike,17,24.0,63.3,0,1
3359,3.29,Rainy,Medium,Morning,Bike,21,0.0,51.6,1,1
9144,15.84,Clear,Medium,Evening,Bike,17,6.0,64.8,1,1
11357,17.02,Windy,Medium,Afternoon,Bike,26,16.0,69.0,0,1
9759,15.97,Clear,Medium,Evening,Bike,19,6.0,66.4,1,1
6266,11.18,Rainy,Low,Evening,Scooter,7,6.0,39.1,1,0
9202,15.0,Clear,Medium,Afternoon,Bike,12,8.0,49.7,0,1
2711,1.99,Windy,High,Afternoon,Bike,19,1.0,41.2,0,1
2933,3.33,Clear,Low,Afternoon,Scooter,8,1.0,24.5,0,0
6926,11.95,Clear,Low,Afternoon,Bike,33,5.0,65.4,0,1
3409,2.78,Snowy,Low,Evening,Scooter,10,1.0,33.4,1,0
11224,19.76,Rainy,Low,Afternoon,Scooter,23,24.0,66.5,0,1
984,1.97,Clear,High,Morning,Car,28,7.0,43.0,1,1
618,5.9,Rainy,Low,Evening,Car,26,9.0,44.0,1,1
794,12.42,Rainy,Low,Evening,Bike,28,9.0,79.0,1,2
4729,5.54,Clear,Low,Morning,Bike,6,1.0,27.3,1,0
6861,10.98,Rainy,Medium,Afternoon,Bike,13,3.0,55.2,0,1
10822,19.93,Clear,Low,Evening,Bike,25,23.0,68.5,1,1
6517,8.62,Clear,Low,Night,Car,34,3.0,52.0,0,1
9326,15.78,Clear,Low,Evening,Bike,22,7.0,57.7,1,1
3372,3.66,Windy,Low,Evening,Scooter,20,0.0,36.8,1,0
2372,0.5,Clear,Medium,Morning,Bike,6,0.0,24.0,1,0
11508,17.87,Clear,Low,Morning,Bike,15,30.0,58.4,1,1
7693,11.35,Rainy,Low,Evening,Bike,27,5.0,65.7,1,1
10129,19.72,Rainy,High,Morning,Bike,24,14.0,86.4,1,2
8322,13.88,Clear,Low,Morning,Car,26,9.0,49.3,1,1
3090,2.0,Clear,Low,Evening,Bike,20,0.0,28.0,1,0
5978,7.89,Clear,High,Morning,Scooter,17,2.0,53.2,1,1
9698,15.71,Snowy,Low,Evening,Car,11,10.0,51.0,1,1
6105,8.33,Windy,High,Afternoon,Bike,31,6.0,68.7,0,1
10781,18.84,Rainy,Low,Evening,Scooter,18,25.0,63.8,1,1
2628,0.53,Clear,Medium,Night,Scooter,20,0.0,32.0,0,0
7571,9.72,Clear,Medium,Afternoon,Car,11,5.0,37.1,0,0
10255,17.35,Rainy,High,Night,Car,23,23.0,76.4,0,2
4733,5.58,Rainy,Medium,Morning,Bike,8,2.0,40.8,1,1
10004,18.94,Clear,Medium,Evening,Car,19,19.0,59.3,1,1
3489,1.62,Snowy,Medium,Morning,Scooter,11,0.0,35.0,1,0
4608,5.23,Clear,High,Night,Car,11,3.0,32.5,0,0
8360,15.04,Clear,High,Afternoon,Bike,25,7.0,72.1,0,2
5419,4.09,Clear,Medium,Morning,Bike,8,3.0,30.8,1,0
6507,8.58,Clear,Low,Afternoon,Bike,22,6.0,42.1,0,1
2044,0.44,Clear,Low,Morning,Bike,26,1.0,40.8,1,1
11044,17.35,Rainy,Low,Evening,Bike,27,29.0,78.7,1,2
3064,0.6,Rainy,Medium,Evening,Bike,16,1.0,40.0,1,0
263,3.23,Clear,High,Afternoon,Bike,17,9.0,33.0,0,0
7695,8.53,Foggy,High,Morning,Bike,25,5.0,72.6,1,2
7592,9.36,Foggy,Medium,Evening,Bike,19,6.0,59.7,1,1
802,3.47,Snowy,High,Night,Bike,24,9.0,53.0,0,1
4797,4.97,Rainy,High,Night,Scooter,30,1.0,63.6,0,1
7400,9.85,Clear,Medium,Evening,Bike,14,3.0,47.1,1,1
2432,2.03,Foggy,Low,Afternoon,Scooter,18,1.0,27.8,0,0
7298,8.3,Clear,Medium,Morning,Bike,22,6.0,58.7,1,1
5074,4.66,Foggy,Medium,Evening,Car,30,1.0,54.8,1,1
160,14.7,Clear,Medium,Morning,Scooter,6,2.0,58.0,1,1
11477,18.99,Rainy,Low,Evening,Scooter,27,23.0,77.4,1,2
2311,1.09,Clear,Medium,Morning,Bike,9,0.0,31.4,1,0
3405,3.72,Clear,Low,Morning,Car,20,1.0,31.5,1,0
9277,12.07,Clear,High,Morning,Car,28,6.0,66.4,1,1
3868,0.54,Clear,Low,Afternoon,Scooter,6,0.0,10.0,0,0
6303,11.72,Windy,Low,Evening,Car,23,5.0,47.6,1,1
4198,4.07,Rainy,Medium,Morning,Scooter,16,3.0,45.8,1,1
11584,19.08,Snowy,Medium,Afternoon,Scooter,13,19.0,60.8,0,1
5211,5.99,Clear,Low,Evening,Bike,19,2.0,40.6,1,1
6613,8.75,Rainy,Medium,Morning,Scooter,12,6.0,42.4,1,1
9442,12.93,Snowy,Medium,Evening,Scooter,31,6.0,70.9,1,2
9395,15.07,Snowy,Low,Morning,Bike,27,10.0,70.8,1,2
3831,0.55,Clear,Medium,Morning,Scooter,12,1.0,21.7,1,0
7284,10.08,Clear,High,Morning,Scooter,20,6.0,55.1,1,1
9702,12.06,Rainy,High,Morning,Bike,8,10.0,65.1,1,1
7747,10.7,Clear,Low,Afternoon,Scooter,13,6.0,34.2,0,0
3166,2.53,Snowy,Low,Evening,Car,14,1.0,33.0,1,0
9972,12.54,Clear,Low,Afternoon,Bike,15,7.0,41.7,0,1
2472,2.51,Clear,Low,Night,Car,22,0.0,25.9,0,0
10852,19.63,Clear,Low,Night,Bike,17,19.0,60.3,0,1
6779,9.58,Clear,High,Evening,Bike,20,5.0,59.9,1,1
3034,1.47,Windy,Low,Afternoon,Car,25,0.0,32.3,0,0
8188,12.51,Clear,High,Morning,Bike,17,7.0,64.3,1,1
261,12.49,Clear,Medium,Morning,Bike,25,4.0,77.0,1,2
5765,7.89,Clear,Low,Morning,Car,10,2.0,29.1,1,0
2228,3.88,Rainy,Medium,Afternoon,Scooter,21,1.0,40.4,0,1
10631,17.59,Rainy,Medium,Morning,Bike,12,26.0,66.5,1,1
4065,5.13,Clear,Medium,Afternoon,Bike,26,2.0,47.5,0,1
5273,6.25,Rainy,High,Afternoon,Bike,20,3.0,60.0,0,1
7391,9.72,Rainy,Low,Afternoon,Bike,32,3.0,65.6,0,1
9932,14.19,Rainy,Low,Morning,Car,15,6.0,53.3,1,1
8864,14.58,Clear,Medium,Evening,Bike,17,10.0,58.7,1,1
2923,3.09,Rainy,Low,Evening,Car,22,0.0,41.9,1,1
6817,10.72,Clear,Low,Evening,Bike,7,5.0,44.8,1,1
5233,6.33,Rainy,Low,Night,Car,22,2.0,35.5,0,0
10980,18.56,Rainy,Low,Morning,Scooter,21,27.0,69.0,1,1
8018,12.38,Snowy,Low,Evening,Scooter,10,6.0,51.6,1,1
6572,10.73,Snowy,Medium,Morning,Bike,13,5.0,61.8,1,1
5518,4.33,Clear,Medium,Morning,Scooter,12,2.0,29.9,1,0
956,7.97,Windy,Medium,Evening,Scooter,9,8.0,35.0,1,0
202,2.14,Clear,Low,Afternoon,Bike,25,1.0,36.0,0,0
48,10.64,Clear,Medium,Afternoon,Scooter,14,5.0,45.0,0,1
7098,8.63,Rainy,Low,Evening,Scooter,8,4.0,33.9,1,0
10898,18.45,Clear,High,Morning,Car,28,10.0,74.6,1,2
4218,7.93,Windy,Medium,Evening,Bike,19,2.0,54.7,1,1
2771,1.18,Clear,Medium,Morning,Bike,16,1.0,36.9,1,0
6747,8.83,Clear,Medium,Morning,Bike,23,5.0,48.0,1,1
8067,12.09,Rainy,Medium,Evening,Bike,23,10.0,61.5,1,1
4169,5.65,Clear,Medium,Night,Scooter,9,1.0,31.1,0,0
11782,18.51,Rainy,Low,Evening,Scooter,14,22.0,57.9,1,1
6218,11.6,Clear,Low,Evening,Bike,16,3.0,49.8,1,1
8085,13.77,Clear,Low,Night,Scooter,18,8.0,46.9,0,1
3385,3.46,Windy,Medium,Evening,Bike,17,0.0,38.3,1,0
2638,1.16,Foggy,High,Morning,Bike,18,0.0,50.8,1,1
5484,5.36,Rainy,Medium,Morning,Car,19,2.0,51.0,1,1
646,17.87,Snowy,Low,Morning,Scooter,29,4.0,87.0,1,2
924,16.1,Clear,Low,Morning,Car,16,6.0,61.0,1,1
7604,9.35,Windy,Medium,Afternoon,Bike,10,3.0,46.2,0,1
9526,15.14,Clear,Low,Afternoon,Bike,22,6.0,61.3,0,1
9862,13.47,Clear,High,Morning,Car,7,6.0,51.7,1,1
11603,19.54,Rainy,High,Morning,Car,17,13.0,80.3,1,2
11174,18.24,Clear,Medium,Morning,Scooter,19,26.0,64.4,1,1
11037,18.29,Snowy,Medium,Afternoon,Scooter,13,25.0,63.9,0,1
6461,10.21,Clear,Low,Afternoon,Scooter,18,4.0,39.2,0,0
4655,5.29,Clear,Medium,Afternoon,Bike,19,2.0,41.0,0,1
2460,3.03,Rainy,Low,Afternoon,Bike,10,0.0,28.7,0,0
10470,18.28,Clear,Low,Morning,Scooter,27,18.0,67.8,1,1
2240,1.39,Clear,Medium,Evening,Bike,20,0.0,35.7,1,0
10478,16.64,Clear,Low,Morning,Bike,25,21.0,57.6,1,1
5644,7.4,Clear,Medium,Morning,Bike,19,1.0,54.0,1,1
8770,14.78,Clear,Medium,Afternoon,Scooter,19,6.0,58.2,0,1
10953,16.7,Clear,High,Evening,Bike,9,23.0,65.3,1,1
4165,4.73,Snowy,Medium,Morning,Scooter,15,1.0,49.0,1,1
10404,17.3,Snowy,Medium,Evening,Bike,27,23.0,87.2,1,2
5319,4.33,Clear,Low,Morning,Scooter,15,2.0,27.5,1,0
396,18.65,Foggy,Low,Night,Car,19,2.0,68.0,0,1
4314,7.33,Clear,Low,Afternoon,Scooter,15,1.0,23.9,0,0
4392,4.77,Foggy,Low,Afternoon,Scooter,14,2.0,30.6,0,0
1000,9.2,Clear,High,Morning,Scooter,9,9.0,48.0,1,1
8560,14.23,Clear,Medium,Afternoon,Car,17,9.0,52.6,0,1
11683,19.45,Windy,Low,Evening,Scooter,9,22.0,51.7,1,1
