Order_ID,Distance_km,Weather,Traffic_Level,Time_of_Day,Vehicle_Type,Preparation_Time_min,Courier_Experience_yrs,Delivery_Time_min
1001,1.24,Foggy,Low,Afternoon,Bike,11,1,19.3
1002,0.57,Clear,Low,Night,Bike,11,1,19.0
1003,0.52,Snowy,Medium,Morning,Car,20,1,36.4
1004,0.14,Foggy,Medium,Morning,Bike,22,0,46.3
1005,3.92,Clear,Medium,Evening,Bike,23,0,48.6
1006,2.65,Windy,Medium,Evening,Bike,18,1,44.9
1007,1.35,Foggy,Medium,Afternoon,Bike,20,1,36.7
1008,2.36,Foggy,High,Evening,Scooter,31,0,64.8
1009,2.51,Clear,Medium,Afternoon,Bike,15,0,39.2
1010,0.81,Clear,Medium,Morning,Car,13,1,24.3
1011,1.23,Clear,Low,Evening,Scooter,31,1,40.3
1012,2.23,Windy,Low,Afternoon,Bike,28,0,41.9
1013,3.38,Rainy,Medium,Evening,Car,6,0,33.5
1014,0.61,Snowy,Medium,Evening,Bike,16,0,45.7
1015,3.45,Clear,High,Morning,Scooter,22,1,41.7
1016,2.48,Clear,Medium,Morning,Scooter,12,0,27.0
1017,2.01,Rainy,Low,Evening,Bike,8,1,30.0
1018,0.66,Clear,Low,Evening,Bike,8,1,21.2
1019,2.24,Snowy,Medium,Afternoon,Scooter,19,0,42.4
1020,1.48,Rainy,Low,Evening,Scooter,13,0,24.2
1021,0.84,Foggy,Medium,Afternoon,Scooter,14,1,29.9
1022,3.53,Clear,Medium,Afternoon,Bike,7,1,31.6
1023,1.9,Windy,Medium,Morning,Bike,22,0,38.3
1024,0.41,Snowy,High,Morning,Car,25,1,54.1
1025,1.28,Foggy,Medium,Afternoon,Bike,22,0,47.3
1026,0.81,Clear,Medium,Evening,Car,11,0,25.6
1027,3.76,Clear,High,Evening,Scooter,30,0,56.0
1028,1.05,Clear,Medium,Morning,Scooter,30,0,47.0
1029,2.07,Clear,High,Afternoon,Bike,14,0,36.3
1030,3.01,Rainy,Low,Morning,Car,32,1,50.6
1031,0.72,Foggy,Low,Morning,Car,17,0,27.8
1032,1.81,Windy,Low,Evening,Scooter,9,1,21.7
1033,2.65,Clear,Low,Afternoon,Scooter,19,0,24.5
1034,3.54,Clear,Medium,Morning,Bike,18,1,39.8
1035,2.65,Clear,High,Afternoon,Bike,26,1,54.1
1036,0.41,Clear,High,Evening,Car,15,0,30.0
1037,1.35,Clear,High,Evening,Bike,23,0,42.1
1038,1.47,Clear,Low,Evening,Bike,24,1,47.2
1039,1.61,Clear,Low,Morning,Bike,8,1,19.6
1040,3.77,Rainy,Low,Evening,Scooter,21,0,41.5
1041,0.24,Clear,Medium,Afternoon,Scooter,17,0,24.3
1042,1.28,Snowy,Low,Morning,Scooter,13,0,31.9
1043,2.02,Foggy,Low,Night,Bike,16,1,28.6
1044,0.44,Clear,Low,Morning,Bike,26,1,40.8
1045,1.99,Snowy,Medium,Evening,Bike,21,0,50.8
1046,0.52,Snowy,Low,Evening,Car,20,1,31.4
1047,3.37,Clear,Low,Afternoon,Bike,10,0,14.8
1048,1.15,Clear,Low,Morning,Car,21,0,30.8
1049,2.14,Rainy,High,Morning,Bike,23,1,54.8
1050,2.51,Clear,Low,Afternoon,Car,30,1,36.0
1051,1.29,Clear,Medium,Morning,Scooter,24,1,35.5
1052,1.47,Clear,Medium,Afternoon,Car,10,0,19.5
1053,2.09,Foggy,Low,Afternoon,Scooter,29,0,40.5
1054,3.24,Rainy,Low,Morning,Scooter,24,0,46.9
1055,1.87,Foggy,High,Afternoon,Scooter,6,1,29.0
1056,2.01,Foggy,Medium,Morning,Bike,22,1,43.5
1057,2.42,Clear,Medium,Afternoon,Car,15,0,33.5
1058,1.76,Rainy,Medium,Night,Scooter,20,1,39.6
1059,2.93,Clear,Low,Afternoon,Bike,14,0,23.6
1060,0.12,Clear,High,Night,Bike,22,0,40.8
1061,1.98,Rainy,High,Afternoon,Scooter,12,1,37.9
1062,3.7,Clear,Low,Morning,Car,25,1,38.0
1063,2.5,Rainy,High,Morning,Scooter,10,0,41.6
1064,2.0,Foggy,Medium,Morning,Bike,8,0,34.1
1065,3.11,Rainy,Low,Evening,Scooter,11,1,33.0
1066,1.63,Rainy,High,Afternoon,Bike,16,0,46.8
1067,1.92,Rainy,Medium,Evening,Bike,21,1,49.9
1068,0.86,Clear,High,Afternoon,Car,17,0,25.6
1069,0.58,Clear,Medium,Evening,Bike,17,0,29.1
1070,0.2,Clear,Medium,Morning,Bike,26,1,39.5
1071,2.95,Clear,Low,Morning,Bike,19,0,34.7
1072,1.93,Clear,High,Night,Bike,18,0,38.0
1073,3.76,Snowy,Medium,Evening,Bike,16,0,47.2
1074,0.79,Clear,High,Evening,Bike,31,0,55.5
1075,1.05,Clear,Medium,Morning,Bike,14,0,29.7
1076,2.59,Clear,Low,Night,Car,12,1,10.0
1077,0.31,Clear,Low,Morning,Bike,18,0,24.6
1078,2.06,Rainy,Medium,Afternoon,Car,21,0,36.7
1079,0.58,Rainy,Low,Morning,Scooter,8,1,20.9
1080,0.73,Foggy,Low,Morning,Bike,26,0,45.3
1081,2.1,Rainy,Low,Afternoon,Bike,14,0,32.9
1082,2.32,Clear,Medium,Afternoon,Bike,20,0,31.1
1083,0.93,Snowy,Medium,Afternoon,Scooter,12,1,35.8
1084,1.16,Clear,High,Morning,Scooter,26,1,45.4
1085,1.21,Clear,Low,Night,Bike,15,0,23.9
1086,0.65,Clear,High,Evening,Bike,12,0,35.8
1087,3.87,Foggy,Low,Night,Bike,7,0,24.0
1088,2.8,Clear,High,Morning,Scooter,15,0,40.9
1089,0.53,Clear,Medium,Evening,Bike,16,1,26.7
1090,1.49,Rainy,Low,Evening,Scooter,8,1,27.7
1091,0.77,Clear,Low,Afternoon,Scooter,19,0,23.3
1092,1.01,Foggy,Medium,Afternoon,Scooter,17,0,33.3
1093,3.76,Clear,Medium,Evening,Bike,18,1,43.3
1094,0.63,Clear,Low,Morning,Bike,11,0,21.1
1095,3.53,Clear,High,Morning,Bike,16,1,49.0
1096,3.38,Rainy,Low,Morning,Car,31,1,46.7
1097,3.0,Clear,Medium,Afternoon,Bike,15,1,30.0
1098,2.04,Clear,High,Morning,Bike,24,1,50.3
1099,1.11,Clear,Medium,Morning,Bike,11,1,24.7
1100,3.34,Windy,Medium,Evening,Scooter,11,1,31.0
1101,3.35,Windy,High,Morning,Scooter,34,1,62.6
1102,2.15,Foggy,Low,Night,Scooter,20,0,33.9
1103,0.29,Clear,High,Morning,Scooter,21,1,38.9
1104,0.85,Windy,High,Night,Car,16,0,30.2
1105,0.32,Foggy,Low,Afternoon,Car,23,1,27.1
1106,0.8,Foggy,Medium,Evening,Bike,28,0,48.8
1107,2.08,Clear,Medium,Evening,Bike,10,1,29.7
1108,3.43,Clear,High,Afternoon,Car,12,1,29.1
1109,2.65,Clear,High,Afternoon,Scooter,26,0,42.9
1110,2.44,Windy,Medium,Morning,Car,10,1,24.5
1111,3.02,Clear,Medium,Afternoon,Bike,15,1,27.5
1112,2.6,Clear,Medium,Evening,Car,10,0,29.0
1113,1.83,Clear,Medium,Evening,Bike,16,0,38.2
1114,3.28,Rainy,High,Evening,Scooter,17,1,44.9
1115,1.31,Clear,Medium,Afternoon,Bike,12,1,28.2
1116,3.72,Snowy,Low,Evening,Bike,10,0,38.3
1117,0.55,Foggy,High,Evening,Bike,16,0,40.3
1118,2.59,Foggy,Low,Morning,Bike,18,1,34.9
1119,2.05,Clear,Low,Evening,Bike,22,1,35.5
1120,1.76,Rainy,Medium,Morning,Car,22,1,44.5
1121,1.78,Rainy,Medium,Afternoon,Car,10,1,28.1
1122,0.26,Rainy,Medium,Evening,Car,17,0,33.0
1123,3.03,Clear,Medium,Night,Car,25,0,39.0
1124,1.47,Clear,Medium,Afternoon,Car,19,0,27.7
1125,1.96,Clear,Medium,Afternoon,Car,26,0,34.1
1126,3.41,Rainy,Medium,Night,Bike,30,0,59.4
1127,2.35,Clear,Medium,Morning,Bike,15,0,36.6
1128,3.42,Clear,High,Evening,Car,11,0,36.1
1129,0.63,Clear,Medium,Morning,Bike,10,1,23.5
1130,1.2,Rainy,Medium,Morning,Scooter,11,0,31.1
1131,0.99,Clear,High,Evening,Scooter,21,0,43.6
1132,3.56,Windy,Medium,Afternoon,Bike,11,0,33.0
1133,3.15,Rainy,Low,Afternoon,Bike,30,0,49.3
1134,3.35,Clear,High,Morning,Scooter,21,1,42.6
1135,2.32,Rainy,Low,Afternoon,Scooter,30,1,44.1
1136,0.96,Clear,Medium,Morning,Bike,19,0,33.9
1137,1.57,Windy,Low,Morning,Scooter,13,1,26.0
1138,2.25,Clear,Low,Morning,Bike,12,0,24.0
1139,0.17,Foggy,Medium,Evening,Bike,23,0,43.7
1140,2.59,Clear,Medium,Evening,Scooter,5,0,27.4
1141,3.43,Rainy,Medium,Morning,Bike,26,0,57.6
1142,1.37,Rainy,High,Morning,Car,8,0,33.0
1143,2.75,Windy,Medium,Evening,Bike,20,1,47.0
1144,1.99,Rainy,Medium,Afternoon,Car,16,1,30.6
1145,0.12,Clear,Low,Morning,Car,20,1,20.7
1146,1.21,Clear,High,Afternoon,Car,24,1,37.0
1147,2.16,Clear,Medium,Afternoon,Scooter,11,0,27.0
1148,2.93,Rainy,Medium,Evening,Scooter,29,0,57.6
1149,1.67,Clear,Low,Morning,Scooter,19,0,27.2
1150,0.83,Clear,Low,Night,Scooter,16,0,19.0
1151,0.34,Snowy,Low,Evening,Bike,31,1,52.4
1152,2.89,Snowy,High,Evening,Bike,24,1,69.0
1153,1.52,Clear,Medium,Afternoon,Bike,12,0,26.6
1154,2.62,Rainy,Medium,Afternoon,Scooter,10,0,34.9
1155,0.96,Clear,Medium,Afternoon,Bike,28,0,42.9
1156,3.04,Rainy,Medium,Afternoon,Scooter,19,0,43.2
1157,1.44,Clear,Low,Morning,Bike,17,1,32.6
1158,0.3,Rainy,Low,Afternoon,Bike,10,0,24.2
1159,2.09,Foggy,Medium,Evening,Scooter,18,1,38.9
1160,2.95,Foggy,Low,Afternoon,Car,14,0,24.9
1161,3.74,Clear,Medium,Evening,Bike,13,1,37.7
1162,3.89,Windy,Low,Morning,Car,16,1,34.5
1163,1.88,Clear,Medium,Evening,Bike,8,1,31.5
1164,2.49,Clear,Low,Afternoon,Bike,19,1,33.5
1165,2.27,Rainy,Medium,Evening,Bike,20,1,46.0
1166,2.18,Clear,High,Afternoon,Bike,21,0,42.1
1167,0.55,Snowy,High,Morning,Bike,8,1,38.1
1168,2.72,Snowy,High,Morning,Bike,12,0,50.4
1169,3.86,Clear,High,Evening,Scooter,23,0,52.3
1170,0.59,Windy,Medium,Evening,Scooter,19,1,33.0
1171,1.32,Clear,Low,Afternoon,Bike,7,1,14.8
1172,0.4,Rainy,Medium,Night,Car,22,0,37.8
1173,1.67,Clear,High,Afternoon,Scooter,16,0,32.7
1174,1.98,Windy,Medium,Evening,Bike,14,1,36.2
1175,1.5,Clear,Medium,Evening,Bike,23,1,45.0
1176,1.96,Clear,Low,Night,Bike,15,0,25.4
1177,3.23,Clear,Medium,Afternoon,Car,17,0,27.9
1178,0.93,Windy,Low,Afternoon,Bike,26,1,36.7
1179,3.06,Snowy,Medium,Morning,Bike,12,0,46.0
1180,3.19,Foggy,Low,Afternoon,Bike,19,0,44.5
1181,2.37,Snowy,High,Morning,Bike,11,0,52.8
1182,1.33,Snowy,Low,Afternoon,Bike,31,1,58.9
1183,3.75,Rainy,Medium,Afternoon,Scooter,15,1,34.5
1184,1.52,Clear,Medium,Afternoon,Car,28,0,41.5
1185,0.29,Foggy,Medium,Morning,Bike,16,0,42.3
1186,0.63,Rainy,Medium,Afternoon,Bike,25,1,44.9
1187,3.58,Clear,Low,Morning,Bike,23,0,39.7
1188,0.68,Clear,Medium,Evening,Bike,13,1,32.1
1189,1.84,Foggy,Medium,Afternoon,Scooter,20,0,36.1
1190,2.8,Clear,Medium,Evening,Car,13,1,25.1
1191,2.34,Windy,High,Evening,Scooter,7,0,28.9
1192,2.65,Clear,Medium,Afternoon,Bike,14,0,27.3
1193,1.46,Clear,Medium,Afternoon,Car,22,0,31.9
1194,2.68,Snowy,Low,Evening,Car,12,0,33.9
1195,0.14,Clear,Medium,Evening,Bike,20,0,33.4
1196,1.13,Clear,High,Afternoon,Car,23,1,38.3
1197,0.58,Rainy,Medium,Evening,Scooter,15,1,36.1
1198,1.88,Snowy,Low,Morning,Scooter,11,0,32.2
1199,0.67,Clear,Low,Evening,Bike,19,1,31.9
1200,2.23,Clear,High,Afternoon,Bike,11,1,34.0
1201,0.8,Foggy,Low,Morning,Scooter,6,0,22.8
1202,1.72,Windy,Low,Morning,Bike,11,0,29.7
1203,0.39,Rainy,Low,Afternoon,Car,14,1,17.5
1204,1.82,Clear,Low,Afternoon,Bike,21,1,35.9
1205,3.25,Clear,Low,Evening,Bike,15,0,29.3
1206,1.34,Clear,Low,Afternoon,Scooter,28,0,32.9
1207,2.85,Clear,Low,Night,Scooter,23,1,38.3
1208,1.76,Rainy,Medium,Evening,Bike,32,1,59.7
1209,1.01,Clear,Medium,Morning,Scooter,21,1,32.2
1210,1.28,Rainy,Medium,Afternoon,Scooter,8,0,26.8
1211,1.28,Rainy,Medium,Night,Scooter,12,0,31.4
1212,3.0,Rainy,Low,Afternoon,Bike,14,1,33.6
1213,0.88,Clear,Medium,Morning,Scooter,22,0,34.4
1214,3.91,Snowy,Low,Night,Scooter,20,1,36.2
1215,2.78,Foggy,Low,Afternoon,Scooter,13,1,22.0
1216,1.66,Foggy,Low,Evening,Scooter,22,0,34.3
1217,3.99,Clear,Low,Night,Bike,14,1,32.1
1218,0.94,Clear,Medium,Afternoon,Bike,21,1,30.8
1219,3.08,Windy,Medium,Afternoon,Bike,15,0,37.2
1220,1.16,Clear,Low,Night,Bike,13,1,25.1
1221,2.22,Clear,High,Morning,Scooter,18,0,42.8
1222,0.31,Rainy,Low,Afternoon,Scooter,32,0,45.9
1223,3.4,Rainy,Low,Evening,Car,20,0,36.7
1224,1.53,Windy,Low,Afternoon,Scooter,15,0,25.3
1225,2.38,Clear,Low,Afternoon,Scooter,18,0,28.7
1226,3.72,Windy,Low,Afternoon,Scooter,17,1,32.4
1227,0.22,Clear,Low,Afternoon,Bike,8,1,16.6
1228,3.88,Rainy,Medium,Afternoon,Scooter,21,1,40.4
1229,2.15,Rainy,Medium,Morning,Bike,13,1,42.1
1230,3.14,Clear,Medium,Evening,Bike,18,0,42.4
1231,1.94,Clear,Low,Morning,Car,10,1,17.2
1232,3.28,Clear,Low,Afternoon,Scooter,24,1,30.8
1233,3.53,Windy,Medium,Afternoon,Bike,7,0,31.1
1234,1.59,Rainy,Medium,Evening,Scooter,15,0,34.5
1235,2.92,Windy,Low,Morning,Car,16,1,27.5
1236,3.99,Snowy,Medium,Evening,Bike,23,0,60.6
1237,3.05,Clear,High,Evening,Car,31,1,56.2
1238,3.83,Foggy,Medium,Night,Car,13,1,33.3
1239,2.97,Clear,Medium,Afternoon,Scooter,11,0,24.2
1240,1.39,Clear,Medium,Evening,Bike,20,0,35.7
1241,3.33,Snowy,Medium,Afternoon,Bike,13,0,40.0
1242,2.7,Foggy,Medium,Morning,Bike,8,1,38.2
1243,0.23,Clear,Medium,Morning,Bike,13,0,30.1
1244,0.77,Rainy,Medium,Afternoon,Scooter,13,0,29.4
1245,1.12,Rainy,Medium,Afternoon,Car,19,0,35.0
1246,3.0,Snowy,Low,Morning,Bike,17,0,45.7
1247,3.21,Rainy,Medium,Morning,Bike,15,1,41.4
1248,3.32,Clear,Medium,Evening,Bike,14,1,35.2
1249,0.36,Clear,Medium,Morning,Bike,14,1,32.1
1250,0.38,Clear,High,Evening,Scooter,26,0,45.6
1251,1.27,Rainy,Low,Evening,Car,17,1,33.5
1252,2.76,Snowy,High,Night,Bike,26,1,61.7
1253,3.38,Clear,High,Morning,Bike,33,0,60.1
1254,3.49,Clear,Medium,Morning,Scooter,18,1,27.1
1255,0.91,Clear,Low,Morning,Bike,28,1,40.0
1256,3.09,Foggy,Medium,Morning,Car,12,1,30.1
1257,2.6,Snowy,High,Afternoon,Car,15,0,44.2
1258,3.71,Clear,Low,Evening,Bike,21,1,43.3
1259,3.11,Clear,Medium,Morning,Scooter,13,1,28.2
1260,2.16,Rainy,High,Night,Scooter,19,1,46.1
1261,3.15,Clear,High,Afternoon,Bike,27,1,53.9
1262,1.3,Snowy,High,Morning,Bike,31,0,66.9
1263,3.17,Clear,Medium,Morning,Car,18,0,36.0
1264,3.15,Clear,Medium,Afternoon,Bike,22,1,34.1
1265,3.44,Windy,Medium,Afternoon,Scooter,20,0,38.8
1266,1.05,Clear,Low,Night,Bike,16,0,24.3
1267,3.41,Clear,Low,Morning,Bike,15,0,35.7
1268,0.76,Clear,Medium,Afternoon,Car,20,1,30.0
1269,3.11,Clear,Low,Morning,Scooter,15,1,25.7
1270,3.73,Clear,Medium,Evening,Scooter,23,1,36.9
1271,0.24,Clear,Low,Afternoon,Bike,11,0,12.7
1272,2.54,Clear,High,Afternoon,Car,22,0,43.8
1273,2.67,Clear,Low,Morning,Bike,18,1,33.0
1274,3.28,Rainy,Medium,Morning,Scooter,10,1,31.3
1275,0.5,Rainy,Medium,Afternoon,Bike,25,1,40.5
1276,3.65,Clear,Medium,Morning,Scooter,19,0,39.7
1277,3.98,Clear,Low,Evening,Scooter,22,0,37.1
1278,2.72,Rainy,Low,Morning,Bike,11,1,38.4
1279,1.78,Snowy,Medium,Morning,Scooter,12,1,37.1
1280,2.58,Snowy,High,Afternoon,Bike,26,0,60.8
1281,0.31,Clear,Low,Morning,Scooter,17,1,23.0
1282,3.04,Clear,High,Evening,Scooter,14,0,41.1
1283,0.37,Clear,Low,Afternoon,Car,18,0,24.1
1284,1.36,Clear,High,Morning,Bike,16,1,43.2
1285,0.64,Rainy,Medium,Afternoon,Bike,31,1,56.7
1286,2.93,Clear,Medium,Evening,Bike,13,1,36.5
1287,2.42,Clear,High,Afternoon,Bike,18,1,36.0
1288,2.83,Clear,High,Afternoon,Scooter,15,1,32.2
1289,0.35,Rainy,Low,Afternoon,Bike,12,0,28.2
1290,1.54,Clear,Medium,Evening,Bike,21,1,39.1
1291,1.68,Snowy,Medium,Afternoon,Bike,11,1,36.1
1292,2.45,Clear,Low,Afternoon,Scooter,14,1,18.4
1293,0.5,Windy,High,Evening,Scooter,17,1,42.8
1294,2.62,Clear,Medium,Morning,Bike,16,1,41.8
1295,1.64,Snowy,Medium,Morning,Car,28,1,50.3
1296,3.63,Windy,Low,Morning,Bike,21,1,40.7
1297,1.85,Windy,Low,Morning,Scooter,10,0,26.9
1298,0.5,Snowy,Low,Night,Bike,12,0,32.2
1299,0.5,Foggy,Low,Night,Car,19,1,19.6
1300,1.09,Rainy,High,Morning,Bike,13,1,45.8
1301,1.04,Foggy,Medium,Night,Car,13,1,27.2
1302,3.21,Clear,Low,Afternoon,Scooter,32,0,41.6
1303,2.92,Rainy,Low,Evening,Scooter,22,0,38.8
1304,0.4,Rainy,Low,Night,Scooter,15,0,22.3
1305,3.42,Snowy,High,Afternoon,Bike,8,1,33.6
1306,0.47,Clear,Low,Evening,Bike,24,1,32.5
1307,3.16,Clear,Low,Morning,Car,19,1,23.4
1308,0.54,Rainy,Medium,Morning,Scooter,15,1,33.0
1309,1.57,Clear,Low,Afternoon,Bike,18,0,28.7
1310,3.03,Clear,Medium,Morning,Bike,27,1,45.6
1311,1.09,Clear,Medium,Morning,Bike,9,0,31.4
1312,0.54,Clear,Low,Morning,Scooter,22,1,34.5
1313,3.17,Clear,Low,Evening,Scooter,26,0,39.7
1314,2.79,Clear,High,Evening,Scooter,18,0,44.0
1315,3.58,Clear,Low,Night,Bike,30,0,39.0
1316,2.6,Clear,High,Evening,Car,13,1,34.7
1317,0.39,Clear,Medium,Afternoon,Bike,22,0,30.6
1318,2.59,Rainy,Low,Evening,Bike,16,0,33.5
1319,3.31,Clear,High,Evening,Car,16,1,34.9
1320,0.43,Windy,Low,Morning,Scooter,20,0,29.5
1321,0.63,Windy,High,Morning,Scooter,20,1,41.7
1322,2.74,Clear,Low,Afternoon,Car,16,0,21.8
1323,3.19,Clear,Medium,Afternoon,Bike,16,0,31.5
1324,1.48,Rainy,Low,Evening,Bike,17,1,37.0
1325,2.97,Snowy,Medium,Afternoon,Bike,33,0,59.4
1326,0.75,Rainy,Medium,Afternoon,Bike,24,0,45.0
1327,1.83,Snowy,Medium,Morning,Scooter,16,1,40.7
1328,3.02,Rainy,Medium,Evening,Scooter,15,1,34.6
1329,0.88,Rainy,Medium,Afternoon,Bike,27,1,45.3
1330,1.46,Clear,High,Afternoon,Scooter,23,0,41.8
1331,2.55,Foggy,Medium,Morning,Bike,21,0,50.1
1332,1.45,Clear,High,Morning,Bike,22,0,43.5
1333,3.51,Rainy,Low,Evening,Bike,9,0,31.4
1334,3.83,Snowy,Medium,Morning,Scooter,10,0,39.1
1335,2.6,Clear,Medium,Morning,Bike,15,1,39.6
1336,3.15,Rainy,High,Afternoon,Car,17,0,44.3
1337,3.64,Clear,Low,Evening,Car,22,0,30.2
1338,2.84,Foggy,High,Morning,Scooter,24,1,54.1
1339,3.12,Clear,Medium,Evening,Scooter,27,1,49.1
1340,0.41,Windy,Low,Morning,Scooter,14,0,24.6
1341,3.31,Clear,Low,Evening,Car,23,1,31.4
1342,1.17,Windy,High,Afternoon,Scooter,33,0,55.1
1343,0.38,Foggy,Medium,Afternoon,Bike,13,0,31.4
1344,2.4,Rainy,High,Morning,Bike,10,0,43.5
1345,0.98,Foggy,Medium,Afternoon,Car,27,1,42.2
1346,0.41,Foggy,High,Afternoon,Bike,11,1,34.3
1347,2.48,Windy,Low,Evening,Scooter,22,1,36.1
1348,0.48,Clear,Low,Night,Car,16,1,19.0
1349,3.56,Rainy,Medium,Morning,Bike,15,0,44.3
1350,3.88,Clear,High,Morning,Bike,29,0,56.1
1351,2.98,Rainy,Medium,Afternoon,Bike,15,1,40.9
1352,1.22,Clear,Low,Evening,Bike,16,0,33.4
1353,2.29,Rainy,Low,Evening,Scooter,7,0,18.2
1354,0.22,Rainy,Low,Morning,Bike,12,0,31.7
1355,2.52,Clear,Low,Morning,Bike,15,0,30.6
1356,1.13,Rainy,Low,Morning,Scooter,21,1,34.3
1357,1.87,Foggy,Low,Morning,Bike,9,0,26.2
1358,0.8,Foggy,Low,Night,Bike,15,1,29.9
1359,3.95,Rainy,Low,Morning,Bike,15,0,42.7
1360,0.91,Rainy,Low,Afternoon,Scooter,24,0,31.9
1361,1.73,Windy,High,Morning,Bike,14,1,43.1
1362,1.09,Clear,Low,Evening,Bike,27,0,43.5
1363,2.21,Clear,Medium,Afternoon,Bike,29,0,48.0
1364,3.63,Clear,Low,Morning,Scooter,13,0,22.0
1365,0.74,Rainy,Medium,Morning,Scooter,16,0,38.6
1366,0.65,Clear,Medium,Afternoon,Bike,22,0,31.7
1367,0.39,Foggy,Low,Morning,Scooter,14,1,25.9
1368,2.4,Rainy,Low,Morning,Scooter,25,0,41.0
1369,2.45,Clear,Low,Night,Car,31,0,37.6
1370,3.3,Snowy,High,Evening,Scooter,20,0,53.3
1371,3.36,Foggy,Medium,Afternoon,Scooter,12,0,29.3
1372,0.5,Clear,Medium,Morning,Bike,6,0,24.0
1373,3.65,Clear,Medium,Morning,Bike,16,0,40.4
1374,3.33,Clear,Medium,Evening,Car,13,0,32.8
1375,2.62,Clear,Low,Afternoon,Bike,23,0,33.2
1376,1.45,Clear,Low,Morning,Bike,17,0,25.6
1377,3.01,Windy,Low,Afternoon,Scooter,20,0,33.7
1378,2.52,Clear,Medium,Afternoon,Car,20,0,35.9
1379,1.48,Clear,Low,Evening,Bike,8,0,19.5
1380,0.15,Foggy,Medium,Evening,Car,22,0,38.8
1381,2.41,Rainy,Low,Evening,Bike,25,0,46.4
1382,2.35,Windy,Low,Afternoon,Car,17,1,30.4
1383,0.7,Foggy,Medium,Morning,Car,19,0,34.0
1384,3.63,Clear,High,Afternoon,Scooter,12,0,33.8
1385,0.72,Clear,Low,Evening,Car,21,1,19.9
1386,1.22,Windy,Medium,Night,Car,29,0,45.4
1387,1.55,Foggy,Low,Night,Car,22,1,28.2
1388,2.76,Windy,Low,Morning,Scooter,7,1,25.4
1389,0.42,Clear,Medium,Evening,Bike,15,1,29.3
1390,2.84,Snowy,Medium,Evening,Bike,30,0,62.0
1391,1.72,Rainy,Low,Evening,Bike,21,0,39.4
1392,0.81,Clear,High,Afternoon,Scooter,15,0,28.0
1393,0.54,Rainy,Low,Morning,Bike,20,0,37.3
1394,1.71,Rainy,Low,Afternoon,Car,12,1,21.7
1395,1.84,Clear,Low,Night,Bike,28,0,37.0
1396,0.64,Clear,Low,Night,Bike,16,0,18.8
1397,1.98,Snowy,Medium,Morning,Bike,13,0,44.2
1398,2.06,Clear,Medium,Night,Bike,10,1,20.1
1399,3.93,Clear,High,Morning,Bike,8,1,37.0
1400,2.88,Clear,High,Evening,Scooter,20,1,39.0
1401,0.15,Clear,High,Morning,Bike,21,0,46.0
1402,1.96,Windy,Medium,Evening,Scooter,21,1,43.4
1403,0.18,Foggy,Low,Morning,Bike,15,1,31.6
1404,2.09,Clear,Low,Morning,Scooter,24,1,32.6
1405,1.42,Windy,Medium,Morning,Scooter,25,0,40.9
1406,3.62,Snowy,Medium,Night,Bike,20,0,49.2
1407,2.02,Clear,Low,Evening,Bike,20,0,34.3
1408,3.41,Snowy,Low,Afternoon,Car,13,0,31.9
1409,2.38,Clear,Low,Afternoon,Scooter,26,1,33.8
1410,1.65,Windy,Medium,Evening,Bike,10,0,26.5
1411,1.0,Rainy,Low,Morning,Scooter,24,1,40.6
1412,0.81,Rainy,Medium,Morning,Bike,16,0,41.9
1413,3.2,Clear,Medium,Evening,Bike,10,1,30.1
1414,3.54,Snowy,Low,Night,Bike,9,1,29.3
1415,1.36,Clear,Medium,Morning,Scooter,32,1,46.6
1416,2.03,Clear,High,Afternoon,Bike,19,1,41.4
1417,1.22,Clear,Low,Afternoon,Scooter,17,1,17.8
1418,1.88,Foggy,Medium,Afternoon,Bike,28,0,49.3
1419,3.49,Clear,Medium,Morning,Bike,17,0,41.2
1420,0.64,Windy,Low,Night,Bike,25,1,37.4
1421,1.24,Rainy,Medium,Evening,Bike,26,1,50.8
1422,2.81,Clear,Medium,Evening,Car,23,0,33.1
1423,1.31,Clear,Low,Afternoon,Scooter,10,0,15.6
1424,0.42,Clear,Medium,Morning,Bike,30,1,41.3
1425,1.56,Rainy,Low,Afternoon,Bike,20,0,33.9
1426,2.74,Snowy,Low,Afternoon,Bike,16,0,34.0
1427,3.94,Clear,Medium,Afternoon,Car,23,1,38.5
1428,3.58,Snowy,Low,Afternoon,Scooter,10,1,26.0
1429,2.29,Clear,Low,Evening,Car,12,1,23.4
1430,3.13,Foggy,Low,Morning,Bike,21,1,38.8
1431,2.33,Windy,Medium,Morning,Scooter,20,1,33.5
1432,2.03,Foggy,Low,Afternoon,Scooter,18,1,27.8
1433,0.77,Foggy,Medium,Afternoon,Scooter,21,1,31.1
1434,1.24,Snowy,Low,Afternoon,Bike,30,1,52.1
1435,1.86,Clear,Medium,Evening,Bike,11,0,29.1
1436,3.94,Clear,High,Evening,Bike,15,1,48.5
1437,2.47,Clear,Medium,Afternoon,Car,14,0,24.5
1438,3.79,Rainy,High,Afternoon,Bike,29,1,62.8
1439,1.11,Foggy,High,Evening,Scooter,12,0,35.9
1440,0.37,Rainy,Low,Morning,Car,16,1,34.3
1441,3.92,Snowy,Medium,Afternoon,Scooter,27,0,50.2
1442,1.39,Clear,Medium,Afternoon,Bike,21,0,26.9
1443,2.19,Foggy,High,Evening,Bike,8,0,40.6
1444,0.38,Clear,Low,Evening,Scooter,30,1,33.2
1445,3.46,Clear,Low,Morning,Car,9,0,21.2
1446,0.1,Foggy,Medium,Evening,Car,18,1,32.4
1447,3.63,Windy,High,Morning,Bike,14,0,45.4
1448,0.74,Rainy,Medium,Morning,Car,20,0,37.4
1449,0.82,Clear,Medium,Afternoon,Bike,14,0,29.0
1450,3.32,Rainy,Medium,Evening,Scooter,25,0,50.2
1451,1.61,Clear,Low,Afternoon,Bike,19,1,27.5
1452,1.1,Snowy,High,Evening,Bike,15,0,47.9
1453,2.43,Foggy,Low,Morning,Scooter,26,1,46.6
1454,1.09,Clear,Medium,Evening,Bike,23,0,45.3
1455,1.22,Clear,Medium,Morning,Car,18,0,26.3
1456,0.28,Clear,Low,Afternoon,Bike,18,1,24.0
1457,2.2,Windy,Low,Afternoon,Car,17,1,21.8
1458,0.6,Clear,Medium,Afternoon,Bike,18,1,27.0
1459,3.36,Foggy,Medium,Afternoon,Bike,26,0,40.8
1460,3.03,Rainy,Low,Afternoon,Bike,10,0,28.7
1461,1.21,Rainy,High,Afternoon,Scooter,16,1,38.3
1462,2.18,Clear,Low,Evening,Car,23,0,35.9
1463,2.35,Windy,Medium,Afternoon,Bike,30,0,53.3
1464,2.7,Clear,Low,Evening,Bike,12,0,29.4
1465,1.73,Rainy,Medium,Morning,Bike,9,1,37.4
1466,2.64,Foggy,High,Afternoon,Scooter,24,1,50.8
1467,0.76,Rainy,Medium,Afternoon,Scooter,31,1,48.5
1468,1.94,Windy,Medium,Morning,Car,22,1,42.8
1469,0.47,Clear,Low,Night,Bike,19,1,21.6
1470,3.77,Rainy,Medium,Morning,Bike,13,0,42.8
1471,1.67,Clear,Medium,Afternoon,Bike,30,0,43.8
1472,2.51,Clear,Low,Night,Car,22,0,25.9
1473,2.01,Clear,Low,Morning,Scooter,21,0,31.0
1474,0.2,Clear,High,Night,Bike,27,1,49.7
1475,0.34,Clear,Medium,Afternoon,Scooter,26,1,36.8
1476,1.13,Clear,Medium,Afternoon,Scooter,10,1,23.6
1477,2.73,Clear,Low,Night,Bike,7,0,18.8
1478,2.6,Rainy,Low,Afternoon,Bike,13,0,31.4
1479,0.83,Rainy,Medium,Evening,Scooter,28,1,50.0
1480,2.01,Clear,High,Afternoon,Scooter,18,1,37.1
1481,1.53,Clear,High,Evening,Bike,20,1,46.1
1482,2.32,Clear,Medium,Evening,Bike,15,0,43.1
1483,1.41,Rainy,Low,Morning,Bike,16,1,37.3
1484,3.6,Clear,Low,Evening,Scooter,14,1,25.0
1485,1.94,Clear,Medium,Afternoon,Bike,29,1,42.6
1486,1.76,Clear,Low,Night,Bike,16,1,27.8
1487,2.84,Clear,Medium,Night,Bike,25,0,45.5
1488,3.14,Clear,Medium,Morning,Car,12,0,31.8
1489,1.81,Rainy,High,Evening,Bike,15,1,48.9
1490,0.52,Rainy,Low,Evening,Bike,12,1,26.4
1491,0.43,Foggy,Medium,Morning,Bike,14,0,40.6
1492,1.37,Rainy,Low,Evening,Scooter,21,1,40.4
1493,2.96,Rainy,High,Evening,Car,12,1,39.8
1494,2.65,Clear,Low,Night,Car,18,0,24.9
1495,1.22,Foggy,High,Morning,Bike,6,1,35.6
1496,0.12,Rainy,High,Afternoon,Bike,32,1,55.5
1497,2.61,Clear,Medium,Afternoon,Bike,8,1,21.7
1498,2.3,Rainy,Low,Afternoon,Scooter,23,0,38.8
1499,3.11,Clear,Low,Morning,Scooter,26,1,33.8
1500,2.78,Rainy,Low,Morning,Bike,33,0,54.3
1501,1.06,Foggy,Medium,Night,Scooter,21,1,40.9
1502,2.96,Snowy,Medium,Morning,Bike,20,1,53.2
1503,2.0,Windy,Medium,Morning,Scooter,19,0,39.5
1504,2.34,Rainy,Low,Night,Bike,23,1,39.7
1505,1.49,Rainy,Low,Afternoon,Bike,26,1,37.0
1506,3.18,Foggy,Low,Afternoon,Bike,18,0,37.2
1507,0.86,Clear,Low,Morning,Bike,22,1,34.8
1508,0.9,Snowy,Medium,Evening,Bike,30,1,59.8
1509,1.03,Rainy,Medium,Afternoon,Scooter,11,0,27.1
1510,3.18,Clear,Low,Evening,Scooter,19,1,30.2
1511,2.94,Clear,Low,Morning,Scooter,9,0,23.2
1512,1.15,Snowy,Low,Morning,Bike,17,1,35.2
1513,0.66,Clear,Medium,Afternoon,Car,22,1,31.3
1514,0.21,Clear,Low,Morning,Car,16,0,20.0
1515,2.77,Clear,High,Afternoon,Scooter,10,0,31.0
1516,2.2,Clear,Medium,Morning,Scooter,25,1,48.2
1517,2.84,Clear,Medium,Morning,Scooter,14,1,30.8
1518,2.86,Foggy,Low,Night,Scooter,18,1,31.1
1519,3.39,Clear,Low,Night,Bike,12,0,25.5
1520,1.72,Snowy,High,Afternoon,Scooter,32,1,53.2
1521,3.33,Snowy,High,Night,Bike,16,1,52.6
1522,1.8,Clear,Low,Morning,Car,25,0,25.9
1523,2.86,Clear,Medium,Evening,Scooter,16,0,36.6
1524,2.25,Rainy,Low,Morning,Car,15,1,28.3
1525,3.69,Clear,High,Evening,Bike,13,0,40.9
1526,1.54,Clear,Low,Afternoon,Scooter,16,0,21.3
1527,2.79,Windy,High,Afternoon,Scooter,26,0,45.2
1528,2.43,Windy,Low,Morning,Car,21,1,32.4
1529,3.99,Foggy,Medium,Evening,Car,9,1,28.9
1530,0.4,Clear,Low,Night,Bike,18,0,21.0
1531,2.43,Rainy,Low,Evening,Car,18,1,33.1
1532,1.01,Foggy,Medium,Morning,Car,21,1,41.3
1533,3.55,Clear,Medium,Evening,Car,23,0,43.0
1534,3.2,Rainy,Low,Evening,Scooter,19,1,36.8
1535,2.68,Clear,Medium,Evening,Car,26,1,40.8
1536,1.97,Clear,Medium,Evening,Bike,20,1,38.1
1537,2.76,Rainy,Low,Evening,Bike,15,0,34.5
1538,2.26,Clear,Low,Evening,Bike,16,0,27.8
1539,1.22,Clear,Low,Evening,Scooter,26,0,35.5
1540,3.3,Snowy,High,Morning,Car,14,1,44.5
1541,2.1,Windy,High,Morning,Scooter,12,1,36.8
1542,1.1,Rainy,Low,Evening,Bike,23,0,39.4
1543,2.69,Snowy,Medium,Afternoon,Scooter,16,0,42.3
1544,0.17,Windy,Low,Afternoon,Scooter,13,0,20.3
1545,2.91,Clear,Medium,Morning,Bike,25,0,52.1
1546,1.93,Clear,High,Evening,Scooter,12,1,37.7
1547,2.57,Clear,Low,Evening,Scooter,22,1,30.3
1548,0.71,Clear,Medium,Evening,Scooter,15,1,25.4
1549,2.9,Foggy,Low,Afternoon,Scooter,22,0,36.4
1550,2.92,Clear,Low,Night,Bike,23,1,32.2
1551,2.99,Clear,High,Morning,Bike,12,0,41.3
1552,1.92,Clear,Medium,Evening,Scooter,25,0,40.2
1553,2.6,Clear,High,Evening,Car,20,0,44.5
1554,2.24,Windy,Medium,Evening,Bike,26,1,52.2
1555,1.01,Clear,Low,Morning,Car,8,1,12.7
1556,0.19,Clear,High,Afternoon,Scooter,23,0,31.9
1557,1.71,Clear,Medium,Morning,Bike,32,0,54.8
1558,3.28,Rainy,Medium,Afternoon,Bike,22,0,46.4
1559,1.36,Rainy,High,Afternoon,Bike,28,0,55.9
1560,3.02,Rainy,High,Evening,Bike,16,1,50.6
1561,2.59,Clear,Medium,Night,Bike,22,0,40.9
1562,1.48,Clear,Low,Afternoon,Scooter,19,1,21.8
1563,0.1,Snowy,High,Evening,Scooter,15,0,39.9
1564,1.78,Rainy,Medium,Night,Scooter,20,0,39.4
1565,1.63,Rainy,Low,Afternoon,Bike,15,1,33.5
1566,0.64,Rainy,Low,Morning,Bike,29,0,47.0
1567,3.29,Foggy,Medium,Evening,Car,24,1,45.3
1568,3.83,Clear,High,Evening,Car,26,0,46.9
1569,0.57,Clear,Medium,Afternoon,Scooter,20,1,30.2
1570,1.0,Rainy,High,Night,Bike,25,0,54.0
1571,2.57,Clear,Low,Evening,Car,16,1,24.7
1572,3.81,Snowy,Low,Morning,Car,21,1,39.9
1573,3.74,Clear,Low,Evening,Bike,15,0,33.5
1574,3.73,Foggy,Medium,Afternoon,Bike,19,0,44.7
1575,1.82,Snowy,High,Evening,Bike,10,1,45.3
1576,3.95,Rainy,Low,Morning,Scooter,24,0,42.4
1577,1.52,Windy,Low,Morning,Scooter,16,1,28.5
1578,0.44,Rainy,Low,Afternoon,Bike,32,0,46.5
1579,2.85,Snowy,Medium,Morning,Bike,26,1,58.9
1580,2.27,Clear,Medium,Evening,Bike,20,1,40.0
1581,3.22,Rainy,Low,Morning,Scooter,14,1,37.3
1582,2.52,Rainy,Low,Evening,Scooter,20,0,38.5
1583,3.3,Clear,Low,Morning,Bike,23,1,43.8
1584,1.44,Clear,Low,Morning,Scooter,17,0,26.8
1585,1.22,Windy,Low,Afternoon,Car,19,0,21.2
1586,3.05,Rainy,Low,Morning,Bike,26,1,51.6
1587,2.04,Clear,Low,Morning,Scooter,11,1,19.8
1588,0.8,Clear,High,Evening,Bike,18,1,39.8
1589,1.56,Clear,Medium,Morning,Bike,26,0,48.5
1590,3.22,Clear,Low,Morning,Car,16,0,23.3
1591,3.7,Windy,Medium,Evening,Car,27,0,42.9
1592,3.07,Clear,High,Evening,Bike,19,1,46.5
1593,2.9,Clear,Low,Evening,Bike,16,0,33.3
1594,3.27,Rainy,Low,Night,Bike,33,1,55.2
1595,0.88,Clear,High,Evening,Scooter,12,0,32.4
1596,2.36,Clear,Low,Evening,Bike,15,1,22.8
1597,2.42,Foggy,Medium,Night,Bike,13,1,31.8
1598,3.79,Rainy,Low,Evening,Bike,32,0,53.6
1599,0.16,Windy,Medium,Afternoon,Scooter,12,0,17.7
1600,3.89,Rainy,High,Evening,Car,11,0,42.0
1601,2.93,Clear,Low,Afternoon,Bike,14,1,27.4
1602,0.19,Foggy,Low,Night,Scooter,20,0,30.3
1603,2.12,Windy,High,Morning,Car,14,0,39.2
1604,0.37,Foggy,Low,Afternoon,Bike,15,0,25.1
1605,2.45,Windy,Low,Evening,Car,18,0,33.6
1606,1.86,Foggy,Medium,Evening,Scooter,20,0,40.5
1607,3.11,Snowy,Medium,Evening,Scooter,19,0,48.0
1608,2.36,Clear,High,Morning,Scooter,20,0,41.2
1609,3.17,Foggy,High,Morning,Bike,21,0,54.2
1610,1.54,Clear,Low,Night,Bike,26,0,34.1
1611,3.44,Rainy,Medium,Afternoon,Bike,21,1,42.8
1612,3.48,Rainy,Medium,Afternoon,Scooter,22,0,46.6
1613,2.66,Windy,High,Morning,Car,16,1,40.8
1614,1.13,Windy,Medium,Morning,Bike,29,0,52.9
1615,3.97,Clear,Low,Evening,Bike,24,0,40.6
1616,3.29,Foggy,Medium,Morning,Bike,19,0,49.4
1617,3.42,Foggy,Medium,Evening,Car,17,1,34.2
1618,0.15,Clear,Low,Night,Bike,7,1,14.4
1619,3.32,Clear,High,Afternoon,Car,32,0,53.3
1620,0.95,Clear,Low,Evening,Bike,12,1,20.4
1621,2.08,Foggy,Low,Evening,Bike,18,1,40.3
1622,2.85,Rainy,Low,Evening,Bike,15,1,42.3
1623,1.7,Windy,High,Evening,Bike,15,1,41.4
1624,1.05,Clear,Low,Afternoon,Bike,16,0,28.7
1625,2.05,Windy,Low,Evening,Car,19,1,24.8
1626,1.27,Clear,Low,Morning,Scooter,7,0,15.4
1627,2.5,Foggy,Medium,Morning,Bike,12,1,30.1
1628,0.53,Clear,Medium,Night,Scooter,20,0,32.0
1629,1.69,Rainy,High,Afternoon,Bike,22,1,45.5
1630,2.41,Snowy,Low,Night,Scooter,21,1,31.8
1631,3.96,Windy,Medium,Evening,Scooter,33,0,57.5
1632,2.03,Snowy,Medium,Evening,Car,9,0,36.6
1633,1.76,Clear,High,Evening,Scooter,18,0,38.7
1634,3.96,Clear,Low,Afternoon,Bike,16,1,30.5
1635,3.71,Clear,Low,Morning,Bike,13,1,35.8
1636,2.72,Clear,Medium,Afternoon,Bike,27,1,41.5
1637,2.22,Rainy,High,Morning,Bike,12,1,42.3
1638,1.16,Foggy,High,Morning,Bike,18,0,50.8
1639,2.53,Foggy,Low,Morning,Bike,13,1,33.6
1640,3.35,Snowy,Medium,Evening,Car,17,0,48.6
1641,3.93,Foggy,Low,Afternoon,Car,24,1,33.2
1642,0.77,Foggy,High,Night,Bike,22,1,40.7
1643,1.17,Clear,Low,Afternoon,Car,22,1,19.7
1644,3.55,Clear,High,Evening,Scooter,13,1,40.3
1645,3.46,Rainy,Low,Afternoon,Bike,8,0,32.2
1646,2.89,Snowy,Medium,Morning,Car,22,1,51.0
1647,0.5,Clear,Low,Afternoon,Car,11,0,13.8
1648,2.85,Rainy,High,Afternoon,Scooter,16,0,47.0
1649,1.93,Rainy,Medium,Evening,Scooter,25,0,46.4
1650,1.55,Clear,Medium,Morning,Bike,16,0,29.5
1651,1.08,Clear,Low,Morning,Scooter,17,1,19.9
1652,1.34,Snowy,Low,Evening,Scooter,30,1,44.0
1653,2.19,Rainy,High,Night,Scooter,28,1,47.4
1654,0.73,Clear,Medium,Afternoon,Bike,10,0,19.5
1655,2.09,Snowy,Medium,Evening,Scooter,26,1,49.2
1656,0.29,Clear,Medium,Evening,Car,18,1,29.9
1657,1.7,Snowy,Low,Afternoon,Car,24,0,38.6
1658,3.84,Clear,Low,Evening,Bike,15,0,38.0
1659,2.98,Rainy,Low,Morning,Bike,30,1,49.2
1660,0.37,Clear,Low,Afternoon,Bike,24,0,31.9
1661,2.78,Clear,Medium,Evening,Scooter,17,0,39.1
1662,0.86,Snowy,Low,Evening,Bike,15,0,35.4
1663,1.95,Clear,High,Evening,Car,13,1,31.4
1664,1.25,Clear,Low,Morning,Scooter,14,1,26.3
1665,3.74,Clear,Medium,Night,Bike,17,1,35.6
1666,0.31,Foggy,Low,Afternoon,Scooter,15,0,27.0
1667,3.54,Snowy,Medium,Night,Bike,20,0,45.3
1668,2.84,Windy,Medium,Night,Bike,20,0,46.1
1669,1.51,Clear,Medium,Morning,Bike,13,1,35.5
1670,3.53,Clear,Medium,Evening,Scooter,14,0,30.9
1671,1.68,Clear,Medium,Afternoon,Car,9,1,17.2
1672,2.82,Rainy,Low,Morning,Bike,16,1,34.9
1673,3.17,Windy,Medium,Night,Scooter,17,1,32.9
1674,1.22,Foggy,Low,Morning,Bike,11,0,24.0
1675,0.38,Rainy,High,Evening,Bike,10,0,34.5
1676,3.49,Clear,Low,Afternoon,Scooter,14,1,19.3
1677,1.0,Windy,Low,Night,Car,18,0,26.3
1678,3.73,Rainy,Low,Afternoon,Car,32,1,41.0
1679,1.33,Clear,Medium,Evening,Scooter,28,1,46.4
1680,1.72,Clear,Low,Morning,Bike,16,0,32.5
1681,1.78,Clear,Low,Evening,Bike,19,0,36.9
1682,1.92,Clear,High,Afternoon,Bike,19,1,41.7
1683,3.85,Clear,High,Evening,Car,15,1,43.8
1684,1.06,Clear,High,Afternoon,Scooter,26,0,38.0
1685,2.47,Rainy,Low,Morning,Bike,14,1,39.9
1686,1.25,Clear,Low,Evening,Bike,16,1,37.3
1687,0.61,Clear,High,Night,Bike,28,1,46.0
1688,1.23,Windy,High,Evening,Scooter,15,0,38.5
1689,2.25,Foggy,Low,Afternoon,Bike,18,1,30.6
1690,2.47,Rainy,High,Evening,Car,26,1,54.0
1691,1.13,Clear,High,Night,Bike,15,0,36.0
1692,3.95,Snowy,Low,Morning,Car,30,1,45.0
1693,1.51,Clear,Medium,Morning,Bike,13,1,33.6
1694,3.34,Clear,Medium,Afternoon,Bike,21,0,43.7
1695,0.24,Windy,Low,Afternoon,Bike,9,1,15.3
1696,2.81,Rainy,Medium,Evening,Bike,18,0,45.9
1697,1.28,Foggy,Low,Evening,Car,12,0,26.4
1698,2.19,Rainy,Low,Evening,Car,20,0,33.0
1699,3.36,Rainy,High,Night,Bike,20,1,54.0
1700,2.93,Clear,High,Afternoon,Scooter,16,0,37.3
1701,1.5,Clear,Low,Night,Scooter,28,1,39.7
1702,2.96,Clear,Low,Night,Scooter,27,1,34.5
1703,1.71,Clear,Medium,Evening,Bike,22,0,40.2
1704,0.35,Snowy,Low,Evening,Bike,22,1,42.9
1705,2.7,Clear,Medium,Afternoon,Bike,10,1,27.7
1706,3.75,Rainy,Low,Afternoon,Car,15,0,35.1
1707,0.43,Foggy,High,Afternoon,Bike,13,1,41.1
1708,2.78,Foggy,Low,Morning,Scooter,16,0,30.9
1709,3.37,Clear,Low,Night,Car,11,0,17.8
1710,2.43,Clear,Low,Afternoon,Bike,15,1,23.7
1711,1.99,Windy,High,Afternoon,Bike,19,1,41.2
1712,1.03,Rainy,Low,Evening,Bike,12,0,21.5
1713,0.86,Snowy,Low,Evening,Scooter,11,0,34.0
1714,1.65,Windy,Medium,Afternoon,Bike,22,1,38.0
1715,2.6,Foggy,Low,Afternoon,Bike,14,1,28.8
1716,1.33,Clear,Medium,Morning,Bike,17,0,44.2
1717,2.0,Rainy,Low,Evening,Scooter,25,0,40.5
1718,2.44,Clear,Low,Afternoon,Scooter,16,1,22.2
1719,0.92,Rainy,Medium,Night,Bike,10,1,31.2
1720,2.99,Windy,Low,Morning,Scooter,24,1,40.0
1721,2.55,Rainy,Medium,Morning,Bike,22,1,48.2
1722,2.41,Clear,Medium,Evening,Bike,20,0,44.7
1723,1.96,Clear,Medium,Morning,Bike,18,1,38.2
1724,1.52,Windy,Medium,Morning,Scooter,23,1,41.1
1725,2.24,Clear,High,Evening,Scooter,15,0,35.9
1726,3.09,Clear,High,Afternoon,Bike,15,0,39.4
1727,2.85,Clear,Low,Evening,Bike,20,1,38.6
1728,2.98,Clear,Low,Evening,Bike,12,0,31.5
1729,0.92,Clear,Low,Night,Bike,20,0,26.7
1730,3.14,Rainy,High,Evening,Bike,26,1,59.0
1731,1.41,Clear,Low,Afternoon,Bike,18,0,29.7
1732,1.01,Clear,Medium,Morning,Bike,10,1,28.5
1733,0.57,Clear,Low,Afternoon,Bike,21,0,30.9
1734,3.34,Clear,High,Afternoon,Bike,26,1,47.8
1735,2.53,Clear,Medium,Morning,Bike,13,1,33.9
1736,3.38,Foggy,Low,Afternoon,Scooter,20,1,36.5
1737,2.29,Clear,Medium,Afternoon,Bike,13,1,27.3
1738,3.46,Clear,Medium,Evening,Scooter,25,0,50.3
1739,2.27,Clear,Low,Afternoon,Bike,14,0,29.9
1740,2.62,Clear,Medium,Morning,Bike,20,0,41.2
1741,0.32,Clear,High,Evening,Bike,19,0,41.1
1742,2.71,Clear,Low,Night,Bike,16,0,28.9
1743,2.43,Snowy,Medium,Morning,Scooter,27,0,54.9
1744,1.04,Clear,High,Morning,Bike,27,0,54.9
1745,0.54,Rainy,Low,Morning,Bike,15,0,30.5
1746,1.45,Rainy,Low,Night,Bike,15,0,28.6
1747,0.33,Clear,Low,Morning,Bike,21,0,32.5
1748,2.44,Clear,High,Morning,Car,14,1,36.3
1749,2.23,Foggy,Low,Afternoon,Car,15,1,24.2
1750,3.68,Snowy,Medium,Afternoon,Bike,7,0,39.8
1751,2.12,Clear,Medium,Evening,Bike,10,1,34.2
1752,2.95,Clear,Medium,Night,Bike,21,0,41.7
1753,2.69,Clear,Low,Morning,Bike,15,0,32.0
1754,2.83,Clear,Medium,Afternoon,Bike,10,1,27.0
1755,1.32,Rainy,Low,Evening,Bike,29,1,48.5
1756,1.72,Clear,Low,Evening,Bike,14,1,23.1
1757,0.57,Clear,High,Afternoon,Bike,13,1,28.1
1758,2.64,Windy,Low,Evening,Bike,18,1,40.0
1759,1.28,Clear,High,Morning,Scooter,25,1,50.5
1760,2.24,Clear,High,Morning,Car,26,1,42.2
1761,3.69,Foggy,Medium,Morning,Bike,15,0,45.8
1762,2.76,Clear,Low,Afternoon,Scooter,23,0,26.5
1763,1.14,Clear,Medium,Morning,Bike,18,0,41.5
1764,2.11,Clear,High,Afternoon,Bike,19,0,41.6
1765,2.45,Windy,Low,Morning,Scooter,17,1,38.3
1766,3.42,Clear,Medium,Night,Bike,12,1,29.0
1767,3.2,Clear,Medium,Afternoon,Car,25,0,36.5
1768,1.33,Clear,Low,Morning,Car,18,1,25.5
1769,3.69,Clear,High,Morning,Bike,16,1,48.2
1770,0.67,Rainy,Low,Afternoon,Bike,21,1,37.3
1771,1.18,Clear,Medium,Morning,Bike,16,1,36.9
1772,0.23,Rainy,Medium,Morning,Car,25,1,41.2
1773,1.31,Rainy,Low,Afternoon,Bike,11,1,29.2
1774,1.71,Snowy,Low,Afternoon,Scooter,8,0,30.4
1775,1.04,Clear,Medium,Afternoon,Bike,19,1,35.1
1776,0.15,Snowy,Medium,Afternoon,Scooter,14,0,29.9
1777,0.14,Rainy,High,Evening,Bike,11,1,41.0
1778,3.7,Clear,Low,Afternoon,Car,8,1,10.0
1779,2.97,Foggy,Low,Evening,Scooter,23,1,42.0
1780,2.82,Snowy,Low,Afternoon,Bike,30,1,46.6
1781,3.16,Clear,Low,Afternoon,Bike,20,1,34.5
1782,2.81,Windy,Low,Evening,Bike,23,0,42.1
1783,0.34,Clear,Medium,Night,Scooter,25,1,36.2
1784,3.71,Rainy,Medium,Evening,Car,24,1,48.7
1785,1.77,Windy,High,Evening,Bike,15,1,47.5
1786,1.87,Clear,High,Evening,Car,6,1,27.2
1787,3.56,Snowy,Low,Morning,Bike,20,0,51.1
1788,0.9,Clear,Medium,Evening,Car,29,0,39.8
1789,1.32,Foggy,Medium,Night,Car,27,1,39.0
1790,3.43,Rainy,Medium,Evening,Scooter,6,0,28.4
1791,2.13,Clear,High,Afternoon,Car,27,0,40.3
1792,1.74,Clear,High,Evening,Bike,7,0,33.1
1793,3.82,Clear,Low,Afternoon,Scooter,18,1,28.0
1794,3.57,Clear,High,Afternoon,Bike,26,0,53.1
1795,3.56,Clear,Medium,Morning,Bike,16,0,37.8
1796,0.93,Clear,Low,Evening,Scooter,21,1,29.0
1797,3.39,Clear,Medium,Afternoon,Car,13,1,29.9
1798,2.66,Clear,Medium,Morning,Car,31,1,47.6
1799,2.8,Foggy,High,Evening,Scooter,9,0,38.3
1800,0.29,Foggy,High,Evening,Car,20,0,42.5
1801,2.27,Foggy,Medium,Morning,Scooter,8,0,33.7
1802,0.95,Clear,Medium,Night,Scooter,9,1,19.0
1803,3.72,Snowy,Low,Night,Bike,14,1,36.0
1804,2.29,Rainy,Medium,Afternoon,Bike,7,0,29.5
1805,2.51,Clear,Low,Morning,Bike,13,0,26.9
1806,1.05,Clear,Low,Night,Scooter,12,1,14.0
1807,1.74,Rainy,Medium,Afternoon,Scooter,28,0,49.2
1808,2.16,Clear,Medium,Night,Car,9,1,24.3
1809,3.27,Rainy,Medium,Morning,Car,20,0,43.0
1810,2.49,Windy,High,Morning,Scooter,21,1,44.2
1811,0.54,Clear,Medium,Afternoon,Scooter,25,1,29.8
1812,1.86,Clear,Low,Afternoon,Scooter,16,0,27.3
1813,1.25,Windy,Medium,Morning,Scooter,12,0,32.6
1814,2.2,Rainy,Low,Morning,Bike,11,1,30.2
1815,1.93,Clear,Medium,Evening,Car,12,0,26.7
1816,0.19,Snowy,Medium,Night,Car,18,1,38.0
1817,0.91,Snowy,Low,Afternoon,Scooter,19,1,32.2
1818,2.67,Rainy,Low,Night,Bike,24,1,44.9
1819,2.22,Rainy,Medium,Afternoon,Bike,24,1,46.8
1820,0.31,Clear,Medium,Afternoon,Car,25,1,30.2
1821,2.43,Clear,High,Evening,Car,12,0,25.4
1822,2.06,Rainy,Medium,Morning,Car,23,1,42.7
1823,0.69,Clear,Medium,Afternoon,Scooter,10,1,17.3
1824,0.11,Rainy,Low,Evening,Scooter,27,0,41.8
1825,1.41,Snowy,Medium,Evening,Bike,18,1,47.3
1826,3.14,Clear,Low,Morning,Scooter,20,0,33.5
1827,0.62,Rainy,Low,Afternoon,Bike,20,0,37.2
1828,3.78,Clear,Low,Afternoon,Car,19,0,20.3
1829,2.22,Snowy,Low,Evening,Bike,18,1,42.1
1830,3.06,Clear,Low,Night,Car,28,0,31.2
1831,3.91,Rainy,Low,Evening,Bike,15,0,36.8
1832,1.12,Rainy,Medium,Morning,Bike,23,1,47.0
1833,2.37,Clear,Medium,Morning,Scooter,15,0,32.3
1834,1.43,Rainy,Low,Evening,Scooter,9,0,26.7
1835,0.43,Foggy,Medium,Morning,Scooter,16,0,35.3
1836,3.19,Rainy,Medium,Afternoon,Scooter,12,0,31.5
1837,0.15,Foggy,Medium,Afternoon,Scooter,17,1,29.1
1838,3.49,Windy,Low,Evening,Bike,10,1,34.4
1839,3.2,Clear,Medium,Afternoon,Car,24,1,41.3
1840,2.59,Rainy,Low,Night,Car,19,0,30.8
1841,2.41,Clear,Low,Evening,Scooter,8,1,19.0
1842,3.4,Foggy,Low,Morning,Bike,20,0,39.8
1843,0.32,Rainy,Medium,Morning,Scooter,30,0,52.8
1844,2.97,Clear,High,Afternoon,Bike,9,1,39.9
1845,0.8,Clear,Medium,Evening,Car,15,1,24.6
1846,0.18,Snowy,High,Afternoon,Bike,27,1,58.3
1847,1.32,Clear,Low,Afternoon,Bike,8,0,19.1
1848,1.38,Rainy,Medium,Evening,Bike,28,0,53.5
1849,0.85,Clear,High,Morning,Scooter,32,1,49.2
1850,2.87,Windy,Low,Morning,Scooter,16,1,38.1
1851,2.28,Clear,Low,Evening,Scooter,17,1,29.7
1852,3.69,Clear,Low,Afternoon,Bike,32,1,48.4
1853,3.07,Snowy,Low,Afternoon,Car,9,0,25.1
1854,3.32,Windy,Low,Afternoon,Bike,15,0,31.5
1855,3.62,Clear,High,Afternoon,Bike,9,0,31.3
1856,3.24,Clear,Medium,Evening,Scooter,23,1,43.8
1857,0.56,Foggy,Low,Morning,Scooter,21,1,31.5
1858,0.82,Snowy,Low,Morning,Scooter,26,0,40.7
1859,1.67,Clear,Low,Morning,Bike,13,0,24.1
1860,1.4,Rainy,Low,Morning,Scooter,18,1,40.7
1861,3.55,Foggy,Medium,Evening,Bike,22,0,49.9
1862,2.14,Foggy,Low,Afternoon,Bike,14,1,30.2
1863,3.52,Foggy,Medium,Morning,Bike,27,0,52.2
1864,1.61,Rainy,Medium,Morning,Scooter,13,0,35.0
1865,3.64,Clear,Low,Morning,Bike,11,1,24.3
1866,0.38,Windy,Medium,Morning,Bike,14,0,35.0
1867,1.84,Snowy,Medium,Morning,Bike,24,1,50.7
1868,3.61,Foggy,Medium,Morning,Bike,22,0,53.3
1869,1.85,Clear,Low,Morning,Bike,27,1,35.1
1870,2.96,Clear,High,Night,Scooter,20,1,38.0
1871,1.51,Foggy,Low,Evening,Bike,28,1,49.3
1872,3.33,Clear,Medium,Morning,Bike,18,1,45.3
1873,2.56,Windy,High,Evening,Scooter,28,0,54.6
1874,3.27,Clear,Medium,Morning,Bike,26,1,47.4
1875,2.19,Foggy,High,Evening,Scooter,17,1,44.6
1876,2.59,Snowy,Low,Evening,Scooter,6,0,33.9
1877,2.16,Clear,Medium,Afternoon,Scooter,32,1,43.3
1878,2.31,Clear,Low,Night,Scooter,18,1,24.5
1879,2.79,Rainy,Medium,Afternoon,Bike,23,1,44.4
1880,0.57,Rainy,Low,Morning,Bike,17,1,32.6
1881,3.1,Clear,Medium,Evening,Bike,15,1,38.5
1882,1.49,Rainy,High,Morning,Car,15,0,44.0
1883,0.15,Windy,Low,Afternoon,Bike,15,1,24.6
1884,2.61,Clear,High,Morning,Bike,19,0,49.2
1885,2.49,Clear,High,Afternoon,Scooter,24,1,39.9
1886,2.93,Clear,Medium,Evening,Scooter,19,0,34.1
1887,3.99,Clear,Low,Evening,Car,18,0,33.2
1888,1.9,Clear,High,Evening,Bike,15,0,39.8
1889,3.9,Clear,Medium,Evening,Car,17,0,32.1
1890,2.35,Rainy,Medium,Afternoon,Scooter,12,0,32.8
1891,1.5,Clear,Medium,Evening,Scooter,23,0,38.6
1892,2.74,Windy,Medium,Morning,Bike,24,0,48.5
1893,0.87,Clear,High,Morning,Bike,13,1,41.1
1894,3.87,Clear,Low,Afternoon,Bike,19,1,38.5
1895,1.82,Foggy,Low,Evening,Scooter,14,1,31.3
1896,0.14,Snowy,High,Evening,Bike,31,0,64.6
1897,2.66,Clear,Medium,Evening,Bike,14,0,40.0
1898,0.57,Clear,Low,Evening,Bike,26,0,37.7
1899,0.45,Clear,Medium,Afternoon,Car,22,1,27.8
1900,0.19,Rainy,Medium,Morning,Bike,30,1,51.1
1901,3.54,Clear,Medium,Evening,Bike,22,1,42.8
1902,0.23,Clear,Medium,Evening,Scooter,20,1,34.7
1903,2.2,Clear,Low,Morning,Car,17,1,20.7
1904,2.01,Clear,Low,Afternoon,Scooter,17,0,21.6
1905,3.65,Windy,Medium,Morning,Scooter,6,1,27.4
1906,3.65,Rainy,Medium,Morning,Bike,34,1,60.2
1907,3.69,Rainy,Low,Afternoon,Bike,19,0,38.9
1908,1.66,Clear,Medium,Afternoon,Bike,19,0,34.9
1909,1.95,Clear,High,Morning,Bike,12,0,41.4
1910,3.32,Clear,High,Afternoon,Bike,17,0,40.8
1911,0.57,Foggy,Low,Morning,Scooter,13,0,25.6
1912,0.55,Snowy,Low,Afternoon,Bike,13,0,25.7
1913,3.69,Windy,Low,Evening,Scooter,19,0,32.5
1914,0.21,Windy,Low,Afternoon,Bike,14,0,17.8
1915,1.59,Windy,High,Evening,Car,21,1,45.8
1916,0.86,Windy,High,Evening,Car,16,0,35.9
1917,0.43,Clear,Low,Afternoon,Bike,16,0,23.6
1918,3.9,Clear,Low,Morning,Bike,22,1,41.6
1919,0.75,Clear,High,Morning,Car,21,1,40.5
1920,1.78,Rainy,Medium,Evening,Car,16,1,42.3
1921,1.1,Clear,Low,Evening,Bike,29,0,41.3
1922,2.02,Snowy,Low,Morning,Bike,15,0,37.3
1923,3.09,Rainy,Low,Evening,Car,22,0,41.9
1924,2.67,Rainy,Medium,Evening,Scooter,24,0,56.0
1925,2.33,Clear,Medium,Afternoon,Scooter,13,1,23.9
1926,2.09,Clear,Medium,Afternoon,Bike,17,0,31.2
1927,0.61,Clear,Low,Evening,Car,8,1,10.0
1928,1.67,Snowy,High,Evening,Scooter,15,1,39.9
1929,3.63,Rainy,High,Evening,Bike,14,0,55.2
1930,3.3,Foggy,Medium,Morning,Scooter,23,1,46.1
1931,0.35,Clear,Medium,Afternoon,Bike,13,0,22.4
1932,3.38,Clear,Low,Afternoon,Bike,8,0,21.4
1933,3.33,Clear,Low,Afternoon,Scooter,8,1,24.5
1934,3.23,Foggy,Low,Night,Scooter,23,1,36.5
1935,3.28,Foggy,Medium,Evening,Car,12,1,39.4
1936,3.93,Clear,Medium,Afternoon,Scooter,20,0,33.8
1937,0.32,Windy,Low,Morning,Bike,13,0,31.1
1938,1.6,Clear,Low,Night,Bike,13,1,20.2
1939,3.88,Snowy,Medium,Evening,Scooter,24,0,52.2
1940,2.26,Clear,High,Morning,Bike,21,0,45.2
1941,2.76,Clear,Low,Afternoon,Scooter,21,1,27.5
1942,1.51,Snowy,High,Evening,Bike,28,1,65.6
1943,0.93,Clear,Low,Night,Bike,26,0,32.6
1944,3.92,Clear,Low,Afternoon,Bike,25,1,42.2
1945,1.51,Clear,High,Afternoon,Bike,11,1,29.6
1946,2.29,Clear,High,Evening,Bike,12,1,38.2
1947,1.05,Foggy,High,Evening,Scooter,32,0,55.7
1948,3.87,Snowy,High,Afternoon,Bike,19,1,60.3
1949,1.11,Snowy,Low,Morning,Car,19,0,37.0
1950,3.66,Clear,Medium,Morning,Scooter,18,0,38.9
1951,1.24,Rainy,Medium,Night,Scooter,22,0,38.9
1952,3.79,Clear,High,Night,Car,19,0,37.6
1953,1.53,Clear,Medium,Night,Car,12,0,18.3
1954,3.5,Clear,Low,Morning,Car,11,1,26.1
1955,2.44,Windy,High,Morning,Bike,15,1,39.9
1956,0.54,Snowy,High,Afternoon,Bike,26,1,53.5
1957,1.25,Foggy,High,Morning,Scooter,16,1,43.8
1958,3.07,Rainy,Low,Evening,Scooter,26,1,40.1
1959,2.7,Rainy,Low,Evening,Scooter,19,1,37.9
1960,1.49,Rainy,High,Afternoon,Scooter,28,1,49.1
1961,0.86,Rainy,Medium,Evening,Bike,27,1,51.4
1962,3.33,Clear,Medium,Morning,Bike,16,0,38.8
1963,2.53,Clear,High,Evening,Scooter,19,1,35.2
1964,2.76,Clear,Low,Morning,Scooter,22,1,35.4
1965,1.97,Windy,Low,Afternoon,Car,9,1,12.8
1966,1.47,Clear,Medium,Evening,Scooter,12,1,25.0
1967,1.59,Windy,Low,Evening,Bike,22,0,38.7
1968,0.22,Clear,High,Evening,Bike,28,0,51.6
1969,3.78,Rainy,Low,Morning,Bike,15,1,41.1
1970,1.53,Clear,Low,Morning,Bike,16,0,31.7
1971,1.98,Clear,Low,Night,Scooter,26,0,25.0
1972,1.49,Clear,High,Evening,Scooter,14,0,36.7
1973,1.49,Clear,High,Evening,Car,28,0,47.3
1974,2.77,Windy,Medium,Evening,Scooter,12,0,31.4
1975,2.71,Clear,Low,Night,Bike,14,1,26.1
1976,3.26,Rainy,Medium,Afternoon,Scooter,8,1,32.3
1977,0.38,Clear,Low,Morning,Bike,10,0,18.2
1978,3.51,Clear,Medium,Evening,Bike,14,1,41.3
1979,3.83,Rainy,Low,Evening,Bike,21,1,49.3
1980,3.96,Clear,Low,Afternoon,Bike,13,1,28.2
1981,0.6,Windy,Medium,Night,Bike,29,1,41.1
1982,2.0,Snowy,Medium,Afternoon,Scooter,15,1,43.3
1983,3.76,Foggy,Medium,Afternoon,Scooter,18,1,39.5
1984,3.06,Clear,Medium,Evening,Bike,21,1,43.6
1985,0.33,Clear,Low,Evening,Scooter,11,1,17.5
1986,3.49,Windy,Medium,Afternoon,Bike,21,1,44.7
1987,3.37,Clear,Medium,Afternoon,Scooter,11,1,28.6
1988,3.14,Clear,High,Morning,Scooter,25,0,49.8
1989,1.71,Clear,Medium,Evening,Bike,17,0,33.0
1990,2.57,Foggy,High,Morning,Scooter,10,0,41.8
1991,2.89,Rainy,Low,Morning,Bike,22,1,42.3
1992,1.65,Foggy,Low,Afternoon,Bike,10,1,21.0
1993,3.16,Foggy,Low,Morning,Bike,31,0,52.8
1994,1.17,Clear,Medium,Afternoon,Bike,17,0,30.2
1995,0.82,Windy,High,Evening,Bike,16,0,43.9
1996,3.45,Clear,High,Afternoon,Bike,15,0,42.3
1997,1.42,Rainy,Medium,Afternoon,Bike,17,1,37.1
1998,0.32,Clear,Low,Afternoon,Bike,24,1,30.5
1999,3.35,Windy,Low,Afternoon,Scooter,18,1,28.3
2000,3.22,Clear,High,Morning,Scooter,20,1,46.8
2001,3.23,Clear,High,Evening,Car,9,1,33.0
2002,1.43,Clear,Medium,Afternoon,Scooter,26,0,39.3
2003,2.45,Clear,High,Afternoon,Car,18,1,33.9
2004,0.15,Clear,High,Afternoon,Scooter,18,1,32.5
2005,0.11,Rainy,Low,Afternoon,Scooter,14,0,24.8
2006,1.11,Clear,Medium,Morning,Scooter,10,1,26.1
2007,2.15,Windy,High,Morning,Car,15,1,40.1
2008,2.44,Clear,Low,Night,Scooter,25,1,31.4
2009,0.62,Foggy,Medium,Evening,Car,19,0,31.9
2010,3.48,Clear,High,Afternoon,Bike,14,1,40.6
2011,3.84,Rainy,Low,Evening,Car,19,0,39.8
2012,0.56,Rainy,High,Night,Bike,15,0,37.9
2013,3.31,Clear,Low,Afternoon,Bike,13,0,28.8
2014,2.5,Windy,Medium,Morning,Bike,23,1,47.4
2015,2.06,Clear,High,Afternoon,Scooter,12,0,30.1
2016,2.01,Clear,Low,Morning,Bike,19,1,33.5
2017,3.02,Rainy,Low,Evening,Bike,22,0,48.4
2018,0.91,Snowy,Low,Afternoon,Bike,9,0,31.7
2019,2.47,Clear,Medium,Evening,Scooter,21,0,38.3
2020,1.12,Clear,Low,Morning,Bike,7,1,18.2
2021,0.43,Snowy,Low,Afternoon,Scooter,24,1,38.2
2022,2.26,Foggy,High,Night,Scooter,14,1,33.4
2023,1.15,Windy,High,Morning,Scooter,12,0,38.1
2024,3.0,Rainy,Low,Afternoon,Scooter,11,1,21.9
2025,2.64,Rainy,Medium,Evening,Bike,17,1,41.1
2026,0.97,Clear,Low,Evening,Car,14,1,24.2
2027,3.46,Windy,Medium,Afternoon,Car,17,1,26.8
2028,1.45,Clear,High,Evening,Bike,25,0,54.1
2029,2.87,Foggy,Low,Afternoon,Bike,11,0,33.0
2030,1.14,Clear,High,Afternoon,Scooter,14,0,31.5
2031,0.87,Rainy,Medium,Night,Car,11,1,27.1
2032,3.46,Foggy,Medium,Afternoon,Car,20,0,33.9
2033,3.68,Rainy,High,Morning,Car,20,0,49.6
2034,1.47,Windy,Low,Afternoon,Car,25,0,32.3
2035,1.33,Clear,High,Afternoon,Scooter,22,0,39.9
2036,2.84,Rainy,High,Morning,Bike,22,0,58.6
2037,0.99,Clear,Low,Evening,Bike,12,0,25.2
2038,3.47,Clear,Low,Afternoon,Bike,25,1,38.1
2039,0.13,Clear,Low,Morning,Bike,6,0,12.6
2040,0.65,Clear,High,Evening,Bike,22,0,46.5
2041,0.57,Clear,High,Evening,Bike,24,0,43.8
2042,1.34,Rainy,Medium,Evening,Scooter,13,1,33.3
2043,3.48,Rainy,Low,Afternoon,Bike,15,1,39.2
2044,2.6,Rainy,Medium,Morning,Scooter,14,0,34.0
2045,0.52,Clear,Low,Afternoon,Car,25,1,25.2
2046,0.41,Clear,High,Afternoon,Bike,16,0,37.5
2047,1.22,Clear,High,Evening,Bike,15,1,41.0
2048,2.52,Foggy,Low,Evening,Bike,18,0,39.5
2049,2.42,Snowy,Medium,Morning,Car,22,1,44.7
2050,0.55,Clear,Medium,Morning,Scooter,21,0,38.1
2051,3.07,Rainy,Medium,Evening,Bike,22,1,47.5
2052,2.57,Clear,Medium,Morning,Scooter,29,0,48.7
2053,3.93,Clear,High,Afternoon,Car,14,1,34.5
2054,2.26,Clear,Low,Evening,Bike,13,1,25.0
2055,1.38,Clear,Medium,Morning,Scooter,21,0,34.9
2056,0.57,Rainy,Low,Evening,Bike,12,0,35.7
2057,3.68,Windy,Medium,Afternoon,Bike,20,1,39.0
2058,0.25,Clear,Medium,Morning,Car,30,1,34.7
2059,1.46,Rainy,High,Afternoon,Bike,17,1,42.7
2060,2.17,Foggy,Medium,Morning,Car,13,0,34.0
2061,2.32,Windy,Low,Night,Scooter,33,1,46.8
2062,2.37,Rainy,Low,Evening,Bike,16,0,38.3
2063,2.9,Clear,Medium,Evening,Scooter,11,0,24.5
2064,0.6,Rainy,Medium,Evening,Bike,16,1,40.0
2065,2.91,Clear,Medium,Evening,Bike,10,0,35.0
2066,3.57,Windy,Medium,Afternoon,Bike,10,0,33.8
2067,0.22,Clear,High,Morning,Car,9,1,26.4
2068,0.24,Rainy,Low,Morning,Car,17,0,22.9
2069,3.97,Clear,Low,Morning,Bike,17,0,31.7
2070,1.32,Clear,Medium,Afternoon,Bike,22,0,36.5
2071,1.87,Snowy,High,Afternoon,Car,18,1,46.9
2072,1.31,Rainy,Medium,Morning,Scooter,26,1,44.9
2073,2.27,Clear,High,Afternoon,Bike,26,0,49.6
2074,2.87,Windy,Medium,Afternoon,Bike,12,0,33.8
2075,3.06,Snowy,High,Morning,Bike,9,0,44.6
2076,1.49,Clear,Medium,Morning,Bike,22,0,39.1
2077,1.12,Rainy,Medium,Evening,Scooter,7,0,28.4
2078,2.23,Rainy,Low,Morning,Scooter,16,1,32.2
2079,1.6,Rainy,Medium,Afternoon,Scooter,9,0,30.0
2080,2.53,Clear,Low,Evening,Bike,17,1,30.7
2081,2.49,Clear,Low,Evening,Scooter,17,0,31.1
2082,3.59,Windy,Low,Afternoon,Scooter,25,1,36.2
2083,0.12,Windy,Medium,Morning,Scooter,20,0,35.3
2084,0.5,Snowy,Low,Afternoon,Bike,16,0,35.5
2085,3.17,Windy,Medium,Afternoon,Bike,18,0,39.7
2086,2.38,Foggy,High,Evening,Bike,19,1,49.4
2087,0.34,Foggy,Low,Evening,Bike,13,0,28.5
2088,3.78,Foggy,Low,Morning,Scooter,23,1,44.4
2089,2.64,Clear,High,Night,Scooter,17,0,37.8
2090,2.0,Clear,Low,Evening,Bike,20,0,28.0
2091,3.14,Clear,Low,Afternoon,Scooter,8,0,14.7
2092,2.42,Rainy,Medium,Night,Scooter,11,1,28.6
2093,1.56,Clear,Low,Evening,Scooter,19,0,30.2
2094,1.26,Clear,Medium,Afternoon,Scooter,23,1,27.4
2095,1.87,Rainy,Medium,Evening,Car,15,1,36.4
2096,1.95,Clear,High,Morning,Scooter,29,0,53.2
2097,2.88,Clear,Medium,Night,Bike,25,0,45.2
2098,1.94,Snowy,Low,Evening,Car,18,0,36.0
2099,0.17,Snowy,Medium,Afternoon,Bike,20,1,36.9
2100,2.77,Clear,Low,Afternoon,Scooter,19,0,26.3
2101,0.37,Clear,High,Morning,Car,15,0,36.2
2102,3.4,Clear,Medium,Evening,Bike,9,1,30.1
2103,2.86,Foggy,Low,Morning,Bike,24,0,51.8
2104,2.43,Snowy,Low,Morning,Bike,17,1,44.2
2105,1.87,Clear,High,Afternoon,Car,25,0,40.7
2106,0.77,Foggy,Medium,Morning,Bike,16,0,39.4
2107,2.65,Clear,High,Night,Scooter,7,1,27.4
2108,0.53,Clear,Low,Evening,Bike,11,0,20.4
2109,2.46,Windy,Low,Evening,Bike,12,1,28.6
2110,0.82,Clear,Medium,Morning,Bike,22,0,45.8
2111,2.43,Clear,Medium,Morning,Car,8,0,27.8
2112,0.69,Clear,Low,Evening,Bike,25,0,35.4
2113,0.47,Rainy,Medium,Evening,Car,21,1,36.1
2114,1.94,Windy,Low,Afternoon,Scooter,15,1,18.9
2115,2.87,Windy,Low,Evening,Car,18,0,37.8
2116,1.03,Clear,Low,Morning,Bike,29,0,44.3
2117,2.04,Clear,Medium,Evening,Scooter,10,1,29.6
2118,3.22,Foggy,Medium,Morning,Bike,15,0,41.5
2119,2.24,Clear,Low,Morning,Bike,16,0,29.1
2120,2.43,Snowy,Low,Afternoon,Scooter,30,0,44.6
2121,0.96,Rainy,High,Morning,Bike,31,1,52.0
2122,0.59,Clear,Low,Morning,Car,25,0,27.7
2123,0.68,Snowy,Low,Evening,Bike,16,1,37.9
2124,3.89,Clear,Medium,Evening,Bike,27,1,51.7
2125,0.44,Clear,High,Night,Scooter,17,1,29.5
2126,0.69,Rainy,Medium,Afternoon,Bike,20,1,41.9
2127,0.9,Rainy,Medium,Afternoon,Bike,28,0,47.0
2128,3.17,Rainy,Medium,Evening,Car,14,1,39.7
2129,1.65,Rainy,Medium,Evening,Bike,26,1,54.3
2130,3.18,Windy,Low,Morning,Scooter,16,0,34.5
2131,1.73,Windy,Medium,Afternoon,Bike,26,1,44.4
2132,3.2,Rainy,Medium,Evening,Bike,19,1,46.0
2133,3.59,Clear,Medium,Evening,Bike,14,0,34.3
2134,1.84,Foggy,High,Evening,Scooter,23,0,43.5
2135,3.95,Windy,Low,Afternoon,Scooter,11,1,26.4
2136,3.74,Clear,High,Evening,Bike,12,0,37.2
2137,0.16,Clear,High,Morning,Bike,12,0,33.9
2138,2.3,Clear,High,Night,Car,25,1,42.1
2139,2.66,Clear,Low,Morning,Bike,26,0,38.6
2140,3.39,Rainy,Medium,Night,Scooter,19,0,41.1
2141,2.73,Clear,Medium,Evening,Bike,14,0,37.0
2142,2.78,Foggy,Medium,Night,Bike,16,0,38.3
2143,1.23,Snowy,Low,Night,Bike,12,1,31.5
2144,3.3,Snowy,Medium,Evening,Bike,6,0,37.9
2145,0.35,Clear,Medium,Afternoon,Scooter,25,1,32.3
2146,2.66,Clear,Low,Morning,Bike,13,1,25.6
2147,0.89,Foggy,Medium,Morning,Scooter,10,1,28.0
2148,3.09,Snowy,Medium,Evening,Bike,11,0,43.8
2149,3.18,Rainy,Medium,Evening,Bike,28,0,55.2
2150,0.78,Snowy,Low,Morning,Bike,15,1,37.4
2151,3.19,Clear,Medium,Evening,Bike,20,1,35.0
2152,3.37,Snowy,Medium,Night,Bike,8,0,40.7
2153,0.31,Clear,Medium,Afternoon,Bike,18,0,26.4
2154,1.78,Clear,Low,Morning,Bike,23,0,40.0
2155,0.85,Rainy,Medium,Evening,Bike,9,0,35.7
2156,0.59,Clear,Medium,Morning,Bike,14,1,33.7
2157,3.23,Clear,High,Morning,Bike,15,0,40.7
2158,1.24,Clear,High,Night,Bike,27,1,46.5
2159,2.61,Clear,Medium,Night,Bike,21,0,39.6
2160,0.11,Foggy,Medium,Morning,Bike,26,1,47.9
2161,0.41,Clear,Medium,Morning,Bike,16,0,35.4
2162,2.48,Rainy,Low,Evening,Bike,19,0,43.4
2163,1.54,Snowy,Medium,Evening,Car,18,1,42.2
2164,3.53,Clear,High,Morning,Bike,14,1,44.6
2165,0.42,Clear,High,Morning,Bike,16,1,40.4
2166,2.53,Snowy,Low,Evening,Car,14,1,33.0
2167,2.84,Snowy,Medium,Morning,Bike,7,0,42.7
2168,2.48,Rainy,High,Afternoon,Bike,31,1,60.6
2169,2.75,Snowy,Low,Afternoon,Car,30,1,40.4
2170,1.07,Clear,Low,Evening,Scooter,25,1,36.5
2171,3.09,Clear,Medium,Evening,Scooter,12,1,31.6
2172,2.26,Foggy,Low,Afternoon,Bike,7,0,22.5
2173,3.17,Clear,High,Morning,Bike,13,1,41.7
2174,0.57,Foggy,High,Afternoon,Bike,26,1,54.2
2175,0.6,Rainy,Low,Morning,Scooter,12,0,26.6
2176,1.64,Foggy,Low,Night,Bike,13,0,32.2
2177,1.62,Clear,Low,Morning,Scooter,21,1,31.4
2178,0.6,Clear,Low,Afternoon,Car,17,1,16.6
2179,0.42,Clear,High,Morning,Car,21,0,34.0
2180,0.42,Clear,Low,Afternoon,Bike,19,1,25.6
2181,0.3,Foggy,Medium,Evening,Scooter,19,0,40.6
2182,0.23,Clear,Medium,Morning,Scooter,26,0,36.8
2183,3.25,Clear,Low,Afternoon,Scooter,13,0,23.2
2184,3.75,Clear,High,Morning,Car,11,0,39.9
2185,1.76,Clear,Medium,Evening,Scooter,16,0,26.6
2186,0.83,Snowy,Medium,Evening,Scooter,18,0,43.0
2187,1.38,Clear,High,Afternoon,Bike,18,1,40.1
2188,3.29,Windy,Low,Afternoon,Scooter,18,0,31.3
2189,3.72,Clear,Medium,Evening,Scooter,17,0,32.1
2190,1.03,Rainy,Medium,Afternoon,Scooter,18,0,33.0
2191,0.22,Clear,Low,Night,Scooter,29,1,24.6
2192,1.3,Clear,Medium,Afternoon,Bike,9,1,19.3
2193,1.6,Snowy,Low,Evening,Bike,29,0,55.1
2194,0.11,Windy,Low,Evening,Car,19,0,25.3
2195,2.76,Snowy,Low,Morning,Bike,9,0,37.5
2196,0.59,Clear,Low,Evening,Scooter,9,0,18.6
2197,0.42,Clear,Medium,Morning,Scooter,19,0,28.6
2198,2.9,Rainy,Medium,Afternoon,Bike,21,1,46.3
2199,3.11,Clear,Medium,Evening,Bike,18,1,35.5
2200,0.82,Foggy,Medium,Afternoon,Scooter,17,0,32.6
2201,3.1,Rainy,Low,Morning,Scooter,14,0,35.1
2202,1.26,Rainy,Medium,Morning,Bike,20,1,44.5
2203,1.3,Snowy,Low,Afternoon,Car,27,1,34.2
2204,0.58,Foggy,Medium,Evening,Scooter,16,0,29.8
2205,0.98,Clear,Medium,Night,Bike,21,1,42.2
2206,0.25,Clear,Medium,Evening,Bike,7,1,24.8
2207,2.72,Rainy,Low,Morning,Bike,17,0,39.1
2208,3.42,Rainy,Low,Afternoon,Bike,23,1,45.8
2209,0.29,Clear,High,Afternoon,Bike,25,0,48.1
2210,1.1,Clear,Medium,Morning,Bike,18,0,40.1
2211,1.45,Foggy,Low,Afternoon,Car,19,0,26.6
2212,1.63,Snowy,Low,Morning,Scooter,11,0,29.6
2213,3.31,Rainy,Medium,Morning,Car,14,0,40.7
2214,0.27,Clear,Medium,Morning,Scooter,21,0,32.9
2215,2.5,Clear,Medium,Afternoon,Scooter,23,1,39.5
2216,2.18,Rainy,Medium,Afternoon,Car,10,0,28.1
2217,3.37,Clear,High,Morning,Bike,30,0,61.8
2218,1.29,Rainy,Medium,Afternoon,Scooter,30,0,51.0
2219,0.5,Rainy,Low,Afternoon,Car,13,1,16.6
2220,0.61,Clear,Low,Evening,Car,9,1,14.2
2221,2.56,Clear,Medium,Morning,Bike,15,1,39.5
2222,2.23,Clear,Low,Morning,Car,30,1,35.9
2223,2.41,Snowy,Medium,Morning,Scooter,17,0,42.7
2224,0.63,Rainy,Low,Night,Bike,15,0,33.0
2225,0.27,Clear,Medium,Afternoon,Bike,27,1,43.6
2226,2.31,Snowy,Medium,Morning,Bike,11,1,30.9
2227,0.42,Clear,Medium,Evening,Bike,29,0,49.5
2228,3.73,Clear,Low,Morning,Bike,24,0,35.2
2229,3.23,Windy,Low,Morning,Bike,16,0,35.9
2230,0.8,Clear,Low,Evening,Car,24,0,25.6
2231,2.43,Clear,Medium,Morning,Car,23,1,36.1
2232,0.61,Rainy,High,Morning,Car,19,0,43.7
2233,3.75,Clear,Medium,Evening,Scooter,24,1,45.2
2234,2.4,Rainy,High,Evening,Car,18,0,50.6
2235,1.34,Clear,Low,Evening,Bike,25,1,33.3
2236,2.75,Clear,Low,Evening,Bike,24,0,43.5
2237,0.11,Clear,Low,Evening,Bike,28,1,36.8
2238,1.22,Clear,Low,Evening,Bike,24,0,35.9
2239,1.01,Clear,Low,Evening,Scooter,28,0,41.3
2240,1.45,Clear,Medium,Night,Bike,12,0,29.7
2241,0.43,Snowy,Low,Morning,Car,14,1,23.3
2242,3.88,Clear,Medium,Evening,Bike,17,1,40.7
2243,1.92,Clear,Low,Morning,Bike,14,0,26.0
2244,3.44,Clear,Low,Evening,Bike,27,1,42.7
2245,0.33,Clear,High,Evening,Bike,12,1,33.7
2246,3.39,Clear,Low,Afternoon,Car,17,1,25.2
2247,2.65,Rainy,Medium,Night,Scooter,18,0,35.1
2248,2.75,Clear,Low,Evening,Bike,26,0,41.4
2249,3.24,Snowy,Medium,Morning,Scooter,14,1,41.3
2250,2.15,Windy,Low,Afternoon,Bike,31,1,45.3
2251,2.57,Clear,Low,Morning,Bike,14,0,29.5
2252,3.61,Clear,Low,Evening,Bike,12,0,32.8
2253,0.59,Clear,Medium,Afternoon,Bike,14,1,27.5
2254,0.32,Rainy,Medium,Evening,Scooter,27,0,48.5
2255,3.93,Clear,Low,Evening,Car,12,1,24.7
2256,3.54,Snowy,Medium,Morning,Bike,8,0,38.3
2257,2.1,Foggy,Medium,Morning,Scooter,14,1,33.9
2258,3.15,Snowy,Medium,Night,Scooter,18,0,40.9
2259,3.54,Rainy,Low,Morning,Bike,15,0,42.1
2260,1.92,Windy,Medium,Evening,Bike,12,0,37.8
2261,0.48,Clear,Low,Evening,Bike,15,1,25.2
2262,1.97,Clear,High,Evening,Bike,21,1,47.2
2263,1.47,Clear,Low,Morning,Bike,17,0,25.5
2264,0.19,Windy,Medium,Morning,Bike,19,1,36.6
2265,3.84,Rainy,Medium,Evening,Bike,29,1,52.3
2266,2.89,Snowy,Medium,Evening,Scooter,23,0,53.8
2267,3.16,Clear,Low,Afternoon,Bike,24,1,43.0
2268,2.43,Windy,Low,Morning,Car,14,1,24.1
2269,1.15,Rainy,Medium,Night,Bike,18,1,39.6
2270,2.38,Rainy,Medium,Morning,Bike,15,0,44.5
2271,2.75,Windy,Medium,Evening,Scooter,17,1,34.0
2272,2.43,Clear,Medium,Night,Scooter,11,0,24.0
2273,0.6,Clear,High,Afternoon,Car,18,1,32.1
2274,3.27,Rainy,Medium,Morning,Bike,18,0,48.7
2275,1.26,Clear,Medium,Evening,Bike,19,0,38.0
2276,1.65,Clear,Medium,Afternoon,Scooter,13,0,23.7
2277,2.25,Clear,Medium,Morning,Scooter,13,0,27.5
2278,3.91,Clear,Medium,Morning,Scooter,16,0,38.6
2279,1.32,Snowy,Low,Evening,Scooter,18,0,42.2
2280,0.26,Rainy,Medium,Afternoon,Bike,15,0,28.6
2281,3.89,Clear,Medium,Evening,Scooter,22,0,36.1
2282,3.83,Clear,Low,Evening,Scooter,19,0,29.8
2283,0.87,Clear,Low,Night,Scooter,11,1,13.0
2284,3.33,Rainy,Medium,Morning,Bike,13,1,41.9
2285,3.69,Windy,High,Afternoon,Car,20,0,43.5
2286,0.15,Windy,Medium,Morning,Scooter,18,1,32.9
2287,3.04,Clear,High,Afternoon,Bike,15,1,38.7
2288,0.8,Clear,High,Evening,Bike,12,1,39.0
2289,3.33,Clear,Low,Morning,Scooter,28,0,38.5
2290,0.18,Rainy,Medium,Evening,Car,17,0,37.1
2291,2.8,Clear,High,Afternoon,Bike,13,0,43.1
2292,3.29,Rainy,Medium,Evening,Car,22,0,41.8
2293,0.24,Rainy,Medium,Morning,Bike,14,1,31.1
2294,3.05,Clear,Low,Morning,Bike,14,1,30.7
2295,0.56,Clear,Low,Afternoon,Scooter,25,1,29.6
2296,0.41,Clear,High,Afternoon,Bike,28,1,46.4
2297,3.69,Clear,Low,Evening,Bike,17,1,28.1
2298,3.7,Clear,High,Morning,Scooter,20,0,41.1
2299,2.99,Foggy,Low,Afternoon,Bike,15,0,31.1
2300,3.57,Clear,Low,Morning,Bike,20,1,38.5
2301,0.17,Clear,Low,Morning,Bike,22,1,30.7
2302,2.1,Rainy,High,Evening,Bike,22,1,55.7
2303,3.5,Foggy,High,Evening,Bike,8,1,42.7
2304,3.58,Clear,High,Night,Bike,10,0,38.7
2305,1.53,Snowy,Low,Evening,Car,22,1,35.3
2306,1.37,Windy,Low,Morning,Scooter,18,1,29.7
2307,2.83,Rainy,Medium,Afternoon,Scooter,29,0,54.5
2308,0.33,Rainy,High,Morning,Bike,11,0,38.4
2309,3.14,Clear,Medium,Night,Bike,33,1,49.4
2310,1.07,Windy,Medium,Evening,Car,11,0,26.6
2311,2.13,Clear,Low,Afternoon,Scooter,8,1,10.9
2312,0.85,Windy,Low,Afternoon,Car,27,0,28.4
2313,2.96,Rainy,Low,Afternoon,Bike,18,0,36.5
2314,3.83,Clear,Medium,Morning,Scooter,14,1,33.1
2315,2.21,Clear,Medium,Afternoon,Bike,19,1,37.5
2316,3.81,Rainy,Medium,Afternoon,Bike,16,0,40.7
2317,1.67,Rainy,Medium,Evening,Car,32,0,52.8
2318,1.22,Clear,Medium,Evening,Bike,23,1,44.8
2319,3.37,Foggy,Low,Afternoon,Bike,21,0,42.9
2320,0.25,Snowy,Medium,Night,Bike,15,0,37.2
2321,1.2,Rainy,Medium,Afternoon,Scooter,8,1,25.6
2322,2.79,Clear,Medium,Evening,Scooter,24,0,39.4
2323,0.84,Clear,Low,Afternoon,Bike,9,1,17.1
2324,3.57,Foggy,High,Morning,Car,11,1,43.8
2325,1.98,Clear,Medium,Evening,Bike,19,1,42.7
2326,1.06,Snowy,Medium,Afternoon,Car,23,0,41.3
2327,1.55,Clear,Low,Evening,Scooter,16,0,26.4
2328,1.21,Rainy,Medium,Afternoon,Car,19,1,31.9
2329,2.83,Clear,High,Evening,Scooter,31,0,52.4
2330,0.53,Clear,High,Evening,Bike,14,1,35.5
2331,3.43,Foggy,Low,Afternoon,Bike,9,1,27.8
2332,0.68,Rainy,High,Morning,Car,13,1,39.1
2333,1.2,Rainy,Low,Night,Car,17,1,25.8
2334,2.54,Windy,Low,Night,Scooter,23,1,34.3
2335,1.48,Windy,Medium,Afternoon,Scooter,16,1,22.0
2336,2.09,Snowy,Medium,Afternoon,Bike,19,0,46.1
2337,2.32,Clear,Medium,Evening,Bike,19,1,37.6
2338,1.11,Rainy,Low,Evening,Bike,17,0,32.7
2339,2.18,Snowy,Low,Afternoon,Scooter,12,0,30.2
2340,3.76,Clear,Medium,Morning,Scooter,10,1,34.0
2341,0.11,Clear,Low,Afternoon,Scooter,13,0,15.2
2342,2.43,Snowy,Medium,Morning,Scooter,14,1,43.4
2343,1.35,Clear,Medium,Afternoon,Bike,13,1,26.1
2344,3.46,Rainy,Medium,Evening,Bike,13,0,49.8
2345,0.48,Windy,Low,Afternoon,Bike,20,0,25.3
2346,0.34,Rainy,Low,Evening,Bike,17,1,33.8
2347,1.68,Clear,Low,Evening,Scooter,14,1,25.4
2348,2.73,Clear,Medium,Night,Scooter,13,0,26.9
2349,0.13,Clear,Low,Evening,Car,12,1,19.8
2350,3.26,Clear,High,Morning,Bike,21,1,43.4
2351,1.41,Foggy,Medium,Morning,Car,17,1,34.2
2352,3.69,Snowy,Low,Evening,Scooter,21,1,43.8
2353,3.63,Clear,Medium,Evening,Bike,16,0,39.7
2354,3.08,Clear,Medium,Afternoon,Scooter,10,0,20.0
2355,2.97,Snowy,Low,Morning,Car,25,0,44.7
2356,2.44,Clear,Medium,Morning,Bike,9,0,29.4
2357,3.2,Rainy,Low,Afternoon,Scooter,16,1,32.2
2358,0.79,Clear,High,Afternoon,Bike,19,0,42.0
2359,3.29,Rainy,Medium,Morning,Bike,21,0,51.6
2360,2.3,Clear,Medium,Morning,Bike,17,1,38.7
2361,3.15,Rainy,High,Morning,Bike,24,1,63.1
2362,2.03,Clear,Low,Afternoon,Scooter,17,1,26.4
2363,2.56,Rainy,High,Afternoon,Bike,25,1,47.9
2364,1.43,Clear,Medium,Afternoon,Scooter,14,0,27.5
2365,1.76,Clear,Low,Afternoon,Car,17,1,22.6
2366,1.52,Rainy,High,Afternoon,Car,8,1,29.0
2367,2.99,Clear,Medium,Evening,Bike,19,0,40.2
2368,0.88,Clear,High,Evening,Bike,16,1,35.9
2369,3.73,Clear,Low,Evening,Bike,21,1,32.8
2370,3.33,Clear,High,Night,Bike,23,0,50.9
2371,3.46,Clear,Medium,Evening,Bike,17,0,42.9
2372,3.66,Windy,Low,Evening,Scooter,20,0,36.8
2373,1.8,Clear,Medium,Afternoon,Scooter,22,0,36.1
2374,3.58,Snowy,High,Morning,Bike,25,0,67.9
2375,1.83,Windy,Medium,Evening,Bike,11,0,28.6
2376,0.5,Clear,Medium,Afternoon,Car,19,0,26.8
2377,0.29,Rainy,High,Night,Car,28,0,46.9
2378,0.35,Snowy,Medium,Morning,Scooter,14,1,37.5
2379,0.83,Rainy,Low,Evening,Scooter,20,1,34.8
2380,1.5,Clear,Medium,Afternoon,Scooter,14,1,27.0
2381,3.92,Clear,Low,Afternoon,Bike,24,1,33.3
2382,1.04,Clear,Medium,Evening,Car,23,1,38.6
2383,3.66,Rainy,Low,Morning,Bike,29,0,52.5
2384,3.26,Windy,Low,Morning,Scooter,22,0,37.8
2385,3.46,Windy,Medium,Evening,Bike,17,0,38.3
2386,3.16,Clear,Medium,Morning,Scooter,18,1,36.0
2387,3.9,Foggy,Medium,Afternoon,Scooter,23,0,44.5
2388,0.57,Clear,Low,Afternoon,Scooter,22,0,25.0
2389,1.97,Windy,Medium,Afternoon,Bike,11,0,28.1
2390,1.44,Clear,Medium,Morning,Scooter,14,0,25.5
2391,1.21,Windy,Medium,Morning,Scooter,21,1,40.0
2392,1.84,Snowy,Low,Afternoon,Scooter,11,1,21.2
2393,1.98,Clear,Low,Morning,Bike,21,1,37.2
2394,3.95,Clear,Low,Morning,Scooter,26,1,45.2
2395,1.13,Snowy,High,Evening,Scooter,16,1,52.5
2396,3.66,Clear,Low,Morning,Bike,13,1,27.2
2397,0.75,Rainy,High,Morning,Scooter,26,1,53.8
2398,2.69,Windy,Low,Morning,Bike,17,0,34.2
2399,1.29,Rainy,Medium,Afternoon,Scooter,25,0,46.5
2400,3.85,Clear,High,Morning,Bike,10,0,41.6
2401,2.57,Clear,Low,Evening,Car,13,1,21.2
2402,0.35,Clear,Low,Evening,Bike,6,1,13.4
2403,3.7,Windy,Medium,Evening,Bike,17,1,42.4
2404,1.25,Clear,Medium,Evening,Bike,27,0,43.7
2405,3.72,Clear,Low,Morning,Car,20,1,31.5
2406,0.15,Clear,Low,Morning,Bike,7,1,16.8
2407,0.95,Windy,Low,Evening,Bike,8,0,21.4
2408,1.19,Clear,Medium,Night,Bike,22,0,34.7
2409,2.78,Snowy,Low,Evening,Scooter,10,1,33.4
2410,3.21,Foggy,Medium,Evening,Bike,13,1,42.6
2411,2.56,Snowy,Medium,Night,Scooter,22,0,43.2
2412,0.34,Windy,Medium,Afternoon,Bike,14,0,29.6
2413,1.79,Snowy,High,Afternoon,Bike,18,0,47.3
2414,2.03,Windy,Low,Evening,Bike,16,0,41.3
2415,1.5,Clear,High,Afternoon,Scooter,15,0,29.5
2416,1.74,Foggy,Low,Evening,Bike,14,1,33.0
2417,1.98,Rainy,Low,Afternoon,Car,16,1,28.1
2418,2.26,Rainy,Low,Afternoon,Bike,12,1,27.4
2419,2.56,Snowy,High,Evening,Scooter,30,0,61.1
2420,0.92,Windy,High,Night,Bike,15,0,37.2
2421,3.62,Foggy,Low,Night,Bike,22,0,38.4
2422,3.33,Clear,Medium,Evening,Car,14,1,31.3
2423,3.17,Clear,Low,Morning,Scooter,14,0,24.4
2424,3.24,Clear,Medium,Afternoon,Scooter,17,1,32.0
2425,2.15,Clear,Medium,Evening,Scooter,22,0,32.5
2426,3.82,Clear,Low,Evening,Bike,6,1,21.4
2427,1.53,Clear,High,Morning,Car,12,0,30.1
2428,1.74,Clear,Medium,Afternoon,Bike,23,0,41.8
2429,3.28,Foggy,Medium,Night,Car,15,1,27.1
2430,3.49,Clear,High,Morning,Scooter,26,1,54.1
2431,1.85,Windy,Medium,Afternoon,Bike,11,0,32.0
2432,3.41,Rainy,Medium,Afternoon,Scooter,24,1,40.5
2433,2.57,Clear,Low,Morning,Car,20,1,30.7
2434,1.61,Clear,High,Morning,Bike,12,1,34.2
2435,3.63,Clear,Low,Evening,Bike,7,0,26.7
2436,2.06,Windy,Low,Afternoon,Scooter,27,1,37.8
2437,3.41,Clear,Medium,Evening,Bike,14,1,39.3
2438,3.27,Rainy,Medium,Morning,Bike,14,0,42.5
2439,0.48,Windy,Low,Morning,Scooter,12,0,24.1
2440,3.5,Windy,High,Evening,Car,15,1,45.7
2441,0.73,Clear,Medium,Morning,Scooter,18,0,30.7
2442,3.27,Clear,Medium,Afternoon,Car,17,1,29.1
2443,3.05,Clear,Medium,Morning,Bike,26,1,50.2
2444,2.97,Clear,Medium,Afternoon,Bike,13,0,23.0
2445,3.69,Clear,Medium,Afternoon,Bike,23,1,39.6
2446,2.44,Rainy,Medium,Afternoon,Bike,28,1,54.8
2447,1.42,Windy,Low,Morning,Scooter,8,0,20.6
2448,2.41,Rainy,Medium,Evening,Bike,23,1,50.1
2449,2.81,Rainy,Low,Afternoon,Bike,14,0,30.4
2450,1.52,Clear,Low,Evening,Scooter,17,1,25.8
2451,1.09,Foggy,High,Morning,Scooter,9,0,32.8
2452,2.01,Rainy,High,Morning,Scooter,14,0,38.2
2453,3.6,Snowy,Medium,Evening,Scooter,11,1,44.2
2454,2.56,Windy,Medium,Evening,Car,13,0,29.5
2455,3.6,Clear,Low,Night,Scooter,8,1,16.5
2456,1.95,Clear,Medium,Afternoon,Car,29,0,33.9
2457,3.79,Clear,Medium,Afternoon,Car,27,1,39.1
2458,3.19,Clear,Medium,Night,Car,21,0,37.0
2459,1.48,Windy,High,Afternoon,Bike,15,1,41.4
2460,1.85,Clear,Medium,Morning,Scooter,29,1,44.5
2461,3.99,Foggy,Low,Morning,Bike,31,1,52.3
2462,3.82,Rainy,Low,Afternoon,Bike,24,1,44.9
2463,1.7,Clear,Low,Evening,Scooter,21,1,31.7
2464,3.35,Clear,Medium,Night,Bike,15,1,29.3
2465,3.65,Rainy,High,Morning,Scooter,27,1,60.2
2466,1.08,Rainy,Low,Morning,Car,18,0,33.7
2467,2.12,Clear,Low,Afternoon,Bike,20,1,29.9
2468,3.05,Clear,Medium,Afternoon,Car,12,1,24.1
2469,0.4,Foggy,High,Afternoon,Scooter,8,0,25.7
2470,3.24,Clear,Low,Morning,Scooter,32,1,45.4
2471,0.92,Windy,Medium,Evening,Bike,20,0,45.8
2472,1.97,Clear,Medium,Afternoon,Car,21,1,35.0
2473,1.56,Clear,Medium,Night,Bike,9,0,22.7
2474,2.99,Rainy,Medium,Morning,Car,16,1,37.9
2475,1.01,Rainy,Medium,Evening,Bike,14,1,42.7
2476,1.92,Rainy,Medium,Morning,Bike,25,0,54.0
2477,1.14,Clear,Medium,Afternoon,Bike,17,0,33.2
2478,0.31,Windy,High,Morning,Scooter,16,1,31.7
2479,3.39,Rainy,High,Night,Car,12,1,40.6
2480,0.98,Clear,High,Morning,Scooter,16,1,34.7
2481,1.01,Clear,Low,Afternoon,Scooter,15,1,19.3
2482,0.28,Clear,Low,Afternoon,Bike,24,1,27.9
2483,2.06,Rainy,Medium,Morning,Car,25,1,50.9
2484,1.15,Clear,Low,Morning,Bike,16,1,25.0
2485,2.31,Rainy,Medium,Evening,Car,16,1,43.3
2486,2.92,Clear,Low,Afternoon,Scooter,31,0,39.5
2487,0.28,Windy,High,Afternoon,Bike,16,1,36.5
2488,0.88,Clear,High,Evening,Bike,20,0,41.3
2489,1.62,Snowy,Medium,Morning,Scooter,11,0,35.0
2490,3.53,Clear,Low,Night,Car,16,0,23.2
2491,0.53,Clear,Medium,Morning,Scooter,14,1,27.0
2492,3.0,Snowy,Medium,Evening,Car,14,0,42.2
2493,3.82,Rainy,Medium,Night,Car,13,0,33.8
2494,0.4,Foggy,Medium,Night,Bike,17,0,36.5
2495,1.4,Clear,Low,Morning,Scooter,14,0,26.6
2496,3.1,Rainy,Medium,Morning,Scooter,25,1,53.4
2497,3.75,Snowy,Medium,Evening,Bike,17,1,52.5
2498,1.06,Rainy,High,Evening,Scooter,9,0,37.8
2499,2.6,Clear,Low,Afternoon,Bike,17,1,24.9
2500,2.95,Rainy,Medium,Evening,Scooter,10,0,36.1
2501,1.68,Rainy,Low,Morning,Scooter,12,0,25.4
2502,2.71,Windy,Low,Evening,Car,11,1,26.4
2503,2.24,Clear,Low,Afternoon,Scooter,24,1,31.2
2504,3.75,Clear,Low,Afternoon,Scooter,16,0,29.6
2505,2.2,Snowy,High,Evening,Bike,6,0,46.4
2506,2.11,Rainy,Medium,Morning,Car,18,0,41.0
2507,2.71,Foggy,Low,Evening,Bike,13,0,31.9
2508,0.69,Clear,Medium,Afternoon,Scooter,22,1,24.2
2509,2.17,Clear,High,Afternoon,Car,29,1,46.8
2510,0.3,Foggy,Medium,Afternoon,Bike,12,0,29.2
2511,2.55,Clear,Medium,Night,Bike,14,1,33.4
2512,2.19,Clear,High,Evening,Bike,22,0,50.9
2513,3.37,Rainy,Low,Afternoon,Scooter,20,0,38.2
2514,3.21,Foggy,Medium,Morning,Bike,25,1,53.2
2515,1.79,Snowy,Medium,Evening,Bike,20,0,45.0
2516,2.67,Clear,Medium,Evening,Bike,13,0,38.7
2517,1.28,Clear,High,Afternoon,Bike,25,0,42.0
2518,1.61,Windy,Low,Afternoon,Bike,12,0,22.6
2519,0.4,Clear,Medium,Morning,Scooter,10,0,21.9
2520,0.49,Clear,Low,Afternoon,Scooter,29,1,31.5
2521,3.29,Clear,Low,Afternoon,Scooter,19,1,26.7
2522,3.89,Rainy,Medium,Night,Bike,15,1,40.3
2523,2.01,Snowy,High,Evening,Car,14,1,46.2
2524,0.6,Foggy,Medium,Night,Scooter,10,0,20.3
2525,0.44,Foggy,High,Afternoon,Car,19,0,35.7
2526,0.28,Clear,Low,Afternoon,Scooter,26,0,22.3
2527,3.53,Clear,Medium,Evening,Bike,21,1,41.1
2528,1.82,Clear,Low,Afternoon,Scooter,23,1,23.7
2529,3.53,Clear,Low,Afternoon,Bike,19,0,35.0
2530,1.52,Clear,Low,Evening,Car,7,1,14.3
2531,2.39,Clear,Low,Night,Scooter,17,0,21.8
2532,2.73,Clear,Medium,Morning,Bike,8,1,19.8
2533,0.3,Rainy,Medium,Afternoon,Bike,10,1,24.5
2534,2.76,Foggy,Low,Evening,Scooter,12,1,25.2
2535,3.22,Clear,Medium,Evening,Bike,27,1,48.4
2536,0.19,Clear,Medium,Evening,Bike,13,1,31.1
2537,0.33,Foggy,Low,Evening,Car,17,0,22.4
2538,2.14,Foggy,Medium,Evening,Bike,26,0,47.7
2539,3.89,Snowy,Low,Morning,Bike,21,0,44.5
2540,3.9,Clear,High,Morning,Bike,11,1,41.0
2541,0.53,Snowy,High,Afternoon,Scooter,17,1,35.1
2542,3.07,Clear,Medium,Morning,Scooter,23,0,36.5
2543,3.19,Clear,Low,Morning,Scooter,17,0,31.4
2544,3.52,Clear,High,Morning,Car,13,1,40.7
2545,0.27,Clear,Medium,Morning,Bike,20,0,36.8
2546,3.89,Clear,Low,Morning,Bike,16,1,33.0
2547,3.3,Clear,Low,Night,Bike,18,0,37.8
2548,2.47,Foggy,Medium,Evening,Bike,11,1,35.3
2549,0.36,Clear,Medium,Evening,Bike,27,1,41.6
2550,1.04,Clear,Low,Evening,Bike,28,0,38.7
2551,1.45,Clear,Medium,Morning,Car,15,1,32.1
2552,3.44,Clear,High,Afternoon,Bike,14,1,40.6
2553,3.07,Clear,Low,Night,Car,12,1,19.7
2554,3.77,Clear,Medium,Morning,Car,19,0,38.3
2555,1.75,Clear,Low,Morning,Scooter,13,1,20.9
2556,3.68,Foggy,Low,Afternoon,Car,20,0,32.1
2557,3.59,Windy,Medium,Morning,Scooter,29,1,48.4
2558,0.17,Rainy,High,Morning,Bike,12,1,39.6
2559,1.03,Rainy,Low,Afternoon,Scooter,13,0,25.1
2560,3.22,Snowy,Low,Evening,Bike,10,0,36.5
2561,2.69,Windy,High,Morning,Bike,15,0,48.3
2562,0.97,Rainy,Low,Afternoon,Car,27,0,36.9
2563,3.15,Snowy,Low,Morning,Scooter,7,1,29.9
2564,1.33,Windy,Medium,Evening,Bike,20,0,39.3
2565,2.45,Foggy,Medium,Afternoon,Scooter,16,0,30.7
2566,3.75,Clear,Low,Evening,Car,15,1,23.3
2567,1.03,Clear,Low,Evening,Bike,12,0,27.5
2568,0.32,Clear,Low,Afternoon,Bike,25,0,26.5
2569,2.67,Clear,Low,Afternoon,Bike,25,0,37.4
2570,2.94,Rainy,Low,Afternoon,Car,9,1,22.4
2571,1.32,Clear,High,Evening,Scooter,19,0,37.9
2572,1.93,Rainy,High,Evening,Bike,16,1,48.5
2573,2.05,Rainy,Medium,Afternoon,Scooter,6,0,26.0
2574,3.28,Snowy,High,Morning,Bike,15,0,50.8
2575,2.8,Clear,High,Afternoon,Bike,13,1,34.2
2576,1.16,Clear,Medium,Morning,Car,23,0,35.1
2577,1.16,Foggy,Medium,Evening,Scooter,17,0,36.2
2578,1.37,Snowy,Medium,Afternoon,Bike,24,1,44.1
2579,0.67,Windy,Low,Afternoon,Car,31,0,35.5
2580,0.62,Snowy,Low,Morning,Bike,16,1,36.9
2581,3.29,Snowy,Low,Evening,Bike,19,1,48.4
2582,3.34,Clear,Low,Afternoon,Bike,31,0,44.0
2583,1.11,Clear,Medium,Night,Bike,12,0,25.0
2584,3.42,Clear,Medium,Evening,Scooter,9,0,30.6
2585,2.33,Rainy,High,Morning,Bike,17,0,54.2
2586,2.88,Windy,High,Evening,Bike,17,1,43.3
2587,3.53,Clear,Low,Evening,Car,28,1,37.3
2588,1.3,Rainy,Medium,Morning,Bike,17,1,35.7
2589,2.68,Clear,Medium,Afternoon,Bike,17,1,31.2
2590,1.3,Clear,Medium,Evening,Bike,18,0,41.1
2591,3.62,Clear,Low,Evening,Car,17,1,24.9
2592,1.27,Clear,Medium,Evening,Bike,27,1,46.3
2593,2.54,Windy,High,Morning,Bike,20,0,51.5
2594,0.85,Clear,Low,Evening,Car,24,0,27.8
2595,1.54,Snowy,Low,Evening,Bike,12,1,33.2
2596,1.47,Rainy,Medium,Evening,Car,26,0,50.1
2597,3.03,Clear,Medium,Afternoon,Scooter,31,0,48.2
2598,1.22,Clear,Low,Evening,Car,30,0,43.1
2599,1.38,Snowy,Low,Evening,Bike,32,1,46.5
2600,0.14,Clear,Medium,Afternoon,Car,22,1,29.0
2601,1.33,Windy,High,Evening,Bike,21,0,41.5
2602,1.16,Clear,Medium,Evening,Bike,9,1,26.6
2603,2.22,Rainy,Medium,Afternoon,Scooter,14,1,32.3
2604,1.67,Snowy,High,Evening,Bike,24,0,55.9
2605,3.92,Clear,Medium,Evening,Bike,15,1,36.9
2606,2.23,Clear,Medium,Afternoon,Scooter,20,1,31.1
2607,0.38,Windy,Low,Evening,Bike,19,0,33.9
2608,3.26,Clear,Medium,Night,Bike,19,0,34.4
2609,0.31,Clear,Medium,Evening,Bike,16,0,30.2
2610,3.37,Clear,Medium,Evening,Bike,27,0,51.7
2611,1.68,Clear,Medium,Morning,Scooter,14,1,31.0
2612,0.34,Foggy,Low,Morning,Scooter,23,0,42.3
2613,3.91,Foggy,Medium,Evening,Bike,8,1,37.2
2614,2.03,Clear,Low,Morning,Bike,25,1,40.5
2615,3.43,Snowy,High,Evening,Bike,23,1,61.0
2616,1.74,Clear,Medium,Morning,Bike,31,1,54.1
2617,1.9,Clear,Medium,Morning,Bike,11,0,28.1
2618,1.51,Rainy,Medium,Evening,Scooter,24,0,45.8
2619,1.54,Windy,Medium,Afternoon,Bike,15,0,33.8
2620,3.19,Clear,Medium,Evening,Scooter,14,0,34.2
2621,0.22,Clear,Low,Afternoon,Bike,13,1,21.4
2622,2.01,Rainy,Medium,Morning,Bike,22,0,48.5
2623,1.14,Snowy,Low,Morning,Bike,29,0,53.9
2624,2.27,Clear,Low,Night,Bike,21,1,26.9
2625,0.94,Clear,High,Night,Scooter,14,0,30.5
2626,1.46,Foggy,Medium,Evening,Scooter,16,0,30.3
2627,2.18,Clear,Medium,Evening,Car,14,0,27.8
2628,2.99,Clear,High,Afternoon,Bike,10,1,41.2
2629,3.79,Clear,Medium,Evening,Bike,23,1,47.2
2630,1.05,Clear,Low,Morning,Car,11,1,15.0
2631,1.98,Clear,Low,Morning,Scooter,20,0,31.6
2632,1.46,Snowy,Low,Morning,Bike,16,1,38.2
2633,2.46,Rainy,Medium,Afternoon,Bike,10,1,30.1
2634,1.53,Rainy,Medium,Evening,Bike,15,0,35.5
2635,0.48,Windy,Low,Morning,Bike,10,1,23.1
2636,2.5,Clear,Low,Morning,Scooter,20,0,30.6
2637,0.24,Clear,Low,Morning,Bike,21,0,30.5
2638,0.27,Windy,Low,Afternoon,Car,27,1,32.2
2639,3.55,Clear,High,Afternoon,Scooter,14,1,39.1
2640,3.49,Foggy,High,Evening,Scooter,12,1,44.0
2641,2.29,Foggy,Low,Afternoon,Bike,17,1,31.2
2642,0.17,Clear,Medium,Morning,Scooter,24,1,35.9
2643,1.44,Clear,Low,Evening,Car,19,1,28.7
2644,1.45,Clear,Low,Evening,Bike,29,1,44.0
2645,2.91,Clear,Low,Morning,Scooter,10,0,23.9
2646,3.27,Clear,Medium,Evening,Bike,22,1,42.9
2647,1.48,Clear,Low,Afternoon,Bike,21,1,32.8
2648,1.74,Foggy,Medium,Morning,Car,14,0,36.9
2649,0.98,Windy,Medium,Evening,Scooter,13,0,32.6
2650,2.94,Snowy,High,Afternoon,Scooter,16,1,54.7
2651,1.46,Clear,Low,Afternoon,Bike,15,1,25.9
2652,2.85,Clear,Low,Evening,Car,15,0,28.7
2653,2.86,Clear,Low,Morning,Scooter,22,1,35.6
2654,0.71,Clear,Low,Afternoon,Bike,10,1,16.6
2655,3.55,Windy,Medium,Morning,Car,23,0,40.3
2656,3.32,Clear,Low,Morning,Bike,18,1,32.4
2657,2.37,Clear,Medium,Morning,Bike,12,1,30.3
2658,0.44,Snowy,Low,Evening,Car,21,0,32.3
2659,0.75,Clear,Medium,Afternoon,Bike,16,1,28.2
2660,0.46,Clear,High,Afternoon,Bike,11,0,30.0
2661,1.91,Clear,Low,Evening,Bike,19,0,36.8
2662,1.14,Rainy,Low,Night,Car,15,0,20.9
2663,3.34,Foggy,Medium,Evening,Bike,14,0,45.0
2664,1.8,Clear,Medium,Evening,Bike,17,0,37.8
2665,1.86,Windy,Low,Morning,Bike,18,1,35.6
2666,3.7,Snowy,Low,Morning,Bike,22,0,49.9
2667,2.35,Snowy,Low,Evening,Bike,18,0,49.4
2668,1.61,Clear,High,Afternoon,Car,18,0,31.2
2669,3.94,Clear,Low,Morning,Scooter,19,0,32.0
2670,1.9,Snowy,Low,Evening,Car,28,0,46.5
2671,2.36,Clear,Low,Evening,Scooter,11,1,22.8
2672,1.59,Rainy,Low,Evening,Bike,21,0,42.2
2673,2.71,Foggy,Low,Morning,Bike,8,1,28.2
2674,3.13,Clear,Low,Morning,Scooter,14,0,28.5
2675,2.55,Foggy,Medium,Evening,Bike,24,0,52.4
2676,1.07,Windy,Medium,Afternoon,Scooter,15,1,27.6
2677,3.77,Foggy,Medium,Afternoon,Bike,8,0,38.8
2678,2.1,Clear,High,Morning,Scooter,18,0,41.9
2679,3.32,Snowy,Low,Morning,Bike,17,0,43.5
2680,0.13,Rainy,Medium,Evening,Bike,28,1,54.4
2681,2.12,Foggy,Low,Morning,Car,29,0,36.6
2682,3.75,Snowy,Low,Afternoon,Bike,14,1,34.3
2683,2.78,Foggy,High,Evening,Bike,25,0,57.5
2684,0.55,Clear,High,Afternoon,Bike,18,1,33.1
2685,2.87,Clear,High,Morning,Bike,18,1,48.1
2686,0.16,Clear,High,Night,Scooter,11,1,27.1
2687,1.54,Rainy,Medium,Afternoon,Car,25,0,46.3
2688,1.02,Rainy,Medium,Afternoon,Car,20,0,33.5
2689,1.08,Rainy,Low,Night,Scooter,30,1,42.5
2690,0.26,Clear,Low,Evening,Scooter,24,1,33.8
2691,2.51,Foggy,Medium,Morning,Bike,17,1,43.4
2692,2.99,Windy,Low,Evening,Car,26,0,42.5
2693,1.24,Clear,Medium,Afternoon,Scooter,15,1,24.8
2694,2.39,Foggy,Medium,Afternoon,Bike,26,0,52.2
2695,2.04,Rainy,Medium,Evening,Car,11,0,30.2
2696,3.97,Rainy,High,Afternoon,Scooter,15,0,40.1
2697,3.27,Clear,Low,Morning,Bike,26,1,41.5
2698,3.79,Foggy,Low,Morning,Scooter,8,1,26.5
2699,3.31,Windy,High,Evening,Bike,26,0,59.6
2700,2.66,Foggy,High,Evening,Bike,8,0,42.2
2701,0.38,Windy,Medium,Morning,Bike,21,0,38.7
2702,3.45,Windy,Low,Afternoon,Scooter,20,0,29.6
2703,3.07,Clear,Medium,Evening,Bike,9,1,36.0
2704,1.2,Rainy,Low,Evening,Bike,25,0,44.2
2705,1.15,Clear,Medium,Morning,Bike,10,1,26.5
2706,2.14,Windy,Low,Morning,Bike,26,0,44.7
2707,1.2,Clear,Low,Afternoon,Scooter,32,0,33.7
2708,3.89,Clear,Medium,Afternoon,Bike,21,0,39.4
2709,0.85,Snowy,Low,Morning,Bike,29,1,52.6
2710,0.7,Clear,Low,Afternoon,Bike,20,0,24.5
2711,0.27,Foggy,Low,Afternoon,Bike,32,1,39.0
2712,2.26,Clear,Medium,Afternoon,Bike,24,1,39.3
2713,2.99,Windy,Medium,Evening,Car,21,1,40.8
2714,2.39,Snowy,Medium,Evening,Bike,32,1,66.8
2715,0.91,Clear,High,Afternoon,Bike,17,1,37.4
2716,3.7,Foggy,High,Evening,Bike,17,1,53.1
2717,1.58,Clear,Medium,Morning,Scooter,26,1,37.8
2718,0.65,Rainy,Low,Evening,Bike,21,1,39.4
2719,0.85,Rainy,Low,Evening,Scooter,12,1,22.9
2720,1.81,Snowy,High,Evening,Scooter,15,1,49.1
2721,2.22,Clear,Medium,Afternoon,Bike,19,1,35.6
2722,2.45,Clear,Low,Evening,Bike,7,0,22.2
2723,0.39,Foggy,Low,Morning,Car,18,1,28.8
2724,3.48,Rainy,Medium,Night,Bike,13,1,37.6
2725,1.41,Rainy,Medium,Morning,Scooter,13,1,33.0
2726,1.11,Clear,Medium,Morning,Scooter,27,0,38.6
2727,2.78,Clear,Low,Afternoon,Bike,14,0,31.5
2728,2.49,Snowy,Low,Night,Scooter,27,1,43.2
2729,3.97,Clear,Low,Afternoon,Bike,18,1,31.2
2730,1.7,Clear,Medium,Evening,Bike,28,0,49.8
2731,0.81,Windy,High,Evening,Scooter,22,1,44.2
2732,3.89,Clear,Medium,Afternoon,Car,16,0,23.6
2733,1.98,Foggy,High,Afternoon,Bike,8,0,41.4
2734,2.68,Clear,Medium,Morning,Scooter,27,0,43.5
2735,0.27,Snowy,High,Afternoon,Bike,22,1,47.5
2736,1.41,Foggy,High,Evening,Scooter,11,0,36.6
2737,3.95,Snowy,High,Morning,Bike,29,1,67.5
2738,3.86,Clear,High,Morning,Bike,17,1,45.4
2739,3.94,Rainy,Medium,Morning,Car,8,0,34.0
2740,3.31,Foggy,Low,Night,Scooter,14,1,22.1
2741,2.05,Clear,Low,Evening,Bike,26,0,42.7
2742,2.33,Clear,Low,Afternoon,Car,16,1,23.4
2743,0.39,Clear,High,Morning,Bike,24,1,41.2
2744,3.19,Windy,Medium,Afternoon,Scooter,16,1,34.8
2745,3.02,Foggy,Low,Evening,Scooter,11,0,26.1
2746,2.86,Rainy,High,Night,Car,13,1,36.4
2747,1.59,Foggy,Medium,Evening,Bike,27,0,52.6
2748,1.14,Rainy,Medium,Afternoon,Scooter,12,1,31.5
2749,3.26,Clear,Medium,Afternoon,Scooter,29,0,45.2
2750,3.9,Clear,Low,Evening,Bike,14,1,27.8
2751,1.75,Rainy,High,Night,Car,31,1,53.4
2752,0.32,Clear,Medium,Evening,Bike,10,1,27.6
2753,3.61,Snowy,Low,Afternoon,Bike,19,0,40.6
2754,2.79,Snowy,Low,Morning,Scooter,8,0,27.6
2755,2.72,Clear,Low,Afternoon,Bike,14,0,25.8
2756,3.78,Rainy,Low,Afternoon,Car,26,1,42.4
2757,2.71,Clear,High,Afternoon,Bike,12,0,34.3
2758,2.51,Windy,Medium,Evening,Bike,27,1,51.6
2759,2.87,Windy,Medium,Evening,Scooter,19,1,35.9
2760,1.99,Windy,Low,Afternoon,Car,22,0,30.2
2761,1.22,Clear,Low,Evening,Scooter,15,0,18.2
2762,1.08,Clear,Low,Night,Bike,32,0,41.3
2763,2.93,Clear,Medium,Morning,Bike,25,0,50.1
2764,1.05,Clear,Medium,Morning,Scooter,28,1,41.2
2765,3.73,Clear,High,Afternoon,Car,12,1,33.3
2766,1.67,Clear,Medium,Evening,Scooter,14,1,29.8
2767,2.57,Windy,Low,Evening,Scooter,25,0,35.5
2768,0.27,Clear,Low,Evening,Bike,21,0,28.1
2769,1.85,Clear,Medium,Night,Bike,16,0,31.0
2770,1.66,Snowy,Medium,Evening,Bike,17,0,46.2
2771,3.04,Rainy,Medium,Night,Bike,17,0,40.3
2772,0.32,Foggy,Low,Evening,Bike,19,1,30.4
2773,1.67,Rainy,Medium,Evening,Scooter,17,0,31.1
2774,3.45,Snowy,Low,Morning,Scooter,17,1,45.0
2775,2.71,Rainy,Medium,Evening,Bike,15,1,48.5
2776,3.13,Rainy,Medium,Morning,Car,17,0,38.4
2777,3.08,Foggy,Medium,Morning,Bike,12,1,34.9
2778,2.68,Clear,Medium,Evening,Scooter,13,1,34.7
2779,1.63,Clear,Medium,Afternoon,Scooter,21,0,26.2
2780,1.66,Clear,High,Evening,Car,30,1,52.1
2781,0.3,Clear,Medium,Evening,Car,13,1,25.0
2782,0.86,Foggy,Low,Evening,Scooter,28,0,39.8
2783,2.28,Clear,Low,Evening,Bike,20,1,38.6
2784,3.59,Clear,Low,Afternoon,Scooter,30,0,37.9
2785,2.49,Clear,Low,Afternoon,Car,16,0,24.0
2786,1.61,Snowy,Medium,Afternoon,Bike,21,0,45.8
2787,3.34,Clear,Low,Morning,Scooter,18,1,27.1
2788,1.85,Rainy,Medium,Evening,Bike,31,1,63.6
2789,1.11,Snowy,Low,Afternoon,Scooter,9,0,21.3
2790,0.41,Clear,Medium,Night,Bike,9,1,20.0
2791,3.33,Foggy,Low,Evening,Scooter,26,1,46.2
2792,2.5,Clear,Low,Evening,Bike,9,1,27.6
2793,2.37,Clear,Low,Afternoon,Bike,28,1,34.7
2794,2.91,Rainy,Medium,Night,Bike,10,1,39.1
2795,2.46,Windy,Low,Evening,Scooter,11,1,24.8
2796,1.47,Clear,Low,Morning,Car,15,0,22.0
2797,2.51,Rainy,Low,Afternoon,Bike,22,1,39.4
2798,0.65,Clear,Medium,Afternoon,Bike,19,0,32.4
2799,1.26,Rainy,Medium,Morning,Scooter,28,0,45.1
2800,2.2,Rainy,Medium,Evening,Scooter,20,1,44.5
2801,0.37,Rainy,Low,Evening,Bike,19,0,37.4
2802,3.3,Rainy,Low,Afternoon,Scooter,19,0,34.2
2803,0.27,Clear,Low,Afternoon,Car,16,1,16.6
2804,1.55,Rainy,Low,Morning,Bike,20,1,39.2
2805,1.87,Rainy,Low,Morning,Bike,31,0,51.9
2806,2.75,Rainy,Low,Afternoon,Bike,31,1,50.7
2807,0.7,Clear,Low,Morning,Car,11,1,15.3
2808,3.3,Clear,Low,Evening,Scooter,17,0,27.9
2809,1.76,Clear,Medium,Evening,Scooter,19,1,36.5
2810,1.08,Clear,High,Evening,Car,22,0,37.2
2811,0.48,Clear,High,Afternoon,Bike,14,0,36.2
2812,3.71,Clear,Low,Morning,Scooter,32,1,44.5
2813,1.67,Foggy,High,Afternoon,Scooter,16,1,40.7
2814,1.59,Clear,High,Afternoon,Car,14,0,33.8
2815,0.8,Snowy,Low,Evening,Scooter,24,1,41.0
2816,2.07,Rainy,Low,Afternoon,Bike,19,0,39.2
2817,1.35,Foggy,Low,Morning,Bike,27,0,46.9
2818,0.75,Clear,Medium,Afternoon,Bike,11,1,24.6
2819,3.04,Rainy,Medium,Morning,Car,9,0,34.5
2820,3.6,Rainy,Low,Night,Bike,29,0,49.1
2821,1.47,Windy,Low,Morning,Scooter,17,0,34.2
2822,1.22,Rainy,Medium,Evening,Bike,13,0,38.9
2823,1.56,Rainy,Low,Morning,Bike,23,0,41.2
2824,3.71,Rainy,Low,Evening,Bike,34,1,57.3
2825,2.38,Foggy,Low,Morning,Scooter,34,0,52.9
2826,0.75,Clear,Medium,Morning,Bike,30,0,44.9
2827,2.57,Rainy,Low,Morning,Bike,12,0,40.3
2828,1.66,Clear,Medium,Morning,Bike,26,0,49.6
2829,0.17,Windy,Medium,Afternoon,Car,11,0,16.7
2830,3.88,Rainy,Medium,Evening,Scooter,15,1,44.3
2831,0.55,Clear,Medium,Morning,Scooter,12,1,21.7
2832,1.71,Windy,Medium,Night,Car,15,0,25.3
2833,2.66,Clear,Low,Afternoon,Scooter,14,0,20.4
2834,2.39,Clear,Low,Morning,Scooter,27,0,36.0
2835,0.12,Clear,Medium,Evening,Scooter,32,0,46.4
2836,2.47,Clear,High,Evening,Bike,12,1,39.6
2837,2.94,Clear,Low,Evening,Bike,11,0,28.7
2838,3.41,Clear,High,Afternoon,Car,12,1,30.9
2839,0.82,Foggy,Low,Evening,Bike,19,0,34.2
2840,0.24,Foggy,Medium,Night,Bike,27,0,43.0
2841,3.78,Clear,High,Afternoon,Car,23,0,46.6
2842,2.75,Rainy,High,Night,Bike,16,1,45.4
2843,1.87,Clear,Low,Evening,Scooter,30,1,43.7
2844,2.93,Windy,Low,Afternoon,Scooter,18,0,27.5
2845,0.71,Clear,Low,Afternoon,Bike,24,1,31.1
2846,3.84,Rainy,Low,Afternoon,Bike,18,1,39.8
2847,2.65,Clear,Low,Morning,Bike,21,1,39.8
2848,3.52,Rainy,Low,Morning,Scooter,16,1,39.1
2849,2.27,Clear,Medium,Morning,Car,9,1,24.3
2850,3.22,Foggy,Medium,Morning,Car,20,1,41.7
2851,1.38,Clear,Medium,Afternoon,Bike,14,1,25.7
2852,0.62,Windy,Medium,Afternoon,Bike,19,0,34.8
2853,1.48,Rainy,Medium,Morning,Scooter,21,1,49.4
2854,3.6,Foggy,High,Evening,Scooter,17,0,45.0
2855,2.82,Snowy,Medium,Morning,Bike,12,1,41.9
2856,1.88,Windy,Medium,Afternoon,Bike,24,0,39.0
2857,1.02,Clear,Medium,Night,Bike,12,0,24.0
2858,2.43,Clear,Low,Morning,Bike,11,1,22.2
2859,2.41,Clear,Low,Evening,Scooter,15,1,22.0
2860,2.17,Clear,Low,Night,Car,9,1,14.1
2861,2.98,Rainy,High,Afternoon,Bike,15,0,48.7
2862,1.05,Windy,High,Afternoon,Scooter,23,0,43.4
2863,2.09,Windy,High,Evening,Bike,24,0,50.5
2864,1.3,Rainy,High,Morning,Bike,17,0,43.8
2865,0.9,Rainy,Medium,Afternoon,Bike,12,1,26.2
2866,1.4,Snowy,Low,Morning,Bike,31,0,50.4
2867,3.23,Windy,Medium,Afternoon,Bike,25,1,43.4
2868,0.54,Clear,Low,Afternoon,Scooter,6,0,10.0
2869,1.17,Rainy,Medium,Morning,Scooter,20,0,42.4
2870,2.18,Snowy,Medium,Evening,Scooter,29,1,54.0
2871,1.66,Clear,Medium,Afternoon,Scooter,28,0,44.4
2872,3.33,Clear,Low,Night,Bike,16,1,35.6
2873,3.14,Windy,Low,Evening,Bike,20,1,39.0
2874,2.74,Windy,Medium,Afternoon,Bike,20,1,34.7
2875,1.2,Windy,Low,Morning,Bike,22,0,36.0
2876,0.18,Foggy,Medium,Afternoon,Bike,29,1,45.0
2877,1.32,Clear,Low,Afternoon,Car,17,0,22.0
2878,2.44,Clear,Medium,Morning,Car,9,1,19.8
2879,0.5,Rainy,Medium,Afternoon,Scooter,22,1,32.6
2880,3.31,Rainy,Low,Afternoon,Scooter,29,0,46.1
2881,3.95,Rainy,Low,Afternoon,Scooter,26,0,42.0
2882,2.98,Rainy,High,Evening,Scooter,8,1,37.3
2883,1.72,Clear,Low,Afternoon,Scooter,27,1,29.5
2884,3.21,Foggy,High,Afternoon,Bike,12,0,40.9
2885,1.16,Clear,Medium,Evening,Car,31,0,44.1
2886,3.82,Clear,Medium,Morning,Scooter,23,0,36.2
2887,1.53,Clear,High,Afternoon,Bike,11,0,32.4
2888,2.79,Clear,Medium,Afternoon,Scooter,10,1,25.6
2889,0.17,Snowy,Low,Evening,Scooter,14,1,31.1
2890,2.56,Clear,Medium,Afternoon,Car,13,0,31.0
2891,1.25,Clear,Low,Morning,Bike,6,1,16.8
2892,0.5,Foggy,Medium,Afternoon,Bike,27,1,44.2
2893,1.79,Rainy,Low,Evening,Bike,11,0,35.8
2894,0.51,Clear,High,Morning,Bike,32,0,55.3
2895,0.82,Clear,Medium,Night,Bike,14,1,31.7
2896,3.59,Clear,Medium,Afternoon,Bike,19,0,41.3
2897,0.35,Rainy,Medium,Morning,Bike,22,0,46.2
2898,2.54,Clear,Medium,Night,Bike,15,0,32.6
2899,0.34,Clear,Medium,Night,Scooter,17,1,24.4
2900,2.9,Clear,High,Afternoon,Scooter,23,0,43.3
2901,3.91,Rainy,Medium,Morning,Bike,9,1,37.5
2902,1.78,Clear,Low,Morning,Bike,15,0,30.9
2903,3.88,Snowy,Low,Afternoon,Scooter,24,1,49.7
2904,2.6,Clear,Medium,Night,Bike,15,0,27.3
2905,2.42,Rainy,Medium,Morning,Scooter,9,1,36.3
2906,0.77,Clear,Low,Evening,Bike,13,0,25.4
2907,3.81,Clear,Low,Morning,Bike,21,0,42.5
2908,3.46,Clear,High,Evening,Car,31,0,52.9
2909,0.61,Snowy,Low,Afternoon,Bike,13,1,29.2
2910,0.21,Snowy,Low,Morning,Bike,18,0,42.3
2911,1.5,Clear,High,Afternoon,Bike,13,0,34.2
2912,0.72,Clear,High,Afternoon,Scooter,28,1,45.5
2913,1.41,Windy,High,Evening,Scooter,27,0,49.3
2914,3.84,Rainy,Medium,Afternoon,Scooter,16,1,38.3
2915,3.46,Clear,High,Morning,Car,8,1,32.5
2916,1.82,Clear,High,Morning,Bike,20,1,46.6
2917,1.18,Rainy,Low,Evening,Bike,20,1,41.5
2918,2.35,Foggy,Low,Evening,Car,20,0,33.1
2919,3.76,Rainy,High,Morning,Bike,14,0,51.3
2920,3.18,Windy,Low,Night,Car,8,1,20.3
2921,3.48,Rainy,Low,Morning,Scooter,8,1,32.4
2922,3.07,Clear,Low,Morning,Bike,23,1,36.6
2923,2.06,Clear,Low,Afternoon,Car,18,0,26.1
2924,0.65,Clear,Low,Night,Bike,14,0,19.1
2925,3.29,Clear,Medium,Evening,Scooter,28,1,47.3
2926,2.64,Clear,Medium,Morning,Bike,27,1,49.1
2927,3.11,Clear,Medium,Evening,Scooter,24,0,41.4
2928,2.96,Foggy,Low,Morning,Scooter,20,1,36.4
2929,1.06,Clear,Low,Evening,Bike,20,1,26.4
2930,1.21,Clear,High,Afternoon,Car,18,0,34.8
2931,3.44,Rainy,Low,Evening,Bike,12,0,35.7
2932,1.69,Rainy,Low,Evening,Bike,22,0,42.6
2933,0.79,Foggy,Medium,Afternoon,Bike,18,1,34.4
2934,2.61,Snowy,Low,Morning,Scooter,18,1,41.3
2935,1.26,Foggy,High,Morning,Bike,21,0,51.3
2936,2.61,Clear,Low,Afternoon,Scooter,16,0,20.3
2937,2.4,Clear,High,Morning,Scooter,22,0,44.9
2938,2.69,Rainy,High,Morning,Scooter,14,0,41.8
2939,3.97,Clear,Medium,Morning,Car,26,1,44.2
2940,1.18,Clear,Low,Evening,Car,32,0,40.6
2941,3.9,Clear,Low,Evening,Bike,19,0,38.2
2942,3.08,Clear,Low,Evening,Scooter,16,0,30.1
2943,3.44,Clear,Medium,Evening,Bike,14,0,40.7
2944,3.23,Clear,Medium,Evening,Bike,27,0,47.7
2945,0.19,Snowy,Medium,Morning,Bike,15,0,40.1
2946,2.06,Windy,Low,Afternoon,Bike,24,0,32.1
2947,0.51,Clear,Medium,Night,Scooter,16,0,24.0
2948,2.73,Windy,Low,Evening,Bike,27,1,43.6
2949,0.33,Clear,Low,Evening,Scooter,17,0,25.7
2950,0.23,Windy,Low,Afternoon,Car,19,0,23.9
2951,3.64,Windy,High,Morning,Bike,11,1,47.9
2952,3.68,Clear,Low,Evening,Bike,31,1,47.0
2953,2.53,Foggy,Medium,Night,Bike,19,0,42.8
2954,1.89,Windy,High,Morning,Bike,20,1,50.8
2955,3.33,Windy,High,Morning,Car,11,0,44.2
2956,3.86,Windy,Low,Evening,Bike,21,0,43.8
2957,0.31,Rainy,Low,Evening,Bike,16,0,33.5
2958,0.5,Clear,Medium,Evening,Bike,16,1,32.9
2959,3.63,Snowy,Low,Morning,Bike,17,1,45.8
2960,0.49,Rainy,Medium,Afternoon,Scooter,18,1,37.6
2961,2.89,Rainy,Low,Morning,Car,24,0,40.1
2962,2.26,Clear,Medium,Night,Scooter,15,0,25.8
2963,2.13,Rainy,Low,Morning,Bike,27,1,56.0
2964,0.48,Clear,Medium,Morning,Scooter,11,0,20.7
2965,2.94,Foggy,Medium,Evening,Car,18,1,41.4
2966,2.45,Clear,Medium,Morning,Bike,21,1,43.0
2967,3.72,Foggy,Low,Afternoon,Scooter,31,1,46.5
2968,1.98,Snowy,Medium,Morning,Scooter,16,1,38.1
2969,3.66,Clear,Low,Evening,Scooter,21,0,43.2
2970,0.82,Rainy,Medium,Morning,Bike,24,0,49.3
2971,0.9,Clear,Low,Evening,Scooter,25,0,31.4
2972,3.8,Windy,Medium,Morning,Scooter,28,1,46.8
2973,0.49,Foggy,High,Evening,Scooter,15,0,33.0
2974,1.02,Clear,Medium,Morning,Bike,25,1,44.8
2975,0.65,Clear,Medium,Afternoon,Bike,30,1,40.3
2976,2.87,Clear,Medium,Afternoon,Scooter,17,1,29.9
2977,3.14,Clear,Medium,Morning,Scooter,21,0,38.1
2978,3.62,Windy,Low,Morning,Car,15,1,31.0
2979,0.67,Foggy,Medium,Morning,Bike,14,0,37.6
2980,1.35,Clear,High,Morning,Bike,14,0,41.2
2981,1.34,Snowy,Low,Evening,Scooter,9,1,29.7
2982,3.9,Clear,Medium,Evening,Scooter,19,0,37.4
2983,2.37,Snowy,Low,Night,Scooter,26,1,38.6
2984,1.42,Clear,Medium,Afternoon,Scooter,14,0,24.7
2985,1.27,Rainy,Medium,Morning,Bike,8,1,34.7
2986,1.34,Windy,Medium,Morning,Bike,14,0,36.3
2987,2.88,Clear,Medium,Morning,Bike,23,0,39.7
2988,2.24,Rainy,Medium,Morning,Bike,17,1,44.5
2989,2.53,Windy,High,Evening,Scooter,23,0,46.6
2990,1.93,Clear,Low,Morning,Bike,13,1,26.7
2991,0.2,Clear,High,Morning,Car,20,0,39.3
2992,2.78,Rainy,Medium,Morning,Bike,22,1,43.0
2993,2.92,Clear,High,Afternoon,Scooter,24,1,48.3
2994,0.8,Clear,Medium,Morning,Scooter,21,0,31.6
2995,2.63,Clear,Medium,Night,Bike,28,1,48.2
2996,3.52,Foggy,High,Evening,Scooter,11,0,44.3
2997,2.45,Clear,Medium,Evening,Car,19,0,33.5
2998,2.71,Clear,Low,Evening,Car,17,0,28.3
2999,2.83,Snowy,High,Evening,Bike,34,1,69.5
3000,1.36,Rainy,Low,Evening,Scooter,19,0,29.8
3001,4.62,Snowy,Low,Evening,Bike,21,2,53.4
3002,5.89,Clear,Medium,Evening,Bike,28,3,53.1
3003,4.93,Windy,Medium,Evening,Bike,12,2,46.0
3004,6.75,Rainy,High,Morning,Car,15,3,53.7
3005,6.86,Clear,Medium,Afternoon,Scooter,15,2,34.4
3006,4.03,Snowy,Medium,Evening,Bike,11,3,45.8
3007,7.82,Rainy,Medium,Afternoon,Car,19,3,49.0
3008,7.7,Clear,High,Night,Scooter,15,3,49.3
3009,4.53,Clear,Low,Evening,Bike,12,2,29.3
3010,5.91,Rainy,Low,Afternoon,Scooter,8,1,28.7
3011,4.84,Clear,High,Evening,Scooter,8,3,36.1
3012,7.86,Clear,Medium,Evening,Bike,16,1,48.7
3013,6.26,Clear,High,Afternoon,Bike,20,3,45.8
3014,6.8,Clear,Medium,Morning,Bike,13,2,45.8
3015,7.91,Clear,Medium,Morning,Bike,28,2,65.0
3016,6.69,Rainy,Medium,Evening,Scooter,13,2,46.0
3017,7.48,Clear,High,Morning,Bike,14,2,47.4
3018,4.96,Clear,High,Morning,Bike,15,1,47.0
3019,4.92,Rainy,Low,Afternoon,Car,12,1,26.5
3020,5.76,Clear,Medium,Evening,Car,34,1,55.3
3021,7.53,Rainy,Medium,Morning,Scooter,22,3,56.3
3022,4.16,Clear,Low,Morning,Scooter,14,3,29.3
3023,5.77,Clear,Medium,Night,Car,31,1,53.3
3024,7.3,Clear,Medium,Night,Scooter,20,3,44.1
3025,4.71,Clear,Low,Afternoon,Bike,23,3,34.4
3026,6.46,Clear,Low,Morning,Bike,15,1,40.7
3027,4.28,Snowy,High,Evening,Bike,13,1,53.0
3028,4.04,Clear,Low,Morning,Bike,17,2,34.2
3029,5.28,Rainy,Medium,Afternoon,Bike,16,1,46.0
3030,7.22,Rainy,Low,Evening,Bike,32,1,64.7
3031,4.17,Clear,Medium,Afternoon,Bike,12,1,35.6
3032,5.46,Rainy,Low,Evening,Scooter,11,1,36.9
3033,6.91,Clear,Low,Afternoon,Bike,20,1,37.0
3034,5.48,Clear,Medium,Evening,Bike,19,2,41.3
3035,5.92,Clear,Medium,Evening,Scooter,18,3,43.2
3036,6.0,Foggy,High,Evening,Bike,16,1,57.2
3037,7.63,Windy,Low,Evening,Bike,15,1,48.0
3038,7.5,Clear,Low,Afternoon,Bike,10,3,30.4
3039,4.25,Rainy,Low,Evening,Scooter,24,2,46.0
3040,6.77,Foggy,Low,Night,Car,17,1,37.7
3041,6.17,Clear,Medium,Evening,Bike,27,2,50.7
3042,5.42,Foggy,High,Evening,Car,18,2,44.9
3043,5.97,Rainy,High,Morning,Car,27,2,64.1
3044,7.52,Windy,Medium,Morning,Car,28,3,56.9
3045,7.09,Windy,Medium,Afternoon,Car,19,3,45.8
3046,6.27,Clear,Low,Morning,Scooter,24,1,48.7
3047,4.7,Clear,Low,Evening,Bike,11,2,29.2
3048,6.47,Rainy,Medium,Morning,Bike,11,2,46.0
3049,5.99,Clear,Low,Afternoon,Bike,22,2,35.9
3050,5.79,Clear,Low,Night,Bike,9,2,28.1
3051,7.78,Windy,Low,Afternoon,Car,22,2,34.7
3052,7.97,Clear,Medium,Evening,Bike,13,1,43.0
3053,7.81,Clear,Medium,Evening,Scooter,13,2,41.9
3054,6.96,Snowy,Low,Morning,Car,15,1,41.7
3055,6.4,Clear,High,Night,Bike,28,2,58.7
3056,5.28,Clear,Low,Morning,Bike,22,3,41.2
3057,7.79,Windy,Medium,Night,Bike,23,3,50.0
3058,5.82,Clear,High,Afternoon,Bike,24,2,47.4
3059,4.81,Clear,Medium,Afternoon,Bike,25,1,49.1
3060,4.44,Clear,Low,Afternoon,Bike,12,1,26.6
3061,7.34,Windy,Medium,Evening,Scooter,29,3,59.4
3062,5.31,Clear,Low,Morning,Bike,16,2,36.3
3063,7.06,Rainy,Low,Evening,Scooter,19,1,46.7
3064,6.51,Clear,Low,Morning,Bike,24,3,47.0
3065,5.13,Clear,Medium,Afternoon,Bike,26,2,47.5
3066,7.4,Windy,Low,Evening,Bike,18,3,44.5
3067,7.38,Rainy,Medium,Afternoon,Scooter,18,1,45.6
3068,4.69,Windy,High,Afternoon,Scooter,16,3,49.0
3069,4.49,Clear,Medium,Morning,Bike,9,1,37.3
3070,6.4,Rainy,Low,Morning,Scooter,20,3,49.8
3071,4.93,Snowy,Low,Evening,Bike,21,1,55.1
3072,5.33,Clear,Medium,Morning,Car,17,1,37.3
3073,7.75,Clear,Medium,Afternoon,Car,9,2,30.3
3074,4.7,Snowy,Medium,Afternoon,Bike,19,1,50.7
3075,5.88,Clear,Low,Afternoon,Bike,11,2,27.6
3076,5.18,Rainy,High,Evening,Bike,17,2,58.8
3077,5.39,Windy,Low,Afternoon,Scooter,24,1,37.8
3078,5.48,Clear,High,Evening,Bike,13,2,42.7
3079,5.04,Clear,Medium,Night,Scooter,28,2,42.0
3080,7.05,Clear,Medium,Afternoon,Car,22,2,41.3
3081,7.25,Clear,High,Afternoon,Bike,14,1,45.9
3082,6.16,Clear,High,Morning,Car,13,3,38.9
3083,7.6,Rainy,Medium,Afternoon,Bike,10,1,45.4
3084,4.55,Clear,Low,Morning,Car,26,1,35.9
3085,6.03,Rainy,High,Evening,Scooter,9,3,47.7
3086,7.31,Clear,Low,Evening,Bike,20,3,41.0
3087,6.48,Clear,Low,Evening,Bike,23,1,43.1
3088,7.94,Clear,Medium,Morning,Scooter,14,2,40.3
3089,6.38,Foggy,Medium,Morning,Scooter,16,1,46.0
3090,7.84,Clear,Low,Afternoon,Bike,14,3,38.0
3091,4.39,Clear,Low,Afternoon,Car,24,2,32.2
3092,4.17,Snowy,Medium,Night,Scooter,33,2,54.2
3093,5.43,Rainy,Medium,Afternoon,Car,31,3,55.6
3094,7.37,Clear,Medium,Evening,Bike,10,3,41.8
3095,4.2,Snowy,Low,Afternoon,Bike,21,3,42.7
3096,5.01,Clear,Medium,Evening,Bike,19,3,44.7
3097,7.94,Clear,Medium,Morning,Bike,29,2,65.6
3098,6.56,Rainy,Medium,Night,Bike,19,1,49.2
3099,5.57,Clear,High,Night,Bike,17,3,48.3
3100,4.31,Clear,Low,Morning,Scooter,17,2,35.1
3101,7.02,Foggy,Medium,Afternoon,Bike,26,3,57.2
3102,7.7,Clear,Low,Morning,Bike,21,3,42.5
3103,6.97,Snowy,Low,Night,Scooter,10,2,40.1
3104,4.47,Windy,Low,Afternoon,Scooter,29,3,44.8
3105,6.13,Rainy,Low,Morning,Scooter,21,3,47.3
3106,5.61,Foggy,Low,Afternoon,Scooter,12,2,30.0
3107,7.62,Foggy,Low,Evening,Bike,17,2,51.0
3108,7.05,Windy,Medium,Morning,Scooter,14,1,41.4
3109,7.21,Clear,Medium,Afternoon,Scooter,19,1,44.8
3110,5.65,Clear,Medium,Afternoon,Bike,19,2,41.3
3111,4.1,Rainy,Low,Evening,Bike,31,2,50.8
3112,7.04,Rainy,Low,Afternoon,Car,9,2,27.3
3113,6.53,Clear,Low,Morning,Bike,17,3,40.8
3114,4.57,Rainy,Medium,Evening,Bike,12,1,45.1
3115,7.03,Clear,Low,Afternoon,Bike,8,1,30.2
3116,4.6,Windy,Medium,Morning,Car,23,2,43.8
3117,6.96,Clear,Medium,Evening,Bike,23,3,53.1
3118,6.85,Clear,Low,Night,Car,29,2,44.7
3119,4.03,Clear,Medium,Afternoon,Car,19,3,39.1
3120,7.1,Clear,Medium,Evening,Scooter,14,1,39.8
3121,5.63,Clear,Medium,Evening,Bike,15,1,45.9
3122,6.03,Clear,Low,Afternoon,Bike,20,1,40.6
3123,7.86,Clear,Medium,Afternoon,Car,20,3,41.9
3124,7.68,Clear,High,Morning,Car,9,3,36.2
3125,5.53,Clear,High,Evening,Car,28,2,59.1
3126,6.84,Clear,High,Morning,Car,28,1,59.2
3127,6.05,Clear,Medium,Morning,Scooter,24,3,45.7
3128,7.29,Clear,Low,Morning,Bike,14,1,36.8
3129,5.28,Clear,Medium,Evening,Scooter,15,1,38.8
3130,5.88,Clear,High,Afternoon,Bike,22,3,48.3
3131,4.45,Clear,Low,Night,Bike,15,1,28.5
3132,7.71,Foggy,Medium,Evening,Bike,16,1,51.6
3133,7.6,Windy,Medium,Evening,Bike,21,2,55.7
3134,5.1,Windy,High,Morning,Bike,8,1,45.4
3135,6.33,Rainy,High,Morning,Bike,11,3,51.2
3136,5.51,Rainy,Low,Morning,Scooter,8,3,30.7
3137,4.62,Clear,Low,Night,Scooter,14,3,24.7
3138,4.18,Foggy,Low,Morning,Scooter,17,2,33.8
3139,7.29,Foggy,High,Afternoon,Scooter,25,2,57.1
3140,5.16,Snowy,Low,Evening,Bike,12,1,41.4
3141,6.06,Snowy,Medium,Evening,Bike,15,1,54.6
3142,7.61,Clear,Low,Afternoon,Scooter,7,1,30.0
3143,4.08,Foggy,High,Night,Bike,17,1,44.6
3144,6.19,Snowy,Medium,Morning,Scooter,8,1,43.7
3145,7.82,Clear,Medium,Afternoon,Scooter,15,3,37.7
3146,7.24,Windy,Medium,Morning,Bike,25,3,57.6
3147,4.88,Clear,Low,Afternoon,Car,29,3,36.5
3148,4.8,Windy,Low,Morning,Bike,16,2,41.8
3149,7.05,Foggy,Medium,Evening,Scooter,14,1,38.6
3150,4.32,Clear,Low,Afternoon,Car,23,1,28.5
3151,6.4,Rainy,Medium,Afternoon,Scooter,22,3,52.6
3152,4.94,Clear,High,Afternoon,Scooter,16,3,42.6
3153,7.36,Foggy,High,Morning,Scooter,27,1,70.9
3154,5.52,Foggy,Low,Afternoon,Bike,17,3,39.3
3155,5.66,Rainy,Low,Evening,Scooter,29,3,54.1
3156,7.18,Snowy,Medium,Morning,Scooter,27,3,57.4
3157,4.35,Clear,High,Morning,Bike,29,1,60.0
3158,6.4,Clear,Low,Morning,Bike,11,2,35.6
3159,7.85,Clear,Medium,Morning,Car,14,3,38.0
3160,6.6,Clear,High,Afternoon,Bike,16,3,46.4
3161,4.33,Clear,Medium,Morning,Car,23,3,44.4
3162,7.63,Clear,Low,Evening,Bike,14,2,44.0
3163,4.52,Clear,Medium,Morning,Bike,13,3,37.9
3164,5.48,Clear,Low,Afternoon,Scooter,15,1,28.3
3165,4.73,Snowy,Medium,Morning,Scooter,15,1,49.0
3166,6.89,Clear,Medium,Morning,Bike,24,1,53.4
3167,5.06,Snowy,Low,Afternoon,Bike,33,2,62.1
3168,5.04,Clear,High,Night,Bike,15,1,41.9
3169,5.65,Clear,Medium,Night,Scooter,9,1,31.1
3170,5.14,Rainy,Low,Evening,Bike,22,3,48.4
3171,7.14,Clear,Low,Night,Scooter,17,2,31.7
3172,6.11,Clear,High,Evening,Bike,17,2,52.3
3173,6.22,Rainy,Medium,Afternoon,Bike,15,2,45.3
3174,4.65,Clear,Low,Morning,Bike,17,1,39.6
3175,7.65,Clear,High,Morning,Bike,11,2,45.6
3176,5.4,Rainy,Medium,Morning,Scooter,20,1,51.0
3177,5.51,Clear,Low,Afternoon,Car,29,3,37.1
3178,4.97,Snowy,High,Morning,Bike,28,3,72.7
3179,7.84,Clear,Medium,Morning,Bike,22,3,55.6
3180,6.43,Windy,Medium,Evening,Car,16,2,41.8
3181,4.24,Foggy,Medium,Night,Bike,28,2,53.1
3182,4.77,Windy,High,Evening,Bike,21,3,59.7
3183,5.92,Snowy,High,Afternoon,Scooter,18,2,56.1
3184,4.75,Clear,Low,Morning,Bike,14,3,30.4
3185,6.42,Rainy,Low,Night,Bike,23,2,51.7
3186,5.23,Clear,Medium,Morning,Car,24,3,42.0
3187,5.4,Snowy,Medium,Morning,Scooter,19,2,52.1
3188,7.15,Rainy,Medium,Evening,Scooter,14,1,41.8
3189,6.1,Clear,Medium,Morning,Bike,16,2,46.7
3190,4.45,Windy,Medium,Afternoon,Bike,20,2,41.6
3191,5.49,Clear,Low,Afternoon,Car,13,2,23.3
3192,7.59,Rainy,Medium,Morning,Car,17,2,45.3
3193,7.38,Foggy,Medium,Morning,Car,9,3,39.0
3194,7.04,Clear,Medium,Morning,Bike,24,3,53.9
3195,7.37,Rainy,Medium,Morning,Car,16,1,44.8
3196,4.37,Snowy,Medium,Afternoon,Bike,17,1,48.1
3197,4.49,Clear,Medium,Afternoon,Scooter,27,1,43.5
3198,4.07,Rainy,Medium,Morning,Scooter,16,3,45.8
3199,4.5,Clear,Low,Morning,Bike,17,2,33.6
3200,7.29,Rainy,Low,Afternoon,Bike,14,2,43.3
3201,4.15,Clear,High,Afternoon,Scooter,24,3,40.9
3202,5.86,Windy,Low,Night,Car,17,2,31.9
3203,4.99,Snowy,Low,Morning,Bike,17,2,47.9
3204,7.33,Clear,High,Evening,Bike,18,1,56.7
3205,7.21,Clear,Low,Morning,Scooter,21,3,40.7
3206,7.06,Rainy,Low,Afternoon,Bike,18,1,51.1
3207,5.51,Foggy,Low,Evening,Bike,17,2,41.8
3208,7.7,Clear,Medium,Afternoon,Bike,21,3,49.6
3209,7.58,Clear,Medium,Morning,Bike,20,3,49.9
3210,6.6,Clear,Medium,Afternoon,Bike,22,1,45.4
3211,6.45,Windy,Low,Morning,Car,17,3,32.8
3212,5.35,Clear,Medium,Afternoon,Car,32,2,45.8
3213,6.94,Snowy,Low,Morning,Scooter,19,2,50.9
3214,7.75,Clear,High,Afternoon,Bike,24,2,61.8
3215,5.26,Windy,Low,Morning,Scooter,17,2,38.2
3216,5.14,Clear,Medium,Afternoon,Bike,15,1,36.7
3217,5.05,Clear,Low,Afternoon,Scooter,18,3,27.4
3218,7.93,Windy,Medium,Evening,Bike,19,2,54.7
3219,6.16,Windy,High,Morning,Scooter,15,3,44.6
3220,7.87,Clear,Low,Evening,Bike,23,1,52.4
3221,6.47,Clear,Low,Morning,Car,16,1,34.7
3222,5.17,Clear,Low,Afternoon,Scooter,21,2,30.3
3223,6.35,Clear,Low,Morning,Bike,14,2,41.2
3224,4.62,Clear,Low,Morning,Car,17,1,26.9
3225,5.79,Snowy,Medium,Morning,Bike,15,2,52.7
3226,5.77,Clear,Medium,Morning,Bike,16,2,46.0
3227,6.31,Foggy,Medium,Morning,Scooter,21,1,53.5
3228,5.55,Clear,Low,Afternoon,Scooter,12,2,23.1
3229,5.82,Clear,High,Morning,Bike,14,1,47.0
3230,7.5,Rainy,Low,Night,Bike,15,3,39.8
3231,4.72,Clear,Low,Afternoon,Bike,14,2,29.8
3232,7.69,Rainy,High,Evening,Bike,12,1,59.8
3233,6.15,Clear,Medium,Afternoon,Bike,25,2,43.6
3234,6.52,Windy,Medium,Evening,Bike,12,2,45.8
3235,4.42,Foggy,High,Evening,Scooter,20,2,50.0
3236,4.58,Snowy,High,Morning,Scooter,17,1,54.2
3237,6.93,Clear,Low,Afternoon,Scooter,12,2,24.9
3238,7.6,Clear,Medium,Morning,Car,14,1,38.3
3239,6.08,Clear,High,Evening,Bike,11,1,51.8
3240,4.67,Rainy,Low,Morning,Bike,10,2,35.1
3241,7.19,Clear,Low,Evening,Bike,15,3,39.0
3242,7.67,Clear,Medium,Evening,Bike,23,3,51.3
3243,6.68,Clear,Low,Morning,Scooter,16,3,42.6
3244,4.73,Clear,High,Morning,Bike,19,2,51.6
3245,5.65,Clear,High,Afternoon,Scooter,11,2,36.2
3246,7.76,Clear,Low,Morning,Car,27,1,50.2
3247,4.77,Clear,Low,Morning,Bike,15,2,35.4
3248,4.68,Rainy,Low,Evening,Bike,13,3,38.0
3249,6.81,Clear,Low,Night,Scooter,15,1,31.0
3250,6.17,Clear,Low,Afternoon,Scooter,31,3,40.2
3251,4.82,Rainy,Medium,Evening,Bike,20,1,51.9
3252,6.47,Foggy,Medium,Afternoon,Scooter,11,2,35.5
3253,7.75,Clear,Low,Afternoon,Bike,12,2,34.8
3254,7.42,Rainy,Medium,Afternoon,Scooter,23,3,51.9
3255,4.03,Windy,Medium,Afternoon,Scooter,25,3,45.1
3256,7.51,Rainy,High,Afternoon,Bike,10,2,50.6
3257,6.51,Windy,Low,Afternoon,Bike,14,2,33.6
3258,5.07,Foggy,Medium,Morning,Scooter,9,3,39.8
3259,4.37,Clear,Medium,Morning,Scooter,11,2,30.3
3260,7.88,Clear,Low,Morning,Car,11,1,33.4
3261,4.12,Foggy,Low,Evening,Scooter,17,1,32.5
3262,4.74,Windy,Low,Night,Scooter,7,2,23.5
3263,6.68,Clear,Low,Afternoon,Scooter,22,1,33.2
3264,7.03,Clear,Medium,Afternoon,Scooter,16,3,43.5
3265,5.07,Rainy,Low,Afternoon,Bike,16,3,40.4
3266,6.95,Clear,Medium,Afternoon,Bike,30,3,54.8
3267,7.06,Foggy,Low,Afternoon,Scooter,15,1,38.6
3268,7.21,Rainy,Medium,Morning,Bike,9,2,42.9
3269,7.02,Foggy,Medium,Evening,Bike,16,3,50.0
3270,4.13,Snowy,Medium,Evening,Bike,17,1,53.7
3271,7.57,Rainy,High,Morning,Car,17,3,56.6
3272,6.25,Rainy,Medium,Morning,Scooter,17,3,47.9
3273,5.72,Foggy,Medium,Morning,Car,15,1,42.9
3274,4.1,Snowy,Medium,Morning,Car,18,2,49.1
3275,6.36,Snowy,Low,Morning,Scooter,26,1,57.6
3276,4.65,Clear,Low,Night,Scooter,15,2,20.4
3277,6.19,Rainy,High,Evening,Bike,18,3,58.8
3278,4.76,Clear,Low,Afternoon,Scooter,25,1,36.9
3279,6.75,Snowy,Low,Morning,Car,16,3,39.3
3280,4.36,Rainy,Low,Night,Car,11,3,22.6
3281,6.4,Clear,Medium,Afternoon,Bike,17,1,47.0
3282,6.58,Clear,High,Afternoon,Scooter,18,2,43.1
3283,5.58,Clear,High,Evening,Bike,26,1,58.4
3284,7.67,Foggy,Medium,Afternoon,Bike,26,3,55.7
3285,6.11,Clear,Low,Evening,Bike,23,3,45.9
3286,7.0,Clear,Medium,Evening,Bike,16,2,47.0
3287,5.78,Snowy,Low,Afternoon,Bike,14,2,47.3
3288,7.17,Foggy,Low,Morning,Scooter,17,1,41.6
3289,7.59,Clear,High,Morning,Bike,15,2,54.1
3290,5.65,Clear,Medium,Afternoon,Car,32,3,43.0
3291,7.87,Windy,Low,Morning,Bike,10,3,34.3
3292,4.61,Foggy,Low,Afternoon,Bike,18,1,42.5
3293,7.38,Rainy,Medium,Morning,Bike,16,3,56.8
3294,6.1,Clear,Low,Evening,Bike,23,1,47.2
3295,4.55,Clear,Low,Morning,Bike,19,3,40.6
3296,6.5,Clear,Low,Evening,Bike,9,3,28.3
3297,4.53,Foggy,High,Afternoon,Scooter,21,3,53.1
3298,7.55,Clear,Medium,Afternoon,Bike,18,3,41.7
3299,7.26,Clear,Medium,Morning,Scooter,20,2,47.7
3300,6.62,Foggy,Medium,Evening,Bike,10,3,52.1
3301,4.93,Windy,Medium,Afternoon,Bike,18,3,39.4
3302,7.85,Foggy,Low,Morning,Bike,18,1,53.7
3303,7.41,Clear,High,Morning,Bike,12,3,51.4
3304,6.86,Rainy,Low,Evening,Scooter,20,3,44.7
3305,5.46,Clear,Low,Afternoon,Bike,28,2,51.1
3306,5.94,Clear,Medium,Evening,Scooter,8,2,29.1
3307,5.35,Rainy,Medium,Morning,Car,14,2,41.5
3308,7.4,Clear,High,Night,Bike,15,2,50.0
3309,5.24,Rainy,Low,Night,Car,18,2,35.0
3310,4.95,Snowy,Medium,Afternoon,Scooter,23,2,60.0
3311,4.86,Windy,High,Afternoon,Scooter,21,2,43.7
3312,5.6,Clear,Low,Night,Car,17,2,33.0
3313,6.49,Clear,Medium,Afternoon,Bike,30,2,48.3
3314,7.33,Clear,Low,Afternoon,Scooter,15,1,23.9
3315,7.7,Clear,Low,Evening,Bike,24,1,50.5
3316,4.32,Clear,Medium,Morning,Scooter,25,2,47.5
3317,4.19,Clear,High,Afternoon,Bike,11,2,41.5
3318,5.45,Foggy,Low,Afternoon,Bike,9,1,36.2
3319,7.24,Rainy,Low,Morning,Car,32,2,58.3
3320,7.63,Windy,High,Afternoon,Bike,15,3,52.5
3321,4.67,Clear,Low,Afternoon,Bike,21,1,37.4
3322,5.14,Clear,Low,Morning,Bike,8,3,32.1
3323,7.61,Clear,Medium,Afternoon,Scooter,23,2,42.8
3324,6.3,Clear,Medium,Morning,Bike,15,2,41.7
3325,5.63,Clear,Medium,Afternoon,Bike,19,3,44.2
3326,4.97,Windy,Medium,Night,Car,9,3,30.3
3327,4.45,Clear,Low,Afternoon,Bike,11,3,29.0
3328,4.43,Clear,Medium,Afternoon,Bike,25,3,44.7
3329,6.7,Rainy,Medium,Afternoon,Scooter,19,2,46.0
3330,6.88,Rainy,Low,Evening,Bike,23,3,55.4
3331,5.46,Rainy,Medium,Afternoon,Bike,12,3,37.9
3332,6.42,Clear,Low,Evening,Scooter,15,3,38.3
3333,4.62,Snowy,Low,Evening,Scooter,26,3,48.9
3334,4.08,Clear,Medium,Evening,Bike,19,2,41.9
3335,4.4,Clear,Medium,Evening,Scooter,21,3,43.1
3336,4.42,Rainy,Low,Evening,Car,13,3,29.7
3337,7.94,Snowy,Medium,Evening,Scooter,19,3,53.2
3338,4.94,Clear,Low,Evening,Scooter,22,1,41.7
3339,4.54,Rainy,Low,Morning,Car,12,1,29.3
3340,7.18,Clear,Low,Evening,Bike,14,3,38.8
3341,5.47,Clear,Low,Morning,Scooter,7,2,23.9
3342,4.83,Clear,High,Afternoon,Bike,30,2,51.7
3343,4.88,Foggy,Medium,Morning,Bike,27,3,53.8
3344,4.56,Clear,High,Afternoon,Car,10,3,31.3
3345,4.32,Foggy,High,Morning,Bike,25,1,64.6
3346,6.72,Clear,Low,Afternoon,Bike,18,1,35.9
3347,5.76,Snowy,Medium,Afternoon,Bike,30,2,60.8
3348,4.59,Snowy,Medium,Night,Scooter,18,1,47.4
3349,7.17,Clear,High,Afternoon,Car,13,3,41.4
3350,4.08,Clear,Medium,Afternoon,Bike,26,1,49.2
3351,5.72,Clear,High,Morning,Car,29,2,57.0
3352,4.51,Snowy,Low,Evening,Bike,18,1,45.7
3353,4.11,Clear,Low,Evening,Car,16,1,30.8
3354,6.2,Rainy,Low,Afternoon,Car,23,2,42.2
3355,4.62,Clear,Medium,Afternoon,Bike,10,3,32.4
3356,4.27,Foggy,Low,Morning,Car,25,1,41.2
3357,5.92,Rainy,High,Afternoon,Bike,26,2,62.2
3358,7.37,Rainy,Medium,Evening,Bike,14,3,53.0
3359,5.94,Windy,High,Afternoon,Bike,7,2,33.7
3360,4.32,Clear,High,Evening,Bike,7,3,40.7
3361,5.22,Snowy,Medium,Evening,Car,31,3,60.5
3362,5.78,Clear,Low,Afternoon,Scooter,24,2,29.1
3363,5.12,Clear,Medium,Morning,Scooter,15,2,37.6
3364,5.35,Snowy,Low,Afternoon,Car,27,3,45.7
3365,6.0,Rainy,High,Afternoon,Bike,27,3,60.3
3366,7.77,Rainy,High,Morning,Bike,28,2,78.8
3367,7.22,Clear,High,Evening,Car,18,3,50.6
3368,4.82,Clear,Medium,Morning,Bike,25,3,49.3
3369,7.14,Clear,Low,Evening,Scooter,8,1,29.3
3370,5.58,Rainy,Medium,Afternoon,Bike,12,3,42.3
3371,7.26,Clear,High,Morning,Bike,20,1,52.5
3372,6.47,Clear,Medium,Morning,Bike,11,3,47.3
3373,6.72,Clear,Medium,Evening,Bike,9,1,39.3
3374,5.45,Clear,Medium,Morning,Bike,11,1,43.8
3375,6.85,Clear,Medium,Morning,Bike,17,3,43.7
3376,6.26,Clear,Medium,Afternoon,Bike,17,3,42.7
3377,6.47,Snowy,Medium,Evening,Scooter,28,2,59.5
3378,6.19,Rainy,High,Afternoon,Bike,16,3,44.2
3379,4.22,Clear,Low,Evening,Bike,18,2,38.8
3380,5.9,Rainy,Medium,Evening,Bike,24,1,60.0
3381,4.21,Snowy,Low,Evening,Bike,24,3,49.9
3382,4.67,Clear,Low,Morning,Bike,15,1,24.5
3383,5.9,Clear,Low,Evening,Bike,22,3,41.8
3384,5.62,Clear,Medium,Afternoon,Bike,27,3,50.4
3385,4.19,Clear,Low,Night,Car,25,1,30.4
3386,4.55,Foggy,Medium,Morning,Bike,15,3,44.6
3387,5.86,Windy,Medium,Evening,Bike,23,2,51.8
3388,7.87,Clear,Low,Afternoon,Scooter,22,2,36.5
3389,5.95,Foggy,Low,Morning,Bike,14,1,41.1
3390,7.09,Clear,Low,Afternoon,Bike,21,1,35.5
3391,5.77,Rainy,Medium,Morning,Bike,10,1,46.6
3392,4.77,Foggy,Low,Afternoon,Scooter,14,2,30.6
3393,4.08,Clear,Low,Evening,Car,8,3,21.0
3394,5.5,Clear,Medium,Morning,Bike,11,1,41.9
3395,7.68,Rainy,Medium,Afternoon,Car,11,1,39.5
3396,5.3,Windy,Medium,Morning,Scooter,29,3,45.8
3397,5.47,Clear,Medium,Afternoon,Scooter,12,2,30.1
3398,6.77,Clear,Medium,Afternoon,Bike,10,1,32.9
3399,6.95,Clear,Medium,Evening,Car,23,3,50.8
3400,6.43,Rainy,Low,Morning,Bike,20,2,48.8
3401,5.35,Rainy,Low,Evening,Bike,20,1,50.7
3402,7.78,Foggy,Low,Evening,Scooter,27,2,58.3
3403,5.41,Foggy,Low,Afternoon,Car,21,1,35.1
3404,5.17,Snowy,Medium,Afternoon,Bike,21,3,52.8
3405,7.37,Snowy,High,Evening,Bike,17,2,64.1
3406,7.74,Clear,Low,Afternoon,Car,19,3,40.8
3407,7.83,Rainy,Low,Afternoon,Car,23,1,50.4
3408,6.13,Clear,Medium,Afternoon,Scooter,15,2,32.1
3409,7.48,Clear,Low,Morning,Bike,8,3,30.8
3410,4.73,Windy,Low,Evening,Bike,16,1,37.4
3411,7.56,Rainy,Low,Evening,Car,16,2,40.0
3412,7.03,Windy,Low,Afternoon,Bike,12,1,34.9
3413,5.6,Clear,High,Afternoon,Scooter,22,3,44.9
3414,4.98,Rainy,High,Afternoon,Scooter,24,2,54.9
3415,7.04,Rainy,Low,Morning,Car,12,1,37.5
3416,5.72,Clear,High,Afternoon,Scooter,17,1,46.4
3417,7.91,Clear,High,Afternoon,Bike,15,2,46.9
3418,7.42,Rainy,Medium,Morning,Scooter,19,2,48.1
3419,7.16,Clear,Low,Morning,Car,10,3,26.5
3420,5.34,Windy,Medium,Morning,Car,29,2,50.7
3421,6.85,Clear,Medium,Evening,Bike,9,3,42.7
3422,7.02,Clear,Medium,Evening,Bike,25,2,57.8
3423,5.64,Foggy,Low,Morning,Scooter,13,2,39.1
3424,4.38,Clear,Medium,Evening,Scooter,23,1,46.9
3425,6.94,Snowy,Medium,Afternoon,Bike,14,2,44.2
3426,5.18,Foggy,Medium,Afternoon,Bike,24,3,48.0
3427,4.53,Clear,Low,Afternoon,Bike,28,1,38.9
3428,4.17,Rainy,High,Afternoon,Bike,29,3,66.1
3429,5.31,Rainy,High,Evening,Bike,26,2,68.0
3430,6.04,Foggy,Low,Afternoon,Car,16,2,34.3
3431,4.15,Snowy,Medium,Evening,Scooter,16,2,44.2
3432,6.25,Foggy,High,Afternoon,Bike,30,2,64.2
3433,7.58,Rainy,Medium,Afternoon,Scooter,27,2,54.9
3434,6.39,Clear,High,Afternoon,Bike,17,2,49.8
3435,6.1,Foggy,Low,Evening,Scooter,16,1,40.1
3436,4.93,Windy,Low,Morning,Car,10,2,28.7
3437,5.76,Rainy,Medium,Evening,Bike,15,2,50.7
3438,6.4,Rainy,Medium,Morning,Car,17,3,48.8
3439,7.46,Clear,Low,Morning,Bike,25,2,51.8
3440,7.53,Foggy,Low,Evening,Scooter,15,2,44.7
3441,5.81,Windy,High,Morning,Car,15,3,47.2
3442,4.73,Clear,Low,Afternoon,Scooter,8,1,18.3
3443,6.83,Clear,Low,Afternoon,Bike,8,3,28.7
3444,7.8,Rainy,Medium,Afternoon,Bike,24,3,59.3
3445,7.83,Clear,Low,Evening,Bike,12,3,36.9
3446,7.98,Rainy,Medium,Morning,Bike,31,2,70.3
3447,5.01,Clear,Low,Morning,Bike,9,2,31.8
3448,7.35,Clear,Low,Afternoon,Bike,24,1,47.2
3449,4.21,Rainy,High,Morning,Scooter,11,1,47.5
3450,4.06,Rainy,Low,Afternoon,Bike,20,1,41.5
3451,6.7,Rainy,Medium,Morning,Bike,23,3,62.4
3452,4.48,Foggy,High,Evening,Scooter,13,2,47.0
3453,5.55,Rainy,Low,Morning,Bike,19,3,44.0
3454,4.05,Foggy,Low,Evening,Scooter,24,2,41.6
3455,4.35,Rainy,Low,Morning,Scooter,12,3,30.2
3456,4.83,Rainy,High,Afternoon,Scooter,18,3,44.6
3457,6.22,Rainy,Medium,Morning,Bike,18,2,61.5
3458,5.33,Clear,Medium,Morning,Scooter,23,1,51.1
3459,6.26,Clear,Low,Morning,Scooter,15,3,36.4
3460,6.6,Rainy,Medium,Night,Scooter,20,2,49.7
3461,4.01,Snowy,High,Afternoon,Scooter,30,1,60.6
3462,7.39,Rainy,Medium,Afternoon,Car,22,1,47.3
3463,4.23,Clear,Medium,Evening,Bike,7,3,29.9
3464,7.49,Rainy,Medium,Afternoon,Bike,12,2,44.1
3465,7.9,Clear,High,Morning,Scooter,16,2,52.3
3466,7.61,Foggy,Low,Afternoon,Scooter,16,3,38.4
3467,6.17,Snowy,Medium,Afternoon,Scooter,15,2,47.9
3468,7.08,Rainy,Medium,Morning,Bike,17,1,55.7
3469,4.69,Rainy,Medium,Morning,Bike,29,1,56.6
3470,7.75,Clear,Medium,Evening,Scooter,24,3,50.7
3471,4.09,Clear,Low,Morning,Car,11,1,24.6
3472,6.21,Snowy,Medium,Morning,Bike,17,1,56.9
3473,5.84,Foggy,Medium,Evening,Car,21,1,46.6
3474,7.19,Rainy,Medium,Morning,Scooter,12,3,43.5
3475,6.98,Clear,Low,Afternoon,Scooter,9,2,23.2
3476,5.32,Clear,Low,Evening,Car,30,2,39.5
3477,4.65,Clear,Low,Afternoon,Bike,24,1,39.5
3478,7.18,Clear,Low,Evening,Bike,27,2,53.9
3479,7.91,Clear,High,Evening,Bike,24,2,60.8
3480,4.39,Windy,Low,Evening,Bike,21,3,38.1
3481,6.93,Rainy,High,Afternoon,Bike,23,3,64.4
3482,6.06,Clear,Low,Evening,Scooter,18,2,40.2
3483,5.25,Clear,Medium,Afternoon,Scooter,14,3,30.4
3484,4.06,Clear,High,Afternoon,Bike,10,3,32.3
3485,6.9,Snowy,Low,Afternoon,Bike,19,1,49.1
3486,4.53,Clear,Low,Morning,Scooter,13,2,28.6
3487,7.4,Foggy,Medium,Morning,Scooter,25,3,55.1
3488,5.06,Snowy,Low,Evening,Car,18,3,36.6
3489,6.37,Clear,High,Afternoon,Bike,33,3,66.1
3490,5.14,Rainy,Medium,Afternoon,Bike,16,1,46.4
3491,6.81,Windy,Medium,Afternoon,Car,16,3,42.8
3492,4.47,Clear,Medium,Morning,Bike,14,2,38.8
3493,5.37,Clear,Low,Afternoon,Scooter,14,1,31.6
3494,6.04,Windy,High,Evening,Bike,17,3,52.8
3495,6.34,Snowy,Low,Night,Bike,9,3,35.3
3496,6.32,Rainy,High,Afternoon,Scooter,25,2,57.2
3497,4.32,Rainy,Low,Evening,Scooter,10,3,36.2
3498,4.14,Clear,Medium,Afternoon,Bike,28,3,46.7
3499,4.95,Snowy,Medium,Evening,Car,16,2,50.4
3500,4.15,Rainy,Medium,Evening,Car,17,3,39.9
3501,4.88,Clear,Low,Evening,Scooter,30,2,41.4
3502,4.24,Rainy,Medium,Morning,Car,22,1,49.8
3503,6.11,Windy,Medium,Morning,Car,14,1,37.9
3504,4.42,Snowy,High,Afternoon,Scooter,15,3,47.8
3505,5.66,Clear,Low,Evening,Scooter,12,1,30.5
3506,7.08,Clear,Medium,Afternoon,Car,20,3,40.3
3507,7.09,Windy,Low,Evening,Car,21,3,46.7
3508,6.25,Windy,Low,Afternoon,Scooter,27,1,45.9
3509,4.12,Rainy,High,Afternoon,Bike,14,1,47.8
3510,6.15,Rainy,Low,Afternoon,Bike,9,1,33.9
3511,5.01,Clear,Medium,Evening,Scooter,13,3,35.8
3512,6.27,Clear,Medium,Night,Car,30,1,50.5
3513,7.63,Clear,Medium,Evening,Bike,32,3,61.8
3514,6.4,Clear,Low,Afternoon,Car,15,3,30.1
3515,7.76,Clear,Low,Evening,Bike,18,2,43.3
3516,4.83,Snowy,Low,Morning,Bike,25,3,55.6
3517,5.07,Clear,Low,Afternoon,Car,17,2,23.0
3518,4.59,Clear,Medium,Evening,Car,30,3,51.0
3519,4.31,Rainy,Medium,Morning,Scooter,25,3,49.5
3520,4.04,Clear,Medium,Evening,Car,23,2,42.7
3521,7.71,Clear,Medium,Morning,Car,20,1,50.2
3522,5.81,Rainy,Low,Night,Car,13,3,32.2
3523,7.76,Clear,High,Afternoon,Car,12,3,42.7
3524,7.46,Rainy,Medium,Morning,Bike,26,1,61.6
3525,6.98,Windy,Low,Afternoon,Bike,14,1,37.5
3526,7.67,Clear,Medium,Evening,Bike,14,3,43.1
3527,5.06,Windy,Low,Afternoon,Bike,25,1,42.5
3528,7.43,Windy,Medium,Evening,Bike,9,3,37.8
3529,6.72,Snowy,Low,Morning,Bike,22,1,56.4
3530,6.4,Rainy,Medium,Morning,Bike,20,2,58.7
3531,6.47,Rainy,Medium,Afternoon,Scooter,8,1,40.4
3532,7.62,Rainy,Low,Afternoon,Bike,12,1,38.0
3533,7.72,Rainy,Medium,Afternoon,Bike,14,1,47.9
3534,4.71,Clear,Low,Morning,Bike,13,3,29.3
3535,4.32,Windy,Medium,Afternoon,Bike,12,1,33.5
3536,5.09,Rainy,High,Evening,Scooter,26,3,59.5
3537,7.24,Foggy,Medium,Afternoon,Car,28,2,53.8
3538,4.39,Clear,Low,Morning,Scooter,12,3,25.0
3539,6.65,Clear,High,Afternoon,Scooter,19,2,42.3
3540,5.6,Rainy,Low,Night,Car,17,2,38.0
3541,7.65,Rainy,Medium,Morning,Scooter,16,1,51.8
3542,7.28,Clear,Low,Afternoon,Bike,30,2,52.0
3543,6.03,Clear,Medium,Evening,Bike,9,2,38.4
3544,5.52,Clear,Low,Morning,Scooter,31,2,49.8
3545,7.34,Rainy,Low,Morning,Scooter,15,1,44.0
3546,4.98,Clear,Low,Afternoon,Car,19,2,26.3
3547,6.17,Windy,High,Morning,Bike,29,3,70.3
3548,7.73,Clear,Medium,Morning,Car,20,3,47.1
3549,6.41,Clear,Medium,Afternoon,Scooter,23,2,41.2
3550,7.72,Clear,Medium,Evening,Car,10,1,33.7
3551,5.77,Rainy,Low,Afternoon,Scooter,19,1,46.1
3552,6.52,Rainy,Medium,Evening,Bike,15,2,50.7
3553,7.76,Rainy,Low,Evening,Bike,16,3,46.2
3554,6.95,Windy,Low,Afternoon,Bike,13,3,33.9
3555,7.62,Clear,High,Morning,Bike,20,2,58.9
3556,7.33,Rainy,Low,Morning,Car,18,1,43.1
3557,4.31,Clear,Medium,Afternoon,Bike,11,1,32.3
3558,5.03,Clear,Medium,Night,Bike,22,2,50.8
3559,6.97,Clear,Low,Evening,Bike,14,1,34.0
3560,7.56,Clear,Medium,Night,Scooter,19,3,40.6
3561,7.21,Rainy,Medium,Afternoon,Bike,26,2,59.8
3562,5.25,Rainy,Medium,Evening,Bike,16,2,44.1
3563,6.48,Foggy,Low,Evening,Car,20,3,43.0
3564,6.65,Rainy,High,Morning,Bike,26,2,71.1
3565,5.75,Rainy,Medium,Evening,Car,20,2,44.3
3566,6.35,Clear,Medium,Morning,Bike,32,3,59.9
3567,7.94,Clear,Low,Evening,Scooter,10,1,33.4
3568,6.18,Clear,Medium,Morning,Scooter,15,1,41.7
3569,4.78,Rainy,High,Night,Bike,22,2,64.3
3570,6.02,Windy,Low,Evening,Scooter,17,3,35.2
3571,4.7,Clear,Low,Evening,Bike,14,2,34.8
3572,6.75,Rainy,High,Evening,Bike,15,3,56.7
3573,7.61,Foggy,Low,Morning,Car,22,3,45.0
3574,6.7,Snowy,Medium,Evening,Car,24,1,58.2
3575,7.51,Rainy,Low,Afternoon,Bike,20,2,49.6
3576,6.91,Rainy,Medium,Afternoon,Scooter,27,1,56.6
3577,5.75,Foggy,Low,Evening,Bike,18,3,44.7
3578,6.15,Snowy,High,Afternoon,Bike,25,1,65.7
3579,6.13,Clear,Medium,Morning,Bike,11,1,37.1
3580,5.57,Windy,Low,Afternoon,Scooter,32,3,49.9
3581,4.37,Clear,Medium,Morning,Scooter,26,2,49.5
3582,6.81,Snowy,Medium,Afternoon,Scooter,27,2,61.7
3583,4.19,Clear,Low,Night,Car,27,2,37.0
3584,4.82,Clear,Low,Afternoon,Scooter,25,2,34.1
3585,5.82,Clear,Low,Morning,Bike,10,3,28.1
3586,7.95,Clear,Medium,Evening,Bike,28,3,62.4
3587,5.23,Clear,Medium,Afternoon,Scooter,12,3,26.1
3588,7.18,Clear,Low,Evening,Bike,26,2,48.5
3589,5.68,Clear,Low,Evening,Bike,19,3,46.1
3590,4.89,Clear,Low,Evening,Bike,14,2,35.1
3591,4.11,Foggy,Low,Morning,Bike,15,1,38.9
3592,4.35,Snowy,High,Evening,Scooter,14,3,44.2
3593,5.67,Rainy,Low,Morning,Scooter,22,2,44.3
3594,5.6,Clear,Medium,Afternoon,Scooter,22,2,43.6
3595,6.51,Clear,Low,Evening,Car,16,3,28.1
3596,4.25,Windy,Low,Morning,Car,16,3,31.8
3597,5.14,Clear,High,Morning,Bike,13,3,40.4
3598,4.09,Clear,Low,Night,Scooter,16,2,23.9
3599,7.49,Windy,Low,Evening,Bike,21,2,44.6
3600,5.59,Windy,Medium,Afternoon,Car,20,2,40.4
3601,6.34,Clear,Low,Afternoon,Scooter,11,2,20.6
3602,6.84,Rainy,High,Afternoon,Bike,22,1,61.2
3603,5.07,Clear,High,Evening,Scooter,33,1,63.5
3604,4.54,Foggy,Medium,Afternoon,Bike,24,3,49.8
3605,6.32,Clear,Medium,Morning,Car,7,1,31.7
3606,7.61,Clear,Low,Evening,Bike,25,2,51.2
3607,7.57,Rainy,Low,Morning,Bike,8,1,40.8
3608,5.23,Clear,High,Night,Car,11,3,32.5
3609,5.06,Rainy,Medium,Evening,Bike,14,2,47.8
3610,5.41,Clear,High,Morning,Bike,18,2,47.4
3611,4.98,Snowy,Low,Afternoon,Scooter,25,3,45.0
3612,7.86,Snowy,Medium,Morning,Scooter,24,3,67.6
3613,4.14,Rainy,Medium,Evening,Bike,16,1,49.0
3614,4.77,Foggy,Low,Afternoon,Bike,17,1,41.6
3615,4.11,Clear,Medium,Afternoon,Bike,12,2,32.9
3616,7.42,Rainy,Low,Afternoon,Bike,30,3,55.3
3617,5.89,Clear,Low,Evening,Bike,14,3,34.2
3618,4.91,Snowy,Low,Evening,Bike,13,2,37.4
3619,5.58,Snowy,Medium,Morning,Scooter,32,2,69.2
3620,4.42,Windy,High,Evening,Scooter,13,1,45.8
3621,4.43,Snowy,Low,Evening,Bike,12,3,37.4
3622,7.79,Windy,Low,Morning,Bike,32,2,63.2
3623,6.78,Clear,Low,Morning,Bike,10,2,35.7
3624,6.55,Windy,Low,Morning,Bike,8,1,35.0
3625,5.89,Rainy,High,Morning,Car,17,2,53.2
3626,5.96,Clear,Low,Morning,Bike,14,1,38.2
3627,7.09,Rainy,Low,Evening,Car,26,2,52.6
3628,4.21,Clear,Medium,Evening,Scooter,22,2,42.5
3629,6.67,Clear,Medium,Evening,Car,18,2,41.7
3630,6.2,Clear,Low,Morning,Car,7,3,21.1
3631,5.23,Clear,Medium,Evening,Scooter,14,2,39.0
3632,4.86,Rainy,Low,Afternoon,Scooter,27,3,50.8
3633,7.45,Snowy,High,Morning,Bike,14,1,58.4
3634,7.73,Rainy,Low,Morning,Scooter,8,3,36.3
3635,4.38,Rainy,Medium,Evening,Bike,13,2,42.5
3636,4.68,Clear,Low,Morning,Bike,23,1,44.3
3637,6.67,Clear,Medium,Evening,Car,26,3,50.2
3638,7.1,Clear,Low,Evening,Scooter,14,1,35.4
3639,5.97,Snowy,Low,Evening,Bike,13,3,42.6
3640,7.71,Clear,Low,Afternoon,Car,25,1,39.9
3641,7.49,Foggy,Low,Afternoon,Bike,13,3,36.4
3642,4.51,Foggy,Low,Evening,Car,15,3,27.0
3643,4.57,Rainy,Medium,Evening,Scooter,16,1,48.1
3644,4.34,Snowy,Medium,Night,Bike,16,3,47.8
3645,7.5,Clear,Low,Evening,Bike,10,3,38.6
3646,6.23,Snowy,High,Night,Car,25,2,58.5
3647,7.77,Foggy,Medium,Afternoon,Bike,13,1,48.0
3648,6.92,Foggy,Medium,Morning,Car,16,2,42.5
3649,6.93,Rainy,Medium,Morning,Bike,20,3,54.7
3650,4.5,Snowy,Low,Morning,Bike,24,1,59.4
3651,4.44,Windy,Medium,Afternoon,Scooter,19,1,38.0
3652,7.72,Clear,Low,Morning,Bike,15,2,43.6
3653,5.93,Snowy,Medium,Afternoon,Bike,6,1,41.2
3654,7.98,Foggy,Low,Evening,Scooter,18,3,40.6
3655,5.29,Clear,Medium,Afternoon,Bike,19,2,41.0
3656,6.49,Windy,Low,Afternoon,Bike,15,2,38.2
3657,6.29,Clear,Medium,Morning,Car,20,2,44.8
3658,4.27,Rainy,Low,Evening,Scooter,24,2,39.8
3659,6.08,Clear,High,Evening,Scooter,8,1,35.9
3660,7.7,Clear,Medium,Afternoon,Scooter,24,2,48.7
3661,5.82,Snowy,High,Afternoon,Scooter,19,1,52.4
3662,5.89,Clear,Medium,Evening,Bike,15,2,46.4
3663,6.8,Clear,Low,Afternoon,Car,21,3,34.0
3664,7.12,Clear,Low,Evening,Bike,22,2,47.9
3665,7.31,Rainy,Medium,Morning,Car,23,1,59.4
3666,5.81,Snowy,Low,Afternoon,Car,16,3,33.3
3667,5.78,Snowy,Medium,Evening,Scooter,19,1,54.5
3668,5.89,Clear,Low,Afternoon,Bike,17,2,35.2
3669,7.88,Rainy,Low,Evening,Bike,15,3,48.0
3670,7.72,Clear,High,Evening,Bike,11,1,48.7
3671,6.49,Rainy,Medium,Evening,Scooter,28,1,61.2
3672,5.14,Clear,High,Evening,Bike,11,2,34.3
3673,7.6,Clear,Medium,Morning,Bike,20,2,55.3
3674,4.68,Clear,Low,Afternoon,Scooter,16,1,23.7
3675,4.43,Rainy,Medium,Morning,Bike,25,1,62.5
3676,5.66,Rainy,Medium,Morning,Bike,17,1,49.0
3677,6.74,Clear,Medium,Evening,Bike,12,1,39.2
3678,4.21,Snowy,Low,Evening,Bike,12,1,41.9
3679,5.25,Foggy,Medium,Evening,Bike,16,3,47.6
3680,7.14,Clear,Low,Afternoon,Bike,18,3,39.3
3681,6.64,Foggy,High,Afternoon,Scooter,20,3,52.9
3682,4.34,Snowy,Medium,Evening,Car,25,1,53.5
3683,4.81,Clear,Medium,Evening,Bike,16,2,40.3
3684,6.9,Rainy,Medium,Morning,Scooter,24,3,58.1
3685,4.47,Clear,Medium,Evening,Bike,13,1,36.2
3686,4.04,Foggy,Low,Afternoon,Scooter,26,2,41.0
3687,7.97,Clear,Low,Evening,Bike,10,2,31.3
3688,6.46,Rainy,Medium,Night,Car,24,2,50.8
3689,5.72,Clear,Medium,Morning,Scooter,14,3,37.1
3690,6.39,Rainy,Low,Afternoon,Scooter,21,3,42.1
3691,6.68,Windy,Medium,Afternoon,Bike,18,3,51.0
3692,5.98,Clear,Low,Afternoon,Car,19,1,36.0
3693,6.63,Snowy,High,Afternoon,Bike,32,1,76.7
3694,6.83,Windy,Medium,Morning,Scooter,19,3,49.9
3695,4.72,Snowy,Low,Afternoon,Scooter,13,1,35.1
3696,5.69,Clear,High,Evening,Scooter,16,2,46.2
3697,5.22,Snowy,Low,Evening,Car,10,3,35.0
3698,7.19,Clear,Low,Morning,Scooter,15,1,38.0
3699,7.08,Clear,Low,Morning,Scooter,14,2,34.6
3700,7.24,Snowy,Low,Afternoon,Bike,20,3,51.8
3701,5.75,Rainy,Low,Morning,Bike,28,3,56.0
3702,6.3,Rainy,Low,Evening,Bike,14,1,45.5
3703,6.82,Clear,Low,Morning,Scooter,25,1,48.2
3704,5.29,Snowy,Low,Afternoon,Scooter,26,1,47.1
3705,7.91,Foggy,Medium,Afternoon,Scooter,20,2,49.6
3706,5.51,Clear,High,Night,Scooter,22,3,46.5
3707,6.15,Snowy,Medium,Evening,Bike,24,3,58.7
3708,7.31,Clear,Medium,Morning,Bike,16,1,51.7
3709,6.99,Clear,Medium,Morning,Car,32,2,53.7
3710,6.01,Rainy,Medium,Morning,Bike,16,3,54.7
3711,5.63,Windy,Low,Evening,Bike,10,3,29.6
3712,6.55,Clear,Medium,Night,Scooter,22,1,39.3
3713,5.74,Clear,Low,Morning,Bike,15,3,34.8
3714,6.37,Clear,Low,Evening,Bike,8,3,31.4
3715,7.2,Snowy,Medium,Afternoon,Scooter,12,2,45.8
3716,4.49,Clear,Medium,Evening,Bike,16,2,44.6
3717,6.79,Rainy,Low,Afternoon,Car,13,3,30.8
3718,4.22,Windy,Low,Evening,Car,11,1,29.5
3719,6.94,Clear,Medium,Morning,Bike,12,1,37.7
3720,4.84,Rainy,Medium,Evening,Car,20,3,42.9
3721,5.97,Rainy,Medium,Evening,Bike,11,2,45.1
3722,5.07,Snowy,Medium,Afternoon,Bike,24,3,52.1
3723,5.29,Clear,Medium,Morning,Scooter,25,2,49.1
3724,6.51,Clear,High,Evening,Scooter,22,3,50.6
3725,5.72,Clear,Medium,Night,Bike,14,3,39.8
3726,5.95,Foggy,Medium,Evening,Bike,19,2,54.5
3727,8.0,Foggy,High,Morning,Bike,9,2,50.4
3728,4.49,Clear,Low,Night,Bike,29,3,42.0
3729,5.54,Clear,Low,Morning,Bike,6,1,27.3
3730,6.12,Snowy,Low,Afternoon,Car,13,1,39.9
3731,7.25,Clear,High,Morning,Car,10,1,38.5
3732,5.13,Clear,Medium,Afternoon,Scooter,33,2,44.0
3733,5.58,Rainy,Medium,Morning,Bike,8,2,40.8
3734,7.29,Clear,High,Evening,Bike,6,2,40.1
3735,6.12,Clear,Low,Night,Bike,10,3,23.1
3736,7.42,Clear,High,Evening,Scooter,27,2,60.0
3737,4.26,Clear,Medium,Morning,Scooter,16,1,33.3
3738,5.15,Rainy,High,Morning,Bike,29,1,69.7
3739,6.23,Foggy,Medium,Morning,Car,30,3,53.3
3740,4.49,Rainy,Low,Morning,Car,22,3,49.9
3741,5.93,Clear,High,Evening,Bike,12,2,49.0
3742,4.07,Snowy,Medium,Evening,Car,31,1,57.2
3743,6.02,Clear,Medium,Night,Bike,17,2,38.7
3744,7.68,Foggy,Low,Afternoon,Car,17,2,37.1
3745,7.79,Clear,High,Night,Scooter,20,2,52.1
3746,5.28,Foggy,Medium,Evening,Bike,22,2,52.1
3747,4.01,Clear,High,Evening,Bike,30,1,56.7
3748,7.65,Clear,Medium,Evening,Scooter,31,1,54.9
3749,6.27,Rainy,Low,Evening,Car,16,1,40.1
3750,6.32,Clear,Medium,Morning,Car,12,2,32.5
3751,7.26,Clear,High,Afternoon,Bike,28,3,61.0
3752,5.57,Foggy,Medium,Afternoon,Car,11,1,27.3
3753,5.68,Snowy,Low,Evening,Bike,19,3,51.1
3754,7.41,Clear,Medium,Evening,Bike,12,1,42.7
3755,5.97,Snowy,High,Morning,Bike,15,3,53.1
3756,6.94,Foggy,High,Evening,Car,18,3,53.6
3757,7.62,Snowy,Medium,Evening,Scooter,22,1,61.7
3758,5.57,Foggy,Medium,Afternoon,Bike,31,2,56.6
3759,7.56,Rainy,Medium,Evening,Scooter,28,3,63.8
3760,5.31,Rainy,Low,Evening,Car,18,2,35.4
3761,7.72,Rainy,High,Afternoon,Bike,15,3,48.3
3762,5.22,Windy,Low,Afternoon,Bike,18,1,37.4
3763,4.94,Clear,Low,Afternoon,Bike,16,2,29.0
3764,6.88,Clear,Low,Evening,Bike,17,2,37.2
3765,7.69,Clear,Low,Evening,Bike,28,2,55.4
3766,7.07,Windy,Medium,Afternoon,Scooter,18,1,44.6
3767,6.96,Clear,Medium,Afternoon,Bike,9,2,40.0
3768,7.89,Rainy,Medium,Night,Car,21,1,52.0
3769,6.23,Snowy,Low,Evening,Car,14,1,42.8
3770,7.55,Windy,Medium,Afternoon,Bike,13,2,40.8
3771,4.15,Clear,Low,Morning,Bike,23,3,33.9
3772,4.53,Foggy,Medium,Morning,Bike,12,3,47.1
3773,5.09,Snowy,Low,Morning,Scooter,20,3,46.9
3774,7.78,Clear,Medium,Morning,Bike,25,1,62.3
3775,4.79,Foggy,Low,Evening,Scooter,14,2,30.8
3776,5.53,Clear,Medium,Evening,Scooter,17,1,43.6
3777,4.14,Rainy,Medium,Afternoon,Scooter,19,2,42.8
3778,4.31,Rainy,Medium,Evening,Scooter,20,3,49.9
3779,6.33,Clear,Low,Morning,Car,31,2,49.5
3780,4.39,Clear,Low,Afternoon,Car,27,1,35.4
3781,7.6,Clear,Medium,Morning,Scooter,13,1,42.0
3782,7.54,Clear,Low,Morning,Bike,18,1,42.9
3783,6.49,Rainy,Low,Night,Scooter,12,2,36.6
3784,5.59,Clear,Low,Morning,Car,9,3,21.1
3785,7.55,Clear,Low,Evening,Scooter,16,2,35.3
3786,5.95,Rainy,Medium,Afternoon,Scooter,15,1,42.0
3787,4.76,Rainy,Low,Evening,Bike,19,1,47.7
3788,5.38,Rainy,Low,Evening,Bike,20,3,47.2
3789,5.45,Windy,Low,Afternoon,Scooter,16,1,31.4
3790,6.32,Clear,Medium,Evening,Car,26,3,51.3
3791,5.6,Snowy,Low,Evening,Bike,25,1,58.5
3792,7.27,Clear,Medium,Afternoon,Bike,22,1,48.0
3793,6.51,Foggy,Low,Morning,Bike,15,1,40.6
3794,5.01,Windy,Medium,Evening,Bike,14,2,42.3
3795,5.61,Snowy,Medium,Morning,Scooter,11,2,42.3
3796,6.89,Rainy,Low,Morning,Bike,14,2,42.6
3797,4.97,Rainy,High,Night,Scooter,30,1,63.6
3798,4.37,Clear,Medium,Afternoon,Scooter,16,1,36.4
3799,6.84,Rainy,Low,Morning,Scooter,16,2,42.7
3800,5.63,Foggy,Low,Evening,Scooter,17,1,39.8
3801,4.5,Windy,High,Morning,Scooter,20,3,46.9
3802,5.92,Rainy,Low,Afternoon,Bike,28,3,49.0
3803,6.24,Clear,Medium,Evening,Bike,11,1,42.5
3804,4.1,Rainy,Medium,Night,Scooter,25,1,44.6
3805,7.16,Clear,Low,Morning,Bike,17,3,39.1
3806,5.97,Clear,Medium,Evening,Bike,14,3,39.4
3807,4.1,Clear,High,Night,Car,18,2,39.1
3808,7.45,Foggy,High,Afternoon,Scooter,18,2,51.6
3809,6.34,Clear,High,Morning,Bike,11,1,44.6
3810,7.85,Clear,Medium,Evening,Scooter,10,2,42.1
3811,5.12,Clear,Low,Afternoon,Bike,20,3,40.4
3812,5.65,Snowy,Low,Afternoon,Bike,22,2,50.4
3813,6.65,Rainy,Medium,Afternoon,Bike,20,2,52.9
3814,7.66,Clear,Medium,Afternoon,Bike,15,2,41.1
3815,7.16,Clear,Medium,Night,Bike,19,3,44.9
3816,6.57,Rainy,Medium,Evening,Scooter,28,2,56.6
3817,7.18,Clear,High,Morning,Bike,28,2,67.6
3818,4.38,Rainy,High,Evening,Bike,13,2,50.0
3819,6.9,Clear,Medium,Afternoon,Bike,10,1,34.5
3820,6.31,Windy,Low,Evening,Bike,21,3,45.1
3821,5.1,Clear,Medium,Morning,Scooter,12,2,36.1
3822,4.95,Rainy,Medium,Afternoon,Bike,24,3,51.3
3823,5.15,Clear,Medium,Evening,Scooter,14,2,33.8
3824,4.49,Windy,Low,Night,Bike,12,1,24.0
3825,5.09,Windy,Low,Evening,Bike,24,3,46.2
3826,4.29,Foggy,High,Afternoon,Scooter,13,1,42.0
3827,6.69,Clear,High,Evening,Scooter,7,3,36.4
3828,6.05,Clear,Medium,Morning,Scooter,25,3,46.1
3829,4.51,Snowy,Low,Evening,Bike,10,1,35.9
3830,6.79,Foggy,Medium,Morning,Bike,16,1,50.2
3831,4.71,Clear,Medium,Afternoon,Scooter,16,1,30.4
3832,5.98,Clear,Low,Afternoon,Car,12,3,20.0
3833,7.68,Clear,Medium,Morning,Bike,8,2,38.3
3834,7.04,Snowy,Medium,Evening,Scooter,10,1,52.5
3835,6.34,Rainy,Medium,Night,Bike,16,2,54.8
3836,6.34,Rainy,Medium,Morning,Car,30,1,63.9
3837,4.26,Rainy,High,Afternoon,Bike,22,2,57.1
3838,5.71,Clear,Medium,Morning,Bike,22,1,44.1
3839,5.23,Clear,Low,Morning,Bike,21,1,49.9
3840,5.9,Clear,High,Evening,Scooter,23,1,54.6
3841,7.81,Foggy,Low,Morning,Scooter,18,1,42.3
3842,7.15,Clear,Low,Afternoon,Scooter,32,3,56.0
3843,6.44,Clear,High,Afternoon,Scooter,20,3,46.1
3844,6.82,Clear,Medium,Afternoon,Bike,20,2,48.3
3845,6.92,Clear,Medium,Afternoon,Bike,8,1,33.7
3846,5.83,Rainy,Low,Afternoon,Car,23,3,42.7
3847,7.47,Clear,Low,Afternoon,Bike,15,2,38.3
3848,6.47,Clear,High,Afternoon,Bike,23,2,56.6
3849,6.95,Foggy,Medium,Afternoon,Bike,25,3,59.3
3850,4.04,Clear,Low,Evening,Bike,8,3,25.6
3851,6.15,Clear,Low,Evening,Bike,16,3,38.4
3852,5.46,Clear,High,Evening,Scooter,27,3,55.1
3853,4.22,Snowy,Medium,Evening,Scooter,11,1,38.6
3854,6.58,Clear,Medium,Evening,Bike,23,1,50.2
3855,7.72,Foggy,High,Evening,Bike,15,3,56.3
3856,6.93,Windy,Low,Evening,Car,18,3,42.2
3857,4.32,Rainy,Medium,Morning,Scooter,27,2,55.7
3858,4.23,Clear,Medium,Afternoon,Car,20,2,33.8
3859,5.38,Foggy,Low,Afternoon,Bike,17,3,37.2
3860,4.95,Clear,Low,Evening,Car,22,2,32.2
3861,4.11,Clear,Low,Night,Car,13,1,18.7
3862,4.16,Rainy,High,Night,Bike,7,2,40.4
3863,5.38,Clear,Medium,Afternoon,Scooter,20,3,38.1
3864,4.53,Clear,Medium,Morning,Bike,26,2,53.1
3865,4.78,Clear,Low,Evening,Scooter,22,2,36.7
3866,7.48,Clear,High,Evening,Scooter,18,1,53.6
3867,7.97,Clear,Medium,Afternoon,Bike,12,2,35.7
3868,7.22,Rainy,Low,Afternoon,Bike,10,1,35.4
3869,4.93,Windy,Medium,Afternoon,Bike,14,1,40.0
3870,4.7,Clear,Medium,Afternoon,Scooter,30,3,46.6
3871,6.31,Rainy,High,Night,Scooter,17,2,52.9
3872,7.14,Clear,Medium,Evening,Bike,24,3,57.4
3873,6.63,Clear,Medium,Afternoon,Car,7,3,29.4
3874,7.22,Clear,Low,Afternoon,Bike,17,3,41.8
3875,5.95,Clear,Medium,Evening,Bike,14,2,47.4
3876,7.95,Clear,Medium,Afternoon,Bike,30,3,56.6
3877,7.15,Clear,High,Morning,Scooter,13,3,51.8
3878,4.2,Clear,Medium,Morning,Scooter,9,2,37.7
3879,5.46,Rainy,Low,Night,Scooter,12,2,27.9
3880,6.24,Clear,Medium,Evening,Car,9,3,29.2
3881,4.9,Clear,Medium,Evening,Bike,15,2,41.7
3882,5.61,Clear,Low,Night,Bike,33,2,50.8
3883,6.52,Rainy,Medium,Evening,Scooter,29,3,55.5
3884,6.21,Clear,High,Morning,Bike,19,3,50.0
3885,7.45,Rainy,High,Morning,Scooter,25,3,65.2
3886,5.05,Clear,High,Evening,Bike,16,2,47.3
3887,7.68,Clear,Medium,Morning,Bike,27,3,60.0
3888,5.29,Windy,Medium,Morning,Bike,13,2,48.3
3889,7.68,Clear,High,Afternoon,Bike,16,2,46.0
3890,4.99,Clear,Low,Evening,Car,11,2,31.7
3891,6.03,Clear,Low,Evening,Bike,29,3,56.1
3892,7.73,Windy,High,Morning,Car,15,1,45.2
3893,5.11,Rainy,Medium,Evening,Bike,14,3,42.9
3894,7.4,Rainy,Medium,Afternoon,Car,13,1,40.5
3895,6.0,Windy,Low,Evening,Scooter,17,3,34.5
3896,5.68,Clear,Low,Evening,Bike,18,3,40.4
3897,6.65,Windy,Medium,Morning,Bike,21,1,55.9
3898,4.79,Clear,Low,Morning,Bike,24,2,43.8
3899,6.64,Rainy,Low,Morning,Scooter,22,2,49.5
3900,4.71,Clear,Medium,Evening,Bike,18,1,43.4
3901,6.84,Clear,Medium,Morning,Bike,18,2,49.0
3902,6.44,Windy,Low,Morning,Scooter,31,3,58.1
3903,4.56,Clear,Low,Morning,Scooter,17,3,24.1
3904,4.4,Windy,High,Afternoon,Bike,15,3,43.9
3905,6.43,Clear,Medium,Evening,Bike,20,2,50.3
3906,4.49,Rainy,High,Evening,Scooter,21,3,53.8
3907,6.5,Windy,Low,Evening,Bike,29,1,56.6
3908,8.0,Clear,Low,Evening,Scooter,15,1,41.6
3909,4.49,Windy,Medium,Morning,Bike,18,3,43.5
3910,5.9,Rainy,Medium,Evening,Car,20,1,56.0
3911,7.7,Foggy,Low,Evening,Scooter,22,3,43.7
3912,7.75,Clear,Medium,Evening,Scooter,8,3,37.1
3913,4.12,Rainy,Medium,Morning,Car,27,2,51.8
3914,7.23,Rainy,High,Night,Car,12,1,47.1
3915,4.95,Clear,Medium,Afternoon,Scooter,13,3,32.4
3916,6.99,Clear,High,Morning,Scooter,21,1,51.9
3917,5.42,Clear,Low,Afternoon,Car,13,3,26.4
3918,4.9,Snowy,High,Morning,Bike,11,1,59.1
3919,5.88,Clear,Medium,Morning,Scooter,29,2,51.9
3920,4.7,Foggy,Low,Morning,Scooter,20,3,38.0
3921,5.7,Windy,Low,Night,Scooter,29,1,49.7
3922,5.58,Clear,High,Morning,Car,9,2,39.0
3923,7.85,Clear,Medium,Afternoon,Scooter,8,3,26.8
3924,6.17,Rainy,Medium,Afternoon,Scooter,14,3,42.4
3925,6.79,Clear,High,Evening,Car,8,2,40.1
3926,4.7,Rainy,Medium,Evening,Scooter,17,3,44.4
3927,7.99,Rainy,Low,Morning,Bike,30,3,67.3
3928,5.99,Rainy,Medium,Afternoon,Bike,15,3,40.6
3929,4.3,Clear,Medium,Evening,Scooter,22,2,35.8
3930,6.44,Foggy,Low,Evening,Bike,20,1,51.8
3931,5.27,Rainy,Low,Morning,Scooter,8,3,28.4
3932,5.18,Clear,Low,Afternoon,Car,13,2,23.1
3933,5.27,Rainy,Low,Afternoon,Bike,20,2,40.0
3934,5.8,Snowy,Low,Evening,Car,10,2,38.1
3935,5.15,Rainy,High,Evening,Scooter,17,3,52.6
3936,7.11,Clear,Medium,Evening,Car,21,3,44.4
3937,4.72,Clear,Medium,Evening,Bike,15,2,36.5
3938,4.57,Clear,Medium,Morning,Bike,15,2,39.4
3939,4.42,Clear,Low,Afternoon,Scooter,22,3,32.9
3940,5.64,Clear,Medium,Morning,Scooter,16,1,38.2
3941,4.45,Windy,Low,Morning,Car,18,2,32.1
3942,4.1,Clear,Low,Morning,Car,13,2,24.9
3943,5.18,Snowy,Low,Morning,Bike,24,2,56.2
3944,7.92,Clear,High,Evening,Bike,20,2,59.5
3945,4.04,Clear,Low,Afternoon,Scooter,31,3,43.6
3946,4.26,Clear,Low,Evening,Bike,23,1,41.5
3947,6.33,Clear,Medium,Evening,Car,19,1,45.4
3948,5.99,Foggy,Low,Evening,Scooter,20,2,39.5
3949,4.42,Windy,Medium,Evening,Car,15,3,37.1
3950,7.58,Snowy,High,Afternoon,Car,17,2,55.5
3951,6.7,Clear,Medium,Afternoon,Bike,21,2,53.6
3952,5.98,Foggy,Medium,Afternoon,Bike,18,2,44.9
3953,6.17,Clear,Medium,Afternoon,Scooter,30,3,46.2
3954,7.18,Windy,Low,Afternoon,Car,19,1,34.9
3955,4.39,Rainy,High,Evening,Scooter,7,2,38.6
3956,7.73,Clear,Medium,Evening,Bike,11,2,44.0
3957,4.45,Clear,Medium,Afternoon,Scooter,9,1,22.4
3958,5.83,Clear,Low,Morning,Bike,27,1,50.3
3959,4.99,Clear,High,Evening,Bike,15,3,46.3
3960,6.66,Windy,High,Night,Car,25,1,56.8
3961,7.36,Foggy,Medium,Evening,Bike,17,1,55.4
3962,6.47,Windy,Low,Morning,Bike,28,2,56.5
3963,4.9,Clear,Low,Evening,Bike,17,1,38.7
3964,7.12,Rainy,Low,Morning,Car,26,1,55.6
3965,7.77,Clear,Low,Evening,Bike,21,2,42.4
3966,4.64,Rainy,Low,Evening,Bike,14,2,35.6
3967,5.01,Clear,Low,Evening,Bike,19,3,38.2
3968,6.12,Clear,Medium,Evening,Scooter,14,2,38.5
3969,6.96,Rainy,Medium,Morning,Bike,13,1,47.6
3970,4.51,Clear,Medium,Evening,Scooter,15,2,37.4
3971,4.2,Clear,Medium,Morning,Car,14,1,28.7
3972,6.27,Rainy,Medium,Evening,Scooter,18,1,49.4
3973,7.19,Clear,High,Afternoon,Bike,20,1,53.2
3974,5.19,Windy,High,Morning,Scooter,31,1,64.5
3975,6.33,Rainy,Medium,Night,Bike,17,3,46.6
3976,7.21,Snowy,Medium,Afternoon,Bike,23,2,63.3
3977,4.12,Rainy,Low,Morning,Scooter,18,2,43.9
3978,5.34,Foggy,Low,Evening,Bike,17,1,47.8
3979,5.21,Foggy,Medium,Morning,Bike,16,1,53.3
3980,6.89,Snowy,High,Morning,Bike,26,1,75.8
3981,6.66,Rainy,Medium,Night,Bike,12,2,46.3
3982,7.31,Clear,Medium,Afternoon,Bike,14,3,38.0
3983,6.19,Clear,Low,Afternoon,Bike,22,2,38.7
3984,4.91,Rainy,Low,Afternoon,Scooter,14,1,36.0
3985,5.73,Clear,Medium,Afternoon,Bike,6,1,24.7
3986,5.58,Clear,Low,Afternoon,Bike,13,2,34.0
3987,6.67,Clear,High,Morning,Car,8,2,35.7
3988,7.82,Rainy,Medium,Morning,Scooter,14,1,48.0
3989,5.83,Clear,Low,Evening,Car,15,2,33.0
3990,6.56,Rainy,Medium,Evening,Bike,30,1,67.7
3991,4.71,Foggy,Low,Evening,Bike,24,1,47.5
3992,6.3,Snowy,Low,Morning,Bike,11,3,40.3
3993,6.91,Clear,Medium,Afternoon,Scooter,11,1,29.1
3994,7.05,Rainy,Medium,Morning,Car,34,3,58.2
3995,7.89,Rainy,High,Afternoon,Bike,21,1,67.1
3996,7.95,Clear,Medium,Evening,Bike,20,1,52.2
3997,6.06,Rainy,High,Morning,Bike,19,3,56.9
3998,7.44,Clear,Medium,Afternoon,Bike,12,1,42.0
3999,6.95,Windy,High,Evening,Bike,14,1,51.4
4000,6.1,Clear,Low,Afternoon,Car,17,2,26.9
4001,4.12,Snowy,Medium,Afternoon,Bike,17,1,51.0
4002,7.91,Rainy,Low,Morning,Bike,31,2,66.4
4003,7.86,Clear,Low,Morning,Scooter,9,2,31.6
4004,6.07,Foggy,Low,Morning,Bike,7,2,32.5
4005,5.38,Clear,Low,Morning,Car,28,1,43.9
4006,4.45,Foggy,Low,Night,Bike,26,1,47.9
4007,4.22,Rainy,Low,Afternoon,Car,14,1,30.5
4008,7.21,Clear,Low,Evening,Bike,15,3,42.7
4009,5.64,Clear,Low,Afternoon,Bike,19,1,33.8
4010,6.25,Foggy,Medium,Night,Scooter,13,3,37.2
4011,5.21,Clear,Low,Morning,Car,26,3,41.3
4012,6.46,Snowy,Low,Morning,Bike,14,2,45.3
4013,7.04,Foggy,High,Afternoon,Bike,9,3,48.5
4014,7.57,Foggy,Medium,Afternoon,Bike,18,3,53.9
4015,5.98,Clear,Medium,Morning,Bike,22,3,49.5
4016,5.2,Foggy,Medium,Evening,Car,30,1,57.0
4017,4.31,Windy,Low,Morning,Car,20,3,34.1
4018,7.42,Clear,Low,Evening,Scooter,11,1,31.8
4019,7.41,Clear,Medium,Afternoon,Bike,21,1,52.6
4020,5.41,Clear,Medium,Morning,Scooter,10,1,30.8
4021,4.83,Clear,High,Afternoon,Scooter,13,3,38.3
4022,6.69,Foggy,Low,Evening,Bike,14,1,41.6
4023,7.03,Clear,Low,Afternoon,Bike,9,2,26.7
4024,6.89,Rainy,Medium,Afternoon,Scooter,15,1,47.6
4025,4.29,Clear,Medium,Evening,Car,23,2,43.3
4026,7.94,Clear,Medium,Morning,Bike,9,3,38.7
4027,6.18,Clear,Medium,Morning,Car,18,3,39.3
4028,6.43,Snowy,Low,Afternoon,Scooter,13,3,37.0
4029,4.18,Rainy,Medium,Afternoon,Car,19,3,40.1
4030,4.05,Clear,Medium,Morning,Car,18,2,34.2
4031,4.51,Foggy,Medium,Night,Bike,12,1,43.5
4032,5.56,Clear,Medium,Afternoon,Bike,26,2,45.7
4033,7.78,Clear,Medium,Morning,Scooter,18,2,41.4
4034,6.91,Clear,Medium,Morning,Car,32,1,56.3
4035,8.0,Windy,Medium,Evening,Bike,32,3,60.8
4036,6.72,Foggy,Low,Morning,Scooter,14,1,36.9
4037,4.4,Rainy,High,Night,Car,27,1,53.2
4038,6.78,Clear,Low,Afternoon,Bike,22,2,41.8
4039,6.57,Clear,Medium,Morning,Bike,17,1,46.3
4040,7.55,Rainy,High,Evening,Bike,24,3,68.5
4041,6.18,Clear,High,Morning,Bike,16,3,47.5
4042,4.98,Windy,Low,Evening,Scooter,18,3,35.0
4043,6.93,Foggy,Medium,Morning,Bike,16,1,53.4
4044,7.01,Clear,Low,Afternoon,Scooter,25,2,34.4
4045,6.06,Foggy,High,Afternoon,Bike,28,3,63.8
4046,4.38,Windy,Low,Afternoon,Car,12,3,16.4
4047,5.66,Clear,Low,Morning,Bike,19,1,40.9
4048,7.36,Rainy,Low,Evening,Scooter,11,1,41.2
4049,5.21,Windy,High,Afternoon,Bike,27,1,59.8
4050,6.93,Clear,Medium,Evening,Scooter,13,1,37.8
4051,5.01,Snowy,Medium,Evening,Bike,8,3,44.0
4052,5.31,Clear,High,Night,Scooter,23,1,45.3
4053,5.35,Rainy,Medium,Afternoon,Bike,21,2,54.7
4054,4.54,Foggy,Medium,Afternoon,Bike,16,3,43.7
4055,5.4,Rainy,Medium,Evening,Scooter,20,3,46.2
4056,6.89,Rainy,Medium,Evening,Bike,23,2,64.1
4057,5.61,Rainy,Medium,Evening,Car,12,2,40.7
4058,5.2,Clear,Low,Evening,Scooter,15,2,27.9
4059,6.8,Clear,Medium,Morning,Bike,17,3,49.7
4060,6.06,Clear,Low,Afternoon,Car,20,3,36.5
4061,5.74,Rainy,Medium,Evening,Bike,20,2,53.7
4062,7.18,Clear,High,Evening,Car,18,2,49.7
4063,5.53,Clear,Low,Afternoon,Bike,21,3,37.3
4064,6.18,Snowy,High,Afternoon,Scooter,8,2,46.1
4065,4.13,Clear,Medium,Morning,Car,15,1,35.9
4066,5.36,Clear,Medium,Evening,Bike,19,1,49.2
4067,4.95,Clear,Low,Evening,Scooter,15,2,25.1
4068,7.54,Clear,High,Morning,Bike,29,2,64.8
4069,4.08,Foggy,Medium,Morning,Scooter,30,3,57.1
4070,6.8,Clear,Low,Afternoon,Bike,16,3,33.1
4071,7.02,Clear,Low,Afternoon,Bike,13,2,34.3
4072,5.33,Windy,Medium,Night,Bike,13,3,35.2
4073,5.03,Snowy,Low,Evening,Scooter,17,3,44.3
4074,4.66,Foggy,Medium,Evening,Car,30,1,54.8
4075,5.11,Snowy,Medium,Morning,Car,13,3,44.3
4076,7.66,Windy,High,Night,Scooter,15,3,48.2
4077,4.17,Clear,Low,Afternoon,Car,19,3,22.2
4078,5.83,Rainy,Low,Night,Car,19,1,44.5
4079,5.06,Rainy,Low,Evening,Scooter,21,1,40.6
4080,6.78,Clear,High,Morning,Bike,22,3,64.6
4081,5.34,Clear,Low,Evening,Scooter,24,3,33.5
4082,5.38,Clear,Low,Evening,Bike,18,1,39.4
4083,4.23,Rainy,Medium,Evening,Car,10,3,30.3
4084,7.64,Foggy,Low,Morning,Bike,21,1,57.1
4085,6.09,Foggy,Low,Morning,Bike,19,3,42.6
4086,4.28,Clear,Low,Evening,Car,13,2,21.9
4087,7.01,Clear,Medium,Night,Bike,26,2,52.3
4088,7.12,Clear,Medium,Afternoon,Car,23,3,47.2
4089,5.84,Rainy,High,Afternoon,Car,16,2,50.3
4090,7.92,Windy,High,Morning,Scooter,31,1,68.2
4091,4.9,Snowy,Medium,Afternoon,Scooter,21,3,47.0
4092,7.38,Windy,Low,Evening,Bike,29,1,59.2
4093,7.39,Snowy,Low,Morning,Bike,22,2,56.9
4094,6.08,Windy,Low,Evening,Car,22,1,42.0
4095,6.16,Clear,Medium,Morning,Bike,13,3,40.3
4096,4.45,Clear,Low,Afternoon,Bike,16,3,31.8
4097,4.53,Clear,Medium,Afternoon,Bike,20,2,42.1
4098,5.69,Clear,Medium,Morning,Scooter,25,2,52.9
4099,7.67,Clear,Low,Evening,Scooter,28,2,47.8
4100,4.86,Clear,Medium,Evening,Bike,10,3,33.0
4101,5.9,Windy,Medium,Morning,Bike,22,2,52.5
4102,4.26,Clear,Medium,Afternoon,Car,14,1,28.2
4103,5.2,Windy,Low,Afternoon,Bike,22,3,43.2
4104,5.49,Foggy,Low,Afternoon,Bike,15,2,33.7
4105,7.85,Rainy,Medium,Morning,Bike,19,1,62.5
4106,4.77,Rainy,Low,Evening,Scooter,18,2,39.4
4107,4.4,Clear,High,Morning,Bike,26,1,60.6
4108,4.22,Rainy,Medium,Morning,Bike,21,1,60.3
4109,6.09,Clear,High,Morning,Scooter,14,3,46.7
4110,6.08,Windy,Medium,Morning,Bike,20,2,53.1
4111,4.78,Clear,Low,Evening,Car,20,2,36.7
4112,4.99,Clear,Medium,Evening,Car,15,2,33.9
4113,5.28,Foggy,Medium,Afternoon,Scooter,14,3,37.6
4114,4.04,Rainy,Medium,Evening,Bike,28,1,57.3
4115,7.27,Clear,Medium,Morning,Bike,12,3,40.4
4116,7.09,Rainy,High,Night,Scooter,12,2,48.3
4117,5.28,Clear,Low,Afternoon,Bike,19,2,35.7
4118,6.3,Rainy,High,Morning,Scooter,15,2,54.0
4119,5.31,Clear,Low,Evening,Bike,18,3,38.3
4120,4.11,Clear,Low,Morning,Scooter,14,2,27.0
4121,6.36,Clear,Medium,Night,Bike,16,2,43.6
4122,6.89,Clear,Low,Evening,Bike,16,2,38.1
4123,5.34,Clear,Medium,Morning,Bike,19,3,45.7
4124,4.97,Clear,High,Afternoon,Bike,10,3,40.6
4125,5.06,Clear,High,Afternoon,Bike,17,3,46.5
4126,5.4,Clear,Medium,Morning,Bike,21,2,47.6
4127,5.87,Rainy,Low,Evening,Car,22,1,39.9
4128,7.02,Clear,Low,Evening,Bike,14,2,37.2
4129,4.8,Rainy,Low,Morning,Bike,18,2,50.7
4130,6.83,Windy,Medium,Morning,Scooter,16,1,44.7
4131,7.86,Clear,Low,Afternoon,Bike,8,3,29.5
4132,4.72,Windy,High,Afternoon,Car,17,3,41.1
4133,6.03,Clear,Medium,Afternoon,Bike,21,2,46.3
4134,5.45,Clear,Low,Afternoon,Car,29,1,38.4
4135,6.4,Foggy,Medium,Evening,Scooter,11,3,42.6
4136,7.52,Foggy,High,Evening,Bike,16,1,60.2
4137,7.55,Snowy,Medium,Afternoon,Bike,29,3,60.6
4138,5.77,Clear,Medium,Morning,Bike,17,2,36.9
4139,7.03,Foggy,Medium,Morning,Scooter,27,3,56.1
4140,6.05,Clear,High,Morning,Bike,21,3,50.9
4141,7.09,Clear,Low,Afternoon,Scooter,26,1,43.9
4142,7.54,Clear,Medium,Evening,Scooter,23,1,49.9
4143,6.85,Windy,Medium,Evening,Scooter,10,3,39.7
4144,4.24,Clear,Low,Evening,Scooter,23,2,38.6
4145,4.98,Snowy,Low,Afternoon,Car,11,3,27.1
4146,7.14,Rainy,Medium,Morning,Bike,23,1,60.0
4147,4.08,Foggy,High,Evening,Bike,16,3,48.5
4148,6.07,Foggy,Medium,Afternoon,Bike,21,1,53.6
4149,6.44,Snowy,Low,Afternoon,Bike,9,1,38.0
4150,7.28,Clear,Medium,Evening,Bike,11,2,45.6
4151,7.23,Clear,Low,Morning,Bike,11,3,39.0
4152,4.29,Rainy,Low,Night,Scooter,16,1,33.4
4153,6.72,Clear,Medium,Evening,Bike,12,2,39.8
4154,7.16,Clear,Low,Afternoon,Scooter,7,3,20.3
4155,4.42,Clear,High,Afternoon,Bike,26,2,54.7
4156,5.94,Clear,High,Afternoon,Bike,23,1,53.2
4157,6.6,Clear,Low,Morning,Bike,19,1,40.7
4158,5.37,Clear,Low,Evening,Bike,22,2,45.3
4159,5.48,Windy,High,Morning,Bike,15,2,53.6
4160,4.41,Clear,Medium,Morning,Bike,22,1,44.3
4161,7.1,Windy,Medium,Morning,Scooter,18,2,48.5
4162,4.95,Windy,Medium,Evening,Bike,10,1,41.1
4163,5.74,Clear,High,Evening,Bike,21,2,59.5
4164,6.07,Foggy,Medium,Afternoon,Bike,33,2,61.7
4165,4.35,Rainy,Medium,Morning,Bike,14,2,45.4
4166,5.72,Rainy,Low,Morning,Bike,6,2,36.4
4167,4.61,Clear,Medium,Evening,Bike,23,3,51.1
4168,4.93,Clear,Medium,Afternoon,Scooter,14,1,33.4
4169,5.43,Clear,Low,Morning,Scooter,16,1,34.0
4170,5.96,Rainy,Medium,Afternoon,Car,7,1,30.8
4171,5.74,Windy,High,Evening,Car,9,3,37.9
4172,4.29,Rainy,Medium,Evening,Bike,22,1,53.4
4173,5.4,Foggy,High,Afternoon,Bike,30,1,66.4
4174,4.16,Windy,Low,Evening,Car,19,3,34.7
4175,5.0,Rainy,Medium,Afternoon,Bike,25,3,51.1
4176,4.34,Clear,Medium,Night,Bike,13,3,35.3
4177,4.67,Snowy,Low,Morning,Scooter,10,1,35.2
4178,6.01,Clear,Medium,Evening,Scooter,15,1,39.2
4179,7.71,Clear,Medium,Night,Bike,13,1,43.7
4180,4.78,Rainy,High,Afternoon,Bike,20,1,57.6
4181,6.92,Windy,Low,Evening,Bike,30,3,57.5
4182,4.17,Clear,High,Morning,Bike,13,2,48.6
4183,5.34,Rainy,Medium,Evening,Bike,27,2,54.9
4184,5.61,Clear,Medium,Afternoon,Scooter,18,2,40.0
4185,4.43,Clear,Low,Afternoon,Bike,11,2,22.5
4186,6.55,Clear,Medium,Morning,Bike,18,1,47.8
4187,4.58,Foggy,Medium,Morning,Bike,17,1,47.5
4188,7.2,Snowy,Medium,Afternoon,Car,23,1,54.1
4189,6.37,Clear,Medium,Evening,Bike,23,1,49.7
4190,6.97,Clear,Low,Night,Bike,20,2,36.1
4191,4.66,Clear,Medium,Evening,Scooter,21,1,36.9
4192,5.27,Clear,High,Evening,Bike,20,3,51.2
4193,6.82,Rainy,Medium,Morning,Bike,13,2,50.2
4194,5.81,Foggy,Medium,Evening,Bike,28,2,62.4
4195,6.53,Rainy,Medium,Evening,Car,13,3,46.1
4196,5.65,Clear,Low,Morning,Scooter,19,3,38.2
4197,6.69,Rainy,High,Morning,Scooter,23,1,65.1
4198,6.57,Clear,High,Morning,Car,10,1,36.9
4199,5.2,Clear,Medium,Afternoon,Scooter,17,3,38.0
4200,7.53,Windy,Low,Morning,Bike,8,1,38.1
4201,6.93,Foggy,High,Evening,Bike,13,1,50.8
4202,4.27,Windy,Medium,Afternoon,Bike,20,2,46.4
4203,4.15,Windy,Low,Morning,Bike,28,3,45.7
4204,6.86,Rainy,Medium,Evening,Scooter,15,2,44.8
4205,6.53,Windy,Low,Afternoon,Bike,25,3,51.2
4206,7.7,Clear,Low,Evening,Bike,18,1,45.1
4207,6.7,Clear,Medium,Evening,Bike,23,3,48.8
4208,4.83,Clear,High,Afternoon,Bike,24,1,50.4
4209,4.17,Clear,Low,Night,Car,20,2,31.2
4210,6.13,Clear,High,Afternoon,Bike,16,1,43.3
4211,5.99,Clear,Low,Evening,Bike,19,2,40.6
4212,7.75,Foggy,Medium,Evening,Scooter,21,3,52.8
4213,6.83,Foggy,Low,Evening,Scooter,26,3,58.4
4214,7.6,Rainy,Medium,Morning,Bike,19,1,53.8
4215,7.03,Clear,High,Evening,Bike,26,2,58.0
4216,6.64,Foggy,Medium,Afternoon,Scooter,16,3,40.1
4217,6.25,Clear,High,Morning,Bike,23,1,56.3
4218,6.32,Clear,Low,Afternoon,Scooter,20,3,34.2
4219,6.03,Clear,Low,Night,Scooter,10,2,22.7
4220,7.36,Clear,Low,Morning,Scooter,18,2,41.6
4221,4.94,Clear,Low,Morning,Car,23,3,36.4
4222,7.66,Snowy,Low,Night,Car,21,3,43.2
4223,6.24,Foggy,Low,Morning,Bike,19,3,45.2
4224,5.75,Foggy,Medium,Afternoon,Car,24,1,46.3
4225,4.84,Clear,Low,Morning,Scooter,27,1,46.5
4226,5.1,Snowy,Medium,Morning,Bike,12,1,51.2
4227,6.34,Rainy,Low,Morning,Car,14,2,39.9
4228,4.61,Clear,Low,Morning,Car,32,2,42.8
4229,4.01,Rainy,Medium,Night,Scooter,14,1,38.2
4230,5.04,Clear,Low,Morning,Bike,25,3,40.9
4231,5.22,Clear,Low,Morning,Bike,18,1,40.9
4232,7.77,Clear,Low,Afternoon,Car,16,3,35.0
4233,6.33,Rainy,Low,Night,Car,22,2,35.5
4234,5.62,Clear,Low,Evening,Bike,23,2,43.9
4235,7.93,Clear,Low,Afternoon,Bike,14,1,36.6
4236,5.47,Clear,Medium,Morning,Scooter,7,1,33.2
4237,7.83,Windy,Medium,Afternoon,Bike,23,1,52.9
4238,7.77,Clear,Low,Afternoon,Scooter,21,1,37.7
4239,6.76,Clear,Medium,Afternoon,Car,11,1,31.8
4240,6.1,Clear,Medium,Afternoon,Bike,8,2,34.1
4241,7.29,Snowy,Medium,Night,Scooter,21,3,53.9
4242,5.3,Rainy,Medium,Evening,Scooter,20,3,51.6
4243,5.47,Windy,High,Afternoon,Bike,23,3,56.4
4244,4.83,Clear,Medium,Afternoon,Bike,26,2,45.9
4245,5.02,Clear,Medium,Morning,Scooter,21,1,43.6
4246,4.55,Rainy,High,Night,Scooter,20,3,50.9
4247,7.4,Clear,High,Afternoon,Scooter,18,3,44.2
4248,4.0,Snowy,Medium,Afternoon,Car,19,1,41.2
4249,5.7,Snowy,High,Evening,Bike,31,3,69.4
4250,5.46,Clear,Medium,Afternoon,Car,9,2,29.4
4251,5.55,Windy,Low,Morning,Scooter,18,2,44.6
4252,7.38,Rainy,Medium,Night,Bike,14,1,46.7
4253,7.28,Clear,Low,Morning,Bike,22,3,48.0
4254,6.65,Rainy,Medium,Evening,Bike,23,2,63.2
4255,6.76,Clear,Low,Morning,Bike,14,2,34.2
4256,7.21,Snowy,Medium,Afternoon,Car,23,3,54.2
4257,5.54,Clear,Low,Evening,Scooter,20,3,40.4
4258,5.8,Clear,Low,Afternoon,Bike,29,2,45.8
4259,4.98,Rainy,Medium,Afternoon,Bike,24,1,53.2
4260,4.95,Clear,High,Evening,Bike,23,2,58.9
4261,7.74,Clear,Medium,Afternoon,Car,11,2,31.7
4262,7.04,Foggy,Medium,Afternoon,Scooter,32,1,58.3
4263,5.81,Clear,Medium,Evening,Bike,24,1,51.7
4264,4.16,Clear,Medium,Evening,Bike,25,3,53.9
4265,6.97,Clear,Medium,Morning,Bike,23,2,55.6
4266,7.79,Clear,Low,Morning,Scooter,26,2,49.7
4267,7.71,Clear,Low,Evening,Bike,20,2,47.5
4268,6.86,Foggy,Low,Evening,Bike,7,3,32.1
4269,6.59,Windy,Low,Evening,Car,17,2,39.1
4270,4.48,Clear,Low,Night,Bike,14,1,28.1
4271,4.34,Windy,Medium,Morning,Car,15,3,35.3
4272,5.06,Rainy,Low,Afternoon,Scooter,14,1,33.0
4273,6.25,Rainy,High,Afternoon,Bike,20,3,60.0
4274,7.65,Foggy,Medium,Afternoon,Bike,24,2,62.3
4275,7.48,Foggy,Low,Evening,Scooter,26,2,49.7
4276,5.22,Snowy,High,Morning,Scooter,26,2,67.7
4277,5.46,Clear,Low,Afternoon,Bike,7,2,23.6
4278,5.24,Rainy,High,Afternoon,Car,23,2,54.9
4279,6.12,Clear,Medium,Afternoon,Scooter,29,1,51.1
4280,7.24,Clear,Low,Morning,Scooter,23,2,42.2
4281,7.13,Rainy,Medium,Evening,Bike,11,1,47.5
4282,7.55,Clear,Medium,Evening,Bike,30,2,61.1
4283,6.09,Clear,High,Afternoon,Bike,18,3,49.0
4284,6.63,Clear,Medium,Afternoon,Bike,19,2,46.2
4285,7.82,Clear,High,Morning,Car,14,2,55.2
4286,6.7,Rainy,Low,Morning,Bike,25,1,58.1
4287,4.67,Rainy,High,Morning,Bike,26,1,61.1
4288,5.31,Clear,High,Morning,Scooter,24,3,56.0
4289,4.3,Clear,Low,Morning,Scooter,13,3,28.8
4290,4.44,Clear,High,Morning,Bike,11,3,40.8
4291,5.97,Clear,Low,Evening,Scooter,31,2,46.0
4292,6.95,Foggy,Low,Afternoon,Scooter,26,1,47.2
4293,4.76,Rainy,Low,Afternoon,Bike,26,1,52.7
4294,5.28,Rainy,Medium,Evening,Bike,24,3,58.7
4295,5.35,Rainy,Medium,Morning,Scooter,11,1,45.6
4296,7.36,Windy,Medium,Afternoon,Scooter,18,3,47.7
4297,4.74,Foggy,Low,Evening,Bike,11,1,36.8
4298,4.14,Rainy,Medium,Morning,Bike,16,2,37.8
4299,6.5,Clear,Low,Evening,Scooter,12,1,29.3
4300,6.11,Clear,Low,Night,Bike,17,3,30.4
4301,4.01,Windy,Low,Evening,Car,21,2,40.2
4302,7.06,Clear,High,Night,Bike,25,2,59.2
4303,5.7,Clear,High,Morning,Scooter,10,1,39.6
4304,6.19,Windy,High,Morning,Car,27,1,57.8
4305,6.68,Foggy,Low,Morning,Bike,13,2,45.1
4306,4.21,Clear,Medium,Afternoon,Scooter,29,1,43.3
4307,4.69,Clear,High,Evening,Bike,17,3,44.0
4308,5.85,Clear,Medium,Evening,Scooter,9,2,28.9
4309,4.69,Rainy,Medium,Night,Car,24,3,46.2
4310,4.47,Clear,Medium,Evening,Car,9,1,26.1
4311,5.3,Windy,Low,Morning,Bike,20,1,47.4
4312,5.71,Windy,Low,Afternoon,Car,24,3,38.0
4313,7.4,Rainy,Medium,Morning,Car,17,1,45.8
4314,6.38,Rainy,Low,Evening,Bike,21,3,49.8
4315,7.72,Clear,Medium,Afternoon,Car,19,3,37.5
4316,5.83,Clear,Medium,Evening,Bike,10,2,37.5
4317,5.89,Foggy,Medium,Morning,Car,21,2,51.3
4318,5.25,Clear,Medium,Evening,Car,30,2,50.1
4319,4.33,Clear,Low,Morning,Scooter,15,2,27.5
4320,4.69,Clear,Medium,Morning,Bike,11,3,37.1
4321,4.27,Clear,Medium,Evening,Car,14,1,31.7
4322,6.81,Clear,Medium,Morning,Bike,20,3,51.0
4323,5.4,Foggy,Low,Morning,Bike,32,2,58.9
4324,4.13,Snowy,High,Evening,Bike,24,1,61.5
4325,7.01,Rainy,Low,Evening,Bike,24,2,51.5
4326,5.02,Snowy,Low,Evening,Bike,15,3,43.3
4327,7.57,Clear,High,Night,Bike,20,1,55.5
4328,7.29,Snowy,Medium,Morning,Car,16,2,56.2
4329,5.22,Rainy,Medium,Morning,Car,9,2,33.1
4330,4.94,Clear,Low,Afternoon,Car,18,1,25.4
4331,7.97,Windy,Medium,Morning,Scooter,19,1,54.0
4332,7.28,Clear,Low,Night,Scooter,25,1,43.1
4333,7.71,Clear,Low,Afternoon,Scooter,23,2,40.4
4334,4.07,Clear,Medium,Evening,Scooter,17,3,38.3
4335,6.39,Clear,Low,Morning,Car,18,1,39.3
4336,5.07,Clear,Medium,Evening,Bike,24,1,53.8
4337,5.5,Rainy,Medium,Afternoon,Car,14,3,35.3
4338,4.36,Snowy,High,Morning,Car,15,3,50.2
4339,6.99,Clear,Low,Afternoon,Bike,27,2,50.7
4340,6.1,Rainy,Medium,Afternoon,Car,23,3,46.9
4341,7.17,Clear,Medium,Afternoon,Car,29,1,51.4
4342,4.47,Snowy,Medium,Morning,Bike,26,1,59.6
4343,7.99,Clear,Medium,Afternoon,Bike,23,3,48.1
4344,5.39,Clear,Medium,Afternoon,Scooter,14,1,34.6
4345,7.81,Rainy,Medium,Morning,Scooter,18,2,55.9
4346,6.71,Rainy,High,Afternoon,Bike,16,2,57.0
4347,4.44,Foggy,High,Morning,Bike,16,2,47.7
4348,7.13,Rainy,Low,Night,Scooter,23,1,51.2
4349,6.24,Foggy,Low,Morning,Bike,16,2,45.4
4350,4.75,Clear,Low,Morning,Bike,12,2,34.8
4351,4.75,Clear,Low,Afternoon,Bike,15,3,27.0
4352,7.81,Clear,High,Morning,Car,24,3,58.1
4353,7.99,Clear,Low,Morning,Bike,18,3,45.9
4354,6.3,Clear,Low,Morning,Scooter,7,2,22.0
4355,4.75,Rainy,High,Afternoon,Scooter,20,3,51.2
4356,5.36,Clear,Low,Morning,Car,12,2,23.7
4357,4.85,Rainy,Medium,Afternoon,Car,11,1,34.3
4358,6.43,Clear,Medium,Evening,Car,15,3,44.5
4359,5.6,Rainy,Low,Evening,Scooter,23,3,47.6
4360,5.51,Rainy,Medium,Evening,Bike,9,3,42.2
4361,7.21,Clear,Medium,Morning,Bike,13,3,38.8
4362,7.85,Clear,Medium,Night,Bike,13,3,41.5
4363,4.79,Rainy,Medium,Afternoon,Bike,25,3,52.5
4364,5.66,Rainy,High,Night,Bike,14,1,45.0
4365,6.15,Clear,Medium,Afternoon,Bike,19,3,39.7
4366,4.98,Clear,Medium,Afternoon,Bike,11,1,36.2
4367,5.61,Rainy,Low,Night,Scooter,24,1,48.8
4368,4.22,Rainy,Medium,Evening,Car,14,2,39.5
4369,4.16,Clear,Low,Afternoon,Bike,17,3,33.6
4370,7.15,Clear,Low,Morning,Bike,15,1,40.4
4371,5.36,Snowy,Medium,Morning,Scooter,21,1,52.1
4372,6.83,Clear,Low,Evening,Bike,14,2,44.6
4373,4.33,Snowy,Medium,Evening,Car,5,2,29.3
4374,6.68,Clear,Low,Evening,Bike,18,3,42.4
4375,6.61,Rainy,High,Evening,Bike,31,1,72.2
4376,7.29,Clear,High,Evening,Scooter,25,3,56.8
4377,4.82,Clear,Medium,Afternoon,Bike,33,1,60.0
4378,6.2,Windy,Low,Evening,Scooter,17,2,38.8
4379,7.6,Clear,Low,Morning,Bike,19,3,43.2
4380,4.88,Windy,High,Afternoon,Bike,24,3,52.5
4381,4.5,Clear,Medium,Afternoon,Bike,15,2,37.6
4382,5.38,Snowy,Low,Afternoon,Scooter,11,2,31.0
4383,7.86,Windy,Medium,Morning,Bike,12,2,47.6
4384,4.63,Rainy,Medium,Morning,Bike,30,2,61.8
4385,4.48,Clear,Low,Night,Scooter,24,3,31.9
4386,7.99,Rainy,Low,Morning,Scooter,14,1,39.9
4387,5.57,Rainy,Medium,Afternoon,Bike,24,3,53.8
4388,4.6,Windy,High,Evening,Car,22,1,49.6
4389,6.23,Clear,Low,Evening,Scooter,17,1,37.0
4390,4.06,Clear,High,Afternoon,Car,8,3,20.8
4391,5.7,Clear,Low,Evening,Bike,22,1,42.8
4392,4.14,Foggy,High,Morning,Scooter,14,2,47.7
4393,6.26,Windy,Low,Afternoon,Bike,14,1,31.4
4394,6.5,Clear,Medium,Morning,Bike,18,3,52.3
4395,4.01,Foggy,Medium,Morning,Bike,14,1,44.5
4396,6.05,Windy,High,Evening,Bike,22,1,59.5
4397,7.78,Clear,Medium,Evening,Car,14,1,41.0
4398,5.59,Clear,Medium,Afternoon,Car,24,1,39.3
4399,7.82,Rainy,Low,Evening,Bike,17,3,53.9
4400,7.85,Rainy,Medium,Evening,Bike,18,1,58.4
4401,4.96,Clear,Medium,Evening,Bike,8,2,34.1
4402,6.31,Snowy,Low,Afternoon,Scooter,7,2,34.9
4403,7.32,Rainy,Medium,Morning,Bike,13,1,52.9
4404,6.84,Windy,Low,Night,Scooter,15,2,32.0
4405,7.04,Snowy,Medium,Evening,Bike,12,1,53.0
4406,5.04,Snowy,Low,Evening,Scooter,18,2,45.8
4407,7.67,Rainy,Medium,Afternoon,Car,20,1,49.6
4408,4.94,Clear,Low,Evening,Bike,24,1,40.4
4409,6.58,Rainy,Medium,Evening,Car,18,1,53.3
4410,7.54,Clear,Medium,Afternoon,Car,16,1,38.7
4411,5.44,Rainy,High,Afternoon,Scooter,28,2,58.8
4412,6.21,Clear,Medium,Evening,Bike,17,1,48.2
4413,6.76,Rainy,Low,Afternoon,Scooter,14,1,36.0
4414,7.71,Clear,Medium,Evening,Bike,10,1,38.0
4415,5.79,Clear,Medium,Afternoon,Car,12,3,29.1
4416,6.41,Clear,Medium,Morning,Scooter,21,3,47.5
4417,4.57,Rainy,High,Morning,Scooter,13,3,45.6
4418,4.26,Foggy,Medium,Evening,Scooter,15,1,40.3
4419,4.09,Clear,Medium,Morning,Bike,8,3,30.8
4420,5.91,Snowy,Low,Afternoon,Bike,16,1,44.3
4421,6.18,Snowy,Medium,Morning,Car,20,1,53.6
4422,4.35,Clear,Low,Morning,Bike,13,3,33.3
4423,4.72,Rainy,High,Afternoon,Bike,6,1,43.2
4424,5.07,Clear,Low,Evening,Car,25,3,44.6
4425,7.57,Clear,Low,Night,Bike,22,3,48.3
4426,4.4,Rainy,Medium,Morning,Car,33,2,56.1
4427,5.96,Clear,High,Morning,Bike,11,2,44.4
4428,7.16,Snowy,Low,Morning,Scooter,21,1,54.5
4429,7.48,Windy,Medium,Evening,Scooter,14,2,39.1
4430,6.77,Snowy,High,Morning,Bike,18,2,64.8
4431,5.06,Rainy,High,Afternoon,Bike,23,2,55.5
4432,4.49,Rainy,Low,Morning,Bike,12,1,38.3
4433,4.63,Windy,Medium,Night,Scooter,17,2,37.2
4434,7.08,Clear,Low,Evening,Bike,14,1,33.8
4435,5.19,Clear,High,Afternoon,Bike,12,2,47.6
4436,5.35,Rainy,Low,Morning,Scooter,22,3,43.5
4437,4.7,Clear,Medium,Morning,Car,14,1,38.2
4438,5.74,Clear,Medium,Evening,Bike,18,3,40.1
4439,5.34,Clear,Medium,Evening,Scooter,21,3,41.1
4440,5.43,Rainy,Medium,Evening,Car,17,1,47.9
4441,4.14,Clear,Low,Evening,Scooter,11,1,24.9
4442,5.85,Clear,Medium,Morning,Car,7,3,30.6
4443,4.45,Clear,Medium,Night,Scooter,16,3,34.0
4444,6.14,Clear,High,Morning,Scooter,33,2,60.9
4445,6.68,Snowy,Low,Morning,Scooter,31,1,64.9
4446,6.18,Clear,Medium,Evening,Bike,17,2,47.2
4447,4.59,Rainy,High,Morning,Scooter,16,1,46.3
4448,6.47,Foggy,Medium,Evening,Scooter,20,1,51.1
4449,5.65,Clear,High,Afternoon,Bike,25,2,56.3
4450,5.44,Snowy,Medium,Evening,Bike,19,3,55.0
4451,4.6,Rainy,Low,Afternoon,Scooter,22,1,40.8
4452,7.98,Rainy,Low,Morning,Bike,8,1,43.5
4453,5.57,Clear,Medium,Morning,Bike,26,1,48.9
4454,5.83,Clear,Low,Afternoon,Bike,18,1,35.7
4455,4.38,Windy,Medium,Morning,Bike,18,3,43.8
4456,6.7,Foggy,Low,Morning,Scooter,13,1,40.5
4457,5.13,Windy,Medium,Evening,Bike,11,1,39.1
4458,6.96,Windy,Low,Afternoon,Bike,16,2,45.1
4459,4.27,Clear,Low,Morning,Bike,28,2,44.5
4460,5.19,Foggy,Low,Afternoon,Car,19,3,30.3
4461,6.98,Clear,Medium,Evening,Car,16,2,43.9
4462,5.58,Foggy,Low,Night,Bike,11,1,35.6
4463,4.14,Clear,Low,Morning,Bike,9,2,28.1
4464,7.16,Clear,Medium,Afternoon,Bike,20,1,46.5
4465,7.86,Foggy,Low,Evening,Bike,30,2,60.1
4466,5.51,Foggy,Medium,Afternoon,Scooter,17,3,41.8
4467,6.49,Rainy,Medium,Evening,Scooter,13,2,43.4
4468,5.49,Clear,Low,Afternoon,Scooter,16,2,34.3
4469,6.22,Clear,Medium,Afternoon,Car,18,2,37.3
4470,6.95,Windy,Medium,Evening,Car,23,3,48.7
4471,6.53,Clear,Low,Morning,Bike,17,2,39.0
4472,5.26,Clear,Low,Morning,Scooter,28,3,40.2
4473,4.78,Rainy,Medium,Night,Bike,20,3,49.9
4474,6.18,Clear,Medium,Night,Scooter,11,3,28.5
4475,6.64,Rainy,Low,Morning,Bike,11,3,40.4
4476,6.3,Clear,Low,Morning,Bike,19,2,49.3
4477,4.51,Snowy,Low,Morning,Bike,24,1,47.9
4478,5.42,Windy,Low,Morning,Bike,18,1,42.0
4479,6.98,Windy,Low,Morning,Bike,24,1,47.7
4480,4.59,Rainy,High,Afternoon,Scooter,10,2,38.3
4481,7.53,Clear,Medium,Morning,Bike,15,1,46.5
4482,5.87,Foggy,Medium,Afternoon,Car,9,2,27.8
4483,7.16,Snowy,Medium,Night,Bike,15,3,52.2
4484,5.36,Rainy,Medium,Morning,Car,19,2,51.0
4485,5.44,Foggy,Medium,Evening,Bike,28,2,60.8
4486,7.87,Foggy,High,Evening,Bike,17,2,62.6
4487,6.27,Rainy,Medium,Morning,Bike,16,1,57.1
4488,4.41,Foggy,Medium,Afternoon,Bike,21,1,48.9
4489,7.83,Clear,Low,Evening,Bike,22,3,40.4
4490,5.5,Rainy,High,Morning,Scooter,12,2,48.4
4491,6.84,Rainy,Medium,Afternoon,Bike,22,3,46.7
4492,4.51,Clear,Low,Morning,Bike,18,2,34.6
4493,7.42,Snowy,High,Morning,Bike,18,1,61.2
4494,7.84,Rainy,Medium,Night,Scooter,32,3,63.3
4495,5.53,Clear,Low,Morning,Bike,23,3,40.7
4496,4.58,Snowy,Low,Morning,Bike,24,1,54.4
4497,6.23,Foggy,Medium,Morning,Bike,25,3,60.2
4498,4.65,Foggy,Low,Evening,Scooter,20,2,37.2
4499,5.77,Clear,Medium,Evening,Scooter,8,1,32.8
4500,6.49,Snowy,Low,Afternoon,Bike,16,2,37.2
4501,4.56,Clear,High,Evening,Scooter,23,2,45.4
4502,7.79,Rainy,Medium,Evening,Bike,12,1,55.3
4503,6.82,Clear,Low,Morning,Bike,30,1,51.8
4504,5.45,Rainy,Medium,Evening,Scooter,6,2,34.2
4505,5.66,Foggy,Medium,Night,Scooter,19,3,40.2
4506,7.39,Rainy,Low,Afternoon,Bike,10,2,32.9
4507,5.9,Rainy,Medium,Afternoon,Scooter,23,3,46.1
4508,7.95,Snowy,Low,Morning,Bike,20,3,55.7
4509,4.25,Rainy,Medium,Evening,Scooter,16,3,41.4
4510,5.09,Clear,High,Afternoon,Scooter,11,1,38.8
4511,6.07,Windy,Medium,Afternoon,Scooter,17,3,37.7
4512,4.54,Foggy,Medium,Afternoon,Bike,15,3,40.2
4513,5.42,Windy,Low,Evening,Bike,13,3,34.5
4514,6.08,Windy,Low,Morning,Bike,12,1,40.6
4515,5.04,Windy,Medium,Morning,Bike,25,1,50.2
4516,4.66,Foggy,High,Morning,Bike,15,2,52.5
4517,5.07,Rainy,Medium,Evening,Scooter,10,2,40.2
4518,4.33,Clear,Medium,Morning,Scooter,12,2,29.9
4519,4.78,Rainy,Low,Evening,Scooter,21,3,42.4
4520,4.24,Foggy,Low,Evening,Scooter,16,1,36.9
4521,7.81,Rainy,Low,Evening,Bike,9,1,40.5
4522,4.64,Snowy,High,Evening,Bike,9,1,48.5
4523,4.01,Clear,Low,Morning,Bike,9,2,22.9
4524,7.83,Clear,Medium,Evening,Scooter,22,1,56.7
4525,7.03,Rainy,Medium,Night,Bike,26,2,57.9
4526,5.07,Clear,Medium,Evening,Bike,25,2,47.3
4527,7.52,Clear,Low,Afternoon,Bike,18,1,34.6
4528,7.49,Clear,Medium,Evening,Scooter,16,2,40.9
4529,6.96,Snowy,Low,Afternoon,Car,15,2,39.9
4530,6.37,Clear,Low,Evening,Car,23,3,38.4
4531,6.34,Clear,Low,Afternoon,Bike,24,1,44.4
4532,7.88,Clear,Medium,Afternoon,Scooter,29,1,55.9
4533,5.86,Clear,Medium,Evening,Bike,32,3,58.6
4534,7.23,Clear,High,Afternoon,Scooter,22,3,49.7
4535,4.45,Foggy,Low,Afternoon,Bike,13,3,36.7
4536,6.8,Foggy,Low,Afternoon,Bike,30,3,56.4
4537,7.96,Clear,Low,Morning,Bike,11,1,39.1
4538,4.04,Rainy,High,Morning,Bike,14,1,50.3
4539,5.03,Clear,Medium,Afternoon,Car,25,2,42.9
4540,7.14,Clear,High,Afternoon,Bike,18,3,51.0
4541,6.94,Snowy,Medium,Night,Car,14,3,44.4
4542,6.94,Rainy,High,Morning,Bike,18,3,62.6
4543,7.93,Snowy,Medium,Afternoon,Bike,23,3,61.6
4544,4.38,Clear,Medium,Afternoon,Scooter,14,1,26.5
4545,6.7,Clear,Medium,Afternoon,Scooter,18,1,40.3
4546,6.56,Clear,High,Afternoon,Car,14,2,35.9
4547,4.82,Clear,High,Morning,Scooter,16,1,45.9
4548,4.85,Windy,Medium,Afternoon,Scooter,13,3,28.2
4549,6.6,Clear,Medium,Evening,Bike,22,3,50.6
4550,6.62,Snowy,Medium,Evening,Car,15,3,47.9
4551,6.4,Snowy,Medium,Morning,Scooter,18,1,50.0
4552,5.85,Rainy,Low,Afternoon,Scooter,24,3,43.8
4553,6.75,Clear,Medium,Morning,Scooter,12,1,40.6
4554,5.29,Rainy,High,Evening,Bike,21,2,58.8
4555,4.94,Clear,High,Afternoon,Car,15,2,37.5
4556,6.38,Foggy,Medium,Night,Bike,17,1,49.0
4557,6.47,Rainy,Low,Afternoon,Scooter,22,3,40.2
4558,7.25,Windy,High,Morning,Scooter,28,3,63.3
4559,5.66,Rainy,High,Morning,Bike,26,2,65.6
4560,7.06,Rainy,Low,Evening,Scooter,27,2,54.3
4561,7.67,Foggy,Medium,Morning,Scooter,9,1,37.5
4562,5.7,Rainy,Medium,Afternoon,Bike,16,2,42.1
4563,6.17,Windy,Low,Evening,Scooter,24,3,48.4
4564,7.64,Clear,Medium,Morning,Scooter,24,2,53.9
4565,5.2,Windy,Low,Afternoon,Car,16,3,29.3
4566,6.89,Snowy,Low,Morning,Car,14,2,44.7
4567,6.31,Snowy,Low,Morning,Bike,19,1,48.3
4568,5.66,Clear,Medium,Evening,Bike,23,3,49.0
4569,7.46,Snowy,Medium,Morning,Bike,21,2,61.2
4570,4.63,Clear,High,Morning,Scooter,14,2,38.7
4571,4.14,Foggy,Medium,Night,Car,5,2,20.5
4572,4.83,Clear,Medium,Afternoon,Scooter,27,2,48.4
4573,7.51,Clear,High,Afternoon,Car,17,3,41.8
4574,5.37,Clear,Low,Afternoon,Scooter,25,3,38.4
4575,6.74,Clear,Low,Morning,Scooter,26,3,46.0
4576,4.92,Clear,High,Afternoon,Car,29,1,54.4
4577,5.96,Snowy,Low,Evening,Bike,15,1,49.7
4578,6.09,Clear,High,Morning,Bike,21,3,53.7
4579,4.98,Foggy,High,Morning,Bike,19,1,52.6
4580,5.55,Clear,Medium,Evening,Bike,12,2,41.7
4581,5.05,Foggy,Medium,Morning,Scooter,17,3,47.0
4582,4.4,Foggy,Medium,Morning,Bike,17,2,53.9
4583,5.73,Clear,Low,Evening,Bike,13,2,37.3
4584,6.25,Foggy,Low,Evening,Bike,16,3,41.0
4585,4.36,Windy,Low,Morning,Bike,17,2,36.9
4586,5.43,Foggy,High,Evening,Bike,24,3,54.9
4587,5.85,Clear,Low,Morning,Car,26,1,39.8
4588,7.73,Clear,Low,Evening,Scooter,22,2,40.0
4589,6.44,Foggy,Low,Morning,Scooter,24,2,49.7
4590,7.77,Clear,Low,Evening,Bike,10,3,38.2
4591,6.1,Snowy,Medium,Afternoon,Bike,19,3,59.4
4592,7.21,Clear,Low,Afternoon,Scooter,14,2,39.9
4593,4.39,Snowy,Low,Morning,Bike,16,3,44.6
4594,6.26,Clear,Medium,Evening,Bike,22,2,48.8
4595,5.41,Clear,Low,Afternoon,Scooter,29,1,41.1
4596,6.91,Windy,Low,Morning,Scooter,15,3,35.3
4597,7.51,Snowy,Medium,Evening,Car,19,1,62.0
4598,6.85,Snowy,High,Evening,Bike,11,3,48.0
4599,4.35,Windy,Medium,Afternoon,Scooter,21,3,44.6
4600,6.48,Clear,Low,Evening,Bike,13,3,32.7
4601,6.98,Clear,Low,Night,Scooter,17,2,32.0
4602,4.12,Clear,Medium,Afternoon,Car,15,3,20.5
4603,4.68,Rainy,Low,Evening,Scooter,9,1,34.9
4604,6.72,Clear,Medium,Morning,Bike,23,1,55.6
4605,5.26,Windy,Medium,Evening,Scooter,20,2,42.1
4606,4.25,Clear,Low,Morning,Scooter,25,3,41.9
4607,7.56,Clear,Medium,Evening,Car,29,1,57.8
4608,7.81,Clear,High,Morning,Scooter,16,2,48.4
4609,5.49,Clear,Medium,Afternoon,Car,23,3,33.1
4610,7.97,Clear,Medium,Afternoon,Bike,15,2,42.7
4611,7.43,Rainy,High,Night,Scooter,17,1,56.9
4612,6.22,Clear,Low,Morning,Bike,25,3,44.1
4613,6.99,Rainy,Low,Afternoon,Scooter,27,2,53.4
4614,7.74,Snowy,Low,Afternoon,Car,16,2,39.2
4615,6.91,Rainy,High,Afternoon,Scooter,24,2,58.7
4616,5.35,Rainy,Medium,Afternoon,Scooter,23,1,47.0
4617,4.77,Clear,Medium,Morning,Bike,12,1,38.4
4618,5.73,Clear,High,Afternoon,Bike,20,3,51.3
4619,4.75,Clear,Medium,Evening,Scooter,18,3,43.5
4620,4.09,Windy,Low,Afternoon,Bike,9,1,27.0
4621,5.82,Rainy,Low,Morning,Bike,19,2,42.9
4622,5.32,Clear,Low,Morning,Scooter,31,3,48.8
4623,4.38,Clear,Low,Morning,Scooter,24,3,36.9
4624,7.49,Snowy,High,Evening,Bike,13,3,58.7
4625,4.49,Rainy,Medium,Evening,Bike,13,1,45.6
4626,6.52,Rainy,Low,Afternoon,Bike,15,3,42.2
4627,6.28,Snowy,Low,Morning,Scooter,7,1,35.0
4628,7.92,Rainy,Medium,Morning,Car,10,2,45.0
4629,5.02,Rainy,High,Evening,Bike,22,2,62.1
4630,4.94,Clear,Low,Morning,Bike,19,3,39.8
4631,6.51,Clear,Medium,Evening,Car,21,2,46.8
4632,6.23,Windy,High,Afternoon,Bike,22,2,48.9
4633,7.25,Rainy,High,Night,Scooter,10,2,44.6
4634,4.69,Clear,Medium,Morning,Bike,29,1,54.3
4635,5.2,Rainy,Low,Morning,Car,31,1,52.1
4636,4.02,Clear,Medium,Afternoon,Scooter,8,3,20.4
4637,6.89,Snowy,Medium,Morning,Bike,10,2,48.0
4638,5.3,Clear,Medium,Afternoon,Bike,25,3,48.4
4639,4.94,Snowy,High,Evening,Bike,20,2,63.1
4640,6.42,Rainy,Medium,Afternoon,Bike,33,3,64.4
4641,5.01,Clear,Medium,Morning,Bike,14,1,37.4
4642,4.23,Clear,Low,Night,Scooter,24,2,36.7
4643,4.95,Snowy,Low,Night,Scooter,18,1,42.7
4644,7.4,Clear,Medium,Morning,Bike,19,1,54.0
4645,6.38,Clear,Medium,Evening,Bike,13,1,40.1
4646,5.88,Foggy,Low,Evening,Car,20,1,52.2
4647,5.97,Clear,Low,Morning,Bike,16,1,39.2
4648,7.99,Clear,Low,Night,Scooter,13,2,29.1
4649,4.13,Clear,Medium,Morning,Scooter,25,2,52.0
4650,4.64,Snowy,Low,Morning,Scooter,13,3,39.7
4651,7.46,Clear,High,Morning,Scooter,14,3,47.2
4652,6.14,Clear,Medium,Evening,Car,10,2,33.3
4653,7.98,Clear,Medium,Afternoon,Bike,21,2,53.2
4654,6.74,Clear,Medium,Afternoon,Bike,14,1,41.0
4655,6.89,Clear,Medium,Afternoon,Bike,30,1,51.4
4656,6.32,Clear,Medium,Morning,Bike,23,1,52.2
4657,4.07,Clear,High,Afternoon,Bike,27,2,55.5
4658,7.63,Clear,Low,Evening,Bike,13,2,38.4
4659,6.09,Snowy,Low,Evening,Scooter,20,1,45.8
4660,4.04,Clear,Medium,Evening,Bike,27,2,50.6
4661,4.84,Clear,Low,Night,Car,30,1,42.6
4662,5.4,Windy,Low,Afternoon,Bike,21,3,43.9
4663,5.14,Snowy,High,Afternoon,Scooter,29,3,59.2
4664,4.11,Rainy,Low,Evening,Bike,12,3,32.7
4665,5.12,Clear,Low,Morning,Bike,8,1,28.5
4666,7.59,Clear,Medium,Evening,Scooter,17,2,42.4
4667,6.36,Clear,Low,Afternoon,Bike,15,3,31.5
4668,5.31,Clear,High,Afternoon,Scooter,28,2,51.7
4669,4.35,Clear,Low,Evening,Scooter,7,3,23.1
4670,7.01,Rainy,Low,Morning,Scooter,15,1,40.3
4671,6.87,Clear,High,Morning,Scooter,15,1,44.0
4672,4.01,Rainy,High,Morning,Car,22,2,50.4
4673,7.97,Clear,Medium,Afternoon,Bike,6,2,29.8
4674,5.06,Clear,Medium,Night,Car,26,2,42.1
4675,5.05,Foggy,Low,Evening,Bike,29,3,53.6
4676,5.2,Snowy,High,Afternoon,Bike,17,1,58.9
4677,7.85,Clear,Low,Afternoon,Car,11,3,23.3
4678,7.36,Rainy,Medium,Morning,Bike,9,1,48.0
4679,6.55,Clear,Low,Morning,Car,14,1,32.8
4680,5.98,Clear,Medium,Morning,Scooter,11,3,29.7
4681,5.31,Foggy,Medium,Night,Car,18,2,40.1
4682,5.34,Clear,Medium,Morning,Bike,16,2,43.3
4683,5.3,Clear,Medium,Evening,Scooter,13,2,35.1
4684,7.45,Rainy,Low,Evening,Bike,25,2,53.3
4685,6.73,Clear,Medium,Afternoon,Bike,20,3,44.8
4686,5.63,Clear,Medium,Morning,Scooter,20,2,37.3
4687,7.97,Clear,Low,Night,Scooter,21,1,40.9
4688,4.71,Windy,Medium,Evening,Scooter,26,2,52.4
4689,4.31,Rainy,Medium,Night,Scooter,21,1,44.2
4690,5.47,Clear,Medium,Evening,Scooter,11,1,38.3
4691,7.93,Clear,Medium,Evening,Bike,16,3,45.6
4692,4.1,Rainy,Low,Afternoon,Bike,18,3,36.0
4693,4.32,Clear,Medium,Evening,Scooter,12,3,30.9
4694,5.37,Rainy,Medium,Morning,Scooter,29,1,66.0
4695,7.95,Foggy,Medium,Afternoon,Bike,14,3,45.8
4696,5.37,Clear,Medium,Evening,Bike,23,1,56.6
4697,6.71,Clear,Medium,Evening,Bike,30,1,60.0
4698,7.46,Clear,Medium,Afternoon,Scooter,14,2,34.8
4699,6.68,Clear,Medium,Afternoon,Bike,17,2,48.4
4700,4.36,Clear,Medium,Evening,Scooter,14,2,34.9
4701,4.59,Snowy,High,Evening,Scooter,25,3,60.4
4702,5.04,Clear,Medium,Morning,Car,24,2,46.5
4703,7.18,Rainy,Medium,Evening,Bike,27,1,68.9
4704,7.21,Rainy,Low,Morning,Car,9,3,32.3
4705,4.68,Clear,Medium,Morning,Scooter,23,3,46.2
4706,5.52,Clear,Low,Afternoon,Bike,19,1,35.9
4707,4.56,Clear,Medium,Morning,Bike,16,1,38.5
4708,5.89,Rainy,Low,Morning,Bike,27,1,54.2
4709,5.46,Clear,High,Afternoon,Bike,26,1,51.9
4710,7.97,Foggy,Medium,Afternoon,Bike,22,1,56.2
4711,5.55,Snowy,Medium,Afternoon,Bike,12,3,44.7
4712,4.2,Foggy,Low,Evening,Car,14,1,35.1
4713,6.08,Windy,High,Evening,Bike,12,3,51.2
4714,7.63,Foggy,Medium,Night,Bike,14,3,44.8
4715,5.48,Snowy,Low,Morning,Scooter,23,1,49.9
4716,7.27,Snowy,Medium,Morning,Car,15,2,47.8
4717,5.67,Foggy,Low,Morning,Car,14,1,35.2
4718,6.27,Snowy,Medium,Afternoon,Car,14,1,42.5
4719,6.01,Windy,Low,Morning,Car,9,1,28.8
4720,7.5,Clear,Medium,Evening,Bike,15,3,50.1
4721,6.27,Rainy,Low,Evening,Scooter,10,1,40.7
4722,5.52,Rainy,Medium,Night,Bike,19,3,46.5
4723,7.07,Snowy,Low,Morning,Car,12,3,42.1
4724,4.2,Clear,Low,Evening,Bike,14,3,33.4
4725,5.09,Snowy,High,Night,Scooter,17,2,49.4
4726,5.15,Foggy,High,Morning,Bike,16,2,57.4
4727,6.28,Windy,Low,Evening,Car,15,3,29.6
4728,7.34,Clear,Low,Morning,Bike,30,3,57.6
4729,6.22,Foggy,Medium,Morning,Car,9,1,36.7
4730,5.83,Foggy,High,Morning,Car,27,1,57.0
4731,4.26,Windy,Low,Evening,Bike,28,2,48.6
4732,7.88,Windy,Low,Morning,Scooter,31,3,61.2
4733,5.18,Rainy,Low,Afternoon,Bike,26,2,56.7
4734,4.52,Rainy,Low,Evening,Bike,24,3,46.8
4735,7.33,Clear,High,Evening,Bike,13,2,49.8
4736,7.56,Windy,High,Afternoon,Scooter,12,2,43.9
4737,5.19,Clear,Low,Night,Bike,20,2,36.2
4738,6.19,Foggy,Medium,Morning,Scooter,18,2,52.3
4739,7.13,Foggy,High,Morning,Scooter,22,1,58.9
4740,4.09,Clear,Low,Morning,Bike,11,2,26.5
4741,7.95,Clear,Low,Afternoon,Bike,14,2,35.0
4742,5.3,Clear,Low,Afternoon,Bike,21,2,36.9
4743,5.92,Snowy,Low,Evening,Bike,20,3,53.5
4744,4.2,Rainy,Low,Morning,Car,15,2,34.4
4745,4.19,Clear,Low,Evening,Bike,12,3,31.4
4746,4.45,Foggy,High,Afternoon,Scooter,26,3,56.2
4747,5.28,Clear,High,Evening,Car,25,1,51.2
4748,7.69,Snowy,Low,Morning,Bike,12,3,46.9
4749,6.06,Clear,Medium,Evening,Scooter,23,2,48.6
4750,5.3,Clear,Low,Afternoon,Car,12,3,20.0
4751,5.8,Clear,Low,Night,Scooter,17,1,31.3
4752,5.06,Rainy,Low,Morning,Bike,17,1,47.7
4753,6.5,Clear,High,Night,Scooter,16,3,42.9
4754,6.03,Foggy,Medium,Evening,Car,15,2,45.9
4755,5.51,Clear,Medium,Afternoon,Scooter,17,1,33.8
4756,6.74,Clear,High,Afternoon,Scooter,22,2,50.6
4757,5.57,Clear,High,Evening,Scooter,15,3,45.2
4758,7.23,Clear,Low,Morning,Scooter,19,1,41.3
4759,6.39,Windy,Medium,Morning,Bike,15,1,46.6
4760,4.81,Clear,Low,Afternoon,Car,31,2,36.0
4761,4.65,Windy,Low,Evening,Bike,21,2,46.4
4762,5.02,Clear,Low,Evening,Car,26,1,36.2
4763,7.67,Clear,Medium,Evening,Bike,17,1,45.3
4764,7.29,Clear,Medium,Morning,Scooter,14,2,42.6
4765,7.89,Clear,Low,Morning,Car,10,2,29.1
4766,6.98,Foggy,Low,Afternoon,Scooter,25,1,47.2
4767,7.66,Rainy,Low,Evening,Bike,22,3,50.2
4768,5.42,Clear,Medium,Morning,Scooter,25,2,48.6
4769,6.48,Rainy,Medium,Evening,Bike,21,3,59.0
4770,5.57,Rainy,Medium,Night,Bike,8,3,32.8
4771,7.46,Windy,High,Morning,Scooter,16,2,53.0
4772,7.99,Windy,Medium,Morning,Car,15,1,47.7
4773,6.98,Rainy,Low,Evening,Car,17,1,38.8
4774,7.13,Snowy,Low,Morning,Scooter,21,1,52.5
4775,7.52,Foggy,High,Morning,Scooter,19,2,57.5
4776,4.38,Rainy,Medium,Morning,Bike,20,2,52.5
4777,5.93,Foggy,Low,Morning,Bike,13,3,38.4
4778,6.93,Clear,High,Afternoon,Scooter,18,2,41.7
4779,6.42,Foggy,Medium,Morning,Scooter,13,1,42.3
4780,6.16,Windy,Low,Evening,Scooter,18,3,37.1
4781,5.54,Clear,Medium,Afternoon,Bike,14,3,36.2
4782,4.88,Snowy,High,Morning,Bike,13,2,58.2
4783,7.69,Windy,Low,Morning,Bike,29,1,53.9
4784,6.94,Clear,Medium,Night,Scooter,14,3,38.3
4785,6.45,Rainy,High,Evening,Bike,20,3,66.7
4786,4.34,Windy,Low,Afternoon,Bike,20,1,43.1
4787,4.45,Windy,Low,Evening,Scooter,19,1,42.6
4788,5.73,Clear,Medium,Night,Bike,22,1,46.6
4789,4.5,Clear,Medium,Morning,Bike,20,2,44.9
4790,4.6,Foggy,Low,Morning,Scooter,26,3,39.9
4791,4.33,Clear,Low,Afternoon,Bike,8,1,22.3
4792,5.18,Clear,High,Morning,Scooter,10,1,42.2
4793,4.04,Clear,Medium,Evening,Car,19,3,31.8
4794,6.93,Clear,Low,Morning,Bike,16,2,37.5
4795,6.4,Rainy,Medium,Evening,Bike,13,1,49.8
4796,6.03,Rainy,Low,Afternoon,Scooter,15,2,31.1
4797,7.95,Rainy,Medium,Evening,Scooter,20,1,61.4
4798,5.93,Foggy,Medium,Evening,Car,26,3,54.0
4799,7.48,Clear,Medium,Morning,Bike,12,3,43.7
4800,4.76,Clear,Low,Morning,Car,14,2,29.7
4801,5.06,Clear,Medium,Afternoon,Bike,11,3,31.3
4802,5.31,Clear,Low,Morning,Bike,34,3,54.7
4803,7.96,Clear,Medium,Evening,Scooter,7,1,33.0
4804,7.63,Clear,Low,Evening,Bike,12,2,30.6
4805,5.79,Clear,Low,Evening,Bike,16,1,38.0
4806,7.38,Clear,Medium,Evening,Bike,13,1,49.4
4807,4.93,Rainy,Medium,Afternoon,Bike,21,2,54.7
4808,6.37,Rainy,Medium,Evening,Scooter,8,1,39.8
4809,4.65,Windy,Low,Morning,Bike,18,3,38.6
4810,6.3,Foggy,High,Night,Bike,13,2,44.0
4811,4.89,Rainy,Medium,Morning,Bike,20,3,55.1
4812,6.34,Clear,Low,Afternoon,Scooter,11,1,27.6
4813,5.71,Rainy,Low,Morning,Car,13,3,34.2
4814,6.24,Clear,Low,Evening,Bike,25,2,41.6
4815,4.64,Clear,Low,Evening,Car,27,3,34.0
4816,6.03,Clear,High,Morning,Scooter,15,2,45.5
4817,5.27,Clear,Low,Afternoon,Car,19,2,24.8
4818,4.58,Clear,High,Morning,Scooter,21,2,49.5
4819,6.0,Rainy,Medium,Evening,Bike,23,2,59.8
4820,4.55,Snowy,High,Afternoon,Scooter,18,2,46.9
4821,5.71,Foggy,High,Evening,Scooter,19,3,52.9
4822,5.29,Rainy,High,Evening,Car,24,3,54.0
4823,6.17,Rainy,Medium,Evening,Car,19,2,51.2
4824,5.94,Clear,High,Morning,Scooter,18,1,58.3
4825,4.54,Foggy,Medium,Night,Scooter,14,1,36.0
4826,5.12,Rainy,Low,Evening,Bike,25,3,55.9
4827,6.23,Clear,Medium,Afternoon,Scooter,17,1,41.2
4828,7.34,Clear,Low,Evening,Scooter,19,3,39.1
4829,4.24,Windy,Low,Evening,Scooter,20,3,38.1
4830,4.36,Rainy,Medium,Morning,Bike,18,3,45.0
4831,7.19,Clear,Medium,Morning,Car,17,1,42.6
4832,5.36,Rainy,Medium,Evening,Bike,17,2,49.7
4833,5.03,Clear,Low,Morning,Bike,10,2,33.9
4834,4.92,Clear,High,Morning,Bike,25,1,55.3
4835,7.88,Clear,Low,Evening,Bike,10,3,32.4
4836,6.04,Clear,Low,Evening,Bike,32,3,50.4
4837,4.64,Rainy,High,Evening,Bike,31,2,71.6
4838,5.62,Clear,Medium,Afternoon,Bike,27,3,49.0
4839,5.04,Foggy,Low,Evening,Bike,10,2,29.8
4840,4.67,Clear,Low,Morning,Bike,8,3,29.5
4841,7.91,Rainy,Medium,Afternoon,Car,20,3,44.1
4842,5.78,Rainy,Low,Evening,Scooter,12,3,34.3
4843,6.76,Rainy,Low,Evening,Bike,29,2,59.0
4844,7.59,Rainy,Low,Afternoon,Scooter,21,1,42.8
4845,4.82,Windy,Low,Morning,Scooter,26,3,38.7
4846,4.51,Rainy,Medium,Evening,Scooter,33,3,62.6
4847,5.04,Foggy,Low,Morning,Bike,29,3,55.2
4848,6.85,Foggy,Medium,Morning,Scooter,11,3,41.4
4849,5.53,Clear,High,Evening,Bike,32,1,66.7
4850,5.96,Clear,Medium,Morning,Bike,10,3,32.2
4851,4.08,Clear,Low,Morning,Car,23,1,36.9
4852,4.02,Clear,Low,Evening,Bike,23,2,41.9
4853,5.63,Clear,Medium,Morning,Bike,13,2,41.5
4854,4.6,Clear,Medium,Evening,Bike,16,3,41.6
4855,7.16,Rainy,Medium,Morning,Scooter,20,2,56.5
4856,7.81,Clear,Low,Evening,Bike,18,2,43.6
4857,7.7,Snowy,High,Evening,Bike,22,1,70.5
4858,5.86,Clear,Medium,Evening,Bike,11,2,34.7
4859,5.15,Foggy,Low,Afternoon,Bike,16,2,39.2
4860,5.94,Clear,High,Night,Bike,22,3,49.3
4861,4.42,Clear,Low,Morning,Bike,7,2,23.7
4862,7.78,Clear,High,Evening,Bike,21,1,58.3
4863,6.69,Rainy,Low,Afternoon,Bike,18,1,41.9
4864,5.15,Clear,Low,Afternoon,Car,28,3,37.2
4865,7.04,Windy,Medium,Night,Scooter,30,2,57.8
4866,4.98,Clear,Medium,Afternoon,Bike,21,2,39.4
4867,7.01,Rainy,Low,Afternoon,Bike,18,1,45.8
4868,5.61,Clear,High,Morning,Scooter,18,1,49.7
4869,7.46,Rainy,Medium,Morning,Scooter,17,2,43.8
4870,7.96,Clear,High,Evening,Bike,23,2,66.9
4871,5.28,Clear,Medium,Evening,Bike,15,2,40.0
4872,6.2,Clear,Low,Afternoon,Scooter,14,2,25.6
4873,4.95,Clear,High,Night,Bike,17,3,44.3
4874,7.2,Clear,High,Morning,Bike,15,1,50.2
4875,5.97,Windy,Low,Evening,Bike,24,2,48.7
4876,7.94,Clear,Medium,Afternoon,Scooter,14,3,35.4
4877,7.55,Clear,Medium,Afternoon,Bike,16,2,46.8
4878,5.09,Windy,Medium,Afternoon,Bike,14,2,47.0
4879,4.48,Clear,Low,Afternoon,Bike,18,2,34.8
4880,6.48,Clear,Medium,Night,Scooter,15,3,36.1
4881,5.27,Foggy,Low,Evening,Scooter,20,2,39.7
4882,5.01,Windy,Medium,Morning,Scooter,24,1,52.6
4883,6.18,Foggy,Low,Morning,Scooter,23,1,44.7
4884,6.15,Clear,Medium,Evening,Bike,15,1,44.9
4885,6.15,Windy,Low,Afternoon,Bike,19,3,38.2
4886,5.18,Clear,Low,Evening,Car,16,1,27.0
4887,4.62,Windy,High,Evening,Car,21,2,48.3
4888,4.73,Snowy,High,Evening,Bike,26,1,64.9
4889,6.88,Windy,Low,Afternoon,Scooter,25,2,48.4
4890,5.87,Clear,Medium,Morning,Bike,27,3,51.9
4891,5.88,Clear,High,Evening,Bike,16,1,49.9
4892,7.91,Rainy,High,Morning,Bike,24,2,67.3
4893,7.67,Rainy,High,Evening,Scooter,16,2,53.0
4894,4.26,Rainy,Low,Evening,Car,11,3,31.6
4895,7.19,Windy,Medium,Evening,Scooter,19,2,48.3
4896,4.99,Rainy,Low,Evening,Scooter,19,3,48.2
4897,6.89,Clear,Medium,Night,Bike,23,2,52.1
4898,4.69,Clear,Medium,Afternoon,Car,25,1,40.9
4899,4.58,Clear,Medium,Morning,Bike,27,2,53.0
4900,7.76,Clear,Low,Morning,Car,22,3,41.0
4901,6.23,Clear,Medium,Morning,Bike,20,2,45.4
4902,5.4,Snowy,Low,Morning,Bike,7,3,32.8
4903,7.56,Foggy,Low,Morning,Scooter,11,2,34.3
4904,5.16,Rainy,Low,Afternoon,Bike,11,1,38.8
4905,4.26,Clear,Medium,Night,Bike,14,1,35.5
4906,5.58,Rainy,High,Morning,Scooter,27,2,64.7
4907,6.83,Snowy,Low,Afternoon,Scooter,22,1,50.8
4908,6.65,Snowy,Low,Afternoon,Bike,20,2,48.8
4909,5.89,Rainy,Low,Evening,Scooter,11,2,33.9
4910,6.04,Snowy,Medium,Afternoon,Scooter,21,2,57.1
4911,6.12,Rainy,Low,Night,Bike,22,3,48.3
4912,5.5,Clear,Medium,Night,Bike,15,2,32.9
4913,4.33,Snowy,High,Afternoon,Scooter,14,1,41.7
4914,4.63,Clear,Medium,Evening,Car,21,2,42.2
4915,6.9,Clear,High,Morning,Bike,11,3,43.7
4916,7.24,Clear,Low,Night,Scooter,19,2,35.3
4917,5.58,Rainy,Medium,Morning,Bike,31,3,57.9
4918,5.32,Rainy,Low,Evening,Scooter,8,2,30.1
4919,6.43,Rainy,Medium,Morning,Scooter,12,1,47.3
4920,4.09,Clear,High,Evening,Scooter,18,2,42.2
4921,6.28,Clear,Low,Morning,Bike,10,2,29.1
4922,5.88,Snowy,Low,Afternoon,Car,22,3,42.4
4923,5.77,Clear,Low,Evening,Scooter,10,3,27.0
4924,4.01,Windy,High,Evening,Scooter,13,1,41.2
4925,7.77,Clear,Low,Evening,Scooter,19,1,36.8
4926,4.69,Rainy,Low,Evening,Bike,24,1,51.9
4927,4.45,Rainy,Medium,Afternoon,Bike,16,3,41.3
4928,5.54,Snowy,Medium,Afternoon,Scooter,9,2,38.5
4929,7.12,Clear,Low,Afternoon,Bike,15,2,32.5
4930,7.06,Windy,Low,Evening,Bike,10,2,41.1
4931,6.05,Rainy,High,Afternoon,Scooter,13,1,48.8
4932,6.2,Rainy,Low,Evening,Bike,17,2,45.4
4933,5.82,Rainy,Low,Afternoon,Scooter,27,1,49.1
4934,4.1,Clear,Low,Afternoon,Bike,27,2,45.7
4935,5.11,Rainy,Low,Evening,Scooter,22,1,49.2
4936,5.56,Clear,Low,Evening,Bike,25,1,51.2
4937,6.22,Clear,High,Afternoon,Scooter,18,3,45.7
4938,6.64,Rainy,Medium,Morning,Scooter,30,2,60.8
4939,7.95,Rainy,Low,Afternoon,Bike,25,3,55.5
4940,6.03,Clear,High,Evening,Car,21,2,54.2
4941,6.69,Clear,Low,Evening,Bike,13,3,37.7
4942,7.84,Clear,Medium,Afternoon,Bike,23,2,48.6
4943,5.11,Clear,Low,Morning,Scooter,26,2,42.2
4944,5.81,Rainy,Medium,Morning,Scooter,17,2,49.9
4945,6.88,Clear,Medium,Evening,Scooter,15,1,42.1
4946,6.26,Snowy,Low,Morning,Car,15,2,43.9
4947,7.57,Clear,High,Morning,Scooter,23,1,55.2
4948,6.26,Clear,Medium,Afternoon,Bike,30,2,53.9
4949,7.69,Snowy,High,Morning,Bike,16,1,65.3
4950,4.59,Clear,Low,Evening,Car,11,3,24.5
4951,7.21,Clear,High,Morning,Bike,9,2,43.8
4952,4.85,Windy,Low,Morning,Scooter,25,2,36.1
4953,4.2,Windy,High,Evening,Car,15,3,32.8
4954,4.45,Foggy,High,Night,Scooter,25,3,51.8
4955,6.32,Clear,High,Evening,Bike,11,1,46.9
4956,5.16,Rainy,Low,Morning,Scooter,8,3,29.9
4957,4.58,Windy,Medium,Evening,Bike,15,2,43.0
4958,6.52,Windy,Medium,Evening,Car,15,2,45.9
4959,5.95,Clear,Low,Evening,Scooter,34,3,49.8
4960,5.52,Clear,Medium,Morning,Scooter,13,3,36.4
4961,6.14,Clear,High,Morning,Bike,23,3,61.8
4962,7.45,Clear,Medium,Evening,Bike,28,2,56.1
4963,6.9,Rainy,High,Afternoon,Bike,24,2,68.3
4964,5.98,Clear,Low,Afternoon,Scooter,31,3,47.3
4965,7.29,Clear,High,Evening,Scooter,12,1,44.5
4966,7.45,Clear,High,Afternoon,Car,21,3,40.0
4967,5.51,Rainy,Low,Evening,Bike,18,3,49.5
4968,4.6,Clear,Low,Evening,Bike,26,2,50.2
4969,4.46,Clear,Medium,Afternoon,Scooter,23,1,38.1
4970,6.56,Clear,High,Morning,Scooter,23,2,59.7
4971,7.75,Windy,High,Night,Bike,16,1,48.4
4972,4.15,Clear,Medium,Evening,Bike,21,3,45.2
4973,5.99,Rainy,Medium,Evening,Bike,27,2,61.4
4974,4.78,Clear,Low,Evening,Scooter,13,2,24.3
4975,6.13,Clear,Medium,Afternoon,Car,8,2,25.5
4976,7.43,Clear,High,Morning,Car,15,2,46.1
4977,7.15,Clear,Medium,Afternoon,Scooter,26,1,45.6
4978,7.89,Clear,High,Morning,Scooter,17,2,53.2
4979,5.94,Rainy,High,Morning,Scooter,14,1,49.4
4980,6.65,Rainy,High,Afternoon,Scooter,28,2,61.4
4981,7.59,Clear,Low,Morning,Bike,9,1,39.4
4982,6.79,Clear,Medium,Evening,Bike,24,2,51.8
4983,7.86,Rainy,High,Evening,Car,24,1,56.9
4984,4.98,Clear,Low,Night,Car,18,3,26.4
4985,4.54,Clear,High,Afternoon,Scooter,14,1,37.7
4986,4.6,Clear,Medium,Evening,Bike,17,2,41.2
4987,7.41,Clear,Medium,Afternoon,Scooter,15,2,40.7
4988,4.21,Clear,High,Morning,Bike,12,3,42.7
4989,7.24,Windy,High,Evening,Bike,19,1,57.5
4990,5.86,Windy,Medium,Afternoon,Scooter,13,3,37.2
4991,6.76,Windy,Low,Afternoon,Scooter,33,2,53.1
4992,6.98,Clear,Medium,Afternoon,Bike,19,3,45.9
4993,5.7,Clear,Low,Afternoon,Scooter,11,3,23.3
4994,4.58,Clear,Medium,Evening,Scooter,20,2,41.7
4995,6.47,Clear,Medium,Night,Bike,16,3,40.8
4996,7.83,Clear,Medium,Morning,Bike,12,1,43.7
4997,4.1,Clear,Medium,Evening,Scooter,14,2,35.3
4998,4.91,Clear,Low,Afternoon,Car,14,2,25.3
4999,7.5,Clear,Medium,Morning,Car,19,2,46.0
5000,4.28,Clear,Low,Evening,Bike,14,2,34.1
5001,8.04,Foggy,Low,Afternoon,Scooter,9,5,23.9
5002,11.51,Clear,Low,Evening,Scooter,25,3,57.2
5003,11.07,Snowy,Low,Morning,Bike,14,4,53.1
5004,9.02,Clear,Medium,Morning,Scooter,15,6,46.6
5005,11.87,Rainy,Medium,Morning,Bike,17,6,58.4
5006,10.85,Clear,High,Morning,Scooter,24,3,68.8
5007,8.48,Rainy,High,Morning,Bike,20,3,59.3
5008,9.84,Clear,High,Afternoon,Bike,10,4,48.2
5009,11.46,Clear,High,Morning,Bike,17,3,61.3
5010,10.67,Rainy,Low,Afternoon,Bike,23,5,57.9
5011,10.34,Clear,High,Night,Bike,8,5,50.9
5012,9.67,Clear,Low,Evening,Bike,8,5,37.0
5013,8.99,Windy,Low,Night,Scooter,22,4,47.2
5014,10.45,Clear,High,Morning,Bike,18,4,65.2
5015,8.62,Rainy,Low,Afternoon,Bike,12,4,39.7
5016,11.24,Rainy,Low,Night,Bike,21,6,56.2
5017,8.84,Clear,Medium,Afternoon,Car,10,6,36.0
5018,8.48,Clear,Medium,Morning,Bike,17,6,49.1
5019,8.29,Clear,Medium,Morning,Scooter,25,4,51.1
5020,11.26,Foggy,High,Morning,Bike,12,3,63.5
5021,9.87,Clear,Low,Night,Bike,19,3,45.3
5022,9.59,Clear,Medium,Morning,Car,16,6,45.0
5023,10.08,Clear,Low,Evening,Scooter,27,6,50.0
5024,10.35,Windy,Medium,Evening,Scooter,20,5,55.5
5025,11.52,Foggy,Low,Evening,Bike,15,3,53.1
5026,9.38,Windy,Medium,Evening,Bike,17,4,52.8
5027,8.75,Rainy,Low,Evening,Bike,18,5,55.2
5028,11.48,Rainy,Low,Evening,Bike,32,6,69.1
5029,9.92,Clear,Low,Evening,Car,23,6,43.0
5030,10.32,Windy,Low,Evening,Bike,22,6,50.5
5031,8.63,Rainy,Medium,Evening,Bike,32,3,72.0
5032,11.45,Clear,Low,Evening,Bike,12,5,43.7
5033,11.75,Rainy,Medium,Afternoon,Bike,17,6,60.4
5034,9.79,Rainy,Low,Evening,Bike,30,4,62.4
5035,8.08,Clear,Low,Evening,Bike,26,5,45.7
5036,8.11,Clear,Low,Morning,Car,13,4,26.9
5037,9.21,Clear,High,Morning,Scooter,16,6,52.0
5038,9.97,Snowy,Medium,Afternoon,Bike,13,4,57.6
5039,9.73,Clear,High,Afternoon,Bike,22,6,60.7
5040,10.28,Snowy,Medium,Morning,Scooter,20,5,60.1
5041,9.03,Clear,Low,Evening,Bike,19,4,46.9
5042,8.84,Foggy,High,Evening,Car,27,5,57.7
5043,11.9,Clear,Low,Afternoon,Scooter,10,3,41.2
5044,9.12,Windy,High,Morning,Bike,29,6,73.9
5045,11.79,Clear,High,Night,Scooter,17,4,57.2
5046,10.29,Clear,Medium,Morning,Bike,8,4,41.5
5047,8.28,Clear,High,Night,Bike,28,4,60.7
5048,10.38,Clear,High,Morning,Scooter,29,5,66.3
5049,11.94,Clear,Low,Morning,Bike,29,6,66.8
5050,11.36,Foggy,Medium,Morning,Bike,25,5,71.0
5051,9.21,Windy,Medium,Morning,Car,14,3,44.9
5052,8.38,Rainy,High,Night,Scooter,14,5,52.2
5053,9.84,Rainy,High,Evening,Bike,15,5,59.9
5054,8.39,Clear,High,Morning,Car,13,6,39.7
5055,9.19,Snowy,Medium,Night,Bike,28,4,67.6
5056,11.67,Snowy,Medium,Morning,Scooter,18,6,58.7
5057,10.61,Clear,Low,Morning,Bike,14,6,38.7
5058,11.13,Windy,Medium,Morning,Scooter,23,3,60.8
5059,10.16,Clear,Medium,Evening,Scooter,20,6,50.0
5060,8.67,Foggy,Medium,Night,Bike,16,6,45.4
5061,8.6,Windy,Medium,Morning,Car,28,6,55.1
5062,11.06,Foggy,Medium,Afternoon,Bike,19,6,57.9
5063,9.72,Clear,Low,Morning,Car,20,3,42.9
5064,10.0,Rainy,Medium,Morning,Bike,8,3,51.6
5065,8.72,Clear,Low,Afternoon,Bike,20,5,41.7
5066,9.45,Foggy,Low,Afternoon,Bike,16,5,50.0
5067,8.53,Clear,High,Evening,Bike,23,6,64.2
5068,8.82,Foggy,Low,Morning,Scooter,9,5,36.8
5069,11.56,Windy,Low,Morning,Scooter,16,3,46.2
5070,10.87,Clear,Low,Afternoon,Car,9,5,28.2
5071,11.41,Clear,Low,Evening,Scooter,29,4,53.8
5072,11.5,Rainy,Low,Evening,Scooter,16,6,48.3
5073,10.36,Clear,Low,Morning,Bike,11,5,42.8
5074,9.22,Clear,Low,Afternoon,Scooter,23,6,39.9
5075,9.97,Clear,Low,Morning,Car,27,5,49.4
5076,8.08,Clear,Medium,Afternoon,Bike,23,3,54.5
5077,11.27,Rainy,Medium,Afternoon,Bike,26,6,67.9
5078,11.21,Rainy,Medium,Morning,Bike,25,3,71.1
5079,10.03,Clear,Low,Evening,Bike,32,4,61.3
5080,9.51,Clear,Low,Evening,Scooter,15,3,39.5
5081,8.69,Clear,Low,Evening,Bike,15,3,45.1
5082,8.3,Clear,Medium,Afternoon,Car,11,6,32.6
5083,9.3,Foggy,Medium,Evening,Bike,26,3,64.9
5084,11.75,Clear,Medium,Morning,Bike,29,3,65.2
5085,8.28,Rainy,Low,Evening,Bike,14,3,48.9
5086,11.8,Windy,Medium,Afternoon,Bike,20,5,59.0
5087,10.11,Rainy,Medium,Evening,Scooter,14,3,48.7
5088,9.76,Rainy,Medium,Afternoon,Car,26,5,57.0
5089,8.49,Clear,Low,Morning,Bike,6,4,33.3
5090,8.29,Clear,Medium,Morning,Bike,21,3,52.7
5091,10.18,Clear,Low,Morning,Scooter,18,3,50.0
5092,10.39,Foggy,Low,Afternoon,Scooter,14,3,46.6
5093,9.74,Snowy,High,Afternoon,Scooter,28,3,67.8
5094,9.15,Clear,Low,Evening,Bike,17,6,42.8
5095,8.05,Clear,Medium,Morning,Scooter,18,5,47.6
5096,9.07,Clear,Medium,Night,Bike,10,4,39.3
5097,10.86,Rainy,Low,Afternoon,Bike,16,6,51.5
5098,10.42,Rainy,Medium,Evening,Car,12,4,47.6
5099,8.63,Rainy,High,Afternoon,Bike,19,6,54.7
5100,11.17,Windy,Low,Night,Bike,19,4,52.3
5101,8.59,Clear,Medium,Morning,Bike,14,6,44.3
5102,11.18,Rainy,Medium,Evening,Bike,29,3,82.5
5103,10.05,Rainy,High,Evening,Car,15,5,59.9
5104,10.87,Clear,High,Evening,Bike,21,4,61.3
5105,8.33,Windy,High,Afternoon,Bike,31,6,68.7
5106,10.96,Clear,Medium,Evening,Car,24,4,55.5
5107,10.89,Foggy,Low,Morning,Bike,23,4,61.1
5108,8.7,Foggy,Medium,Evening,Bike,9,4,44.6
5109,8.55,Windy,Medium,Afternoon,Bike,18,5,49.7
5110,10.99,Rainy,Low,Morning,Bike,23,3,65.6
5111,9.66,Clear,High,Evening,Bike,21,4,64.3
5112,10.59,Snowy,Low,Morning,Scooter,19,5,58.6
5113,8.04,Foggy,Low,Afternoon,Bike,28,3,64.2
5114,8.73,Rainy,Medium,Morning,Scooter,19,4,53.4
5115,10.98,Foggy,Low,Morning,Car,25,3,61.8
5116,8.8,Clear,Medium,Afternoon,Bike,27,3,57.4
5117,8.32,Rainy,High,Morning,Bike,24,6,66.5
5118,8.7,Snowy,Medium,Afternoon,Bike,12,6,49.5
5119,11.33,Clear,Low,Evening,Bike,23,3,58.8
5120,9.39,Clear,Medium,Afternoon,Bike,24,5,52.6
5121,10.12,Windy,Low,Morning,Bike,21,3,48.6
5122,10.31,Foggy,Medium,Morning,Bike,16,6,58.6
5123,9.49,Snowy,Medium,Morning,Bike,14,6,58.0
5124,8.37,Clear,Low,Night,Bike,21,6,40.3
5125,9.03,Windy,Low,Afternoon,Scooter,22,4,40.7
5126,8.63,Clear,High,Morning,Bike,28,4,67.8
5127,11.64,Rainy,Medium,Morning,Scooter,15,6,59.9
5128,10.96,Clear,Low,Morning,Scooter,14,5,38.4
5129,11.29,Foggy,High,Morning,Bike,23,5,72.7
5130,11.25,Windy,Medium,Morning,Scooter,31,6,73.8
5131,8.01,Foggy,High,Afternoon,Bike,14,6,53.9
5132,11.0,Rainy,High,Morning,Scooter,14,4,60.8
5133,9.93,Clear,High,Afternoon,Bike,27,3,64.8
5134,11.1,Rainy,Low,Morning,Scooter,14,3,48.2
5135,11.84,Rainy,Low,Afternoon,Scooter,16,6,47.7
5136,9.43,Clear,Low,Evening,Scooter,33,3,56.7
5137,10.42,Rainy,Low,Morning,Scooter,24,4,56.8
5138,9.22,Snowy,High,Afternoon,Bike,14,6,58.4
5139,11.58,Foggy,Medium,Morning,Bike,30,4,69.3
5140,9.02,Foggy,Low,Afternoon,Bike,25,3,53.7
5141,9.41,Clear,Low,Afternoon,Bike,31,5,62.9
5142,11.55,Rainy,Medium,Night,Bike,16,6,52.8
5143,8.4,Clear,Low,Afternoon,Scooter,21,3,44.4
5144,9.98,Clear,Low,Morning,Scooter,16,5,44.2
5145,10.33,Clear,Low,Evening,Car,17,6,42.2
5146,10.32,Clear,High,Afternoon,Scooter,21,5,53.3
5147,8.48,Clear,Medium,Morning,Scooter,16,6,46.0
5148,8.16,Rainy,High,Evening,Car,16,4,60.3
5149,9.67,Clear,Low,Morning,Bike,18,6,49.2
5150,9.82,Clear,High,Afternoon,Scooter,11,4,45.2
5151,11.77,Clear,Medium,Evening,Bike,32,3,72.4
5152,11.02,Rainy,Low,Morning,Bike,25,4,62.2
5153,10.39,Clear,High,Night,Car,17,3,50.7
5154,8.84,Clear,Medium,Afternoon,Bike,23,5,53.4
5155,11.61,Rainy,Low,Morning,Car,34,4,68.6
5156,8.77,Clear,Low,Morning,Car,18,5,38.4
5157,11.79,Windy,Low,Afternoon,Car,22,5,48.0
5158,11.78,Clear,High,Morning,Scooter,10,5,56.7
5159,11.91,Clear,Low,Evening,Scooter,30,6,59.4
5160,9.13,Clear,High,Afternoon,Bike,12,4,48.6
5161,8.55,Rainy,Low,Morning,Bike,24,5,49.9
5162,10.52,Clear,Low,Morning,Car,17,5,44.4
5163,9.69,Snowy,High,Morning,Bike,20,5,72.4
5164,9.55,Clear,Low,Evening,Bike,19,4,49.5
5165,10.23,Rainy,Medium,Evening,Car,16,4,55.2
5166,10.76,Clear,Medium,Morning,Bike,30,6,63.5
5167,9.33,Clear,Low,Night,Car,15,6,31.4
5168,9.34,Clear,Low,Afternoon,Bike,13,3,43.3
5169,10.44,Rainy,Low,Morning,Bike,27,6,59.5
5170,8.29,Clear,Low,Evening,Scooter,14,6,30.9
5171,10.8,Windy,High,Evening,Bike,11,5,52.7
5172,11.2,Foggy,Medium,Evening,Scooter,12,5,50.4
5173,11.52,Windy,Low,Evening,Bike,15,4,56.0
5174,11.02,Clear,Low,Morning,Bike,26,5,58.4
5175,10.03,Foggy,Medium,Morning,Car,21,3,59.8
5176,11.5,Rainy,Low,Morning,Bike,11,4,45.2
5177,9.96,Rainy,Low,Morning,Scooter,18,6,47.1
5178,11.15,Windy,High,Afternoon,Bike,20,5,60.8
5179,8.25,Rainy,Low,Night,Car,24,4,51.9
5180,10.84,Snowy,Medium,Afternoon,Car,19,3,57.8
5181,8.34,Foggy,Low,Night,Scooter,15,6,36.9
5182,8.11,Clear,High,Evening,Bike,33,4,71.3
5183,10.01,Foggy,Low,Morning,Car,14,5,41.6
5184,8.48,Clear,Medium,Afternoon,Car,30,4,58.5
5185,9.3,Windy,High,Morning,Scooter,13,3,58.8
5186,11.1,Snowy,Medium,Morning,Scooter,18,4,65.7
5187,10.2,Clear,Medium,Night,Bike,11,5,45.8
5188,10.93,Clear,Low,Afternoon,Bike,27,3,54.0
5189,11.13,Clear,Low,Night,Scooter,17,5,42.2
5190,9.92,Rainy,High,Morning,Scooter,27,6,64.5
5191,11.94,Clear,Medium,Afternoon,Scooter,25,3,56.5
5192,8.81,Foggy,Low,Morning,Car,13,6,33.4
5193,8.34,Rainy,Low,Evening,Bike,9,3,44.4
5194,9.27,Snowy,High,Afternoon,Car,28,4,68.0
5195,11.05,Clear,High,Evening,Bike,19,5,64.9
5196,8.38,Rainy,Low,Afternoon,Car,26,3,51.9
5197,9.87,Clear,Medium,Afternoon,Bike,21,3,56.6
5198,10.29,Snowy,Medium,Afternoon,Bike,23,4,63.3
5199,11.23,Clear,High,Morning,Scooter,17,3,52.8
5200,11.38,Clear,Low,Morning,Bike,22,6,59.6
5201,8.96,Clear,Low,Night,Bike,28,4,50.0
5202,9.1,Snowy,High,Evening,Scooter,22,6,66.6
5203,10.74,Clear,High,Evening,Bike,29,4,75.8
5204,11.44,Rainy,Low,Morning,Scooter,14,6,48.0
5205,8.67,Foggy,High,Morning,Bike,24,3,65.2
5206,10.89,Foggy,Medium,Night,Bike,18,5,62.6
5207,8.95,Clear,Low,Evening,Bike,9,5,34.4
5208,8.72,Clear,High,Afternoon,Bike,20,5,60.0
5209,9.35,Clear,Medium,Morning,Bike,20,3,56.2
5210,11.18,Clear,Medium,Morning,Bike,33,3,75.1
5211,10.97,Foggy,Low,Evening,Bike,21,6,59.8
5212,9.91,Clear,Low,Afternoon,Bike,11,4,35.5
5213,10.86,Clear,Medium,Morning,Scooter,33,6,67.4
5214,9.62,Clear,Medium,Evening,Bike,15,6,54.8
5215,8.84,Rainy,Medium,Evening,Bike,22,5,65.7
5216,11.37,Clear,Medium,Morning,Bike,19,3,62.0
5217,8.22,Rainy,High,Evening,Car,15,4,56.1
5218,11.6,Clear,Low,Evening,Bike,16,3,49.8
5219,11.16,Windy,Low,Morning,Car,21,3,48.5
5220,10.89,Rainy,Medium,Afternoon,Bike,26,6,70.5
5221,10.28,Clear,Low,Morning,Car,29,4,51.9
5222,11.24,Clear,Medium,Afternoon,Bike,33,6,65.0
5223,8.11,Clear,High,Afternoon,Scooter,11,3,41.4
5224,10.36,Clear,High,Afternoon,Bike,13,3,48.0
5225,9.04,Clear,Low,Afternoon,Car,13,5,29.1
5226,10.56,Snowy,High,Evening,Bike,31,5,81.3
5227,10.7,Rainy,Medium,Morning,Scooter,10,4,46.2
5228,8.86,Clear,Medium,Evening,Bike,22,3,52.3
5229,8.62,Rainy,Low,Morning,Scooter,30,4,59.8
5230,10.35,Clear,Medium,Afternoon,Scooter,19,3,51.4
5231,11.76,Windy,High,Morning,Bike,7,3,56.1
5232,10.65,Clear,Medium,Evening,Scooter,9,4,39.1
5233,9.94,Foggy,Low,Evening,Scooter,22,5,50.2
5234,11.74,Foggy,Medium,Afternoon,Bike,16,5,57.2
5235,11.28,Clear,Medium,Evening,Bike,18,6,59.0
5236,10.93,Clear,Low,Evening,Bike,9,4,43.8
5237,9.75,Clear,High,Evening,Scooter,27,5,64.5
5238,9.97,Snowy,Low,Night,Bike,27,6,66.2
5239,9.06,Rainy,Low,Afternoon,Scooter,20,4,45.3
5240,11.27,Rainy,Medium,Morning,Bike,17,3,59.8
5241,9.14,Foggy,Medium,Afternoon,Car,16,4,44.2
5242,10.82,Snowy,Medium,Morning,Scooter,13,3,61.1
5243,11.5,Clear,High,Morning,Bike,29,4,76.3
5244,10.21,Rainy,Medium,Morning,Car,17,4,57.7
5245,8.63,Foggy,Medium,Evening,Scooter,11,6,43.5
5246,8.1,Clear,Low,Afternoon,Bike,24,5,45.6
5247,10.69,Snowy,Low,Evening,Bike,31,5,71.2
5248,8.9,Clear,Low,Afternoon,Bike,14,6,33.7
5249,8.16,Clear,Medium,Evening,Bike,21,6,51.8
5250,9.37,Foggy,Low,Morning,Bike,34,4,66.9
5251,10.33,Clear,Low,Evening,Bike,11,5,39.6
5252,10.21,Clear,Medium,Afternoon,Bike,24,5,57.6
5253,8.67,Clear,Low,Evening,Bike,18,3,46.0
5254,10.42,Rainy,Medium,Evening,Bike,21,3,69.5
5255,9.64,Snowy,High,Evening,Bike,12,4,60.6
5256,9.91,Clear,High,Evening,Scooter,13,3,50.1
5257,11.5,Clear,Medium,Morning,Bike,19,5,52.3
5258,8.31,Clear,Low,Afternoon,Bike,14,3,33.9
5259,10.11,Windy,Low,Morning,Car,19,3,48.7
5260,8.69,Clear,High,Morning,Scooter,10,3,48.1
5261,8.73,Windy,Low,Afternoon,Car,24,4,46.2
5262,10.44,Snowy,Low,Afternoon,Car,14,6,47.6
5263,10.68,Clear,Medium,Afternoon,Scooter,22,3,53.7
5264,10.42,Snowy,Medium,Evening,Scooter,12,5,54.5
5265,11.69,Rainy,Low,Night,Bike,24,5,62.1
5266,11.18,Rainy,Low,Evening,Scooter,7,6,39.1
5267,8.79,Clear,High,Evening,Scooter,12,5,41.8
5268,10.54,Snowy,High,Evening,Scooter,15,6,61.8
5269,10.48,Foggy,Low,Evening,Bike,24,5,58.6
5270,10.59,Foggy,Low,Evening,Car,8,6,37.4
5271,9.72,Windy,High,Night,Bike,23,4,61.0
5272,11.79,Clear,High,Morning,Scooter,13,4,53.1
5273,9.85,Snowy,High,Morning,Car,34,5,81.4
5274,11.16,Snowy,High,Evening,Car,14,3,59.5
5275,9.93,Clear,Low,Evening,Bike,12,5,40.9
5276,11.15,Clear,Low,Afternoon,Bike,21,3,48.3
5277,9.58,Clear,Low,Night,Scooter,14,6,28.8
5278,8.0,Snowy,Medium,Afternoon,Scooter,18,3,51.0
5279,10.0,Clear,Low,Night,Bike,23,3,46.9
5280,10.19,Foggy,Low,Morning,Scooter,24,3,54.8
5281,8.46,Clear,Low,Morning,Car,13,3,34.5
5282,10.66,Clear,Medium,Morning,Bike,13,3,44.5
5283,11.41,Rainy,Low,Afternoon,Bike,14,6,52.0
5284,11.47,Clear,Low,Morning,Scooter,16,5,53.7
5285,9.51,Snowy,Low,Morning,Scooter,23,4,55.1
5286,9.64,Clear,Medium,Evening,Car,18,4,45.4
5287,11.43,Windy,Low,Evening,Scooter,27,3,57.3
5288,11.99,Clear,Medium,Afternoon,Bike,22,5,54.5
5289,8.21,Windy,Medium,Afternoon,Scooter,20,4,53.0
5290,8.25,Rainy,Medium,Morning,Car,18,4,50.2
5291,8.22,Clear,High,Evening,Bike,16,4,56.2
5292,9.85,Clear,Low,Morning,Bike,15,4,48.2
5293,11.14,Clear,Low,Morning,Scooter,12,5,43.1
5294,8.37,Rainy,High,Morning,Bike,14,3,63.4
5295,10.76,Snowy,Low,Evening,Car,27,5,58.1
5296,8.68,Clear,High,Evening,Bike,25,5,66.2
5297,8.13,Clear,Medium,Afternoon,Bike,6,3,33.3
5298,10.38,Rainy,Medium,Afternoon,Car,13,6,50.6
5299,10.38,Rainy,Medium,Morning,Bike,24,6,64.0
5300,9.13,Rainy,Low,Afternoon,Bike,19,5,45.9
5301,9.29,Clear,High,Afternoon,Bike,10,6,45.1
5302,9.42,Foggy,Low,Morning,Car,24,6,52.3
5303,11.72,Windy,Low,Evening,Car,23,5,47.6
5304,11.47,Clear,Medium,Morning,Bike,14,4,51.8
5305,10.11,Clear,High,Morning,Scooter,23,3,58.4
5306,11.85,Clear,Low,Morning,Scooter,27,6,58.5
5307,10.33,Rainy,Medium,Morning,Bike,20,4,61.9
5308,8.41,Clear,High,Afternoon,Bike,23,5,60.1
5309,9.95,Windy,Low,Afternoon,Car,9,6,28.4
5310,11.58,Rainy,Medium,Evening,Bike,19,6,65.0
5311,10.65,Rainy,Medium,Afternoon,Scooter,23,5,54.5
5312,11.81,Foggy,Medium,Night,Bike,17,4,57.5
5313,10.12,Clear,High,Evening,Scooter,16,3,51.4
5314,11.65,Snowy,Low,Evening,Bike,19,6,65.8
5315,11.07,Clear,High,Afternoon,Bike,21,3,65.0
5316,11.29,Rainy,Medium,Night,Bike,25,5,66.7
5317,11.97,Windy,Low,Afternoon,Car,25,4,55.2
5318,9.21,Foggy,Low,Morning,Bike,22,4,53.6
5319,10.51,Snowy,Low,Afternoon,Bike,32,6,69.6
5320,9.03,Clear,Low,Morning,Bike,18,4,45.5
5321,11.42,Snowy,Low,Morning,Bike,17,3,62.1
5322,10.34,Rainy,Low,Evening,Scooter,15,4,48.9
5323,8.7,Rainy,High,Afternoon,Bike,11,3,53.4
5324,9.68,Clear,Medium,Morning,Scooter,13,6,37.5
5325,8.73,Clear,Low,Morning,Scooter,15,3,36.7
5326,9.83,Rainy,Low,Afternoon,Car,18,6,48.7
5327,8.31,Clear,Medium,Morning,Car,34,3,60.4
5328,11.86,Foggy,Medium,Afternoon,Bike,23,5,61.2
5329,10.39,Snowy,High,Evening,Scooter,27,6,74.6
5330,11.96,Windy,Medium,Evening,Scooter,12,3,47.2
5331,8.7,Clear,Medium,Morning,Car,8,6,32.4
5332,9.54,Windy,Low,Night,Car,6,4,28.4
5333,11.72,Clear,Medium,Afternoon,Scooter,18,5,50.5
5334,10.77,Clear,Medium,Morning,Bike,11,4,49.6
5335,8.28,Snowy,Medium,Afternoon,Bike,13,6,54.4
5336,11.53,Clear,Medium,Afternoon,Car,12,5,38.6
5337,8.76,Clear,Low,Morning,Car,22,4,38.6
5338,9.05,Clear,High,Evening,Bike,30,3,69.3
5339,10.93,Rainy,Medium,Afternoon,Scooter,11,6,45.0
5340,10.84,Snowy,Low,Evening,Bike,11,5,52.6
5341,10.64,Clear,Low,Night,Bike,15,3,42.0
5342,8.02,Clear,Medium,Morning,Bike,20,4,51.9
5343,9.0,Rainy,Low,Night,Bike,16,4,46.9
5344,9.38,Clear,Medium,Night,Scooter,14,4,43.1
5345,9.6,Foggy,Medium,Morning,Bike,11,4,50.9
5346,8.3,Windy,Medium,Evening,Scooter,17,3,49.3
5347,10.7,Foggy,Medium,Afternoon,Scooter,8,3,48.3
5348,11.56,Snowy,High,Afternoon,Scooter,20,3,62.9
5349,11.96,Rainy,High,Morning,Bike,25,6,77.5
5350,11.19,Snowy,High,Evening,Bike,31,6,83.9
5351,8.81,Clear,Medium,Afternoon,Scooter,15,3,41.0
5352,10.05,Clear,Low,Evening,Scooter,25,5,52.1
5353,11.66,Rainy,Low,Evening,Bike,18,3,56.6
5354,8.27,Clear,Medium,Evening,Bike,14,5,43.7
5355,8.91,Snowy,High,Night,Car,10,4,51.6
5356,9.06,Rainy,Low,Morning,Bike,17,3,51.9
5357,10.44,Windy,Medium,Night,Bike,26,6,57.7
5358,11.81,Clear,High,Evening,Car,29,6,70.0
5359,9.93,Rainy,Medium,Afternoon,Car,17,3,52.2
5360,10.26,Foggy,Low,Morning,Bike,23,3,59.5
5361,10.56,Clear,Medium,Afternoon,Car,13,3,41.9
5362,11.41,Rainy,Medium,Afternoon,Bike,23,4,66.6
5363,9.15,Rainy,High,Afternoon,Car,8,4,44.7
5364,10.5,Windy,Low,Morning,Scooter,16,5,46.2
5365,11.7,Foggy,Medium,Evening,Bike,23,5,63.4
5366,11.76,Clear,Low,Morning,Car,16,3,43.7
5367,9.53,Clear,High,Morning,Car,11,4,48.7
5368,8.45,Rainy,High,Afternoon,Bike,31,6,77.8
5369,11.7,Clear,High,Night,Scooter,14,6,50.7
5370,11.68,Clear,High,Afternoon,Scooter,9,6,42.6
5371,8.39,Clear,Low,Morning,Scooter,16,4,37.2
5372,8.33,Clear,Medium,Morning,Bike,22,5,49.2
5373,8.74,Rainy,High,Evening,Bike,16,3,64.6
5374,10.59,Clear,Medium,Morning,Car,27,4,58.2
5375,9.21,Rainy,Medium,Afternoon,Bike,13,4,47.2
5376,8.96,Clear,Low,Morning,Scooter,19,4,41.9
5377,11.2,Foggy,Medium,Morning,Scooter,11,6,51.4
5378,8.98,Clear,Low,Afternoon,Bike,11,5,34.1
5379,11.84,Snowy,High,Morning,Bike,13,6,65.6
5380,9.75,Clear,Low,Evening,Bike,13,4,45.3
5381,9.69,Rainy,Low,Evening,Bike,21,4,58.1
5382,11.77,Clear,Low,Morning,Car,25,6,49.2
5383,8.48,Clear,Low,Evening,Bike,26,3,53.1
5384,8.46,Clear,Medium,Evening,Bike,20,5,45.5
5385,9.73,Snowy,Medium,Afternoon,Scooter,16,5,53.4
5386,10.35,Windy,Low,Morning,Car,14,4,50.0
5387,10.03,Clear,Low,Evening,Bike,14,6,45.9
5388,11.82,Clear,Low,Afternoon,Bike,17,3,46.9
5389,11.97,Foggy,Medium,Morning,Scooter,20,4,61.9
5390,8.16,Rainy,Medium,Morning,Scooter,19,4,55.4
5391,8.66,Clear,Low,Morning,Scooter,23,4,47.7
5392,10.21,Foggy,Low,Morning,Bike,11,4,45.9
5393,11.8,Rainy,Low,Morning,Car,11,4,39.2
5394,9.12,Rainy,High,Night,Scooter,33,6,69.6
5395,9.47,Clear,Low,Evening,Car,15,4,35.8
5396,8.92,Clear,Medium,Evening,Car,31,5,57.5
5397,11.87,Clear,Low,Morning,Scooter,14,5,41.0
5398,8.62,Foggy,Medium,Morning,Bike,9,5,48.0
5399,10.26,Clear,Medium,Afternoon,Scooter,18,4,52.4
5400,8.09,Foggy,Low,Afternoon,Scooter,13,4,38.5
5401,10.41,Foggy,Medium,Night,Bike,27,4,64.5
5402,9.57,Foggy,Medium,Morning,Bike,17,4,61.4
5403,10.26,Clear,High,Morning,Bike,17,6,61.0
5404,8.32,Clear,Low,Afternoon,Car,16,4,34.3
5405,8.36,Clear,High,Evening,Scooter,11,6,42.2
5406,8.37,Rainy,High,Morning,Scooter,20,6,59.6
5407,11.34,Windy,Medium,Morning,Scooter,12,5,50.9
5408,10.9,Clear,Low,Morning,Scooter,20,5,53.6
5409,8.51,Snowy,Medium,Afternoon,Car,16,3,53.4
5410,9.26,Clear,Low,Afternoon,Bike,26,3,52.5
5411,9.75,Clear,Medium,Afternoon,Bike,18,5,49.1
5412,8.39,Clear,Medium,Evening,Scooter,27,6,56.3
5413,11.36,Foggy,Medium,Afternoon,Car,8,6,42.2
5414,9.45,Clear,Low,Afternoon,Car,22,4,45.2
5415,10.68,Clear,Medium,Afternoon,Car,19,5,42.4
5416,10.57,Foggy,Low,Evening,Scooter,12,5,43.5
5417,11.66,Rainy,High,Night,Bike,11,3,62.3
5418,10.97,Clear,Low,Morning,Bike,22,6,57.0
5419,8.14,Clear,Low,Evening,Bike,16,4,47.5
5420,8.62,Rainy,Medium,Afternoon,Scooter,10,5,36.8
5421,9.78,Clear,High,Afternoon,Scooter,21,4,52.1
5422,8.37,Clear,Low,Night,Bike,14,6,34.8
5423,9.57,Rainy,Low,Evening,Bike,14,4,46.1
5424,11.91,Clear,High,Afternoon,Car,10,6,49.8
5425,8.82,Rainy,Medium,Morning,Bike,16,6,55.4
5426,10.82,Clear,Low,Afternoon,Scooter,28,3,55.7
5427,9.04,Clear,Medium,Morning,Bike,26,4,59.1
5428,8.14,Clear,Medium,Evening,Scooter,15,5,43.3
5429,8.39,Clear,Medium,Night,Scooter,15,6,34.0
5430,8.42,Clear,Low,Afternoon,Bike,26,5,44.5
5431,9.2,Clear,Medium,Evening,Scooter,23,5,49.3
5432,11.84,Windy,Low,Morning,Scooter,13,4,40.7
5433,10.48,Snowy,High,Evening,Bike,27,3,83.5
5434,8.49,Clear,High,Morning,Car,28,6,59.2
5435,8.28,Rainy,Medium,Morning,Scooter,15,3,53.8
5436,11.88,Rainy,Low,Afternoon,Scooter,27,6,58.4
5437,8.69,Snowy,Medium,Evening,Bike,21,3,67.9
5438,9.08,Clear,Low,Morning,Bike,26,4,56.6
5439,11.37,Clear,Medium,Afternoon,Bike,16,6,49.2
5440,10.22,Clear,Low,Morning,Bike,16,3,47.5
5441,8.91,Clear,Medium,Evening,Scooter,18,4,48.4
5442,10.66,Clear,Low,Morning,Car,14,3,43.2
5443,9.49,Snowy,Medium,Morning,Bike,18,5,62.0
5444,10.33,Windy,Medium,Evening,Scooter,18,3,55.2
5445,8.39,Clear,Low,Afternoon,Scooter,13,5,26.2
5446,11.52,Clear,Medium,Evening,Scooter,27,5,58.9
5447,10.38,Clear,Low,Afternoon,Car,11,6,28.2
5448,8.02,Rainy,Low,Night,Bike,27,5,56.4
5449,10.24,Rainy,Low,Afternoon,Scooter,18,4,45.2
5450,9.45,Clear,Low,Night,Bike,17,3,42.5
5451,11.62,Snowy,Low,Night,Bike,26,4,64.9
5452,8.55,Windy,High,Afternoon,Scooter,17,5,50.0
5453,9.33,Rainy,Medium,Morning,Bike,15,6,57.7
5454,11.06,Rainy,Low,Morning,Bike,12,4,51.6
5455,8.9,Rainy,Low,Afternoon,Bike,21,4,50.6
5456,9.25,Clear,Medium,Afternoon,Bike,25,6,55.1
5457,11.08,Clear,Medium,Afternoon,Bike,18,6,55.8
5458,10.85,Rainy,Medium,Afternoon,Bike,14,6,53.6
5459,9.44,Clear,Low,Afternoon,Bike,29,3,50.3
5460,9.87,Snowy,Medium,Afternoon,Scooter,20,3,54.0
5461,10.21,Clear,Low,Afternoon,Scooter,18,4,39.2
5462,11.55,Clear,Low,Morning,Car,24,4,47.6
5463,10.65,Clear,Low,Evening,Car,15,4,32.9
5464,10.37,Windy,Medium,Morning,Car,22,6,53.3
5465,11.24,Clear,Low,Morning,Scooter,15,5,43.9
5466,9.22,Clear,Low,Evening,Bike,14,4,46.0
5467,9.78,Clear,Medium,Morning,Bike,13,5,47.5
5468,10.75,Rainy,Medium,Night,Car,27,6,61.0
5469,9.62,Windy,Medium,Evening,Car,24,4,57.3
5470,9.92,Clear,High,Afternoon,Scooter,13,3,47.3
5471,8.64,Windy,Medium,Morning,Scooter,10,4,39.6
5472,10.44,Clear,Medium,Afternoon,Bike,12,4,51.1
5473,10.56,Rainy,Medium,Evening,Bike,15,3,56.5
5474,11.42,Clear,Medium,Evening,Scooter,20,5,55.4
5475,8.34,Rainy,Low,Afternoon,Bike,21,5,47.0
5476,11.6,Rainy,High,Evening,Bike,11,4,63.5
5477,8.34,Rainy,Low,Evening,Scooter,17,4,47.2
5478,10.98,Clear,High,Afternoon,Scooter,18,6,51.9
5479,10.36,Snowy,Medium,Afternoon,Car,14,3,47.4
5480,9.62,Windy,Low,Morning,Bike,22,6,51.5
5481,11.69,Clear,Low,Night,Bike,19,4,51.7
5482,9.83,Rainy,Low,Evening,Scooter,22,5,49.1
5483,8.1,Foggy,High,Morning,Scooter,22,5,64.7
5484,10.08,Clear,Medium,Morning,Car,27,4,57.1
5485,10.13,Snowy,Low,Evening,Bike,21,3,63.6
5486,10.98,Clear,Low,Morning,Bike,24,5,52.0
5487,9.43,Foggy,Medium,Afternoon,Bike,18,6,51.7
5488,8.3,Clear,High,Evening,Scooter,13,6,43.7
5489,9.4,Clear,Medium,Night,Bike,10,5,40.6
5490,10.41,Rainy,Medium,Morning,Bike,17,3,57.8
5491,10.18,Rainy,Low,Evening,Bike,24,6,57.9
5492,11.39,Snowy,Low,Morning,Bike,19,4,67.9
5493,9.08,Windy,High,Evening,Scooter,8,4,48.5
5494,10.28,Clear,High,Evening,Bike,13,4,56.4
5495,11.9,Clear,Medium,Afternoon,Car,17,3,48.5
5496,9.25,Clear,Low,Afternoon,Scooter,16,4,40.3
5497,9.74,Clear,High,Morning,Bike,22,6,61.4
5498,11.98,Rainy,Medium,Morning,Bike,12,6,60.6
5499,8.58,Snowy,Low,Evening,Bike,16,5,44.8
5500,10.29,Foggy,High,Morning,Bike,18,6,63.7
5501,9.48,Clear,Medium,Afternoon,Scooter,32,3,58.1
5502,8.18,Clear,High,Evening,Car,28,6,56.8
5503,11.04,Rainy,Low,Afternoon,Bike,16,4,53.1
5504,8.8,Clear,High,Night,Bike,15,5,49.0
5505,11.57,Clear,Low,Evening,Car,30,6,55.4
5506,9.67,Clear,Low,Afternoon,Scooter,26,6,43.3
5507,8.58,Clear,Low,Afternoon,Bike,22,6,42.1
5508,8.98,Clear,Medium,Morning,Bike,20,3,47.9
5509,11.33,Foggy,Low,Afternoon,Bike,22,3,55.2
5510,9.5,Clear,High,Evening,Bike,22,3,58.9
5511,9.03,Rainy,High,Afternoon,Car,25,5,65.5
5512,9.0,Rainy,High,Afternoon,Scooter,22,5,62.0
5513,10.33,Snowy,Low,Afternoon,Bike,21,5,59.5
5514,9.03,Clear,Low,Afternoon,Car,29,4,42.5
5515,11.74,Clear,Low,Afternoon,Bike,29,4,60.9
5516,8.2,Clear,Low,Evening,Bike,16,6,38.4
5517,8.62,Clear,Low,Night,Car,34,3,52.0
5518,9.72,Clear,Medium,Afternoon,Scooter,16,6,41.2
5519,8.83,Foggy,Medium,Afternoon,Scooter,14,3,40.5
5520,11.11,Clear,Low,Afternoon,Bike,13,4,37.9
5521,11.67,Clear,Medium,Morning,Bike,11,3,52.9
5522,10.4,Clear,Medium,Evening,Car,15,3,48.0
5523,11.42,Foggy,Medium,Afternoon,Bike,31,3,67.2
5524,11.2,Snowy,High,Night,Car,15,4,62.7
5525,8.63,Foggy,High,Afternoon,Scooter,28,6,61.2
5526,8.31,Rainy,Low,Evening,Bike,11,4,40.0
5527,10.52,Foggy,High,Morning,Car,12,5,51.5
5528,11.93,Rainy,High,Evening,Car,12,5,54.2
5529,11.33,Clear,Medium,Evening,Car,19,6,48.1
5530,10.47,Rainy,Medium,Afternoon,Bike,33,6,70.0
5531,8.44,Foggy,Medium,Evening,Scooter,13,3,48.3
5532,11.12,Clear,Medium,Evening,Bike,15,3,56.1
5533,10.73,Rainy,Low,Evening,Bike,26,6,66.2
5534,11.74,Clear,Medium,Night,Car,18,6,48.6
5535,10.84,Rainy,High,Evening,Car,15,6,52.5
5536,8.41,Clear,Low,Morning,Bike,16,5,37.2
5537,10.44,Rainy,Medium,Evening,Scooter,22,5,64.3
5538,9.62,Snowy,High,Evening,Car,15,4,58.4
5539,9.69,Clear,High,Morning,Scooter,21,4,57.5
5540,10.53,Clear,Low,Afternoon,Bike,24,3,53.3
5541,11.6,Clear,Low,Morning,Bike,9,5,45.4
5542,11.04,Clear,High,Evening,Scooter,23,3,64.9
5543,8.09,Windy,Low,Evening,Car,29,5,48.2
5544,8.59,Rainy,High,Evening,Bike,10,5,51.2
5545,9.45,Clear,Medium,Evening,Bike,10,6,40.0
5546,10.74,Clear,Low,Afternoon,Scooter,20,6,45.7
5547,10.54,Windy,Low,Morning,Scooter,21,5,52.8
5548,10.01,Clear,Medium,Morning,Car,17,5,46.2
5549,9.72,Foggy,Medium,Afternoon,Car,29,4,54.7
5550,11.16,Clear,Medium,Afternoon,Scooter,11,6,42.6
5551,8.38,Clear,Medium,Morning,Car,11,5,37.0
5552,10.38,Rainy,Medium,Morning,Scooter,7,5,43.5
5553,11.23,Clear,Low,Night,Scooter,25,5,48.5
5554,9.09,Rainy,High,Morning,Bike,10,4,58.1
5555,8.81,Clear,Low,Night,Bike,20,4,41.6
5556,10.69,Foggy,Low,Afternoon,Bike,29,3,58.6
5557,8.7,Foggy,Medium,Morning,Car,9,4,41.3
5558,9.95,Foggy,High,Morning,Bike,11,6,57.0
5559,11.69,Clear,Medium,Night,Bike,26,3,56.2
5560,8.24,Foggy,Medium,Morning,Car,14,4,44.5
5561,11.64,Windy,Low,Evening,Scooter,16,6,44.5
5562,8.76,Clear,High,Morning,Scooter,19,6,54.1
5563,9.93,Clear,High,Evening,Scooter,22,6,53.1
5564,8.53,Snowy,Low,Afternoon,Bike,12,4,40.5
5565,10.84,Clear,Low,Afternoon,Bike,26,4,46.4
5566,11.99,Rainy,Low,Morning,Scooter,23,4,61.2
5567,9.21,Foggy,Low,Evening,Car,10,4,32.4
5568,11.7,Clear,Medium,Afternoon,Bike,11,5,41.8
5569,10.92,Rainy,Medium,Morning,Bike,22,5,65.8
5570,11.86,Rainy,High,Afternoon,Bike,17,5,64.6
5571,10.69,Clear,High,Afternoon,Scooter,17,4,54.0
5572,10.73,Snowy,Medium,Morning,Bike,13,5,61.8
5573,11.77,Clear,Medium,Night,Bike,22,4,60.9
5574,10.91,Clear,Medium,Evening,Bike,11,3,54.0
5575,11.39,Snowy,Low,Morning,Scooter,16,6,56.6
5576,9.14,Clear,Medium,Morning,Scooter,22,3,53.3
5577,8.68,Snowy,Low,Evening,Bike,32,6,68.1
5578,10.56,Clear,Medium,Morning,Bike,13,5,51.1
5579,9.01,Rainy,Medium,Morning,Bike,20,6,53.2
5580,9.72,Clear,Medium,Afternoon,Scooter,9,5,34.9
5581,11.42,Rainy,Low,Afternoon,Bike,14,3,44.8
5582,10.52,Foggy,Medium,Morning,Car,10,3,44.1
5583,11.78,Snowy,Low,Afternoon,Bike,25,3,60.7
5584,9.42,Windy,Low,Afternoon,Scooter,16,4,40.5
5585,9.12,Rainy,Low,Evening,Bike,27,6,62.3
5586,8.85,Foggy,Medium,Night,Scooter,8,5,41.1
5587,11.91,Rainy,Low,Morning,Scooter,22,6,54.7
5588,9.72,Windy,Medium,Morning,Bike,18,5,53.4
5589,11.68,Rainy,Low,Morning,Bike,21,3,65.1
5590,9.38,Snowy,Low,Evening,Bike,31,3,68.3
5591,9.15,Clear,High,Evening,Scooter,31,3,65.2
5592,11.08,Rainy,High,Morning,Car,25,6,70.9
5593,10.47,Foggy,Low,Evening,Scooter,13,6,45.0
5594,10.1,Clear,High,Afternoon,Scooter,23,3,60.3
5595,9.76,Clear,Medium,Afternoon,Bike,30,3,63.1
5596,9.87,Windy,Low,Afternoon,Bike,15,4,42.1
5597,11.34,Clear,Medium,Afternoon,Scooter,15,5,49.1
5598,8.61,Clear,Medium,Afternoon,Bike,17,3,48.8
5599,8.2,Clear,Low,Evening,Bike,21,6,45.4
5600,8.02,Clear,Low,Evening,Bike,14,4,41.9
5601,9.98,Rainy,Low,Morning,Bike,12,6,47.3
5602,11.27,Windy,High,Morning,Car,14,5,52.0
5603,10.68,Windy,Low,Evening,Bike,20,4,54.4
5604,11.96,Rainy,High,Evening,Bike,9,3,68.3
5605,10.44,Foggy,High,Morning,Bike,28,5,78.1
5606,10.04,Clear,High,Morning,Bike,19,3,62.5
5607,10.33,Snowy,Medium,Afternoon,Bike,11,5,50.0
5608,11.53,Clear,Low,Morning,Bike,22,3,52.0
5609,8.06,Clear,Low,Evening,Bike,14,6,37.4
5610,9.87,Windy,High,Morning,Bike,23,3,66.1
5611,9.64,Snowy,Medium,Morning,Scooter,27,4,67.9
5612,11.81,Clear,Medium,Afternoon,Scooter,18,4,50.0
5613,8.75,Rainy,Medium,Morning,Scooter,12,6,42.4
5614,8.1,Clear,Medium,Morning,Bike,17,3,46.5
5615,10.53,Clear,High,Night,Bike,19,6,55.5
5616,10.5,Clear,Medium,Evening,Car,15,4,47.0
5617,9.28,Clear,Medium,Evening,Bike,23,3,59.0
5618,10.16,Rainy,Low,Afternoon,Bike,14,6,42.7
5619,10.39,Clear,Low,Morning,Bike,25,3,52.4
5620,9.41,Rainy,Medium,Evening,Bike,17,4,55.5
5621,9.68,Clear,Low,Evening,Scooter,19,5,45.7
5622,8.57,Windy,Low,Morning,Scooter,9,3,33.6
5623,11.08,Rainy,High,Morning,Bike,13,5,63.7
5624,9.56,Snowy,Low,Evening,Bike,17,5,56.3
5625,10.58,Clear,High,Morning,Bike,22,6,67.4
5626,9.71,Rainy,Medium,Morning,Bike,31,3,69.9
5627,8.65,Snowy,Low,Evening,Car,10,6,43.1
5628,10.8,Clear,Low,Evening,Scooter,29,3,58.7
5629,9.67,Clear,Low,Evening,Bike,15,6,47.7
5630,8.74,Clear,Low,Morning,Bike,32,4,63.0
5631,11.73,Clear,Medium,Afternoon,Scooter,9,3,41.3
5632,11.57,Clear,Medium,Afternoon,Bike,18,4,50.8
5633,10.91,Clear,High,Evening,Car,23,4,62.6
5634,10.3,Clear,High,Afternoon,Car,15,3,44.5
5635,10.5,Rainy,Medium,Evening,Bike,31,4,75.3
5636,9.44,Clear,Low,Morning,Scooter,28,4,50.1
5637,9.05,Clear,Low,Evening,Bike,15,3,42.4
5638,10.37,Rainy,Low,Evening,Bike,6,4,36.9
5639,10.96,Clear,Medium,Afternoon,Car,12,3,40.1
5640,9.98,Clear,High,Evening,Scooter,8,4,45.9
5641,11.58,Clear,Low,Morning,Bike,21,3,53.1
5642,9.55,Clear,Low,Afternoon,Car,12,3,31.0
5643,9.51,Clear,Low,Morning,Bike,17,4,42.3
5644,9.7,Clear,Low,Afternoon,Scooter,12,6,34.1
5645,10.82,Clear,Medium,Evening,Car,26,4,57.5
5646,8.11,Windy,High,Night,Car,14,5,50.6
5647,9.42,Windy,Medium,Morning,Bike,22,3,60.8
5648,10.97,Clear,High,Afternoon,Bike,19,5,59.3
5649,10.22,Clear,High,Evening,Car,16,5,50.1
5650,9.24,Clear,Low,Night,Bike,23,4,50.5
5651,10.63,Snowy,Low,Night,Car,11,4,40.7
5652,11.6,Snowy,Medium,Afternoon,Bike,22,5,71.7
5653,10.02,Clear,Low,Morning,Bike,12,5,46.1
5654,10.96,Clear,Low,Evening,Bike,10,5,39.6
5655,8.79,Clear,Medium,Afternoon,Scooter,31,3,55.7
5656,9.89,Snowy,Medium,Afternoon,Bike,12,4,51.2
5657,9.17,Snowy,High,Afternoon,Bike,14,6,54.6
5658,11.97,Clear,Medium,Afternoon,Car,7,6,36.6
5659,8.87,Rainy,Medium,Morning,Bike,21,6,59.9
5660,11.79,Clear,Medium,Morning,Scooter,23,6,59.3
5661,9.63,Rainy,Low,Evening,Bike,7,3,43.2
5662,9.99,Windy,Low,Afternoon,Scooter,18,4,45.2
5663,10.1,Clear,Low,Evening,Bike,25,4,54.7
5664,8.97,Clear,Low,Morning,Car,24,4,44.7
5665,8.96,Rainy,Medium,Afternoon,Bike,24,4,60.6
5666,9.5,Clear,Low,Morning,Scooter,10,3,37.4
5667,10.98,Snowy,Medium,Evening,Bike,14,6,59.4
5668,10.8,Clear,High,Evening,Bike,18,5,63.5
5669,11.99,Snowy,Medium,Evening,Bike,18,3,66.4
5670,8.35,Clear,Medium,Morning,Scooter,23,6,48.8
5671,11.04,Clear,Low,Afternoon,Bike,28,4,50.3
5672,8.78,Clear,Medium,Afternoon,Scooter,22,5,45.3
5673,10.04,Clear,Low,Afternoon,Bike,17,4,39.3
5674,8.79,Clear,Low,Night,Scooter,19,4,39.6
5675,11.74,Rainy,High,Morning,Bike,6,4,60.0
5676,10.03,Clear,Medium,Morning,Scooter,17,4,52.3
5677,9.88,Clear,Low,Morning,Car,11,3,39.9
5678,9.23,Clear,Low,Afternoon,Bike,22,5,44.8
5679,9.8,Clear,Medium,Morning,Bike,24,5,56.3
5680,8.44,Snowy,Low,Night,Scooter,35,5,64.0
5681,10.74,Windy,High,Evening,Bike,17,6,60.9
5682,10.28,Clear,Low,Afternoon,Bike,10,5,33.8
5683,8.4,Foggy,High,Evening,Bike,11,4,54.0
5684,8.41,Foggy,Low,Afternoon,Bike,28,5,52.7
5685,9.17,Windy,Medium,Evening,Car,13,6,48.8
5686,9.89,Clear,High,Evening,Bike,15,5,55.0
5687,8.89,Clear,Medium,Afternoon,Bike,11,5,39.5
5688,8.53,Clear,Low,Morning,Bike,25,5,53.2
5689,8.39,Snowy,Low,Afternoon,Bike,15,6,52.4
5690,9.22,Foggy,High,Afternoon,Scooter,16,5,51.6
5691,10.52,Clear,High,Afternoon,Scooter,23,5,51.5
5692,10.71,Clear,Medium,Morning,Car,19,5,49.3
5693,9.13,Foggy,Low,Morning,Bike,19,6,45.4
5694,9.76,Snowy,Medium,Morning,Bike,9,6,51.3
5695,10.51,Clear,Low,Afternoon,Bike,13,4,44.2
5696,9.44,Rainy,Low,Morning,Scooter,14,5,42.4
5697,11.91,Clear,Medium,Night,Scooter,33,5,61.1
5698,10.77,Clear,High,Night,Scooter,13,5,50.3
5699,10.31,Rainy,Low,Morning,Car,16,5,46.0
5700,9.99,Foggy,Low,Afternoon,Bike,13,6,46.0
5701,9.97,Windy,High,Morning,Car,17,6,53.5
5702,9.17,Clear,Low,Evening,Car,5,6,27.5
5703,8.31,Clear,Low,Morning,Bike,24,4,45.3
5704,11.35,Clear,Medium,Afternoon,Bike,27,4,58.8
5705,11.62,Clear,Medium,Afternoon,Scooter,18,3,49.2
5706,11.9,Clear,Medium,Morning,Bike,25,6,62.4
5707,9.62,Clear,Medium,Morning,Bike,6,5,47.7
5708,11.79,Clear,Medium,Evening,Bike,17,6,58.4
5709,10.81,Clear,Low,Evening,Scooter,12,5,41.8
5710,9.69,Clear,Low,Morning,Car,16,3,39.0
5711,11.67,Foggy,Medium,Afternoon,Car,16,4,46.1
5712,11.87,Clear,Low,Night,Car,21,4,49.7
5713,10.14,Rainy,High,Evening,Bike,24,6,66.8
5714,11.12,Windy,Medium,Afternoon,Scooter,29,4,60.4
5715,11.11,Rainy,Low,Afternoon,Bike,14,6,49.6
5716,10.44,Clear,Medium,Evening,Scooter,21,5,60.8
5717,9.69,Clear,Low,Afternoon,Car,25,4,49.1
5718,8.54,Rainy,Low,Evening,Car,16,6,44.1
5719,11.99,Rainy,Medium,Evening,Scooter,19,5,67.8
5720,8.29,Clear,Medium,Morning,Bike,21,4,51.4
5721,8.54,Clear,High,Afternoon,Bike,10,4,45.7
5722,9.5,Rainy,Medium,Morning,Scooter,20,6,60.7
5723,9.59,Clear,Low,Morning,Bike,18,3,43.1
5724,9.07,Rainy,Low,Evening,Bike,15,6,49.5
5725,8.31,Clear,Medium,Evening,Car,33,3,60.8
5726,11.6,Clear,Low,Morning,Bike,10,5,43.8
5727,10.05,Snowy,Low,Morning,Bike,30,5,66.0
5728,11.88,Clear,Medium,Afternoon,Bike,20,5,56.4
5729,11.51,Rainy,High,Evening,Bike,9,3,62.4
5730,9.98,Clear,Low,Evening,Bike,12,5,39.3
5731,9.55,Clear,Low,Afternoon,Bike,24,6,49.8
5732,9.02,Windy,Medium,Afternoon,Scooter,13,4,45.5
5733,11.97,Clear,Medium,Morning,Bike,9,6,45.6
5734,10.42,Clear,Low,Evening,Bike,19,3,51.6
5735,11.36,Windy,Low,Morning,Car,34,6,66.5
5736,11.94,Foggy,Medium,Evening,Bike,16,4,65.1
5737,8.9,Rainy,Low,Afternoon,Scooter,17,5,42.1
5738,11.7,Clear,Low,Morning,Scooter,23,3,56.2
5739,11.18,Clear,Medium,Evening,Scooter,19,5,51.9
5740,9.82,Rainy,Low,Morning,Bike,14,5,52.1
5741,11.8,Clear,Low,Evening,Car,19,4,44.3
5742,10.36,Clear,Low,Morning,Bike,17,6,41.6
5743,9.57,Foggy,Low,Afternoon,Scooter,7,6,33.1
5744,8.64,Clear,Low,Evening,Scooter,11,3,36.8
5745,10.91,Clear,High,Morning,Car,20,6,58.5
5746,11.1,Clear,High,Afternoon,Scooter,12,5,45.0
5747,8.83,Clear,Medium,Morning,Bike,23,5,48.0
5748,9.49,Rainy,Low,Evening,Bike,18,3,56.7
5749,8.22,Snowy,High,Evening,Scooter,10,5,57.5
5750,10.23,Clear,High,Morning,Bike,30,4,66.4
5751,10.4,Clear,Medium,Morning,Car,25,3,55.2
5752,11.39,Rainy,Medium,Morning,Car,20,3,57.4
5753,8.1,Clear,Medium,Afternoon,Bike,23,3,51.8
5754,8.48,Clear,High,Afternoon,Bike,21,4,59.3
5755,8.13,Windy,High,Morning,Car,7,3,41.4
5756,11.78,Rainy,High,Morning,Bike,20,6,69.8
5757,10.05,Clear,Medium,Afternoon,Bike,14,4,46.9
5758,8.98,Windy,High,Morning,Bike,29,4,65.0
5759,8.08,Clear,Medium,Morning,Bike,16,5,49.3
5760,8.39,Windy,Low,Afternoon,Bike,22,3,50.8
5761,10.88,Rainy,Medium,Morning,Scooter,12,4,52.6
5762,9.92,Rainy,Low,Night,Scooter,17,3,44.7
5763,10.94,Windy,Low,Morning,Bike,11,5,44.2
5764,9.06,Rainy,Medium,Afternoon,Scooter,16,6,46.5
5765,9.76,Clear,Medium,Evening,Bike,19,5,53.3
5766,10.5,Clear,High,Morning,Scooter,20,4,54.0
5767,8.85,Rainy,Medium,Evening,Bike,16,3,57.9
5768,9.15,Rainy,Low,Night,Car,12,6,34.4
5769,8.57,Clear,Medium,Evening,Car,21,4,47.5
5770,10.85,Foggy,Medium,Morning,Scooter,7,5,43.1
5771,10.33,Rainy,Medium,Night,Scooter,24,5,59.9
5772,9.78,Clear,Low,Morning,Scooter,21,5,49.5
5773,10.27,Clear,Low,Morning,Bike,23,3,54.4
5774,8.68,Clear,Medium,Morning,Scooter,31,4,54.8
5775,11.25,Clear,High,Afternoon,Car,15,4,49.4
5776,11.02,Clear,Medium,Morning,Car,18,6,49.3
5777,8.73,Clear,Low,Morning,Scooter,20,4,42.6
5778,11.54,Clear,Medium,Night,Scooter,19,6,46.5
5779,9.58,Clear,High,Evening,Bike,20,5,59.9
5780,9.85,Rainy,Medium,Morning,Bike,29,3,74.4
5781,10.13,Clear,Low,Evening,Scooter,17,6,40.8
5782,11.17,Windy,Low,Morning,Car,26,4,59.3
5783,8.66,Windy,Low,Evening,Car,20,5,41.1
5784,9.06,Rainy,High,Evening,Car,24,4,61.4
5785,11.75,Windy,Medium,Afternoon,Bike,15,6,51.6
5786,11.75,Snowy,Low,Afternoon,Scooter,15,6,43.2
5787,11.24,Clear,High,Evening,Scooter,29,3,69.9
5788,8.67,Foggy,High,Morning,Scooter,25,5,63.1
5789,10.38,Clear,Low,Evening,Bike,18,5,49.9
5790,9.78,Rainy,Low,Afternoon,Scooter,17,4,40.0
5791,8.32,Rainy,Low,Afternoon,Bike,14,4,45.2
5792,8.3,Clear,Low,Afternoon,Scooter,13,4,31.3
5793,11.43,Clear,High,Night,Car,13,4,52.5
5794,8.36,Windy,High,Afternoon,Scooter,29,4,61.5
5795,9.09,Clear,Low,Night,Bike,14,6,37.4
5796,8.6,Clear,Low,Afternoon,Bike,17,6,40.2
5797,10.3,Clear,Low,Morning,Scooter,21,6,40.0
5798,11.04,Clear,Medium,Evening,Scooter,20,4,57.2
5799,9.06,Snowy,High,Morning,Bike,23,5,71.5
5800,11.13,Foggy,Low,Morning,Scooter,16,3,45.9
5801,8.7,Clear,Medium,Morning,Car,15,3,42.1
5802,9.43,Clear,Low,Evening,Bike,18,5,49.3
5803,8.97,Clear,Medium,Afternoon,Scooter,20,5,43.7
5804,9.82,Clear,Medium,Evening,Car,33,3,63.1
5805,11.92,Snowy,Low,Morning,Scooter,19,5,52.2
5806,10.95,Foggy,Low,Night,Car,23,5,46.5
5807,8.82,Clear,Low,Evening,Scooter,28,5,52.5
5808,11.87,Rainy,Medium,Morning,Scooter,6,5,51.3
5809,10.73,Clear,Low,Morning,Bike,14,6,44.6
5810,9.82,Rainy,Medium,Morning,Bike,6,6,48.8
5811,11.67,Rainy,High,Afternoon,Bike,27,5,73.5
5812,11.05,Rainy,Medium,Morning,Scooter,16,5,56.4
5813,10.92,Rainy,High,Night,Bike,19,6,61.2
5814,8.8,Windy,Medium,Morning,Bike,17,3,52.1
5815,8.51,Clear,Medium,Afternoon,Car,23,6,44.0
5816,11.46,Clear,Low,Morning,Bike,16,6,42.9
5817,10.72,Clear,Low,Evening,Bike,7,5,44.8
5818,11.27,Rainy,High,Evening,Scooter,15,6,59.1
5819,11.06,Rainy,Low,Evening,Bike,17,5,56.0
5820,11.61,Rainy,Medium,Night,Scooter,16,4,50.4
5821,9.5,Foggy,Medium,Afternoon,Bike,14,4,40.4
5822,9.4,Clear,Low,Morning,Scooter,10,5,38.8
5823,8.95,Rainy,Medium,Afternoon,Scooter,8,4,40.5
5824,8.42,Foggy,High,Morning,Scooter,28,5,60.0
5825,9.93,Clear,Low,Night,Bike,9,4,31.4
5826,9.99,Clear,Low,Evening,Scooter,16,5,47.2
5827,8.46,Clear,High,Morning,Bike,10,4,49.7
5828,10.41,Clear,Medium,Morning,Scooter,11,3,36.4
5829,9.45,Foggy,Low,Morning,Bike,20,5,51.3
5830,9.82,Windy,High,Night,Bike,28,4,67.7
5831,10.04,Rainy,Low,Morning,Bike,15,3,53.9
5832,9.24,Clear,Low,Morning,Bike,23,3,51.5
5833,10.74,Rainy,High,Afternoon,Bike,24,5,64.4
5834,10.04,Foggy,Medium,Morning,Bike,20,6,57.6
5835,9.77,Clear,High,Morning,Car,26,4,58.4
5836,9.64,Snowy,Medium,Afternoon,Scooter,12,6,49.9
5837,8.09,Clear,Low,Morning,Scooter,10,6,28.6
5838,11.08,Clear,Medium,Afternoon,Bike,17,3,49.9
5839,11.87,Clear,Low,Evening,Bike,18,3,51.5
5840,8.52,Clear,Medium,Morning,Car,16,5,39.2
5841,9.16,Snowy,Medium,Evening,Bike,28,5,75.7
5842,11.39,Clear,Low,Morning,Car,11,3,41.6
5843,10.83,Clear,Medium,Evening,Scooter,29,6,64.7
5844,9.25,Clear,Low,Evening,Bike,16,3,40.8
5845,10.6,Clear,Medium,Afternoon,Scooter,25,4,55.0
5846,11.67,Clear,Medium,Evening,Scooter,16,3,54.2
5847,8.88,Clear,Medium,Afternoon,Car,18,6,36.9
5848,10.72,Rainy,Low,Morning,Scooter,21,4,51.7
5849,11.25,Clear,Medium,Night,Bike,17,5,47.8
5850,8.38,Foggy,Medium,Morning,Scooter,26,6,53.5
5851,11.74,Clear,Low,Afternoon,Bike,18,4,50.6
5852,11.84,Foggy,Low,Evening,Bike,7,4,48.5
5853,10.93,Snowy,Low,Morning,Scooter,24,5,60.1
5854,10.06,Clear,Medium,Evening,Bike,18,6,52.3
5855,10.42,Clear,High,Night,Car,21,3,52.1
5856,10.59,Windy,Low,Afternoon,Car,15,4,45.8
5857,8.62,Clear,Low,Afternoon,Bike,22,4,43.3
5858,9.18,Rainy,Medium,Evening,Bike,22,3,61.8
5859,8.4,Clear,Medium,Evening,Bike,34,3,66.3
5860,9.48,Clear,Low,Morning,Bike,15,4,39.5
5861,10.98,Rainy,Medium,Afternoon,Bike,13,3,55.2
5862,11.54,Snowy,Low,Morning,Car,17,5,57.7
5863,9.49,Clear,Medium,Afternoon,Bike,21,3,51.6
5864,10.46,Foggy,Medium,Afternoon,Bike,17,5,56.4
5865,10.38,Rainy,Medium,Evening,Bike,26,3,64.2
5866,9.89,Clear,Medium,Afternoon,Bike,30,4,58.5
5867,10.78,Clear,Low,Evening,Car,32,3,58.2
5868,8.6,Clear,Medium,Morning,Car,11,3,32.6
5869,8.3,Clear,Low,Morning,Bike,14,4,40.8
5870,9.39,Rainy,Medium,Morning,Bike,14,5,53.7
5871,11.88,Clear,Low,Morning,Car,28,4,56.6
5872,11.81,Clear,High,Afternoon,Scooter,24,4,60.9
5873,10.53,Foggy,High,Afternoon,Scooter,11,5,49.7
5874,10.31,Rainy,Low,Evening,Bike,17,6,45.3
5875,10.53,Rainy,Low,Night,Scooter,28,6,53.3
5876,9.72,Rainy,Low,Afternoon,Bike,13,4,46.5
5877,9.15,Clear,High,Morning,Bike,19,5,53.9
5878,8.02,Rainy,Low,Evening,Scooter,21,3,46.9
5879,8.08,Clear,Medium,Afternoon,Bike,9,5,34.5
5880,11.89,Clear,Low,Morning,Scooter,17,6,44.5
5881,10.98,Clear,Medium,Evening,Scooter,28,6,62.7
5882,10.76,Rainy,Low,Night,Scooter,7,3,38.6
5883,11.38,Rainy,Medium,Afternoon,Scooter,20,5,55.1
5884,10.43,Clear,Medium,Afternoon,Bike,26,3,54.0
5885,10.67,Snowy,Low,Afternoon,Scooter,17,3,59.8
5886,11.16,Snowy,Low,Morning,Car,14,5,49.7
5887,8.5,Clear,Low,Afternoon,Bike,22,4,47.0
5888,8.75,Foggy,High,Afternoon,Car,16,4,42.7
5889,10.22,Clear,High,Morning,Car,15,5,49.4
5890,8.39,Windy,Low,Morning,Scooter,14,4,37.8
5891,10.64,Clear,High,Morning,Bike,30,3,72.2
5892,11.33,Clear,Medium,Afternoon,Scooter,23,4,55.9
5893,11.35,Clear,Medium,Afternoon,Bike,11,3,45.4
5894,9.29,Clear,High,Afternoon,Bike,14,6,47.5
5895,8.81,Rainy,Low,Morning,Bike,27,6,59.7
5896,11.83,Clear,High,Afternoon,Scooter,25,5,62.1
5897,11.65,Clear,Medium,Morning,Scooter,15,5,46.0
5898,9.25,Rainy,Medium,Night,Bike,22,5,61.3
5899,11.58,Snowy,Medium,Evening,Bike,10,4,57.3
5900,11.52,Foggy,Low,Afternoon,Bike,12,6,44.4
5901,9.35,Rainy,High,Morning,Bike,27,4,78.7
5902,9.45,Clear,Low,Morning,Bike,18,5,54.5
5903,11.73,Clear,Medium,Morning,Bike,11,4,51.8
5904,10.97,Snowy,Medium,Afternoon,Bike,18,4,56.5
5905,10.47,Foggy,Medium,Morning,Bike,17,4,57.8
5906,11.81,Rainy,Low,Afternoon,Scooter,34,6,70.5
5907,11.46,Snowy,Low,Morning,Scooter,7,4,45.1
5908,8.3,Clear,Medium,Evening,Scooter,23,6,52.2
5909,10.0,Rainy,Low,Morning,Bike,23,4,62.1
5910,11.58,Clear,Low,Morning,Bike,23,4,54.0
5911,8.44,Clear,Medium,Evening,Bike,23,5,60.2
5912,8.29,Clear,Low,Evening,Bike,22,5,48.5
5913,11.44,Clear,Low,Evening,Bike,16,4,48.7
5914,11.11,Windy,Low,Evening,Scooter,9,4,39.6
5915,8.67,Clear,Medium,Morning,Bike,31,3,60.8
5916,8.72,Snowy,Medium,Evening,Bike,14,3,55.0
5917,11.33,Foggy,Low,Afternoon,Bike,15,3,46.1
5918,8.84,Rainy,Medium,Morning,Bike,12,5,58.3
5919,8.58,Windy,High,Evening,Scooter,15,4,55.6
5920,11.63,Clear,Low,Morning,Bike,15,4,45.2
5921,11.22,Clear,Low,Morning,Bike,15,5,52.2
5922,9.62,Clear,Low,Morning,Scooter,16,4,44.9
5923,10.5,Clear,Medium,Evening,Bike,21,3,56.4
5924,9.72,Snowy,Medium,Morning,Bike,31,4,77.6
5925,9.1,Clear,Medium,Afternoon,Scooter,18,4,41.6
5926,11.95,Clear,Low,Afternoon,Bike,33,5,65.4
5927,10.18,Clear,Low,Morning,Car,9,5,33.9
5928,10.55,Rainy,High,Evening,Scooter,16,6,59.3
5929,9.63,Foggy,Low,Morning,Bike,8,5,37.5
5930,10.0,Clear,Low,Morning,Bike,19,6,47.2
5931,9.15,Foggy,Medium,Night,Bike,31,6,66.0
5932,9.72,Rainy,Medium,Evening,Scooter,13,5,54.3
5933,10.51,Foggy,High,Morning,Bike,22,6,70.4
5934,11.25,Clear,Medium,Afternoon,Scooter,23,6,54.9
5935,11.21,Rainy,High,Night,Bike,11,6,54.8
5936,8.05,Clear,Medium,Evening,Scooter,17,3,39.0
5937,10.14,Clear,Low,Afternoon,Car,11,5,25.2
5938,9.49,Foggy,Medium,Afternoon,Bike,15,3,50.2
5939,10.43,Rainy,Low,Afternoon,Bike,24,4,55.2
5940,11.53,Clear,Medium,Evening,Scooter,14,6,47.4
5941,11.1,Snowy,Low,Afternoon,Scooter,29,5,64.6
5942,9.32,Clear,High,Evening,Bike,23,5,64.4
5943,10.96,Rainy,Low,Morning,Scooter,14,4,41.7
5944,8.41,Windy,Medium,Morning,Scooter,16,6,53.6
5945,8.51,Rainy,Low,Evening,Car,20,4,48.5
5946,8.9,Foggy,Low,Morning,Scooter,20,5,48.4
5947,9.6,Rainy,Medium,Morning,Scooter,19,6,55.1
5948,10.04,Foggy,Low,Evening,Bike,16,3,50.4
5949,9.59,Rainy,High,Night,Bike,29,6,74.8
5950,10.51,Rainy,Low,Morning,Scooter,10,5,40.2
5951,8.5,Clear,Low,Morning,Scooter,20,3,43.8
5952,10.09,Foggy,Low,Afternoon,Car,8,3,37.9
5953,9.09,Clear,Low,Evening,Bike,19,3,47.8
5954,9.46,Windy,Medium,Afternoon,Bike,12,4,47.0
5955,10.04,Clear,Low,Evening,Bike,10,3,36.1
5956,8.53,Clear,Medium,Evening,Bike,9,5,43.2
5957,9.55,Snowy,Medium,Morning,Bike,30,3,76.3
5958,11.04,Clear,Medium,Evening,Bike,11,5,48.0
5959,9.11,Clear,High,Afternoon,Bike,15,5,52.2
5960,11.06,Foggy,Medium,Morning,Bike,17,4,56.5
5961,8.92,Clear,Medium,Morning,Bike,8,4,46.6
5962,11.02,Clear,Medium,Evening,Car,28,5,67.9
5963,8.78,Rainy,Medium,Afternoon,Car,7,6,33.9
5964,11.8,Clear,High,Evening,Bike,28,6,75.9
5965,8.62,Clear,Low,Afternoon,Scooter,8,5,25.5
5966,12.0,Clear,Low,Afternoon,Bike,16,3,42.9
5967,8.92,Clear,Low,Morning,Car,24,4,49.1
5968,10.84,Clear,Medium,Afternoon,Scooter,8,3,37.2
5969,9.22,Clear,High,Afternoon,Bike,24,3,62.3
5970,8.33,Rainy,High,Morning,Bike,17,3,68.3
5971,8.1,Rainy,Low,Evening,Car,17,6,43.8
5972,8.59,Clear,Low,Morning,Car,12,4,33.1
5973,9.63,Clear,Low,Afternoon,Bike,13,5,34.3
5974,10.32,Snowy,High,Evening,Scooter,24,4,69.4
5975,9.91,Rainy,Medium,Evening,Scooter,7,3,45.6
5976,10.52,Clear,Low,Afternoon,Scooter,15,4,36.6
5977,8.38,Clear,Medium,Evening,Bike,15,4,49.1
5978,10.71,Clear,Low,Morning,Bike,14,3,42.5
5979,11.14,Snowy,High,Afternoon,Bike,15,5,62.2
5980,8.92,Windy,Low,Afternoon,Scooter,11,3,33.4
5981,11.17,Windy,Medium,Evening,Bike,12,5,52.9
5982,9.0,Clear,Low,Evening,Car,19,4,40.6
5983,9.78,Clear,High,Afternoon,Car,19,3,50.1
5984,11.22,Clear,Low,Evening,Bike,29,6,57.7
5985,10.75,Clear,High,Night,Car,18,5,52.4
5986,10.01,Clear,High,Evening,Scooter,17,4,58.2
5987,9.48,Rainy,High,Afternoon,Scooter,10,3,51.0
5988,10.25,Clear,Medium,Afternoon,Bike,22,3,53.0
5989,10.08,Windy,Low,Morning,Bike,17,6,42.8
5990,11.89,Clear,High,Morning,Car,23,4,67.7
5991,11.3,Clear,High,Night,Scooter,13,3,49.5
5992,8.47,Snowy,Medium,Afternoon,Scooter,20,6,57.0
5993,9.65,Foggy,Medium,Evening,Bike,22,6,65.6
5994,10.35,Clear,Medium,Morning,Bike,15,4,53.8
5995,10.82,Rainy,Low,Morning,Bike,17,5,57.7
5996,8.71,Clear,High,Morning,Scooter,9,6,45.2
5997,11.32,Clear,Low,Evening,Car,14,5,39.2
5998,10.52,Clear,Medium,Evening,Bike,12,4,45.3
5999,8.27,Clear,Medium,Morning,Bike,16,6,49.0
6000,8.24,Rainy,High,Afternoon,Bike,10,3,46.7
6001,10.74,Clear,Medium,Night,Bike,25,5,56.4
6002,11.02,Rainy,Medium,Night,Bike,22,4,60.9
6003,9.24,Foggy,Medium,Afternoon,Bike,26,5,62.0
6004,8.65,Clear,High,Evening,Scooter,29,5,63.7
6005,8.88,Clear,Low,Evening,Bike,19,3,44.8
6006,9.57,Clear,Medium,Evening,Car,23,6,49.2
6007,10.53,Foggy,Medium,Morning,Car,18,4,59.6
6008,8.75,Rainy,High,Afternoon,Bike,24,3,64.1
6009,11.17,Foggy,Low,Afternoon,Scooter,18,5,46.0
6010,9.0,Clear,Low,Afternoon,Bike,22,6,45.9
6011,11.24,Clear,Medium,Morning,Bike,14,6,51.3
6012,11.7,Rainy,Medium,Morning,Bike,21,4,69.2
6013,8.66,Clear,High,Afternoon,Bike,19,5,56.3
6014,11.67,Foggy,Low,Morning,Scooter,14,5,52.0
6015,10.82,Clear,Low,Morning,Scooter,21,5,47.9
6016,11.55,Clear,High,Afternoon,Scooter,16,6,53.0
6017,9.39,Rainy,Medium,Afternoon,Scooter,20,3,54.5
6018,11.45,Rainy,High,Morning,Scooter,21,4,66.1
6019,9.91,Rainy,Medium,Morning,Scooter,21,5,59.4
6020,8.76,Clear,Medium,Afternoon,Car,21,6,37.7
6021,11.99,Windy,High,Night,Scooter,16,3,58.7
6022,11.79,Snowy,High,Evening,Bike,20,5,68.5
6023,8.5,Snowy,Low,Afternoon,Scooter,28,6,52.1
6024,9.82,Rainy,Low,Evening,Bike,10,3,49.4
6025,11.94,Rainy,High,Afternoon,Bike,24,3,74.9
6026,10.19,Rainy,Low,Evening,Car,11,3,42.6
6027,9.99,Clear,Medium,Afternoon,Car,17,6,40.0
6028,8.78,Clear,Low,Afternoon,Car,12,6,25.1
6029,9.68,Rainy,Low,Morning,Bike,24,4,58.2
6030,9.99,Clear,Low,Morning,Bike,8,6,38.4
6031,10.86,Clear,High,Afternoon,Bike,22,5,60.1
6032,9.8,Snowy,Low,Morning,Scooter,16,6,43.7
6033,10.54,Clear,Medium,Afternoon,Scooter,14,3,39.7
6034,8.41,Rainy,Medium,Evening,Scooter,30,5,62.1
6035,11.06,Rainy,High,Morning,Car,14,5,57.5
6036,8.01,Clear,Medium,Afternoon,Bike,13,5,38.7
6037,10.57,Snowy,High,Evening,Bike,17,4,66.7
6038,11.31,Clear,Medium,Afternoon,Scooter,15,3,47.9
6039,11.07,Snowy,Medium,Morning,Bike,22,3,64.6
6040,8.59,Foggy,High,Morning,Scooter,8,5,44.7
6041,11.38,Clear,Low,Morning,Bike,21,5,55.4
6042,8.32,Clear,High,Morning,Scooter,16,4,51.5
6043,8.27,Clear,Medium,Afternoon,Car,24,3,45.6
6044,11.29,Clear,Low,Evening,Bike,15,4,50.3
6045,8.73,Clear,Low,Morning,Bike,7,6,33.4
6046,9.79,Windy,High,Night,Car,23,5,56.7
6047,11.75,Clear,Medium,Morning,Bike,11,6,51.1
6048,8.84,Snowy,Medium,Evening,Scooter,17,3,57.9
6049,11.12,Clear,Low,Afternoon,Car,25,4,51.1
6050,10.34,Windy,High,Afternoon,Bike,28,5,67.9
6051,9.62,Clear,High,Evening,Bike,14,6,52.8
6052,9.84,Clear,High,Night,Bike,25,6,61.6
6053,9.64,Rainy,Low,Evening,Bike,23,3,59.5
6054,11.31,Clear,Low,Morning,Bike,28,6,64.9
6055,11.26,Snowy,High,Morning,Bike,24,3,80.5
6056,9.49,Clear,High,Night,Bike,10,4,44.3
6057,10.79,Rainy,High,Morning,Scooter,29,3,71.5
6058,10.13,Rainy,High,Afternoon,Bike,8,4,57.6
6059,10.99,Rainy,High,Morning,Bike,15,4,64.7
6060,8.2,Clear,Medium,Morning,Bike,16,5,48.0
6061,9.34,Clear,Medium,Afternoon,Scooter,17,3,43.7
6062,9.34,Clear,High,Night,Bike,13,3,52.2
6063,10.39,Clear,Low,Morning,Bike,11,5,39.2
6064,8.83,Clear,Medium,Morning,Car,25,3,53.0
6065,10.13,Windy,Low,Afternoon,Scooter,20,3,43.8
6066,11.92,Rainy,Low,Evening,Scooter,17,6,61.0
6067,8.17,Rainy,High,Evening,Scooter,23,3,61.9
6068,10.01,Clear,High,Morning,Bike,28,3,71.9
6069,8.55,Clear,Medium,Night,Bike,13,4,49.9
6070,10.33,Rainy,Low,Morning,Bike,15,4,55.6
6071,8.96,Clear,Medium,Morning,Car,29,3,56.8
6072,11.61,Clear,High,Evening,Car,18,4,57.6
6073,9.27,Clear,Medium,Morning,Scooter,14,6,40.4
6074,11.83,Rainy,Low,Evening,Bike,12,6,56.5
6075,8.02,Windy,Low,Evening,Scooter,32,3,56.2
6076,11.33,Clear,Low,Evening,Scooter,18,5,45.7
6077,9.05,Rainy,Low,Evening,Bike,26,5,57.3
6078,8.81,Clear,Low,Morning,Bike,20,6,44.8
6079,11.54,Clear,Low,Afternoon,Bike,17,6,45.0
6080,9.22,Foggy,Medium,Evening,Bike,26,5,67.6
6081,10.34,Clear,Medium,Evening,Scooter,15,6,46.9
6082,10.95,Rainy,Low,Morning,Bike,23,4,65.0
6083,9.68,Clear,Medium,Evening,Scooter,17,3,41.6
6084,8.41,Clear,Low,Afternoon,Bike,27,4,53.3
6085,11.69,Windy,Medium,Afternoon,Bike,18,3,52.9
6086,10.59,Clear,High,Afternoon,Scooter,15,3,52.8
6087,11.57,Foggy,Medium,Morning,Scooter,22,3,53.3
6088,11.07,Clear,Low,Night,Car,26,5,47.6
6089,11.1,Windy,Medium,Morning,Scooter,26,6,64.7
6090,10.36,Clear,Low,Morning,Car,17,3,39.5
6091,8.02,Clear,Medium,Evening,Bike,17,5,47.8
6092,11.53,Foggy,Low,Morning,Scooter,12,6,47.5
6093,11.32,Clear,Medium,Evening,Bike,8,4,48.7
6094,10.91,Clear,Low,Morning,Scooter,29,3,52.5
6095,11.51,Windy,Low,Afternoon,Scooter,22,5,52.3
6096,8.74,Rainy,High,Afternoon,Bike,19,3,66.6
6097,9.13,Rainy,Low,Evening,Scooter,19,3,53.9
6098,8.63,Rainy,Low,Evening,Scooter,8,4,33.9
6099,10.59,Snowy,High,Morning,Bike,17,3,67.2
6100,9.75,Snowy,Medium,Afternoon,Scooter,28,4,65.3
6101,8.41,Rainy,Low,Evening,Car,17,6,44.7
6102,10.3,Clear,Medium,Evening,Bike,19,3,58.5
6103,9.36,Clear,Low,Morning,Scooter,16,5,37.2
6104,9.96,Rainy,Medium,Morning,Car,11,6,46.1
6105,9.05,Snowy,Low,Evening,Bike,15,3,50.7
6106,8.64,Clear,Low,Afternoon,Bike,10,4,29.6
6107,9.8,Clear,Low,Afternoon,Scooter,19,5,40.8
6108,8.9,Clear,Medium,Night,Scooter,32,5,56.4
6109,9.62,Rainy,Low,Evening,Scooter,15,4,48.1
6110,9.53,Snowy,High,Evening,Scooter,26,5,70.3
6111,11.76,Clear,Medium,Afternoon,Scooter,9,5,41.9
6112,8.75,Rainy,Medium,Evening,Bike,18,3,55.1
6113,9.15,Foggy,High,Evening,Bike,21,6,63.2
6114,11.17,Windy,High,Afternoon,Scooter,15,4,50.9
6115,9.18,Clear,Medium,Morning,Bike,10,5,44.0
6116,9.92,Windy,Low,Morning,Car,13,5,44.3
6117,11.05,Rainy,Medium,Evening,Bike,10,5,55.4
6118,8.02,Foggy,High,Evening,Bike,27,6,67.7
6119,11.83,Clear,Low,Morning,Scooter,6,6,33.8
6120,9.85,Rainy,Low,Morning,Bike,10,5,43.9
6121,11.04,Rainy,Medium,Morning,Bike,24,5,71.6
6122,11.68,Clear,Low,Afternoon,Car,14,4,38.5
6123,11.51,Clear,Medium,Afternoon,Scooter,15,5,40.3
6124,8.88,Rainy,High,Afternoon,Bike,15,3,61.0
6125,10.22,Rainy,Low,Afternoon,Bike,27,3,58.1
6126,9.64,Clear,Low,Morning,Scooter,28,5,50.2
6127,10.13,Clear,High,Morning,Bike,28,4,71.1
6128,11.12,Clear,Medium,Evening,Bike,15,4,51.3
6129,9.42,Windy,Medium,Evening,Bike,13,6,55.9
6130,9.91,Windy,Low,Afternoon,Scooter,25,4,48.7
6131,10.43,Clear,Low,Morning,Bike,25,4,57.4
6132,9.08,Clear,Medium,Night,Scooter,15,5,35.3
6133,10.43,Clear,Low,Morning,Bike,19,5,47.1
6134,8.6,Clear,Low,Evening,Scooter,16,6,36.9
6135,10.49,Snowy,Low,Afternoon,Scooter,7,4,42.7
6136,8.57,Rainy,Low,Evening,Bike,16,6,45.0
6137,11.1,Clear,Medium,Afternoon,Scooter,27,3,61.2
6138,8.78,Clear,Medium,Afternoon,Bike,26,5,54.7
6139,10.58,Clear,Low,Afternoon,Car,11,3,33.5
6140,10.32,Snowy,Low,Afternoon,Scooter,15,6,43.9
6141,9.7,Rainy,Low,Evening,Bike,10,6,41.8
6142,10.58,Rainy,High,Evening,Scooter,14,4,53.3
6143,11.39,Clear,Medium,Afternoon,Car,14,6,42.4
6144,8.48,Windy,Low,Evening,Bike,9,3,40.7
6145,10.71,Clear,Medium,Evening,Bike,27,4,63.1
6146,9.64,Snowy,Medium,Evening,Scooter,25,4,61.1
6147,10.7,Snowy,High,Morning,Bike,28,5,78.9
6148,11.5,Clear,High,Evening,Scooter,23,5,64.4
6149,10.61,Snowy,Medium,Night,Bike,23,3,67.1
6150,8.64,Clear,High,Morning,Scooter,24,6,59.4
6151,9.66,Rainy,Medium,Morning,Bike,21,3,58.6
6152,10.2,Clear,High,Morning,Bike,12,6,51.6
6153,8.51,Clear,High,Evening,Car,12,4,44.0
6154,10.57,Clear,Medium,Morning,Scooter,18,5,52.2
6155,10.85,Clear,Low,Afternoon,Bike,21,4,46.7
6156,11.05,Clear,High,Morning,Scooter,8,4,49.5
6157,8.48,Clear,Medium,Morning,Bike,19,4,48.4
6158,10.82,Rainy,Medium,Morning,Bike,27,4,72.1
6159,9.46,Clear,Low,Morning,Scooter,11,6,33.3
6160,8.84,Clear,Medium,Afternoon,Car,15,5,36.4
6161,10.1,Windy,Medium,Afternoon,Bike,32,4,74.1
6162,10.29,Windy,Medium,Afternoon,Car,15,5,42.6
6163,9.83,Clear,Low,Afternoon,Scooter,8,3,28.6
6164,11.36,Clear,Medium,Morning,Bike,21,5,54.7
6165,8.62,Rainy,Low,Afternoon,Scooter,32,3,61.1
6166,9.63,Foggy,Medium,Evening,Bike,13,3,51.8
6167,9.07,Clear,Medium,Afternoon,Scooter,13,5,37.9
6168,8.2,Foggy,Low,Evening,Scooter,17,4,41.1
6169,9.36,Clear,Medium,Evening,Bike,18,3,54.0
6170,10.87,Clear,Low,Morning,Bike,24,3,58.9
6171,10.09,Foggy,Medium,Morning,Bike,33,5,77.1
6172,9.67,Rainy,Low,Evening,Bike,24,5,58.9
6173,9.9,Snowy,Medium,Evening,Car,14,3,52.2
6174,9.25,Clear,High,Night,Car,24,3,52.6
6175,8.49,Clear,Medium,Morning,Scooter,20,5,47.7
6176,10.36,Clear,High,Evening,Scooter,18,6,56.0
6177,11.26,Clear,Medium,Evening,Bike,20,6,58.8
6178,11.16,Clear,Medium,Morning,Scooter,17,6,47.4
6179,8.93,Rainy,Low,Evening,Bike,20,3,55.2
6180,9.74,Rainy,Medium,Evening,Bike,22,5,60.4
6181,10.21,Rainy,Low,Evening,Bike,7,4,43.7
6182,11.21,Clear,High,Morning,Car,20,3,63.0
6183,8.79,Clear,Low,Morning,Scooter,12,3,34.9
6184,8.53,Rainy,Low,Morning,Bike,15,4,45.7
6185,11.73,Clear,High,Afternoon,Car,17,4,53.5
6186,8.58,Snowy,Low,Afternoon,Scooter,31,3,62.8
6187,11.96,Clear,Medium,Morning,Scooter,15,6,47.4
6188,10.4,Rainy,High,Afternoon,Bike,25,3,67.0
6189,10.0,Snowy,Medium,Night,Bike,15,6,53.0
6190,8.76,Rainy,Medium,Morning,Bike,13,4,51.6
6191,11.44,Rainy,Medium,Morning,Scooter,17,4,63.3
6192,8.69,Rainy,Medium,Morning,Scooter,10,4,41.5
6193,9.61,Clear,Medium,Morning,Bike,25,5,54.1
6194,8.19,Rainy,Medium,Afternoon,Bike,18,6,52.2
6195,8.09,Snowy,Low,Afternoon,Scooter,21,4,46.3
6196,10.92,Windy,Low,Evening,Car,24,6,48.4
6197,8.83,Clear,High,Evening,Bike,16,6,55.8
6198,10.4,Clear,Medium,Afternoon,Scooter,17,6,44.6
6199,10.89,Foggy,Medium,Morning,Car,14,5,53.0
6200,9.97,Rainy,Low,Morning,Scooter,22,3,57.3
6201,10.63,Clear,Medium,Morning,Bike,25,4,58.4
6202,8.96,Clear,Medium,Afternoon,Scooter,19,5,38.7
6203,11.27,Clear,Low,Afternoon,Car,8,6,32.6
6204,8.82,Clear,Low,Afternoon,Scooter,22,3,41.2
6205,10.36,Clear,Medium,Afternoon,Bike,21,5,61.8
6206,11.34,Clear,Low,Morning,Bike,15,5,49.8
6207,11.17,Clear,Low,Evening,Bike,16,3,52.9
6208,8.21,Windy,High,Afternoon,Bike,18,5,51.2
6209,9.47,Clear,Medium,Night,Scooter,24,4,50.2
6210,11.41,Clear,Low,Evening,Bike,21,4,56.1
6211,11.4,Clear,Low,Morning,Scooter,18,5,45.8
6212,10.55,Clear,Medium,Night,Scooter,24,3,53.6
6213,8.43,Windy,Low,Evening,Scooter,26,6,50.7
6214,9.62,Windy,Low,Evening,Bike,9,3,39.2
6215,11.84,Clear,Medium,Morning,Bike,10,5,46.4
6216,8.43,Clear,Low,Morning,Bike,17,4,42.6
6217,11.21,Clear,Low,Evening,Car,24,5,48.4
6218,9.67,Clear,Low,Evening,Bike,11,3,37.8
6219,10.98,Clear,Medium,Morning,Bike,26,6,62.2
6220,8.22,Clear,Low,Morning,Bike,11,3,33.4
6221,8.04,Clear,Medium,Evening,Scooter,21,4,50.6
6222,9.2,Rainy,Low,Evening,Scooter,24,6,55.4
6223,11.48,Clear,Low,Morning,Car,9,4,37.9
6224,10.72,Clear,Low,Morning,Bike,25,3,54.3
6225,10.45,Clear,Low,Afternoon,Bike,25,3,49.3
6226,11.99,Clear,Medium,Night,Scooter,12,3,48.5
6227,9.39,Clear,Medium,Evening,Bike,13,3,47.3
6228,11.4,Clear,Low,Afternoon,Bike,26,6,55.2
6229,8.44,Clear,Medium,Afternoon,Car,30,6,47.5
6230,8.68,Clear,Low,Morning,Scooter,17,6,37.6
6231,9.91,Foggy,Low,Afternoon,Bike,11,5,44.4
6232,11.84,Windy,High,Evening,Car,14,4,57.0
6233,10.81,Clear,Medium,Evening,Bike,15,6,50.4
6234,8.45,Clear,Low,Evening,Bike,20,6,46.7
6235,11.82,Foggy,Medium,Morning,Bike,22,5,67.0
6236,11.06,Rainy,High,Afternoon,Bike,20,3,73.8
6237,10.95,Clear,Low,Afternoon,Bike,27,6,53.6
6238,10.21,Clear,Low,Morning,Car,7,5,32.4
6239,9.57,Clear,Low,Evening,Car,16,5,37.6
6240,8.44,Rainy,Medium,Night,Scooter,14,6,41.0
6241,10.48,Clear,Low,Afternoon,Car,23,4,44.9
6242,8.51,Clear,High,Afternoon,Bike,21,4,50.9
6243,10.36,Clear,Medium,Morning,Bike,27,4,66.4
6244,10.16,Clear,High,Evening,Bike,15,3,53.6
6245,10.39,Clear,High,Morning,Bike,26,5,65.2
6246,11.31,Rainy,High,Afternoon,Bike,18,5,62.0
6247,9.64,Rainy,High,Afternoon,Bike,12,4,57.7
6248,9.75,Clear,Medium,Afternoon,Car,25,5,46.1
6249,8.24,Clear,Low,Morning,Bike,13,4,40.3
6250,9.15,Snowy,Medium,Night,Scooter,23,6,55.5
6251,8.32,Clear,Low,Night,Bike,18,5,39.0
6252,8.57,Clear,Medium,Afternoon,Scooter,18,4,40.8
6253,9.71,Clear,High,Afternoon,Scooter,18,5,57.3
6254,9.63,Snowy,Medium,Evening,Bike,31,4,70.8
6255,11.74,Foggy,Medium,Morning,Bike,19,5,64.3
6256,8.48,Snowy,Medium,Morning,Scooter,9,5,46.6
6257,8.6,Rainy,Low,Morning,Scooter,30,3,57.8
6258,11.0,Clear,Medium,Morning,Bike,14,3,53.6
6259,8.09,Clear,Medium,Afternoon,Bike,17,3,42.1
6260,10.6,Clear,Medium,Evening,Bike,25,3,59.3
6261,10.99,Rainy,Medium,Morning,Bike,10,5,50.7
6262,10.52,Rainy,High,Morning,Car,13,3,57.6
6263,9.15,Clear,Low,Afternoon,Bike,26,6,46.7
6264,8.41,Snowy,Medium,Night,Bike,11,4,46.5
6265,11.98,Clear,Medium,Evening,Scooter,18,4,55.0
6266,11.44,Clear,Medium,Afternoon,Scooter,12,4,46.0
6267,10.92,Clear,Medium,Night,Bike,15,5,43.8
6268,8.75,Snowy,Medium,Afternoon,Scooter,24,5,59.2
6269,9.72,Windy,Medium,Afternoon,Scooter,30,5,61.0
6270,10.84,Rainy,Medium,Evening,Bike,19,3,67.9
6271,8.41,Windy,Medium,Night,Bike,15,6,44.0
6272,11.83,Snowy,Low,Morning,Car,10,4,52.3
6273,11.82,Snowy,Medium,Afternoon,Bike,16,6,62.2
6274,8.6,Snowy,Low,Evening,Bike,24,5,54.3
6275,8.79,Clear,Low,Morning,Scooter,23,3,47.4
6276,9.46,Foggy,High,Afternoon,Bike,15,5,55.8
6277,9.8,Rainy,Medium,Afternoon,Bike,12,6,51.9
6278,9.76,Foggy,Low,Afternoon,Bike,18,6,50.4
6279,10.75,Clear,High,Night,Bike,25,5,60.7
6280,9.88,Foggy,High,Afternoon,Scooter,19,6,58.9
6281,8.74,Windy,High,Evening,Bike,18,5,58.8
6282,9.04,Clear,Medium,Night,Bike,22,3,50.0
6283,9.64,Windy,High,Morning,Scooter,11,3,55.8
6284,10.08,Clear,High,Morning,Scooter,20,6,55.1
6285,11.69,Clear,Medium,Evening,Scooter,10,5,44.8
6286,8.38,Clear,Medium,Evening,Bike,12,6,42.6
6287,11.22,Foggy,High,Afternoon,Bike,9,6,54.6
6288,9.24,Rainy,Medium,Afternoon,Car,20,4,54.9
6289,10.91,Clear,Low,Morning,Bike,30,3,67.0
6290,9.03,Rainy,Low,Afternoon,Bike,12,6,44.0
6291,9.54,Clear,Low,Evening,Scooter,17,6,35.3
6292,9.77,Clear,Medium,Night,Scooter,27,5,57.9
6293,11.0,Snowy,Low,Evening,Car,26,3,64.2
6294,8.67,Rainy,Low,Evening,Bike,16,6,51.8
6295,9.39,Foggy,High,Afternoon,Car,23,6,56.2
6296,10.11,Rainy,Medium,Evening,Bike,9,5,51.2
6297,10.63,Windy,Medium,Morning,Car,23,5,59.2
6298,8.3,Clear,Medium,Morning,Bike,22,6,58.7
6299,8.38,Clear,Medium,Morning,Car,19,6,44.4
6300,10.87,Clear,High,Evening,Car,11,3,45.4
6301,9.46,Rainy,Medium,Afternoon,Scooter,14,4,49.2
6302,8.66,Rainy,Medium,Evening,Scooter,12,5,46.5
6303,9.05,Foggy,High,Afternoon,Bike,9,3,46.9
6304,10.39,Clear,Medium,Morning,Bike,27,3,63.7
6305,11.81,Clear,Medium,Morning,Bike,12,5,52.4
6306,10.93,Rainy,Low,Afternoon,Scooter,13,6,45.6
6307,11.19,Windy,Medium,Afternoon,Bike,22,6,56.6
6308,10.43,Clear,High,Afternoon,Bike,15,3,52.8
6309,9.48,Clear,Low,Afternoon,Bike,16,3,40.8
6310,11.85,Clear,Medium,Night,Scooter,9,4,45.9
6311,8.33,Clear,Low,Night,Bike,28,6,52.8
6312,11.23,Clear,High,Afternoon,Scooter,34,6,70.8
6313,9.03,Clear,Medium,Evening,Bike,16,6,49.8
6314,10.43,Rainy,Low,Morning,Bike,13,4,49.6
6315,11.93,Clear,Low,Afternoon,Scooter,22,3,50.8
6316,11.37,Clear,Low,Evening,Bike,23,5,52.0
6317,11.4,Clear,Low,Morning,Scooter,12,6,40.9
6318,11.29,Windy,Medium,Morning,Bike,17,4,52.3
6319,9.82,Clear,Low,Night,Car,13,3,27.9
6320,9.57,Clear,Medium,Morning,Bike,13,5,41.3
6321,10.07,Clear,Low,Afternoon,Bike,18,3,50.0
6322,9.14,Rainy,Low,Afternoon,Car,16,6,39.0
6323,9.91,Snowy,Medium,Afternoon,Car,17,4,48.3
6324,8.51,Clear,Medium,Morning,Bike,16,6,54.4
6325,11.57,Clear,High,Afternoon,Bike,10,5,48.1
6326,10.94,Clear,Medium,Afternoon,Bike,10,4,45.2
6327,8.25,Rainy,Medium,Morning,Scooter,14,4,46.4
6328,10.64,Windy,Medium,Afternoon,Bike,18,5,55.8
6329,11.03,Clear,Low,Morning,Bike,13,3,45.4
6330,11.45,Clear,Medium,Afternoon,Scooter,20,4,48.5
6331,9.32,Foggy,High,Afternoon,Bike,23,6,58.9
6332,10.52,Foggy,Low,Evening,Car,27,6,53.4
6333,9.1,Clear,Medium,Night,Bike,29,3,56.2
6334,11.4,Clear,Low,Evening,Car,15,5,35.8
6335,11.5,Clear,Medium,Afternoon,Scooter,29,6,60.9
6336,8.31,Foggy,Medium,Afternoon,Car,26,4,56.2
6337,9.14,Foggy,Low,Morning,Scooter,15,3,42.3
6338,8.41,Rainy,Medium,Night,Bike,16,4,44.9
6339,9.6,Snowy,High,Afternoon,Bike,12,6,58.6
6340,8.02,Clear,Low,Evening,Bike,26,3,52.3
6341,11.13,Clear,Medium,Afternoon,Scooter,18,4,45.1
6342,9.73,Clear,High,Morning,Bike,13,6,52.6
6343,10.14,Snowy,Low,Morning,Scooter,24,5,51.0
6344,10.97,Rainy,Medium,Morning,Car,26,4,64.8
6345,10.85,Clear,Low,Evening,Bike,20,5,50.4
6346,9.26,Clear,High,Morning,Scooter,16,3,56.6
6347,11.13,Foggy,Low,Morning,Car,13,5,44.2
6348,10.56,Foggy,Low,Night,Scooter,23,4,51.1
6349,8.87,Rainy,Low,Evening,Bike,23,6,61.8
6350,8.12,Clear,Medium,Afternoon,Bike,18,5,42.5
6351,11.02,Windy,Medium,Morning,Scooter,23,3,56.0
6352,8.66,Foggy,Low,Morning,Bike,13,5,46.8
6353,8.45,Rainy,High,Afternoon,Scooter,18,5,57.7
6354,9.68,Rainy,Low,Evening,Car,15,4,48.1
6355,11.69,Windy,Medium,Evening,Bike,33,5,74.0
6356,10.87,Windy,Medium,Night,Bike,16,4,50.4
6357,11.19,Rainy,Medium,Morning,Bike,13,5,53.9
6358,9.08,Clear,Medium,Evening,Car,13,3,38.5
6359,11.34,Clear,Low,Afternoon,Bike,33,4,57.0
6360,9.66,Snowy,Medium,Morning,Bike,34,5,76.9
6361,11.92,Rainy,High,Afternoon,Scooter,24,3,74.4
6362,10.28,Clear,Low,Evening,Bike,17,6,44.4
6363,10.42,Clear,Low,Morning,Bike,21,3,52.5
6364,11.66,Snowy,High,Evening,Scooter,22,6,73.7
6365,11.79,Snowy,Low,Evening,Scooter,11,5,48.9
6366,8.07,Windy,High,Afternoon,Bike,12,5,46.6
6367,8.93,Clear,High,Night,Bike,16,4,55.1
6368,10.46,Foggy,Low,Afternoon,Scooter,16,4,44.2
6369,8.01,Snowy,Medium,Evening,Bike,17,5,61.0
6370,9.27,Clear,Medium,Night,Car,15,4,46.2
6371,8.79,Clear,High,Afternoon,Bike,20,5,51.7
6372,10.09,Windy,Medium,Morning,Bike,23,6,60.1
6373,10.39,Clear,High,Morning,Scooter,26,5,63.4
6374,8.76,Rainy,Medium,Morning,Scooter,16,5,49.8
6375,10.15,Rainy,Low,Morning,Bike,14,5,49.0
6376,9.59,Rainy,Medium,Evening,Scooter,12,3,54.5
6377,11.96,Clear,High,Evening,Car,19,3,59.8
6378,8.26,Foggy,Medium,Night,Bike,8,3,48.8
6379,11.36,Clear,Medium,Evening,Bike,26,4,63.4
6380,12.0,Snowy,High,Morning,Bike,17,4,77.5
6381,10.17,Clear,Medium,Night,Bike,20,3,57.9
6382,10.72,Foggy,Medium,Evening,Bike,16,5,57.3
6383,8.51,Foggy,High,Morning,Car,6,6,43.5
6384,9.4,Clear,High,Morning,Car,24,6,59.7
6385,8.73,Clear,Medium,Afternoon,Car,17,5,37.5
6386,10.33,Foggy,Low,Evening,Bike,16,3,56.9
6387,11.77,Clear,Medium,Afternoon,Bike,23,5,55.5
6388,8.12,Clear,Medium,Afternoon,Bike,15,6,39.7
6389,9.98,Clear,Low,Afternoon,Bike,20,6,42.8
6390,10.89,Windy,Medium,Afternoon,Scooter,22,6,54.0
6391,9.72,Rainy,Low,Afternoon,Bike,32,3,65.6
6392,10.16,Clear,Medium,Afternoon,Bike,23,4,53.0
6393,9.81,Windy,High,Morning,Car,8,5,45.2
6394,10.39,Clear,Low,Evening,Scooter,20,3,43.7
6395,8.27,Clear,Medium,Evening,Car,20,4,49.3
6396,10.19,Clear,High,Evening,Bike,11,3,55.7
6397,10.05,Clear,High,Evening,Car,23,3,58.3
6398,8.73,Clear,Medium,Afternoon,Bike,16,5,43.6
6399,10.14,Rainy,High,Evening,Bike,20,5,66.3
6400,9.85,Clear,Medium,Evening,Bike,14,3,47.1
6401,10.37,Rainy,Medium,Evening,Scooter,12,5,47.6
6402,10.26,Clear,Medium,Afternoon,Bike,16,6,44.2
6403,9.62,Clear,Medium,Evening,Scooter,13,3,47.2
6404,11.12,Clear,Low,Afternoon,Bike,32,6,62.0
6405,9.43,Rainy,Low,Evening,Car,22,5,46.6
6406,9.9,Foggy,High,Evening,Bike,8,6,55.3
6407,9.71,Clear,Medium,Afternoon,Scooter,16,6,38.1
6408,9.94,Clear,Medium,Night,Car,28,5,55.2
6409,11.2,Clear,Medium,Afternoon,Scooter,19,4,49.5
6410,10.84,Snowy,Medium,Night,Car,17,3,53.5
6411,8.17,Clear,High,Evening,Scooter,18,6,51.7
6412,9.98,Foggy,Low,Night,Bike,15,5,49.0
6413,8.5,Clear,Low,Afternoon,Scooter,16,4,28.7
6414,10.92,Clear,Low,Afternoon,Scooter,13,5,39.4
6415,11.95,Foggy,Medium,Afternoon,Bike,22,5,59.9
6416,10.48,Clear,Medium,Afternoon,Bike,13,3,50.5
6417,9.52,Clear,Low,Evening,Bike,16,4,47.1
6418,8.29,Windy,High,Evening,Bike,28,4,65.5
6419,9.33,Clear,Medium,Evening,Car,16,5,41.8
6420,10.1,Clear,Medium,Afternoon,Car,15,4,42.3
6421,11.52,Clear,Low,Evening,Scooter,16,4,47.8
6422,10.05,Rainy,Medium,Afternoon,Bike,14,5,53.5
6423,11.94,Foggy,Low,Evening,Bike,22,6,60.8
6424,9.48,Clear,Medium,Evening,Bike,21,3,54.1
6425,8.0,Windy,Low,Morning,Bike,14,3,42.9
6426,10.51,Rainy,Medium,Morning,Scooter,16,5,54.9
6427,8.88,Windy,High,Afternoon,Scooter,18,6,46.4
6428,8.98,Snowy,Low,Evening,Bike,26,6,63.2
6429,8.07,Windy,Medium,Morning,Bike,15,4,48.3
6430,10.13,Rainy,Low,Evening,Car,19,4,54.0
6431,8.99,Clear,Low,Evening,Bike,29,6,58.7
6432,11.98,Clear,Low,Morning,Bike,14,3,49.1
6433,11.34,Rainy,High,Morning,Bike,22,4,76.9
6434,10.88,Clear,High,Afternoon,Bike,21,4,62.4
6435,9.42,Foggy,Medium,Afternoon,Scooter,12,4,43.3
6436,8.29,Clear,Medium,Night,Scooter,32,4,51.6
6437,10.68,Snowy,Medium,Morning,Scooter,24,6,65.4
6438,8.09,Clear,Low,Morning,Bike,16,6,39.2
6439,9.77,Windy,High,Morning,Car,19,4,56.8
6440,8.21,Clear,Low,Evening,Scooter,15,4,36.0
6441,10.24,Clear,Medium,Morning,Car,14,6,46.2
6442,10.24,Snowy,High,Morning,Bike,27,3,83.4
6443,10.12,Snowy,Low,Evening,Car,19,5,50.8
6444,10.86,Foggy,Medium,Evening,Scooter,16,3,51.1
6445,8.91,Windy,High,Evening,Bike,26,5,64.7
6446,8.97,Clear,Medium,Afternoon,Bike,17,3,50.7
6447,9.66,Snowy,Low,Afternoon,Bike,12,3,50.3
6448,10.81,Clear,Low,Evening,Car,12,5,33.4
6449,8.47,Rainy,High,Morning,Bike,29,5,69.2
6450,11.54,Clear,Medium,Evening,Scooter,16,4,49.2
6451,9.01,Clear,Medium,Morning,Scooter,16,3,51.4
6452,8.51,Rainy,Low,Morning,Scooter,18,6,47.4
6453,10.4,Foggy,High,Evening,Bike,19,6,64.6
6454,9.1,Clear,Medium,Morning,Car,17,5,43.6
6455,9.64,Windy,Medium,Morning,Bike,29,5,60.6
6456,8.24,Rainy,High,Afternoon,Car,15,5,48.3
6457,9.86,Clear,Low,Afternoon,Bike,11,6,38.8
6458,9.21,Rainy,Medium,Morning,Bike,33,3,73.3
6459,8.68,Clear,Medium,Evening,Bike,13,5,44.4
6460,9.55,Clear,Low,Night,Scooter,29,3,51.2
6461,11.08,Rainy,Low,Morning,Scooter,25,4,56.6
6462,11.05,Clear,Low,Afternoon,Bike,23,4,51.9
6463,9.44,Clear,Low,Morning,Bike,11,6,35.7
6464,11.9,Foggy,Medium,Night,Scooter,8,4,43.3
6465,8.5,Clear,High,Morning,Bike,12,3,49.8
6466,11.42,Snowy,Medium,Morning,Bike,16,5,63.0
6467,11.92,Foggy,High,Night,Scooter,24,4,67.1
6468,10.29,Clear,Medium,Afternoon,Bike,16,5,47.4
6469,8.24,Rainy,Medium,Morning,Bike,8,3,46.8
6470,11.68,Clear,Medium,Afternoon,Bike,10,6,44.5
6471,9.75,Rainy,Medium,Afternoon,Scooter,17,5,47.7
6472,8.69,Clear,Medium,Evening,Scooter,8,5,29.6
6473,11.57,Windy,Low,Morning,Bike,23,6,57.8
6474,9.71,Clear,High,Morning,Bike,14,3,53.5
6475,10.0,Rainy,Low,Night,Bike,17,4,51.0
6476,10.28,Clear,Low,Morning,Bike,24,4,52.6
6477,11.63,Clear,Medium,Morning,Bike,19,4,52.5
6478,10.01,Clear,High,Morning,Bike,27,6,67.1
6479,11.55,Rainy,Medium,Morning,Scooter,25,6,69.0
6480,8.68,Windy,Medium,Evening,Bike,12,3,49.2
6481,10.47,Clear,Medium,Evening,Car,8,3,35.0
6482,10.1,Clear,Medium,Morning,Car,26,3,54.5
6483,9.3,Clear,Low,Morning,Bike,21,3,48.2
6484,8.85,Clear,Medium,Morning,Scooter,28,6,55.3
6485,8.28,Snowy,Medium,Morning,Scooter,10,3,46.7
6486,9.05,Windy,High,Morning,Bike,32,3,69.8
6487,10.72,Snowy,Medium,Afternoon,Bike,32,6,73.6
6488,9.11,Clear,Low,Morning,Car,14,5,39.3
6489,10.91,Clear,Medium,Morning,Bike,9,5,44.0
6490,11.5,Foggy,High,Evening,Scooter,16,3,58.8
6491,10.78,Clear,Low,Afternoon,Scooter,17,3,45.2
6492,11.22,Rainy,Medium,Afternoon,Bike,14,5,60.4
6493,10.29,Clear,High,Night,Scooter,9,5,41.4
6494,11.79,Clear,Low,Morning,Car,26,3,54.9
6495,11.05,Snowy,Medium,Morning,Bike,13,4,61.6
6496,9.29,Clear,Low,Morning,Bike,26,6,55.5
6497,10.89,Windy,Low,Morning,Bike,14,6,44.0
6498,10.69,Clear,Medium,Night,Scooter,26,3,55.6
6499,11.01,Clear,Medium,Evening,Scooter,14,3,45.2
6500,9.28,Clear,Medium,Afternoon,Scooter,10,4,37.1
6501,10.04,Clear,Low,Night,Scooter,25,5,50.6
6502,11.52,Rainy,High,Afternoon,Car,14,6,55.7
6503,11.9,Clear,Low,Evening,Bike,15,5,45.6
6504,9.44,Rainy,High,Afternoon,Car,16,5,55.8
6505,9.95,Snowy,Medium,Evening,Bike,20,4,63.7
6506,9.32,Clear,Low,Morning,Bike,20,4,49.5
6507,10.87,Clear,High,Evening,Bike,10,3,51.8
6508,8.16,Clear,Low,Night,Bike,30,4,47.6
6509,11.82,Foggy,Medium,Afternoon,Car,9,6,40.1
6510,10.2,Rainy,Medium,Evening,Bike,25,5,59.3
6511,9.08,Clear,Medium,Afternoon,Scooter,22,5,43.7
6512,8.15,Rainy,Low,Evening,Bike,14,6,51.8
6513,10.24,Clear,High,Afternoon,Bike,19,3,49.3
6514,10.34,Clear,Medium,Evening,Car,19,5,44.0
6515,10.78,Clear,Medium,Morning,Car,21,4,57.5
6516,10.1,Windy,Medium,Morning,Bike,22,4,57.9
6517,10.06,Clear,Low,Afternoon,Bike,18,3,43.1
6518,9.22,Clear,Low,Night,Bike,22,4,45.8
6519,8.78,Clear,Medium,Morning,Car,13,5,34.4
6520,9.0,Rainy,Low,Morning,Bike,21,5,57.9
6521,9.5,Clear,Medium,Morning,Bike,16,4,50.1
6522,11.09,Clear,Low,Afternoon,Scooter,29,6,49.9
6523,8.47,Clear,Low,Evening,Car,26,3,49.7
6524,10.57,Rainy,Medium,Evening,Bike,6,3,46.5
6525,8.15,Clear,Low,Morning,Scooter,23,5,44.0
6526,8.17,Windy,Low,Morning,Bike,20,4,45.5
6527,9.09,Clear,Low,Night,Scooter,22,4,37.8
6528,9.43,Clear,High,Evening,Bike,14,3,61.0
6529,8.76,Windy,Low,Morning,Car,24,5,47.7
6530,11.54,Snowy,Medium,Morning,Scooter,11,5,58.2
6531,9.22,Clear,High,Morning,Car,27,5,58.7
6532,9.87,Snowy,High,Morning,Bike,17,6,64.0
6533,11.98,Rainy,Medium,Morning,Car,11,5,42.0
6534,9.02,Clear,High,Afternoon,Scooter,22,5,51.9
6535,10.48,Snowy,Low,Morning,Scooter,16,4,47.7
6536,10.99,Foggy,Medium,Evening,Bike,14,6,55.9
6537,9.08,Clear,Low,Evening,Car,21,6,37.5
6538,8.23,Rainy,Medium,Evening,Bike,15,6,53.9
6539,11.17,Clear,Low,Evening,Scooter,13,3,47.9
6540,9.16,Clear,High,Afternoon,Scooter,20,6,59.0
6541,9.29,Windy,Medium,Morning,Scooter,15,5,48.4
6542,9.66,Rainy,Low,Afternoon,Scooter,9,4,36.8
6543,8.16,Rainy,Medium,Morning,Scooter,13,3,46.0
6544,11.41,Rainy,Low,Morning,Scooter,17,3,51.0
6545,11.45,Rainy,High,Morning,Scooter,19,6,62.8
6546,11.49,Clear,Medium,Afternoon,Bike,17,5,55.7
6547,8.73,Windy,Low,Evening,Scooter,28,6,51.4
6548,11.9,Rainy,Medium,Afternoon,Car,15,6,57.1
6549,10.65,Rainy,Low,Morning,Scooter,26,6,56.0
6550,10.37,Clear,Low,Evening,Bike,17,4,47.0
6551,10.89,Clear,Low,Morning,Bike,21,4,48.8
6552,11.02,Clear,Medium,Morning,Car,18,4,51.4
6553,9.66,Clear,Low,Evening,Car,11,3,33.8
6554,10.34,Clear,Low,Morning,Bike,16,5,45.6
6555,10.34,Rainy,Low,Evening,Car,21,6,50.2
6556,8.03,Snowy,Low,Evening,Bike,14,3,51.5
6557,8.04,Clear,High,Afternoon,Car,15,6,43.1
6558,9.88,Clear,Medium,Afternoon,Car,22,5,49.2
6559,10.23,Rainy,Medium,Morning,Scooter,22,5,57.7
6560,10.83,Clear,High,Morning,Car,18,5,55.8
6561,11.01,Windy,Medium,Evening,Scooter,22,3,57.9
6562,10.34,Clear,High,Morning,Bike,25,6,70.1
6563,9.14,Clear,Low,Morning,Car,18,6,39.3
6564,10.48,Clear,High,Evening,Bike,21,5,64.0
6565,9.04,Windy,Low,Evening,Bike,7,4,36.7
6566,11.27,Clear,High,Evening,Bike,8,3,50.6
6567,9.69,Rainy,Low,Morning,Scooter,20,4,52.1
6568,11.58,Clear,Low,Morning,Scooter,20,4,52.8
6569,8.51,Clear,Medium,Morning,Car,14,6,36.8
6570,10.82,Snowy,Medium,Morning,Car,20,4,65.4
6571,9.72,Clear,Medium,Afternoon,Car,11,5,37.1
6572,8.51,Clear,High,Morning,Scooter,23,4,51.2
6573,10.24,Rainy,Medium,Morning,Car,15,3,50.0
6574,8.85,Snowy,Low,Afternoon,Bike,19,6,57.7
6575,9.17,Clear,Low,Evening,Scooter,31,4,54.4
6576,9.82,Clear,Medium,Morning,Bike,18,5,49.9
6577,9.46,Windy,High,Afternoon,Bike,18,4,54.8
6578,9.55,Rainy,Medium,Afternoon,Bike,11,5,47.6
6579,9.59,Snowy,Low,Night,Bike,9,6,45.3
6580,8.07,Foggy,Low,Afternoon,Car,28,5,46.7
6581,9.47,Foggy,Medium,Afternoon,Bike,26,6,57.9
6582,9.57,Clear,Medium,Morning,Car,24,5,45.3
6583,10.37,Clear,Low,Evening,Bike,33,5,60.1
6584,9.92,Foggy,Medium,Morning,Scooter,10,6,43.1
6585,8.69,Foggy,High,Evening,Bike,23,5,67.1
6586,10.35,Windy,Low,Night,Car,11,3,36.2
6587,8.14,Rainy,Medium,Morning,Bike,20,4,62.8
6588,9.33,Clear,Medium,Afternoon,Scooter,22,3,45.2
6589,10.48,Rainy,Medium,Evening,Car,21,6,57.9
6590,10.5,Rainy,High,Morning,Scooter,14,3,60.8
6591,8.72,Clear,Low,Afternoon,Car,27,3,41.4
6592,9.36,Foggy,Medium,Evening,Bike,19,6,59.7
6593,9.83,Rainy,Low,Evening,Bike,28,3,69.9
6594,9.65,Clear,Low,Evening,Bike,17,6,44.7
6595,10.74,Rainy,Low,Morning,Bike,15,3,52.4
6596,10.96,Rainy,Medium,Morning,Bike,27,6,75.0
6597,8.16,Windy,Medium,Afternoon,Scooter,24,5,51.3
6598,10.98,Clear,Medium,Afternoon,Car,10,3,34.7
6599,11.51,Rainy,Low,Afternoon,Scooter,17,6,47.1
6600,11.66,Clear,Low,Afternoon,Car,10,6,31.0
6601,8.22,Rainy,Medium,Afternoon,Scooter,26,6,52.9
6602,11.53,Clear,Medium,Morning,Bike,17,6,52.4
6603,8.65,Snowy,Low,Afternoon,Scooter,14,3,41.2
6604,9.35,Windy,Medium,Afternoon,Bike,10,3,46.2
6605,9.53,Rainy,Low,Evening,Bike,14,4,48.7
6606,9.2,Rainy,Low,Evening,Car,15,5,43.5
6607,9.18,Clear,Medium,Afternoon,Bike,31,6,62.5
6608,8.68,Rainy,Low,Night,Bike,33,6,60.6
6609,10.64,Clear,Medium,Night,Bike,17,4,46.4
6610,10.32,Foggy,Low,Evening,Scooter,28,4,62.1
6611,10.45,Clear,Medium,Afternoon,Bike,24,6,54.2
6612,10.09,Foggy,Low,Evening,Scooter,23,6,57.9
6613,8.88,Clear,Low,Afternoon,Bike,14,4,40.2
6614,10.35,Rainy,Medium,Afternoon,Scooter,23,5,59.4
6615,10.61,Rainy,Low,Night,Car,33,4,61.6
6616,8.21,Clear,Low,Night,Bike,25,4,50.0
6617,11.95,Clear,High,Evening,Scooter,18,6,59.4
6618,10.32,Snowy,Medium,Night,Bike,6,3,42.4
6619,10.55,Rainy,Medium,Afternoon,Bike,16,4,55.5
6620,10.28,Clear,Medium,Morning,Bike,21,3,59.5
6621,10.76,Clear,High,Morning,Bike,11,4,51.3
6622,10.63,Clear,Low,Afternoon,Car,16,5,44.2
6623,11.2,Rainy,Medium,Morning,Scooter,22,6,61.6
6624,8.65,Rainy,Low,Morning,Car,27,4,56.3
6625,8.65,Clear,Medium,Evening,Bike,22,6,56.9
6626,8.88,Rainy,Low,Morning,Scooter,20,4,51.9
6627,11.85,Foggy,Low,Evening,Scooter,13,4,47.4
6628,9.43,Foggy,Low,Afternoon,Bike,21,6,50.3
6629,9.26,Clear,Low,Morning,Scooter,25,5,47.8
6630,8.92,Clear,Medium,Afternoon,Car,17,3,40.5
6631,9.93,Clear,Low,Morning,Car,27,3,47.6
6632,11.62,Clear,Low,Afternoon,Car,15,4,37.4
6633,10.7,Clear,Medium,Evening,Bike,20,3,54.1
6634,8.75,Clear,High,Afternoon,Car,25,6,52.6
6635,11.35,Clear,Low,Afternoon,Car,27,5,47.7
6636,11.78,Rainy,High,Afternoon,Scooter,17,6,61.8
6637,10.85,Clear,Low,Evening,Bike,17,3,44.6
6638,10.37,Foggy,Medium,Evening,Bike,29,6,66.4
6639,10.69,Clear,Low,Morning,Bike,17,5,44.8
6640,10.94,Rainy,Medium,Evening,Bike,6,4,50.6
6641,11.44,Clear,Medium,Evening,Car,17,4,49.0
6642,10.63,Foggy,Low,Evening,Car,20,3,53.9
6643,10.13,Foggy,Medium,Morning,Car,23,6,56.8
6644,8.73,Clear,Medium,Evening,Bike,10,6,41.6
6645,9.5,Rainy,High,Evening,Scooter,19,5,58.7
6646,8.34,Clear,Medium,Evening,Bike,20,6,49.9
6647,10.91,Rainy,Low,Afternoon,Bike,21,5,51.0
6648,11.97,Clear,Low,Evening,Bike,14,5,48.8
6649,8.38,Clear,Low,Evening,Car,23,6,44.3
6650,9.76,Clear,Medium,Evening,Scooter,24,4,50.5
6651,10.8,Snowy,Low,Afternoon,Car,11,5,41.9
6652,8.12,Clear,Low,Afternoon,Bike,23,5,43.6
6653,9.76,Rainy,High,Morning,Bike,20,6,70.5
6654,11.18,Clear,Medium,Morning,Scooter,17,5,47.6
6655,9.17,Clear,Medium,Afternoon,Scooter,23,4,46.5
6656,10.64,Clear,Low,Afternoon,Car,11,6,31.6
6657,10.43,Windy,Medium,Morning,Bike,15,6,51.9
6658,10.8,Foggy,Low,Evening,Bike,27,3,62.7
6659,8.96,Clear,Low,Morning,Car,12,5,31.4
6660,8.67,Foggy,Low,Afternoon,Scooter,28,4,53.2
6661,8.07,Clear,High,Morning,Scooter,20,4,56.8
6662,9.92,Clear,Low,Afternoon,Car,6,4,25.2
6663,8.75,Rainy,High,Afternoon,Scooter,12,4,49.0
6664,10.6,Clear,Low,Afternoon,Scooter,9,6,32.7
6665,10.2,Clear,Medium,Night,Bike,23,3,56.3
6666,11.33,Foggy,High,Evening,Scooter,14,6,58.8
6667,11.21,Clear,Low,Afternoon,Bike,19,3,51.3
6668,9.44,Snowy,High,Afternoon,Scooter,26,4,65.2
6669,9.19,Rainy,Medium,Afternoon,Scooter,27,4,59.0
6670,8.33,Snowy,Medium,Evening,Bike,25,5,63.4
6671,11.03,Rainy,High,Morning,Bike,18,6,66.1
6672,9.98,Snowy,Medium,Night,Bike,12,5,49.1
6673,9.35,Clear,Low,Morning,Bike,15,5,41.4
6674,10.81,Rainy,Low,Night,Bike,15,3,51.1
6675,9.1,Rainy,Medium,Morning,Car,33,3,60.3
6676,9.91,Windy,Medium,Evening,Bike,24,6,60.2
6677,9.74,Clear,High,Night,Bike,15,5,51.2
6678,9.08,Rainy,Medium,Afternoon,Scooter,16,4,47.7
6679,11.16,Foggy,Low,Evening,Scooter,14,5,41.5
6680,10.83,Clear,Low,Evening,Bike,16,6,49.1
6681,10.08,Snowy,Low,Morning,Bike,10,4,52.6
6682,10.76,Clear,Low,Morning,Bike,25,5,59.1
6683,8.36,Clear,Medium,Evening,Bike,18,5,47.7
6684,9.72,Rainy,High,Evening,Bike,20,6,67.3
6685,10.4,Clear,Medium,Morning,Scooter,13,3,43.9
6686,9.58,Clear,Medium,Evening,Scooter,17,3,45.1
6687,10.86,Clear,High,Night,Bike,17,6,51.9
6688,10.09,Clear,Medium,Afternoon,Scooter,10,4,38.4
6689,9.53,Foggy,Medium,Evening,Bike,8,5,49.5
6690,9.66,Snowy,High,Night,Car,20,4,64.7
6691,10.86,Rainy,Medium,Evening,Scooter,19,4,59.3
6692,8.26,Clear,Medium,Evening,Scooter,20,3,46.3
6693,11.35,Rainy,Low,Evening,Bike,27,5,65.7
6694,8.23,Snowy,Low,Afternoon,Scooter,34,5,64.0
6695,8.53,Foggy,High,Morning,Bike,25,5,72.6
6696,11.24,Clear,Low,Morning,Car,8,6,36.7
6697,9.5,Clear,High,Night,Bike,15,4,54.7
6698,9.84,Snowy,Medium,Afternoon,Bike,23,4,68.3
6699,9.49,Snowy,Low,Afternoon,Scooter,27,5,57.1
6700,8.37,Clear,Medium,Afternoon,Scooter,28,6,51.7
6701,10.43,Snowy,High,Afternoon,Scooter,21,3,69.3
6702,10.76,Clear,High,Morning,Car,25,4,63.8
6703,8.76,Clear,Medium,Afternoon,Bike,12,3,44.1
6704,11.01,Foggy,High,Morning,Bike,16,4,63.0
6705,8.4,Rainy,Low,Morning,Car,10,6,40.1
6706,11.1,Clear,Medium,Night,Bike,14,3,47.1
6707,10.81,Windy,Low,Morning,Scooter,23,6,55.5
6708,11.65,Snowy,High,Morning,Bike,12,6,65.8
6709,11.25,Clear,Medium,Morning,Bike,23,5,59.1
6710,11.38,Rainy,Medium,Afternoon,Bike,23,3,59.3
6711,11.83,Foggy,High,Night,Car,27,3,67.6
6712,11.38,Rainy,Low,Morning,Bike,31,3,67.5
6713,11.19,Windy,Low,Evening,Bike,23,6,54.2
6714,8.78,Rainy,Low,Afternoon,Bike,21,3,53.0
6715,11.02,Clear,Low,Afternoon,Bike,24,5,46.7
6716,10.53,Clear,Medium,Morning,Bike,13,4,53.5
6717,11.85,Snowy,Medium,Evening,Car,22,6,72.0
6718,10.88,Windy,High,Evening,Scooter,28,4,69.1
6719,9.04,Clear,Low,Morning,Bike,17,4,48.1
6720,8.66,Clear,Low,Afternoon,Bike,8,4,26.5
6721,9.13,Foggy,High,Morning,Bike,15,6,59.7
6722,9.92,Clear,Medium,Afternoon,Bike,10,6,41.3
6723,10.61,Clear,High,Afternoon,Bike,20,6,67.0
6724,8.86,Snowy,Low,Afternoon,Car,25,4,51.0
6725,8.93,Foggy,High,Afternoon,Bike,10,6,50.4
6726,9.21,Snowy,Medium,Morning,Bike,16,3,59.9
6727,11.23,Rainy,Medium,Morning,Scooter,21,5,60.6
6728,9.46,Clear,Low,Evening,Bike,28,5,55.4
6729,8.31,Windy,High,Afternoon,Scooter,13,3,45.9
6730,10.18,Clear,High,Afternoon,Scooter,18,3,50.7
6731,8.02,Clear,Low,Evening,Bike,7,6,31.8
6732,10.69,Snowy,Low,Afternoon,Car,16,3,45.0
6733,11.37,Rainy,Medium,Morning,Bike,15,5,58.8
6734,8.67,Snowy,Low,Morning,Bike,12,6,53.2
6735,11.38,Clear,High,Morning,Scooter,12,6,51.1
6736,10.72,Windy,High,Afternoon,Scooter,16,3,57.4
6737,8.39,Rainy,Medium,Evening,Bike,9,5,47.2
6738,8.91,Rainy,High,Evening,Bike,28,6,75.3
6739,8.91,Windy,Medium,Afternoon,Car,30,6,54.5
6740,8.82,Clear,Low,Morning,Scooter,26,5,40.6
6741,9.34,Foggy,Low,Morning,Scooter,6,3,35.7
6742,11.63,Rainy,Low,Morning,Scooter,15,6,47.0
6743,8.9,Foggy,Low,Morning,Scooter,17,6,43.1
6744,11.71,Snowy,Low,Evening,Scooter,15,4,56.4
6745,10.2,Rainy,Medium,Morning,Bike,24,4,72.5
6746,10.07,Clear,Medium,Afternoon,Bike,21,5,47.9
6747,10.7,Clear,Low,Afternoon,Scooter,13,6,34.2
6748,11.22,Windy,Low,Night,Scooter,10,5,36.7
6749,11.83,Windy,Low,Morning,Scooter,20,5,52.2
6750,8.01,Windy,Medium,Evening,Scooter,25,6,54.2
6751,9.59,Clear,Medium,Morning,Scooter,20,3,53.0
6752,8.72,Clear,Low,Morning,Bike,14,4,39.5
6753,8.61,Foggy,Low,Evening,Car,19,6,42.7
6754,8.59,Foggy,Low,Evening,Car,18,5,44.1
6755,10.84,Clear,Low,Afternoon,Car,24,3,44.0
6756,8.2,Rainy,Medium,Afternoon,Car,16,5,42.3
6757,11.35,Clear,Medium,Morning,Car,22,3,55.0
6758,11.01,Rainy,Medium,Night,Bike,14,3,53.6
6759,9.64,Clear,Low,Morning,Scooter,8,4,29.9
6760,9.7,Clear,Medium,Night,Scooter,23,3,47.3
6761,10.71,Clear,Medium,Afternoon,Bike,32,6,63.8
6762,8.04,Windy,High,Morning,Car,32,6,69.2
6763,9.55,Foggy,Medium,Evening,Bike,23,3,64.4
6764,8.72,Windy,Low,Morning,Bike,21,5,47.3
6765,8.72,Clear,Medium,Afternoon,Bike,16,4,49.4
6766,10.2,Clear,Medium,Morning,Bike,28,5,61.9
6767,8.98,Clear,Medium,Afternoon,Bike,17,5,50.5
6768,9.5,Rainy,High,Morning,Bike,22,5,68.7
6769,10.87,Clear,Low,Night,Bike,19,6,46.1
6770,10.48,Foggy,Low,Morning,Bike,27,3,62.2
6771,9.32,Snowy,High,Afternoon,Scooter,21,6,61.0
6772,8.2,Snowy,Medium,Afternoon,Scooter,15,3,53.4
6773,8.11,Clear,Low,Morning,Bike,28,5,52.3
6774,9.95,Rainy,Medium,Morning,Car,12,5,50.7
6775,9.69,Clear,Low,Evening,Bike,13,5,41.5
6776,11.19,Clear,High,Afternoon,Scooter,15,5,50.3
6777,8.33,Foggy,Medium,Afternoon,Car,16,3,45.4
6778,11.4,Rainy,High,Morning,Car,25,5,69.7
6779,8.85,Foggy,Low,Afternoon,Scooter,17,4,38.7
6780,9.4,Clear,Medium,Night,Bike,26,4,54.0
6781,11.44,Windy,Medium,Afternoon,Car,15,3,49.1
6782,11.35,Windy,Low,Morning,Scooter,16,5,40.3
6783,10.06,Clear,Low,Morning,Scooter,23,4,49.9
6784,8.33,Snowy,Medium,Night,Bike,14,5,47.0
6785,10.36,Clear,Low,Afternoon,Car,11,4,31.9
6786,11.05,Foggy,Medium,Afternoon,Car,11,4,47.9
6787,9.05,Snowy,High,Afternoon,Scooter,13,5,51.3
6788,8.73,Snowy,Medium,Morning,Car,20,5,57.8
6789,9.99,Snowy,Low,Afternoon,Bike,8,5,46.4
6790,11.0,Clear,Low,Afternoon,Bike,21,3,47.7
6791,10.02,Snowy,Low,Afternoon,Scooter,23,6,51.5
6792,8.96,Rainy,High,Afternoon,Scooter,23,3,63.0
6793,11.48,Clear,High,Evening,Bike,20,3,69.2
6794,11.49,Clear,Medium,Morning,Bike,17,6,61.5
6795,10.63,Foggy,Medium,Afternoon,Scooter,32,3,64.4
6796,8.3,Rainy,Low,Afternoon,Bike,10,4,40.8
6797,8.93,Rainy,Medium,Evening,Scooter,23,5,57.2
6798,10.47,Windy,Low,Night,Car,16,6,35.0
6799,11.13,Rainy,Medium,Morning,Bike,25,6,68.2
6800,9.9,Clear,High,Evening,Car,20,5,54.1
6801,9.22,Clear,Low,Night,Bike,11,3,35.7
6802,11.54,Rainy,Low,Afternoon,Bike,25,4,62.2
6803,9.53,Foggy,Low,Afternoon,Car,10,3,34.9
6804,11.66,Rainy,High,Afternoon,Bike,24,6,74.7
6805,10.13,Rainy,Low,Evening,Bike,19,3,62.1
6806,10.46,Foggy,High,Morning,Car,12,3,54.3
6807,8.5,Foggy,High,Afternoon,Bike,19,6,55.6
6808,9.07,Snowy,Medium,Evening,Bike,19,3,62.6
6809,11.9,Clear,Medium,Evening,Bike,15,4,54.1
6810,10.87,Foggy,Medium,Evening,Bike,24,4,64.7
6811,9.91,Rainy,Low,Morning,Bike,11,3,43.5
6812,10.09,Clear,Low,Morning,Car,11,5,30.2
6813,8.35,Rainy,Medium,Evening,Scooter,14,4,51.0
6814,11.13,Foggy,High,Afternoon,Bike,26,4,73.3
6815,8.29,Rainy,Medium,Evening,Scooter,12,5,47.2
6816,9.55,Foggy,Low,Morning,Bike,24,4,56.9
6817,9.64,Clear,Low,Evening,Bike,23,3,50.9
6818,10.41,Clear,Low,Afternoon,Car,20,6,35.2
6819,9.66,Clear,Medium,Morning,Scooter,17,5,45.3
6820,11.84,Clear,Low,Evening,Scooter,15,6,41.3
6821,11.19,Foggy,Low,Afternoon,Scooter,13,4,38.0
6822,11.84,Snowy,Medium,Evening,Car,21,6,64.1
6823,10.07,Foggy,Low,Evening,Scooter,17,6,44.3
6824,9.21,Clear,Low,Afternoon,Bike,14,3,38.6
6825,11.93,Clear,Medium,Morning,Bike,15,3,51.0
6826,8.32,Clear,Low,Morning,Bike,11,6,37.5
6827,11.71,Rainy,Low,Morning,Car,9,4,44.6
6828,8.38,Clear,High,Afternoon,Scooter,17,6,44.3
6829,11.23,Rainy,Low,Afternoon,Bike,31,4,70.4
6830,11.12,Foggy,Medium,Afternoon,Bike,29,4,67.8
6831,10.64,Rainy,High,Night,Car,11,3,52.0
6832,11.13,Clear,Medium,Afternoon,Bike,19,3,49.0
6833,8.35,Clear,High,Morning,Scooter,15,5,46.0
6834,9.49,Rainy,Low,Morning,Car,21,3,49.1
6835,9.35,Rainy,Medium,Afternoon,Car,8,3,42.1
6836,11.93,Clear,Low,Afternoon,Bike,18,6,49.5
6837,9.89,Snowy,Medium,Evening,Scooter,17,4,56.6
6838,8.2,Rainy,High,Evening,Bike,19,5,63.6
6839,9.04,Clear,High,Evening,Car,12,4,48.1
6840,11.38,Clear,Low,Evening,Bike,20,3,52.2
6841,11.57,Clear,Low,Afternoon,Scooter,14,4,34.7
6842,11.71,Clear,Low,Afternoon,Scooter,18,3,46.1
6843,8.58,Clear,Low,Afternoon,Car,26,5,43.2
6844,10.75,Rainy,Medium,Morning,Bike,10,6,53.9
6845,9.61,Clear,High,Afternoon,Bike,16,6,54.4
6846,10.94,Snowy,Medium,Morning,Car,19,5,63.2
6847,11.3,Windy,Medium,Morning,Bike,16,3,59.9
6848,9.05,Clear,Medium,Afternoon,Bike,17,6,41.8
6849,10.0,Clear,High,Night,Bike,22,6,53.9
6850,9.31,Foggy,High,Night,Car,21,3,57.7
6851,9.82,Windy,Medium,Morning,Scooter,17,4,51.4
6852,9.16,Snowy,Medium,Morning,Scooter,14,6,53.0
6853,9.36,Clear,High,Afternoon,Car,14,6,48.1
6854,9.09,Clear,Low,Afternoon,Car,23,3,44.0
6855,9.19,Clear,High,Evening,Bike,17,5,55.7
6856,10.31,Snowy,High,Morning,Bike,15,4,65.1
6857,10.4,Rainy,Low,Evening,Scooter,21,6,55.2
6858,11.68,Rainy,Medium,Morning,Scooter,18,6,60.5
6859,9.56,Rainy,Low,Morning,Bike,17,6,50.8
6860,10.63,Clear,High,Afternoon,Car,11,4,35.8
6861,11.86,Rainy,Medium,Morning,Bike,27,4,70.8
6862,9.87,Clear,High,Afternoon,Bike,25,5,64.3
6863,11.12,Rainy,Low,Afternoon,Scooter,25,6,51.0
6864,11.88,Foggy,High,Evening,Car,12,4,58.5
6865,11.16,Rainy,Low,Evening,Bike,18,5,57.9
6866,8.32,Clear,Medium,Night,Bike,29,5,53.3
6867,8.77,Snowy,Low,Evening,Bike,28,4,67.6
6868,9.18,Foggy,Medium,Afternoon,Car,8,4,36.6
6869,10.74,Clear,Medium,Evening,Bike,6,4,42.8
6870,10.69,Clear,High,Evening,Bike,18,4,57.7
6871,8.55,Rainy,Medium,Night,Car,13,3,46.9
6872,9.8,Clear,High,Morning,Scooter,13,3,47.2
6873,9.69,Clear,Medium,Morning,Bike,17,5,47.7
6874,10.76,Clear,Low,Night,Bike,9,6,35.5
6875,9.04,Clear,High,Evening,Scooter,21,6,52.3
6876,8.95,Clear,Low,Morning,Bike,15,6,47.3
6877,10.39,Rainy,High,Night,Bike,10,6,51.3
6878,8.33,Clear,High,Morning,Bike,25,6,64.1
6879,10.68,Foggy,Low,Evening,Car,18,3,53.6
6880,9.76,Clear,Low,Afternoon,Scooter,28,6,50.0
6881,10.15,Clear,Medium,Afternoon,Scooter,6,4,31.7
6882,11.21,Clear,Low,Evening,Bike,19,5,51.7
6883,8.72,Foggy,Medium,Morning,Bike,17,6,57.6
6884,8.84,Windy,High,Afternoon,Car,29,3,57.2
6885,11.6,Rainy,Low,Afternoon,Scooter,12,4,47.4
6886,10.96,Clear,Low,Morning,Bike,18,3,51.8
6887,9.05,Clear,High,Evening,Scooter,12,4,53.2
6888,10.88,Clear,Medium,Evening,Bike,26,6,63.6
6889,9.83,Snowy,High,Morning,Bike,15,4,66.7
6890,10.47,Clear,Medium,Afternoon,Bike,17,5,51.1
6891,11.15,Windy,Medium,Night,Car,21,3,49.0
6892,8.18,Rainy,Low,Morning,Scooter,14,4,40.1
6893,10.44,Rainy,Medium,Night,Bike,11,5,50.2
6894,9.35,Snowy,Low,Afternoon,Bike,17,3,50.2
6895,10.06,Clear,Low,Afternoon,Car,16,4,33.9
6896,9.46,Foggy,High,Night,Bike,15,6,61.3
6897,11.76,Clear,Medium,Evening,Bike,7,5,51.3
6898,10.39,Snowy,Medium,Night,Car,23,3,52.4
6899,11.39,Rainy,Medium,Morning,Car,23,4,62.8
6900,9.03,Clear,Low,Evening,Bike,22,4,45.9
6901,9.46,Snowy,Medium,Evening,Bike,16,5,63.3
6902,11.15,Clear,Medium,Morning,Scooter,18,5,52.2
6903,8.94,Clear,High,Afternoon,Bike,21,6,59.5
6904,12.0,Foggy,High,Evening,Scooter,30,5,73.8
6905,10.64,Clear,High,Evening,Scooter,14,3,50.8
6906,11.59,Snowy,Medium,Evening,Scooter,23,3,68.0
6907,8.42,Rainy,Low,Morning,Bike,20,3,51.9
6908,9.66,Rainy,Medium,Morning,Car,20,5,55.0
6909,9.34,Clear,Medium,Morning,Car,10,5,41.1
6910,11.88,Clear,Low,Night,Scooter,23,4,50.1
6911,8.58,Windy,High,Afternoon,Bike,16,5,52.0
6912,10.99,Clear,Low,Evening,Car,15,3,41.5
6913,10.52,Rainy,Medium,Afternoon,Bike,17,5,51.4
6914,11.41,Clear,Low,Afternoon,Bike,26,5,48.2
6915,11.91,Clear,High,Morning,Bike,21,3,71.0
6916,11.22,Rainy,Medium,Morning,Bike,7,6,48.8
6917,9.01,Foggy,High,Evening,Bike,13,6,60.5
6918,11.34,Foggy,Medium,Morning,Scooter,21,6,58.4
6919,10.11,Snowy,Medium,Afternoon,Bike,26,5,67.6
6920,10.61,Clear,High,Morning,Bike,18,3,64.0
6921,9.12,Clear,Medium,Evening,Car,19,6,48.3
6922,11.26,Clear,Low,Evening,Bike,14,3,45.4
6923,9.78,Foggy,Medium,Afternoon,Scooter,11,6,42.1
6924,11.23,Clear,Low,Night,Car,17,4,39.3
6925,9.71,Rainy,Low,Evening,Bike,18,5,54.5
6926,10.47,Clear,High,Morning,Bike,19,3,62.8
6927,8.41,Snowy,High,Afternoon,Bike,13,4,54.9
6928,8.37,Snowy,Low,Morning,Scooter,10,3,43.1
6929,11.81,Snowy,Medium,Morning,Bike,15,5,59.6
6930,10.9,Clear,Medium,Afternoon,Car,24,4,51.6
6931,8.69,Windy,Low,Morning,Scooter,14,4,40.1
6932,10.39,Clear,Low,Morning,Scooter,21,3,45.1
6933,11.12,Clear,Medium,Evening,Car,14,3,45.8
6934,10.39,Clear,High,Evening,Bike,13,5,53.3
6935,9.79,Clear,Medium,Night,Scooter,13,4,38.7
6936,11.34,Rainy,Medium,Morning,Scooter,16,3,60.4
6937,8.2,Clear,High,Evening,Scooter,14,6,47.8
6938,10.53,Clear,Low,Afternoon,Scooter,15,3,41.2
6939,9.89,Rainy,Low,Afternoon,Bike,19,3,58.2
6940,10.59,Snowy,Medium,Evening,Car,25,3,69.8
6941,9.16,Rainy,Low,Afternoon,Scooter,23,4,45.1
6942,8.65,Rainy,Low,Afternoon,Scooter,17,5,40.1
6943,11.9,Clear,Medium,Morning,Car,15,3,53.4
6944,11.46,Snowy,Low,Morning,Scooter,21,4,58.6
6945,11.64,Clear,Medium,Afternoon,Car,17,4,44.8
6946,11.08,Clear,Medium,Morning,Bike,23,3,62.6
6947,8.26,Clear,Medium,Evening,Bike,26,5,56.3
6948,10.51,Rainy,Medium,Evening,Bike,14,4,62.9
6949,9.53,Clear,Medium,Morning,Bike,16,5,49.5
6950,9.34,Rainy,Low,Morning,Scooter,8,3,47.0
6951,9.0,Clear,Low,Evening,Bike,16,3,42.3
6952,8.72,Clear,Medium,Afternoon,Scooter,17,6,38.6
6953,8.56,Clear,Low,Afternoon,Car,28,4,41.9
6954,8.48,Clear,Medium,Evening,Scooter,16,4,41.9
6955,10.85,Clear,Low,Morning,Bike,16,4,49.6
6956,11.72,Rainy,High,Night,Car,15,5,52.8
6957,9.52,Rainy,Low,Afternoon,Scooter,11,5,34.9
6958,8.42,Clear,Low,Afternoon,Car,20,5,37.1
6959,8.88,Rainy,Medium,Morning,Bike,13,6,45.4
6960,10.99,Clear,Medium,Morning,Scooter,18,5,46.8
6961,9.39,Clear,Low,Morning,Bike,23,4,51.1
6962,10.65,Clear,Low,Afternoon,Bike,22,5,49.7
6963,8.82,Rainy,Low,Afternoon,Bike,11,4,40.0
6964,11.03,Clear,High,Morning,Scooter,16,4,57.2
6965,10.62,Rainy,Medium,Afternoon,Bike,24,3,62.0
6966,8.89,Clear,High,Afternoon,Bike,6,4,45.7
6967,11.73,Foggy,Low,Afternoon,Scooter,12,5,44.5
6968,10.09,Clear,Medium,Evening,Bike,16,4,49.4
6969,8.88,Rainy,Medium,Morning,Bike,18,3,58.2
6970,10.27,Foggy,Low,Night,Car,18,3,37.9
6971,9.66,Clear,Medium,Morning,Car,27,3,59.2
6972,11.67,Clear,Low,Morning,Car,23,4,46.4
6973,9.24,Rainy,Low,Morning,Scooter,30,6,58.1
6974,11.55,Windy,Low,Evening,Bike,30,4,65.1
6975,10.97,Windy,Low,Morning,Bike,9,6,38.4
6976,10.72,Clear,Low,Evening,Bike,10,3,39.3
6977,8.74,Foggy,Low,Night,Car,24,6,45.7
6978,8.34,Clear,High,Evening,Bike,29,6,64.3
6979,11.46,Clear,Medium,Night,Bike,21,3,59.0
6980,10.28,Rainy,High,Afternoon,Scooter,7,3,51.0
6981,11.86,Rainy,Medium,Afternoon,Scooter,10,5,45.5
6982,10.07,Rainy,Medium,Evening,Bike,31,3,73.0
6983,10.37,Snowy,Low,Afternoon,Car,10,5,38.5
6984,11.99,Clear,Medium,Evening,Scooter,27,5,61.2
6985,10.86,Rainy,Medium,Morning,Car,16,3,59.5
6986,9.44,Clear,Medium,Night,Bike,29,6,58.7
6987,11.31,Clear,Low,Evening,Bike,13,6,39.3
6988,9.18,Clear,Low,Afternoon,Bike,31,4,52.8
6989,10.1,Windy,Medium,Evening,Bike,18,6,54.2
6990,8.95,Clear,Low,Evening,Bike,23,5,51.0
6991,11.98,Clear,Medium,Afternoon,Bike,13,5,53.8
6992,11.74,Rainy,High,Afternoon,Bike,11,4,61.8
6993,11.5,Windy,Medium,Evening,Bike,13,5,54.0
6994,9.6,Windy,Low,Afternoon,Bike,23,6,47.0
6995,10.91,Rainy,Low,Evening,Bike,5,6,46.7
6996,9.04,Clear,Low,Morning,Bike,21,5,47.0
6997,9.56,Rainy,High,Afternoon,Bike,11,4,50.4
6998,11.22,Snowy,Medium,Morning,Bike,21,3,71.0
6999,8.23,Snowy,Low,Evening,Car,15,4,41.0
7000,8.2,Snowy,Low,Morning,Bike,27,5,64.0
7001,14.64,Clear,Low,Morning,Scooter,15,8,47.2
7002,15.1,Clear,Medium,Night,Bike,28,6,68.7
7003,13.53,Rainy,Medium,Morning,Bike,19,7,59.3
7004,14.7,Clear,Medium,Afternoon,Bike,13,8,55.8
7005,15.61,Clear,Medium,Afternoon,Bike,26,6,65.2
7006,12.4,Rainy,High,Morning,Car,14,8,57.3
7007,15.32,Rainy,Low,Night,Car,20,10,55.3
7008,14.33,Snowy,Medium,Morning,Scooter,18,9,65.7
7009,13.69,Foggy,Low,Evening,Bike,24,10,70.0
7010,12.21,Snowy,Low,Afternoon,Scooter,14,10,41.7
7011,13.54,Foggy,Medium,Afternoon,Scooter,11,6,49.0
7012,15.18,Foggy,Low,Evening,Bike,28,7,74.6
7013,14.17,Clear,Low,Afternoon,Bike,15,7,46.6
7014,12.71,Rainy,Medium,Night,Bike,20,9,61.6
7015,12.93,Clear,Low,Evening,Bike,26,6,68.6
7016,15.39,Clear,Medium,Afternoon,Scooter,10,9,46.7
7017,13.73,Clear,Medium,Evening,Bike,14,7,60.2
7018,12.38,Snowy,Low,Evening,Scooter,10,6,51.6
7019,15.89,Foggy,Low,Evening,Bike,28,7,76.0
7020,13.01,Windy,High,Morning,Bike,29,9,76.6
7021,15.19,Windy,Medium,Afternoon,Bike,27,8,65.7
7022,12.05,Snowy,Low,Morning,Scooter,15,10,54.8
7023,13.03,Clear,High,Morning,Bike,17,10,63.3
7024,13.35,Snowy,Low,Evening,Bike,28,8,74.2
7025,15.44,Snowy,High,Morning,Bike,27,9,87.1
7026,14.99,Snowy,High,Evening,Bike,7,8,65.2
7027,13.23,Clear,High,Evening,Bike,12,7,62.9
7028,15.15,Clear,High,Morning,Scooter,16,9,62.9
7029,15.24,Windy,Low,Morning,Bike,23,6,60.4
7030,14.05,Clear,Low,Morning,Bike,16,10,50.7
7031,14.03,Clear,High,Evening,Bike,13,9,59.6
7032,14.04,Clear,High,Morning,Bike,25,7,65.8
7033,12.67,Clear,Medium,Afternoon,Bike,15,6,49.0
7034,15.25,Clear,Medium,Afternoon,Car,11,6,54.7
7035,14.86,Windy,Medium,Evening,Scooter,20,9,55.2
7036,15.4,Snowy,High,Morning,Scooter,26,9,79.0
7037,15.26,Windy,Medium,Evening,Bike,19,9,58.9
7038,15.14,Clear,Medium,Evening,Car,34,6,69.0
7039,15.12,Clear,Low,Evening,Scooter,26,6,56.1
7040,15.78,Clear,Medium,Night,Bike,14,10,51.2
7041,14.42,Clear,High,Morning,Scooter,15,8,65.1
7042,15.31,Clear,Low,Morning,Bike,13,7,55.2
7043,15.21,Foggy,Medium,Afternoon,Car,19,6,59.1
7044,13.08,Windy,Medium,Night,Bike,21,6,66.2
7045,14.26,Rainy,High,Evening,Car,23,9,70.5
7046,14.92,Clear,Low,Evening,Car,18,9,46.6
7047,12.41,Clear,Low,Morning,Bike,11,7,42.8
7048,14.12,Clear,Medium,Afternoon,Car,14,7,42.1
7049,12.01,Clear,High,Evening,Bike,17,7,55.6
7050,12.96,Rainy,Low,Evening,Scooter,14,8,52.7
7051,13.95,Clear,Low,Morning,Bike,9,10,44.7
7052,13.23,Rainy,Low,Evening,Bike,27,8,64.4
7053,15.08,Snowy,High,Afternoon,Bike,18,9,75.2
7054,14.55,Clear,Low,Morning,Scooter,19,10,52.5
7055,13.07,Clear,Low,Evening,Scooter,11,8,39.1
7056,12.07,Clear,High,Morning,Bike,28,7,69.5
7057,13.02,Clear,High,Afternoon,Bike,26,10,69.0
7058,14.08,Rainy,Low,Morning,Bike,16,9,59.9
7059,15.05,Snowy,Low,Afternoon,Scooter,13,9,57.9
7060,14.41,Snowy,Low,Evening,Bike,24,10,71.0
7061,12.22,Rainy,Low,Evening,Bike,19,9,52.2
7062,13.87,Clear,Medium,Evening,Car,25,8,56.1
7063,15.84,Clear,Low,Evening,Car,17,10,49.2
7064,15.62,Clear,Medium,Evening,Scooter,27,6,72.2
7065,14.97,Clear,Medium,Evening,Bike,22,10,65.9
7066,13.14,Snowy,High,Morning,Scooter,15,7,65.9
7067,12.09,Rainy,Medium,Evening,Bike,23,10,61.5
7068,13.83,Clear,High,Afternoon,Bike,15,8,63.0
7069,13.5,Clear,Medium,Morning,Car,16,10,54.0
7070,14.7,Clear,Medium,Afternoon,Bike,16,7,51.9
7071,12.28,Windy,Medium,Afternoon,Bike,16,9,54.6
7072,15.69,Clear,Low,Afternoon,Scooter,22,8,54.5
7073,14.94,Clear,Low,Morning,Car,14,9,47.5
7074,15.88,Clear,Medium,Evening,Scooter,15,8,61.7
7075,15.46,Snowy,Low,Afternoon,Bike,18,10,66.3
7076,13.72,Rainy,Low,Evening,Scooter,14,9,53.3
7077,14.65,Rainy,Medium,Morning,Car,11,7,55.3
7078,15.38,Clear,Medium,Evening,Scooter,22,9,61.5
7079,12.82,Clear,Medium,Evening,Bike,19,7,58.3
7080,12.04,Snowy,Medium,Morning,Scooter,29,9,80.3
7081,13.23,Clear,Medium,Morning,Car,23,8,57.4
7082,13.75,Clear,Low,Afternoon,Bike,19,7,53.4
7083,14.5,Rainy,Low,Evening,Scooter,14,7,55.9
7084,13.05,Clear,High,Morning,Scooter,13,8,51.9
7085,13.77,Clear,Low,Night,Scooter,18,8,46.9
7086,14.59,Foggy,Low,Morning,Bike,17,10,56.1
7087,15.3,Rainy,Medium,Morning,Bike,16,9,64.4
7088,12.91,Clear,Medium,Morning,Scooter,17,9,53.8
7089,15.2,Clear,Low,Morning,Bike,13,6,49.0
7090,15.76,Foggy,Medium,Evening,Bike,16,6,70.7
7091,13.64,Clear,Medium,Morning,Bike,8,6,52.1
7092,14.21,Clear,High,Afternoon,Bike,19,6,68.5
7093,12.04,Rainy,Medium,Afternoon,Scooter,19,6,58.3
7094,14.84,Rainy,Medium,Evening,Car,21,9,62.4
7095,15.49,Windy,High,Afternoon,Bike,22,8,75.6
7096,12.08,Clear,Medium,Evening,Bike,21,8,62.3
7097,15.37,Clear,Medium,Afternoon,Bike,24,9,67.1
7098,12.6,Rainy,Medium,Morning,Scooter,11,8,55.1
7099,15.37,Rainy,Low,Evening,Bike,27,6,69.8
7100,14.17,Clear,High,Morning,Car,16,6,62.1
7101,13.48,Rainy,Low,Morning,Scooter,21,6,56.3
7102,15.77,Clear,Low,Afternoon,Bike,11,7,45.6
7103,14.45,Snowy,Medium,Morning,Bike,13,10,62.3
7104,12.15,Snowy,Medium,Evening,Scooter,29,6,69.4
7105,15.06,Clear,Low,Morning,Bike,11,9,49.3
7106,12.73,Windy,Medium,Afternoon,Bike,17,6,56.3
7107,15.69,Windy,Medium,Evening,Bike,10,6,63.9
7108,12.67,Clear,Low,Morning,Scooter,10,7,43.3
7109,13.95,Clear,High,Evening,Scooter,33,9,76.8
7110,14.09,Rainy,High,Morning,Car,20,10,70.4
7111,14.26,Clear,High,Morning,Bike,20,9,67.7
7112,14.13,Clear,Low,Afternoon,Car,14,10,38.8
7113,13.76,Clear,Low,Night,Scooter,12,8,39.8
7114,14.85,Windy,High,Afternoon,Scooter,20,7,65.0
7115,12.62,Clear,Medium,Morning,Scooter,14,8,49.6
7116,15.15,Foggy,Low,Morning,Car,14,7,54.1
7117,12.15,Clear,Medium,Afternoon,Scooter,16,7,42.9
7118,15.37,Clear,High,Morning,Bike,13,6,64.0
7119,15.0,Snowy,High,Afternoon,Bike,29,9,86.9
7120,15.18,Clear,High,Evening,Car,19,10,60.7
7121,13.19,Clear,Medium,Afternoon,Bike,10,6,45.8
7122,15.4,Clear,High,Evening,Car,17,6,66.3
7123,14.76,Rainy,Medium,Night,Car,19,10,56.3
7124,15.87,Clear,Medium,Evening,Bike,15,10,61.2
7125,12.08,Clear,Low,Afternoon,Car,26,6,49.4
7126,15.16,Clear,Low,Morning,Bike,18,9,58.6
7127,14.49,Clear,High,Evening,Bike,13,8,61.9
7128,15.96,Clear,Medium,Morning,Scooter,18,9,57.3
7129,13.77,Rainy,Medium,Morning,Car,22,8,62.5
7130,13.12,Clear,Low,Evening,Bike,15,7,54.6
7131,15.52,Clear,Medium,Morning,Bike,26,7,70.3
7132,13.3,Rainy,High,Night,Scooter,9,9,52.1
7133,14.81,Foggy,Medium,Afternoon,Scooter,14,7,54.0
7134,13.33,Clear,Medium,Afternoon,Scooter,28,6,60.9
7135,15.78,Clear,Low,Evening,Bike,14,8,52.7
7136,14.1,Clear,Low,Morning,Bike,10,9,47.3
7137,13.28,Windy,High,Evening,Scooter,9,9,54.1
7138,15.29,Clear,Medium,Morning,Bike,23,9,65.5
7139,12.25,Clear,Medium,Evening,Car,15,8,49.3
7140,12.38,Clear,High,Afternoon,Bike,23,10,63.1
7141,15.35,Clear,Low,Morning,Bike,21,8,64.0
7142,13.29,Clear,Medium,Morning,Car,23,9,57.8
7143,12.71,Clear,Medium,Morning,Scooter,28,10,61.6
7144,14.35,Rainy,High,Evening,Scooter,24,10,74.0
7145,13.02,Rainy,Low,Morning,Bike,12,8,53.3
7146,15.95,Rainy,Medium,Evening,Bike,28,8,82.4
7147,15.28,Foggy,Medium,Morning,Scooter,15,10,59.6
7148,15.56,Clear,Medium,Morning,Car,24,8,62.1
7149,15.33,Windy,Medium,Afternoon,Scooter,18,9,59.2
7150,15.54,Foggy,Medium,Night,Bike,12,6,60.9
7151,13.35,Snowy,Medium,Morning,Bike,21,10,70.4
7152,14.69,Foggy,Medium,Morning,Car,21,6,66.7
7153,15.63,Clear,Medium,Morning,Scooter,28,7,70.0
7154,14.74,Clear,Low,Afternoon,Bike,16,6,50.9
7155,15.99,Clear,Low,Evening,Bike,22,10,63.1
7156,15.46,Clear,High,Evening,Bike,18,6,72.8
7157,12.28,Clear,Medium,Evening,Bike,19,8,59.2
7158,14.01,Clear,High,Night,Car,15,6,51.9
7159,13.1,Clear,High,Morning,Scooter,15,6,59.3
7160,15.5,Windy,High,Morning,Bike,24,7,79.0
7161,15.75,Rainy,Medium,Evening,Car,20,6,69.2
7162,14.27,Rainy,Medium,Evening,Car,21,7,70.7
7163,12.23,Clear,Low,Morning,Car,29,6,55.7
7164,13.39,Rainy,Medium,Afternoon,Scooter,21,9,60.1
7165,12.75,Snowy,Medium,Afternoon,Car,22,6,60.8
7166,14.12,Rainy,Medium,Night,Bike,23,8,67.7
7167,15.94,Rainy,Low,Night,Car,16,6,52.4
7168,13.37,Clear,High,Evening,Bike,17,10,59.2
7169,14.94,Clear,Medium,Afternoon,Bike,31,8,65.2
7170,15.32,Foggy,High,Afternoon,Bike,19,7,69.4
7171,15.32,Windy,Low,Evening,Bike,16,7,56.6
7172,12.6,Clear,Medium,Afternoon,Scooter,9,6,40.9
7173,12.95,Clear,Low,Night,Car,13,7,35.7
7174,12.89,Clear,Medium,Afternoon,Bike,23,10,60.5
7175,13.19,Clear,High,Afternoon,Car,28,7,65.5
7176,12.19,Windy,Low,Morning,Scooter,24,10,56.0
7177,14.16,Foggy,Low,Afternoon,Bike,24,6,65.5
7178,14.96,Clear,Low,Evening,Scooter,26,7,64.9
7179,13.04,Clear,Medium,Afternoon,Bike,17,9,55.2
7180,14.56,Clear,High,Afternoon,Bike,11,6,54.8
7181,14.18,Clear,High,Evening,Scooter,20,7,67.6
7182,12.4,Rainy,Low,Morning,Car,28,10,61.2
7183,12.96,Snowy,Low,Afternoon,Bike,17,8,60.8
7184,12.97,Rainy,Medium,Morning,Bike,25,10,70.6
7185,13.95,Clear,Medium,Morning,Scooter,26,6,68.5
7186,14.51,Foggy,Medium,Morning,Scooter,10,10,53.2
7187,13.21,Foggy,Low,Afternoon,Car,16,10,44.5
7188,12.51,Clear,High,Morning,Bike,17,7,64.3
7189,13.08,Rainy,High,Evening,Car,17,8,63.0
7190,12.16,Rainy,Medium,Afternoon,Scooter,14,6,53.8
7191,14.99,Snowy,Medium,Evening,Bike,17,6,67.8
7192,14.8,Clear,Medium,Afternoon,Scooter,22,7,59.8
7193,14.68,Clear,High,Evening,Bike,21,7,67.3
7194,14.47,Rainy,Low,Morning,Scooter,29,8,70.7
7195,13.19,Clear,Low,Afternoon,Bike,22,10,41.7
7196,12.46,Clear,Low,Evening,Bike,23,6,51.4
7197,14.4,Foggy,Low,Night,Car,14,10,44.8
7198,14.93,Clear,Medium,Morning,Car,8,7,46.9
7199,15.24,Clear,Medium,Afternoon,Bike,18,9,57.4
7200,14.91,Windy,Medium,Evening,Scooter,23,10,67.0
7201,14.63,Rainy,Medium,Afternoon,Car,16,9,58.6
7202,15.3,Rainy,Low,Morning,Bike,24,6,78.7
7203,15.05,Rainy,Medium,Afternoon,Scooter,20,8,63.4
7204,15.78,Clear,Low,Morning,Bike,15,6,59.2
7205,12.02,Clear,Low,Afternoon,Scooter,15,7,36.8
7206,12.59,Rainy,Low,Morning,Bike,21,8,59.3
7207,14.32,Clear,High,Evening,Scooter,19,8,61.2
7208,13.6,Clear,Medium,Afternoon,Bike,9,10,44.6
7209,13.36,Clear,Low,Evening,Bike,19,7,54.9
7210,14.98,Snowy,Medium,Afternoon,Car,9,10,55.1
7211,14.14,Clear,Low,Afternoon,Bike,19,8,52.3
7212,14.11,Foggy,Low,Morning,Car,28,7,67.9
7213,12.2,Clear,Medium,Afternoon,Bike,10,9,47.5
7214,13.85,Rainy,Medium,Evening,Bike,17,9,65.2
7215,14.43,Clear,Low,Evening,Scooter,23,10,54.4
7216,13.12,Clear,Low,Morning,Bike,16,10,44.3
7217,12.96,Rainy,Low,Evening,Scooter,15,9,49.5
7218,14.2,Foggy,Low,Afternoon,Scooter,19,9,49.4
7219,15.65,Clear,Low,Night,Scooter,26,7,55.9
7220,12.47,Clear,Low,Night,Scooter,26,7,50.0
7221,13.24,Clear,Medium,Afternoon,Bike,14,8,51.9
7222,12.23,Clear,Low,Morning,Bike,31,9,63.4
7223,13.3,Rainy,Low,Evening,Bike,12,7,57.0
7224,14.78,Clear,High,Morning,Car,13,8,57.9
7225,13.27,Rainy,Low,Afternoon,Bike,22,8,57.6
7226,13.59,Clear,Low,Morning,Bike,26,8,63.4
7227,15.74,Rainy,High,Night,Bike,12,6,63.9
7228,13.39,Clear,High,Morning,Scooter,15,8,60.6
7229,14.16,Clear,Medium,Morning,Scooter,10,7,46.7
7230,15.73,Clear,High,Afternoon,Bike,17,6,59.1
7231,14.03,Windy,Medium,Morning,Car,18,8,58.7
7232,12.68,Rainy,High,Morning,Car,19,9,63.6
7233,12.57,Snowy,Medium,Evening,Car,12,9,57.8
7234,15.6,Clear,Low,Night,Scooter,14,7,49.0
7235,15.54,Clear,High,Morning,Bike,23,8,71.4
7236,13.0,Clear,Medium,Evening,Bike,11,6,56.6
7237,14.49,Clear,High,Morning,Bike,6,7,50.0
7238,12.67,Rainy,Low,Evening,Scooter,16,8,53.5
7239,12.93,Snowy,Medium,Evening,Bike,19,7,73.5
7240,15.68,Rainy,High,Evening,Bike,27,9,82.0
7241,13.61,Rainy,Low,Evening,Scooter,8,9,51.9
7242,12.83,Clear,High,Night,Scooter,15,8,52.9
7243,14.1,Clear,High,Afternoon,Bike,26,6,72.5
7244,15.4,Foggy,Medium,Afternoon,Car,22,10,64.4
7245,15.33,Clear,Medium,Evening,Bike,20,8,66.2
7246,14.65,Clear,Medium,Morning,Scooter,7,10,41.3
7247,15.25,Windy,Low,Morning,Car,17,7,43.7
7248,15.12,Windy,Medium,Evening,Bike,31,9,74.9
7249,15.85,Rainy,Medium,Morning,Car,21,7,66.0
7250,14.62,Clear,High,Morning,Scooter,24,8,66.5
7251,14.39,Snowy,Medium,Evening,Car,18,10,61.8
7252,15.62,Clear,Low,Morning,Bike,15,8,46.0
7253,13.45,Clear,Low,Morning,Bike,15,10,45.0
7254,13.97,Clear,Medium,Evening,Bike,24,7,68.2
7255,15.44,Windy,Medium,Afternoon,Scooter,17,6,61.5
7256,15.92,Windy,Medium,Morning,Bike,15,8,62.0
7257,13.69,Rainy,Low,Afternoon,Bike,21,10,60.2
7258,14.36,Clear,Medium,Morning,Car,34,8,63.0
7259,15.35,Clear,High,Night,Bike,17,9,64.2
7260,14.08,Clear,High,Evening,Bike,12,10,62.5
7261,13.62,Snowy,Medium,Evening,Scooter,20,7,69.3
7262,12.26,Clear,High,Afternoon,Bike,16,9,55.5
7263,12.85,Clear,High,Evening,Scooter,19,10,51.6
7264,13.33,Foggy,Medium,Evening,Bike,34,6,86.4
7265,13.61,Clear,High,Evening,Bike,17,6,71.2
7266,15.1,Snowy,Medium,Night,Bike,15,10,66.3
7267,12.67,Clear,Low,Afternoon,Scooter,32,10,59.9
7268,12.29,Snowy,Medium,Evening,Bike,21,10,68.0
7269,14.35,Clear,High,Afternoon,Bike,15,10,60.9
7270,12.03,Clear,High,Morning,Car,15,7,55.8
7271,15.72,Clear,High,Evening,Car,20,8,65.6
7272,13.02,Clear,High,Evening,Scooter,15,10,53.2
7273,15.33,Rainy,Medium,Evening,Car,23,9,71.0
7274,13.52,Clear,Low,Night,Bike,13,8,49.6
7275,16.0,Clear,Medium,Afternoon,Scooter,13,9,54.5
7276,14.01,Foggy,Medium,Afternoon,Car,13,7,51.6
7277,15.85,Clear,Medium,Afternoon,Scooter,26,7,65.5
7278,13.88,Rainy,High,Evening,Bike,10,9,65.1
7279,14.86,Foggy,Low,Afternoon,Car,20,10,44.8
7280,12.25,Clear,Medium,Morning,Bike,26,6,65.0
7281,13.78,Foggy,High,Afternoon,Bike,12,8,59.9
7282,13.08,Clear,High,Morning,Scooter,28,9,65.8
7283,15.17,Clear,Medium,Afternoon,Bike,22,8,65.7
7284,14.13,Clear,Low,Afternoon,Bike,13,10,44.9
7285,14.56,Snowy,Low,Morning,Bike,32,9,70.8
7286,13.02,Rainy,Low,Morning,Bike,25,7,67.1
7287,12.47,Rainy,Low,Evening,Bike,9,9,51.9
7288,14.72,Windy,Low,Morning,Scooter,25,7,60.4
7289,13.77,Clear,Medium,Afternoon,Scooter,19,8,49.4
7290,13.67,Snowy,Low,Morning,Scooter,27,7,65.0
7291,15.86,Foggy,Medium,Evening,Bike,19,10,69.2
7292,12.47,Windy,Medium,Morning,Bike,24,8,63.5
7293,14.58,Windy,Medium,Morning,Car,25,10,59.7
7294,12.24,Windy,Low,Morning,Bike,24,8,64.0
7295,14.74,Clear,Low,Afternoon,Bike,9,6,44.4
7296,14.24,Foggy,Low,Afternoon,Car,21,9,50.4
7297,14.91,Snowy,Medium,Night,Bike,27,6,83.2
7298,15.0,Rainy,High,Evening,Bike,29,10,85.8
7299,12.53,Clear,Medium,Morning,Bike,23,10,60.2
7300,13.1,Windy,Low,Morning,Scooter,15,8,48.7
7301,13.01,Clear,Medium,Evening,Bike,26,7,64.8
7302,14.43,Rainy,Low,Morning,Scooter,8,8,47.5
7303,13.03,Rainy,Low,Morning,Scooter,23,9,61.0
7304,14.06,Clear,Low,Evening,Scooter,17,7,54.8
7305,13.77,Foggy,High,Morning,Bike,27,6,79.0
7306,14.34,Clear,Low,Evening,Bike,18,8,56.6
7307,13.41,Rainy,Low,Evening,Car,16,9,46.7
7308,15.7,Snowy,Low,Afternoon,Car,25,6,67.5
7309,15.86,Clear,High,Evening,Bike,15,7,73.1
7310,13.4,Foggy,High,Afternoon,Bike,17,8,64.8
7311,15.66,Clear,Low,Evening,Scooter,25,9,58.3
7312,15.17,Snowy,Low,Morning,Car,7,8,48.0
7313,12.9,Windy,High,Morning,Car,15,9,58.4
7314,14.25,Clear,High,Morning,Scooter,25,9,69.1
7315,13.51,Rainy,Medium,Evening,Bike,26,9,72.1
7316,15.2,Rainy,High,Afternoon,Scooter,12,6,64.8
7317,15.58,Rainy,Low,Afternoon,Car,17,10,49.6
7318,14.49,Foggy,Low,Morning,Bike,15,8,59.7
7319,14.52,Rainy,Low,Morning,Bike,31,8,74.2
7320,14.89,Rainy,Medium,Morning,Bike,19,9,71.3
7321,13.98,Clear,High,Night,Bike,16,8,62.5
7322,13.88,Clear,Low,Morning,Car,26,9,49.3
7323,14.25,Snowy,Medium,Evening,Bike,22,10,73.1
7324,15.27,Clear,Low,Morning,Scooter,22,8,52.2
7325,14.59,Rainy,Medium,Afternoon,Bike,20,8,61.1
7326,12.58,Clear,Low,Evening,Bike,16,10,47.0
7327,12.56,Snowy,Low,Morning,Scooter,10,9,49.2
7328,13.66,Rainy,Low,Evening,Bike,20,9,57.0
7329,14.64,Clear,Medium,Afternoon,Scooter,16,9,51.6
7330,13.56,Clear,Medium,Evening,Bike,17,9,54.8
7331,13.53,Clear,Medium,Night,Scooter,28,9,60.6
7332,15.58,Windy,Low,Afternoon,Car,22,9,61.5
7333,15.47,Rainy,High,Evening,Bike,24,8,81.3
7334,13.9,Clear,Low,Night,Bike,23,9,50.8
7335,14.87,Foggy,Low,Afternoon,Car,17,8,49.9
7336,13.81,Clear,Medium,Evening,Bike,19,10,58.8
7337,14.41,Clear,Medium,Afternoon,Bike,18,8,55.9
7338,13.1,Clear,High,Evening,Car,13,6,54.3
7339,13.99,Clear,Low,Evening,Bike,20,10,54.2
7340,14.57,Foggy,Medium,Evening,Scooter,16,8,56.5
7341,13.77,Snowy,Low,Afternoon,Bike,9,6,54.2
7342,15.04,Windy,Low,Night,Scooter,31,10,67.0
7343,13.07,Snowy,Medium,Evening,Scooter,16,6,62.0
7344,12.05,Clear,Medium,Afternoon,Scooter,15,6,47.0
7345,15.66,Clear,Low,Afternoon,Scooter,20,9,44.9
7346,13.44,Rainy,Medium,Afternoon,Bike,17,6,61.9
7347,13.01,Windy,Low,Evening,Bike,31,7,74.2
7348,13.9,Foggy,High,Morning,Scooter,9,8,60.2
7349,13.0,Rainy,High,Morning,Car,25,10,71.1
7350,14.93,Rainy,Medium,Morning,Scooter,8,8,54.9
7351,13.23,Foggy,Medium,Morning,Scooter,12,10,51.2
7352,15.97,Windy,Low,Morning,Bike,12,9,56.0
7353,13.1,Foggy,Medium,Morning,Scooter,15,7,59.7
7354,13.45,Clear,High,Afternoon,Scooter,26,8,63.3
7355,14.15,Clear,Low,Evening,Bike,14,7,53.2
7356,12.01,Rainy,Low,Evening,Bike,18,7,54.8
7357,12.02,Clear,Low,Afternoon,Bike,17,8,43.3
7358,12.94,Windy,Medium,Morning,Bike,13,10,51.1
7359,12.33,Rainy,Low,Afternoon,Scooter,17,9,48.2
7360,15.04,Clear,High,Afternoon,Bike,25,7,72.1
7361,15.49,Clear,Medium,Evening,Scooter,22,7,65.1
7362,13.65,Rainy,Medium,Evening,Car,16,10,58.0
7363,14.07,Rainy,High,Evening,Car,14,9,64.7
7364,14.45,Clear,Low,Evening,Car,18,8,55.2
7365,12.38,Snowy,Medium,Evening,Car,13,10,56.4
7366,13.88,Clear,Medium,Evening,Bike,12,6,49.0
7367,15.84,Clear,Low,Evening,Scooter,9,9,43.7
7368,12.83,Clear,Low,Evening,Scooter,7,8,36.3
7369,12.34,Rainy,Low,Morning,Car,31,8,59.6
7370,13.12,Foggy,Medium,Morning,Scooter,15,9,58.0
7371,14.19,Snowy,Medium,Evening,Bike,8,7,66.4
7372,15.47,Clear,Low,Morning,Car,19,10,48.4
7373,13.42,Windy,High,Afternoon,Scooter,17,6,63.7
7374,13.38,Foggy,Low,Afternoon,Bike,19,8,57.9
7375,13.37,Clear,Low,Afternoon,Scooter,18,8,45.4
7376,15.36,Clear,High,Morning,Scooter,10,10,58.3
7377,13.88,Clear,Medium,Evening,Scooter,23,9,57.8
7378,13.33,Snowy,Medium,Afternoon,Car,16,7,60.6
7379,12.71,Clear,Medium,Afternoon,Scooter,33,8,68.0
7380,12.5,Clear,Medium,Night,Car,19,7,49.7
7381,15.9,Foggy,High,Evening,Bike,18,6,77.3
7382,13.95,Snowy,Medium,Morning,Bike,15,8,64.5
7383,12.29,Rainy,High,Evening,Bike,18,6,73.3
7384,15.63,Foggy,Medium,Night,Scooter,17,9,59.0
7385,15.82,Clear,Low,Afternoon,Car,18,10,46.4
7386,12.95,Snowy,Medium,Afternoon,Scooter,31,6,76.7
7387,13.26,Clear,Medium,Afternoon,Bike,16,10,50.3
7388,15.84,Clear,Medium,Night,Bike,14,6,55.1
7389,12.06,Windy,Low,Evening,Car,16,8,48.0
7390,13.3,Clear,Low,Night,Bike,9,9,34.3
7391,13.72,Clear,High,Afternoon,Bike,17,9,62.0
7392,15.08,Rainy,High,Afternoon,Scooter,28,7,74.3
7393,13.47,Clear,Low,Night,Scooter,13,6,35.6
7394,13.35,Clear,High,Evening,Bike,10,9,57.9
7395,14.92,Rainy,Medium,Afternoon,Bike,7,8,55.0
7396,15.4,Foggy,Medium,Evening,Scooter,20,7,64.8
7397,12.37,Foggy,Low,Afternoon,Bike,23,8,52.9
7398,12.57,Clear,Low,Afternoon,Bike,21,8,50.9
7399,14.64,Rainy,Low,Afternoon,Bike,20,8,59.0
7400,13.26,Snowy,Low,Evening,Bike,25,8,71.7
7401,14.67,Clear,High,Afternoon,Bike,26,8,69.7
7402,12.7,Clear,Medium,Afternoon,Scooter,15,10,43.7
7403,15.22,Clear,High,Afternoon,Bike,19,10,67.8
7404,13.29,Rainy,Low,Evening,Bike,21,6,60.6
7405,13.34,Clear,Low,Afternoon,Bike,15,9,40.6
7406,12.72,Foggy,Medium,Afternoon,Bike,20,7,58.0
7407,12.85,Windy,Medium,Evening,Scooter,21,6,61.4
7408,14.39,Clear,Medium,Evening,Bike,5,6,54.8
7409,14.33,Rainy,Low,Afternoon,Car,10,9,43.6
7410,15.3,Clear,Low,Afternoon,Scooter,22,10,49.0
7411,14.52,Clear,Medium,Morning,Bike,10,9,50.1
7412,13.71,Foggy,Low,Morning,Car,18,6,54.8
7413,15.21,Clear,Low,Afternoon,Bike,9,7,39.1
7414,12.07,Windy,High,Night,Bike,25,10,60.9
7415,14.81,Rainy,Low,Evening,Bike,19,9,63.8
7416,14.17,Clear,Low,Night,Scooter,13,8,44.0
7417,12.88,Clear,Low,Evening,Scooter,26,6,59.5
7418,14.55,Clear,Low,Morning,Scooter,11,9,44.6
7419,15.95,Snowy,Low,Afternoon,Car,28,10,70.7
7420,13.39,Rainy,Medium,Morning,Car,31,7,72.7
7421,14.55,Clear,High,Morning,Bike,21,10,67.9
7422,13.76,Rainy,Low,Night,Car,25,8,57.3
7423,13.57,Rainy,Low,Evening,Bike,25,6,69.1
7424,13.23,Foggy,Low,Morning,Car,17,10,60.8
7425,12.92,Clear,Low,Evening,Bike,11,6,45.2
7426,12.94,Clear,Medium,Evening,Bike,10,6,51.4
7427,15.1,Clear,Medium,Afternoon,Bike,11,8,56.6
7428,13.3,Clear,Medium,Evening,Bike,18,9,59.5
7429,14.12,Clear,Medium,Evening,Car,8,9,38.6
7430,12.85,Clear,Medium,Evening,Bike,17,10,60.4
7431,12.85,Clear,Low,Afternoon,Bike,14,8,44.4
7432,14.35,Clear,Medium,Night,Car,26,6,51.5
7433,14.33,Clear,High,Evening,Scooter,10,8,53.5
7434,14.02,Windy,High,Afternoon,Scooter,21,10,60.7
7435,14.77,Rainy,Medium,Night,Car,10,6,50.5
7436,14.55,Clear,Low,Evening,Bike,18,7,55.7
7437,12.8,Rainy,Low,Morning,Bike,15,9,56.9
7438,12.22,Clear,High,Evening,Bike,19,7,67.5
7439,13.08,Snowy,Low,Afternoon,Bike,10,8,53.9
7440,13.72,Rainy,Medium,Morning,Bike,18,6,72.4
7441,12.83,Rainy,Medium,Morning,Scooter,18,6,61.0
7442,13.93,Windy,High,Afternoon,Bike,25,9,65.0
7443,12.15,Snowy,Medium,Afternoon,Scooter,9,9,40.8
7444,13.91,Snowy,High,Morning,Scooter,11,6,68.3
7445,13.41,Clear,Medium,Evening,Bike,32,8,72.5
7446,15.84,Clear,Low,Morning,Scooter,17,8,57.5
7447,15.51,Rainy,Low,Night,Bike,22,7,66.3
7448,15.8,Clear,Medium,Afternoon,Scooter,14,9,46.1
7449,14.64,Rainy,Medium,Evening,Bike,20,9,68.0
7450,15.89,Foggy,Medium,Afternoon,Car,16,6,59.6
7451,12.76,Clear,Low,Evening,Scooter,25,10,49.7
7452,14.13,Clear,Low,Afternoon,Scooter,17,7,50.4
7453,14.97,Rainy,Medium,Morning,Bike,21,8,70.8
7454,13.93,Clear,Low,Morning,Bike,15,6,51.1
7455,12.85,Rainy,Medium,Evening,Bike,13,9,54.1
7456,14.62,Foggy,Low,Morning,Scooter,13,6,58.7
7457,15.88,Clear,Low,Afternoon,Scooter,19,7,51.1
7458,14.09,Foggy,High,Evening,Scooter,18,8,68.1
7459,12.99,Rainy,High,Morning,Bike,22,6,73.7
7460,12.16,Foggy,Medium,Afternoon,Car,25,8,56.8
7461,12.42,Clear,Medium,Evening,Car,8,8,41.4
7462,15.11,Foggy,High,Evening,Bike,24,10,79.5
7463,13.94,Foggy,Medium,Morning,Bike,26,7,75.2
7464,12.83,Clear,Medium,Night,Scooter,22,9,55.9
7465,15.44,Rainy,Medium,Afternoon,Bike,21,7,71.8
7466,13.74,Snowy,Low,Afternoon,Bike,29,10,70.9
7467,15.18,Clear,Low,Afternoon,Scooter,27,10,54.4
7468,15.25,Foggy,High,Evening,Scooter,16,9,66.5
7469,14.87,Windy,Medium,Morning,Bike,20,7,63.8
7470,15.89,Snowy,Medium,Afternoon,Car,18,10,61.5
7471,15.59,Clear,Medium,Morning,Bike,11,7,58.4
7472,12.5,Rainy,Low,Night,Bike,13,7,50.5
7473,13.38,Windy,Medium,Morning,Bike,18,8,63.6
7474,15.82,Rainy,High,Evening,Car,17,6,75.6
7475,14.62,Clear,Low,Evening,Car,19,7,47.0
7476,13.77,Clear,Low,Evening,Bike,24,7,54.5
7477,15.45,Foggy,High,Afternoon,Scooter,24,10,70.2
7478,14.56,Clear,Low,Afternoon,Bike,14,8,51.7
7479,13.48,Clear,Low,Afternoon,Bike,14,9,48.6
7480,13.08,Clear,Medium,Afternoon,Bike,20,10,55.4
7481,15.4,Foggy,High,Evening,Car,16,10,64.0
7482,15.39,Clear,High,Evening,Bike,30,8,81.8
7483,15.67,Snowy,Low,Afternoon,Scooter,20,8,65.0
7484,15.14,Foggy,Medium,Morning,Bike,14,10,60.0
7485,12.74,Windy,High,Morning,Car,11,9,50.9
7486,13.55,Snowy,High,Morning,Car,22,7,73.9
7487,13.31,Clear,Low,Afternoon,Bike,15,8,48.8
7488,13.03,Rainy,High,Afternoon,Scooter,13,8,60.4
7489,15.18,Clear,Low,Morning,Scooter,14,8,42.7
7490,12.5,Windy,Medium,Morning,Car,21,9,58.6
7491,13.92,Clear,Low,Morning,Bike,21,8,56.8
7492,15.46,Rainy,Medium,Evening,Bike,10,6,65.3
7493,15.16,Snowy,Low,Morning,Bike,21,7,69.5
7494,13.07,Clear,Low,Afternoon,Scooter,20,9,46.9
7495,12.14,Snowy,Medium,Night,Bike,24,10,66.8
7496,13.66,Clear,Medium,Afternoon,Bike,10,9,45.0
7497,14.37,Clear,Low,Afternoon,Car,14,9,37.9
7498,15.42,Clear,Low,Night,Car,24,6,53.7
7499,14.11,Clear,High,Afternoon,Bike,17,9,56.8
7500,13.06,Rainy,Medium,Evening,Scooter,28,8,69.6
7501,14.76,Windy,High,Afternoon,Bike,21,9,68.1
7502,13.61,Clear,Medium,Evening,Scooter,9,9,48.7
7503,15.3,Rainy,Medium,Evening,Bike,17,9,70.3
7504,12.09,Snowy,Low,Morning,Bike,14,9,61.2
7505,13.68,Foggy,Low,Afternoon,Bike,23,9,53.7
7506,13.69,Clear,Low,Afternoon,Car,12,8,36.5
7507,14.35,Windy,Medium,Afternoon,Bike,27,10,71.3
7508,13.43,Clear,Medium,Evening,Bike,22,9,63.0
7509,13.61,Rainy,Low,Evening,Bike,19,6,61.7
7510,14.94,Rainy,Medium,Afternoon,Car,19,7,57.9
7511,12.69,Foggy,Medium,Afternoon,Bike,30,7,72.8
7512,12.95,Clear,Medium,Evening,Bike,26,7,66.8
7513,12.41,Clear,Medium,Evening,Scooter,28,9,60.9
7514,13.03,Foggy,Low,Evening,Bike,25,6,68.1
7515,14.02,Clear,Medium,Afternoon,Scooter,15,7,56.4
7516,12.76,Clear,Low,Morning,Scooter,12,8,38.6
7517,12.29,Foggy,Low,Afternoon,Scooter,14,6,46.2
7518,15.99,Rainy,Low,Morning,Scooter,30,6,75.0
7519,13.82,Clear,Low,Night,Bike,30,8,63.6
7520,15.33,Clear,Low,Evening,Scooter,13,9,51.3
7521,14.96,Windy,High,Afternoon,Car,13,7,61.0
7522,12.66,Clear,Medium,Afternoon,Bike,21,10,53.4
7523,14.05,Clear,High,Afternoon,Scooter,19,8,54.1
7524,14.27,Clear,Medium,Afternoon,Scooter,19,10,52.1
7525,12.63,Clear,Low,Morning,Scooter,28,8,56.7
7526,12.45,Windy,Low,Morning,Bike,19,7,46.9
7527,13.05,Clear,Medium,Morning,Car,19,6,57.1
7528,13.05,Clear,Medium,Afternoon,Bike,21,9,54.7
7529,13.11,Rainy,Medium,Afternoon,Bike,18,8,60.9
7530,13.01,Clear,Medium,Morning,Bike,19,10,55.9
7531,14.19,Clear,Low,Afternoon,Scooter,23,10,49.6
7532,13.18,Windy,Medium,Morning,Scooter,28,8,71.0
7533,15.09,Foggy,High,Evening,Scooter,29,7,81.3
7534,12.21,Clear,High,Evening,Bike,21,7,72.0
7535,14.49,Clear,Medium,Afternoon,Scooter,14,6,52.2
7536,15.09,Clear,Medium,Morning,Bike,26,6,73.7
7537,13.75,Clear,Low,Afternoon,Scooter,21,8,47.8
7538,13.28,Rainy,High,Afternoon,Bike,16,6,66.4
7539,13.21,Rainy,Medium,Evening,Bike,20,10,69.2
7540,13.31,Foggy,Medium,Morning,Bike,16,10,63.8
7541,12.47,Snowy,High,Afternoon,Bike,25,6,77.6
7542,14.32,Clear,Low,Afternoon,Scooter,15,7,46.0
7543,14.49,Windy,Medium,Evening,Car,17,10,55.5
7544,13.56,Rainy,High,Morning,Scooter,24,7,75.3
7545,15.82,Clear,High,Evening,Bike,13,7,65.9
7546,15.65,Snowy,Low,Evening,Bike,19,9,68.1
7547,13.19,Clear,Medium,Morning,Scooter,17,8,56.2
7548,14.93,Rainy,Low,Afternoon,Bike,16,10,55.7
7549,12.47,Foggy,Medium,Evening,Scooter,11,8,48.7
7550,15.03,Clear,Low,Afternoon,Scooter,7,7,37.1
7551,14.94,Snowy,Medium,Evening,Bike,20,6,74.4
7552,13.43,Clear,Low,Afternoon,Car,19,9,44.5
7553,13.55,Snowy,Low,Night,Bike,29,8,68.3
7554,14.34,Clear,High,Evening,Scooter,15,8,63.1
7555,13.12,Clear,High,Morning,Bike,8,9,52.7
7556,14.29,Clear,Medium,Evening,Bike,17,7,64.9
7557,15.55,Snowy,Medium,Evening,Bike,9,10,63.3
7558,13.78,Clear,Low,Afternoon,Scooter,14,8,43.1
7559,12.82,Snowy,Medium,Afternoon,Bike,21,10,68.2
7560,14.23,Clear,Medium,Afternoon,Car,17,9,52.6
7561,14.61,Clear,Low,Night,Bike,15,9,49.6
7562,14.1,Clear,Medium,Morning,Bike,24,6,75.3
7563,12.09,Clear,Medium,Morning,Scooter,15,9,48.2
7564,14.68,Windy,Low,Morning,Bike,12,6,49.2
7565,12.15,Clear,High,Afternoon,Bike,14,9,53.2
7566,13.67,Rainy,Low,Morning,Bike,30,10,73.5
7567,13.66,Rainy,Medium,Morning,Scooter,14,8,59.6
7568,15.39,Rainy,Low,Night,Bike,15,10,52.8
7569,15.45,Rainy,High,Morning,Bike,12,9,68.6
7570,15.1,Snowy,Medium,Morning,Scooter,20,8,68.0
7571,15.28,Foggy,Low,Evening,Car,14,8,49.8
7572,12.88,Rainy,Low,Morning,Bike,13,6,54.5
7573,14.87,Rainy,Low,Morning,Scooter,19,6,62.5
7574,15.0,Rainy,Medium,Morning,Bike,23,6,73.2
7575,15.11,Clear,High,Evening,Bike,19,10,66.3
7576,15.18,Rainy,Medium,Afternoon,Bike,18,6,68.9
7577,12.65,Clear,Medium,Evening,Bike,31,9,66.9
7578,13.03,Foggy,Medium,Afternoon,Bike,14,7,52.8
7579,15.13,Windy,Low,Afternoon,Bike,17,7,61.7
7580,12.59,Windy,Medium,Afternoon,Bike,13,9,48.7
7581,12.5,Snowy,Low,Night,Bike,18,10,50.0
7582,15.91,Rainy,High,Evening,Bike,17,6,73.7
7583,15.87,Foggy,Medium,Morning,Bike,23,8,68.1
7584,13.35,Clear,High,Morning,Bike,17,6,69.7
7585,12.03,Clear,High,Morning,Scooter,12,7,52.0
7586,13.59,Clear,Medium,Afternoon,Bike,30,9,63.4
7587,12.1,Clear,Low,Evening,Bike,14,6,48.7
7588,12.57,Windy,High,Morning,Bike,14,7,67.6
7589,12.9,Snowy,High,Morning,Scooter,27,8,78.1
7590,15.36,Rainy,Low,Afternoon,Scooter,21,7,64.5
7591,13.5,Clear,High,Evening,Scooter,27,7,69.5
7592,12.03,Rainy,Low,Morning,Bike,14,8,49.1
7593,14.55,Clear,Medium,Afternoon,Scooter,9,10,48.4
7594,12.28,Snowy,Medium,Afternoon,Bike,17,6,60.3
7595,15.58,Windy,Low,Evening,Car,14,8,48.8
7596,12.98,Clear,Medium,Evening,Scooter,22,9,60.3
7597,12.95,Clear,Medium,Afternoon,Bike,13,8,48.8
7598,13.59,Clear,Medium,Evening,Car,10,6,46.0
7599,12.43,Clear,High,Night,Bike,17,9,56.2
7600,12.09,Clear,Low,Afternoon,Car,14,7,34.4
7601,15.66,Clear,Medium,Afternoon,Bike,14,6,57.4
7602,15.45,Clear,Medium,Afternoon,Bike,15,8,57.7
7603,15.67,Clear,Medium,Night,Scooter,15,6,53.2
7604,14.71,Clear,Medium,Morning,Bike,17,9,61.7
7605,12.05,Foggy,Low,Morning,Scooter,19,8,52.9
7606,15.89,Clear,Medium,Afternoon,Bike,18,7,61.9
7607,14.84,Snowy,High,Morning,Bike,19,10,76.8
7608,13.66,Clear,Medium,Afternoon,Bike,11,10,45.9
7609,14.93,Clear,Medium,Evening,Car,9,7,48.8
7610,14.27,Clear,High,Evening,Car,29,10,66.8
7611,14.69,Foggy,Medium,Morning,Bike,13,7,70.8
7612,15.3,Clear,Medium,Afternoon,Scooter,25,8,54.3
7613,15.74,Rainy,Medium,Morning,Bike,9,8,60.1
7614,15.19,Clear,Low,Morning,Bike,21,7,61.8
7615,15.58,Windy,Medium,Evening,Car,20,9,64.1
7616,14.27,Clear,High,Morning,Scooter,17,6,60.3
7617,13.35,Clear,Low,Afternoon,Scooter,16,9,40.0
7618,14.68,Snowy,High,Night,Bike,26,10,80.4
7619,14.22,Clear,Low,Afternoon,Scooter,22,7,47.0
7620,12.22,Clear,Low,Evening,Car,20,6,43.7
7621,14.3,Snowy,Low,Evening,Car,28,8,71.3
7622,13.67,Clear,Low,Night,Scooter,9,7,39.3
7623,13.48,Clear,Low,Afternoon,Bike,23,9,53.3
7624,14.9,Clear,Low,Afternoon,Car,31,7,61.9
7625,15.54,Clear,Medium,Morning,Scooter,31,6,73.9
7626,12.79,Windy,Low,Morning,Bike,12,7,46.6
7627,15.18,Rainy,Medium,Morning,Bike,24,10,70.9
7628,12.68,Rainy,Low,Morning,Scooter,9,6,48.2
7629,14.31,Clear,Medium,Morning,Car,21,10,54.5
7630,15.39,Foggy,Medium,Afternoon,Car,20,7,63.1
7631,15.62,Rainy,Medium,Morning,Car,17,7,63.2
7632,13.23,Clear,Medium,Morning,Scooter,15,9,54.6
7633,15.28,Snowy,Medium,Afternoon,Car,13,10,53.7
7634,15.52,Rainy,Medium,Night,Bike,15,7,60.5
7635,12.69,Foggy,Low,Morning,Bike,10,10,47.5
7636,13.54,Clear,Medium,Morning,Bike,15,9,54.3
7637,15.1,Clear,High,Afternoon,Scooter,18,6,62.1
7638,12.06,Foggy,High,Night,Car,18,8,56.5
7639,14.5,Foggy,Medium,Afternoon,Car,19,7,56.2
7640,13.66,Clear,Low,Evening,Car,22,6,51.6
7641,14.07,Clear,Low,Afternoon,Scooter,11,10,31.4
7642,13.67,Snowy,Medium,Afternoon,Scooter,26,10,72.5
7643,12.78,Clear,Low,Morning,Bike,15,10,45.2
7644,13.39,Clear,Low,Evening,Scooter,13,9,44.4
7645,15.44,Rainy,Low,Afternoon,Scooter,12,9,43.3
7646,14.44,Clear,Medium,Afternoon,Bike,24,9,59.7
7647,13.91,Clear,Low,Morning,Bike,17,6,54.8
7648,14.82,Clear,Medium,Afternoon,Bike,14,6,60.4
7649,12.73,Windy,High,Afternoon,Car,29,10,67.3
7650,12.33,Clear,High,Morning,Scooter,19,9,60.4
7651,14.19,Rainy,Medium,Evening,Bike,20,7,68.5
7652,12.05,Windy,Low,Morning,Car,14,9,42.0
7653,12.59,Rainy,High,Night,Bike,16,8,63.3
7654,14.87,Rainy,Low,Morning,Bike,15,10,59.6
7655,15.61,Rainy,Medium,Afternoon,Scooter,14,8,62.2
7656,13.14,Clear,Low,Evening,Bike,27,9,59.4
7657,13.53,Rainy,Low,Afternoon,Bike,11,10,47.8
7658,14.72,Windy,Medium,Night,Scooter,10,8,47.4
7659,15.22,Foggy,Low,Night,Bike,16,10,53.7
7660,13.04,Clear,Low,Afternoon,Bike,21,10,53.1
7661,15.3,Clear,Medium,Evening,Bike,15,6,62.4
7662,15.89,Snowy,High,Morning,Car,13,6,71.3
7663,12.35,Clear,Medium,Evening,Scooter,9,6,44.2
7664,12.9,Snowy,Low,Afternoon,Car,25,8,56.0
7665,14.9,Clear,Low,Evening,Scooter,22,10,56.8
7666,12.15,Foggy,Medium,Evening,Bike,20,9,64.8
7667,13.14,Snowy,Low,Morning,Bike,22,9,68.1
7668,15.38,Clear,Low,Afternoon,Bike,25,7,60.6
7669,14.73,Clear,Low,Morning,Scooter,14,6,46.4
7670,14.56,Snowy,Low,Evening,Scooter,24,6,70.3
7671,14.45,Clear,High,Evening,Scooter,11,6,60.4
7672,14.01,Clear,High,Evening,Scooter,29,6,76.7
7673,15.07,Rainy,Medium,Afternoon,Bike,19,10,62.8
7674,15.46,Clear,Medium,Afternoon,Car,23,6,60.5
7675,15.18,Rainy,Low,Afternoon,Bike,17,7,53.3
7676,13.93,Clear,High,Morning,Scooter,16,10,62.6
7677,15.11,Clear,High,Morning,Bike,22,7,73.5
7678,15.02,Snowy,Medium,Afternoon,Bike,15,9,65.2
7679,13.82,Clear,High,Morning,Scooter,20,8,68.2
7680,13.34,Clear,Medium,Afternoon,Bike,6,9,40.2
7681,13.64,Rainy,Medium,Night,Car,25,7,64.2
7682,13.97,Snowy,Low,Morning,Scooter,12,10,50.1
7683,12.59,Rainy,Medium,Afternoon,Scooter,20,9,52.8
7684,12.87,Snowy,Low,Evening,Bike,26,7,71.0
7685,12.41,Clear,Low,Morning,Car,21,9,47.6
7686,12.29,Clear,Low,Evening,Car,17,9,36.3
7687,14.26,Windy,High,Afternoon,Bike,18,10,66.6
7688,14.79,Snowy,Medium,Night,Scooter,17,7,63.2
7689,14.45,Rainy,Low,Morning,Car,8,10,47.0
7690,14.91,Clear,Low,Afternoon,Bike,23,9,57.1
7691,13.63,Clear,Medium,Evening,Bike,30,8,74.3
7692,15.2,Clear,Low,Morning,Car,22,9,57.5
7693,14.99,Snowy,Low,Afternoon,Bike,27,8,71.8
7694,14.84,Snowy,Medium,Afternoon,Car,26,10,71.4
7695,15.06,Clear,High,Afternoon,Bike,15,6,65.2
7696,12.93,Clear,Low,Night,Scooter,15,9,36.5
7697,14.28,Clear,Medium,Morning,Bike,17,10,55.8
7698,15.1,Clear,Medium,Evening,Bike,10,6,52.6
7699,12.4,Foggy,Low,Morning,Car,9,8,42.5
7700,12.99,Rainy,High,Afternoon,Scooter,6,9,48.1
7701,13.96,Clear,Medium,Morning,Car,18,10,46.6
7702,13.66,Rainy,Medium,Morning,Bike,18,6,64.4
7703,15.66,Windy,Medium,Afternoon,Car,10,7,48.1
7704,15.0,Clear,Low,Evening,Scooter,12,8,47.6
7705,12.16,Clear,Medium,Afternoon,Bike,23,9,60.2
7706,13.86,Rainy,Low,Night,Bike,18,6,60.7
7707,15.05,Clear,Medium,Evening,Bike,23,10,66.6
7708,14.68,Rainy,Low,Evening,Bike,13,8,55.0
7709,14.15,Rainy,Low,Night,Car,19,8,46.3
7710,12.34,Clear,Low,Afternoon,Car,13,9,33.3
7711,15.66,Clear,Medium,Morning,Bike,30,8,74.8
7712,13.66,Snowy,Low,Afternoon,Bike,28,7,70.2
7713,12.58,Clear,Low,Evening,Bike,15,8,50.6
7714,12.34,Rainy,Low,Afternoon,Car,12,6,44.6
7715,15.14,Rainy,Medium,Evening,Scooter,12,10,58.6
7716,14.45,Snowy,Medium,Morning,Scooter,12,7,60.4
7717,13.01,Foggy,Low,Afternoon,Scooter,20,7,46.9
7718,14.13,Snowy,Medium,Morning,Car,12,6,57.1
7719,15.79,Rainy,Low,Afternoon,Bike,12,7,52.6
7720,13.97,Clear,Medium,Afternoon,Bike,16,6,62.9
7721,13.56,Clear,Medium,Night,Scooter,24,6,64.2
7722,13.23,Clear,Low,Morning,Car,11,9,34.9
7723,12.73,Clear,Medium,Evening,Scooter,12,7,49.0
7724,15.64,Clear,Medium,Morning,Car,10,9,45.0
7725,12.69,Clear,High,Evening,Car,9,7,49.4
7726,12.22,Clear,Low,Evening,Bike,12,8,42.6
7727,12.57,Clear,High,Evening,Scooter,24,7,65.0
7728,12.73,Clear,Medium,Evening,Car,32,7,69.0
7729,13.7,Foggy,High,Night,Bike,13,10,61.3
7730,15.64,Rainy,High,Morning,Scooter,12,8,69.2
7731,12.54,Snowy,Medium,Evening,Bike,12,6,63.5
7732,12.58,Rainy,Low,Afternoon,Car,9,10,35.5
7733,13.75,Snowy,Low,Morning,Bike,25,10,65.3
7734,15.62,Foggy,Low,Afternoon,Bike,18,7,58.3
7735,15.71,Clear,Medium,Afternoon,Scooter,15,7,52.5
7736,15.8,Windy,High,Afternoon,Scooter,13,8,58.4
7737,12.51,Clear,Low,Afternoon,Bike,12,9,38.0
7738,14.82,Rainy,High,Afternoon,Bike,11,8,64.0
7739,14.59,Foggy,High,Night,Car,21,6,70.5
7740,12.12,Clear,High,Morning,Car,21,6,53.8
7741,14.69,Rainy,Low,Evening,Scooter,11,10,46.6
7742,14.79,Clear,Low,Afternoon,Bike,13,7,48.1
7743,14.63,Clear,High,Morning,Scooter,25,8,64.8
7744,12.86,Clear,Low,Evening,Scooter,18,9,42.6
7745,13.33,Clear,Medium,Afternoon,Bike,12,6,56.1
7746,14.22,Clear,Low,Morning,Bike,21,6,60.4
7747,12.55,Rainy,Medium,Evening,Bike,25,7,79.4
7748,12.64,Rainy,High,Afternoon,Bike,15,9,57.3
7749,14.79,Clear,Low,Morning,Scooter,23,10,61.8
7750,12.66,Rainy,Low,Morning,Bike,25,7,61.7
7751,12.07,Clear,Medium,Afternoon,Scooter,15,7,48.0
7752,12.74,Clear,Low,Afternoon,Scooter,28,7,47.3
7753,12.3,Foggy,Medium,Evening,Scooter,16,9,55.5
7754,13.13,Windy,Low,Evening,Scooter,11,8,45.2
7755,15.04,Clear,Low,Morning,Scooter,23,9,55.3
7756,15.14,Clear,Low,Afternoon,Bike,12,7,42.9
7757,12.29,Foggy,Medium,Morning,Bike,13,9,54.8
7758,14.28,Snowy,Low,Night,Scooter,21,7,60.9
7759,12.35,Clear,Low,Afternoon,Bike,18,10,41.7
7760,12.75,Clear,High,Morning,Bike,10,8,54.6
7761,15.14,Clear,High,Afternoon,Bike,24,6,71.5
7762,15.89,Rainy,Low,Night,Bike,7,9,50.9
7763,13.09,Windy,Medium,Afternoon,Bike,13,6,48.4
7764,15.11,Rainy,Medium,Evening,Scooter,20,10,64.5
7765,13.37,Clear,High,Morning,Scooter,23,8,66.1
7766,15.14,Rainy,High,Afternoon,Scooter,17,10,64.1
7767,14.28,Snowy,Medium,Afternoon,Bike,17,10,61.1
7768,14.19,Clear,Low,Evening,Car,29,8,62.2
7769,15.24,Snowy,Low,Morning,Bike,15,6,67.8
7770,14.78,Clear,Medium,Afternoon,Scooter,19,6,58.2
7771,15.88,Clear,High,Evening,Bike,20,7,71.6
7772,13.45,Rainy,High,Morning,Bike,28,6,82.4
7773,15.82,Clear,High,Morning,Scooter,23,9,74.1
7774,15.31,Windy,Medium,Morning,Bike,11,6,62.5
7775,13.97,Rainy,Low,Evening,Bike,23,9,69.1
7776,14.0,Clear,High,Morning,Bike,20,6,69.5
7777,15.61,Clear,Low,Evening,Car,23,6,59.6
7778,14.35,Rainy,Low,Morning,Car,10,6,51.0
7779,13.35,Clear,Low,Morning,Scooter,28,10,61.7
7780,12.17,Foggy,Medium,Morning,Bike,24,9,59.5
7781,13.2,Clear,Low,Evening,Bike,25,10,58.4
7782,12.87,Clear,High,Evening,Car,27,8,69.4
7783,12.52,Rainy,Medium,Evening,Bike,10,8,59.3
7784,14.69,Clear,Medium,Afternoon,Bike,24,6,63.4
7785,13.58,Rainy,Low,Evening,Car,22,6,60.4
7786,12.38,Rainy,Low,Afternoon,Bike,21,9,58.0
7787,13.31,Clear,Medium,Morning,Car,16,8,54.2
7788,12.56,Foggy,Medium,Evening,Scooter,14,10,53.7
7789,14.39,Foggy,Low,Morning,Car,20,8,56.6
7790,13.71,Snowy,Medium,Evening,Scooter,14,6,61.7
7791,15.74,Clear,Low,Evening,Bike,28,9,70.6
7792,14.43,Clear,Low,Afternoon,Scooter,20,6,53.9
7793,15.06,Foggy,Low,Evening,Car,15,10,54.3
7794,13.34,Rainy,Low,Evening,Scooter,8,8,47.8
7795,15.02,Rainy,Low,Morning,Car,12,8,52.0
7796,14.94,Rainy,Low,Night,Car,14,6,48.5
7797,15.96,Foggy,Low,Morning,Scooter,12,7,51.7
7798,14.64,Clear,Low,Morning,Car,18,6,53.7
7799,15.66,Rainy,Low,Morning,Bike,22,6,73.2
7800,15.47,Clear,Low,Night,Car,27,8,57.0
7801,15.67,Clear,Low,Afternoon,Car,20,8,50.4
7802,14.29,Rainy,Low,Evening,Bike,19,8,63.3
7803,12.9,Rainy,Medium,Morning,Scooter,13,10,58.0
7804,14.34,Clear,Low,Afternoon,Bike,26,10,59.8
7805,15.69,Snowy,Medium,Morning,Car,15,10,62.2
7806,15.89,Foggy,High,Morning,Bike,22,6,81.9
7807,15.78,Rainy,Low,Evening,Scooter,23,6,62.4
7808,13.76,Windy,Medium,Evening,Bike,9,10,50.4
7809,15.22,Clear,Low,Evening,Bike,21,10,53.2
7810,13.95,Foggy,Medium,Afternoon,Car,29,6,64.5
7811,14.77,Clear,High,Afternoon,Scooter,21,6,61.6
7812,13.73,Clear,High,Evening,Bike,17,7,58.8
7813,13.21,Clear,High,Morning,Car,16,8,59.8
7814,13.77,Clear,Low,Morning,Bike,12,6,47.2
7815,13.23,Rainy,High,Afternoon,Bike,13,8,61.3
7816,13.69,Clear,Low,Morning,Bike,27,7,60.3
7817,14.71,Rainy,High,Evening,Car,16,10,67.1
7818,12.8,Clear,Medium,Morning,Car,12,10,48.3
7819,14.71,Clear,High,Morning,Scooter,16,8,63.1
7820,12.29,Windy,Low,Evening,Bike,17,6,54.5
7821,12.01,Rainy,Medium,Morning,Bike,15,7,54.3
7822,12.93,Windy,High,Afternoon,Scooter,7,7,47.9
7823,12.81,Rainy,Low,Evening,Scooter,16,10,53.1
7824,15.33,Clear,High,Afternoon,Bike,27,9,76.9
7825,15.02,Rainy,Medium,Evening,Bike,14,7,67.7
7826,14.67,Rainy,Low,Morning,Car,15,6,60.9
7827,14.83,Clear,Low,Afternoon,Scooter,22,10,48.4
7828,14.65,Snowy,Medium,Night,Bike,12,9,58.6
7829,15.31,Rainy,Low,Morning,Car,25,7,66.6
7830,14.14,Foggy,Low,Afternoon,Bike,18,10,57.9
7831,12.07,Rainy,Medium,Afternoon,Scooter,18,9,58.5
7832,15.45,Rainy,Low,Afternoon,Bike,11,6,48.3
7833,13.88,Clear,Medium,Morning,Car,10,6,47.3
7834,15.71,Windy,High,Morning,Bike,25,6,83.8
7835,15.57,Clear,High,Morning,Car,13,7,61.8
7836,13.6,Clear,Low,Morning,Scooter,17,8,49.8
7837,15.73,Clear,Low,Evening,Bike,18,10,56.4
7838,12.23,Rainy,Medium,Afternoon,Bike,8,10,38.8
7839,14.65,Windy,Medium,Evening,Car,22,10,67.4
7840,14.73,Snowy,High,Evening,Bike,18,10,78.2
7841,15.36,Foggy,Medium,Morning,Bike,28,6,76.5
7842,13.89,Windy,Low,Evening,Scooter,11,10,43.6
7843,12.96,Foggy,Medium,Afternoon,Bike,12,10,52.3
7844,12.18,Clear,Low,Afternoon,Scooter,14,9,38.8
7845,13.87,Rainy,High,Evening,Scooter,15,10,60.3
7846,13.81,Clear,Medium,Evening,Bike,29,8,67.6
7847,13.43,Clear,Medium,Morning,Bike,19,9,60.6
7848,14.55,Clear,Medium,Night,Bike,14,9,50.9
7849,14.13,Clear,Medium,Morning,Car,13,7,44.6
7850,12.46,Windy,Low,Evening,Bike,18,9,50.6
7851,12.19,Windy,Low,Evening,Scooter,13,8,44.0
7852,15.56,Clear,Low,Morning,Scooter,10,6,41.7
7853,14.97,Foggy,Medium,Evening,Scooter,20,6,71.2
7854,13.85,Clear,Low,Night,Bike,21,9,55.6
7855,13.98,Clear,Low,Morning,Bike,10,10,47.5
7856,12.46,Clear,Medium,Morning,Scooter,18,9,52.3
7857,13.05,Clear,Medium,Morning,Scooter,19,10,50.0
7858,15.3,Clear,Low,Morning,Scooter,20,10,51.1
7859,12.51,Clear,Medium,Night,Bike,7,6,46.9
7860,12.42,Clear,High,Afternoon,Scooter,24,9,57.5
7861,14.23,Clear,High,Night,Bike,18,7,63.0
7862,15.36,Windy,High,Afternoon,Scooter,16,9,60.5
7863,13.52,Clear,Medium,Afternoon,Scooter,17,8,49.5
7864,14.58,Clear,Medium,Evening,Bike,17,10,58.7
7865,15.61,Rainy,High,Evening,Car,26,6,79.0
7866,15.57,Clear,Low,Afternoon,Scooter,21,6,52.3
7867,13.87,Rainy,Medium,Afternoon,Bike,14,9,57.2
7868,13.18,Clear,Low,Evening,Bike,7,8,40.6
7869,14.29,Rainy,Medium,Evening,Scooter,16,10,57.6
7870,15.7,Rainy,Low,Afternoon,Car,13,10,44.3
7871,14.72,Rainy,High,Morning,Bike,20,7,76.1
7872,15.82,Rainy,Low,Evening,Bike,20,9,63.8
7873,14.32,Clear,Low,Evening,Scooter,15,9,46.9
7874,12.08,Clear,High,Evening,Bike,26,10,65.4
7875,13.79,Clear,Low,Evening,Bike,32,7,62.5
7876,15.61,Rainy,Medium,Afternoon,Bike,17,6,71.1
7877,12.14,Clear,Low,Afternoon,Scooter,17,7,39.6
7878,14.47,Clear,Medium,Evening,Bike,10,7,47.0
7879,13.51,Rainy,Medium,Evening,Bike,26,6,77.4
7880,13.61,Clear,Low,Morning,Bike,12,7,46.3
7881,14.27,Clear,Medium,Morning,Bike,20,6,63.6
7882,13.65,Rainy,Medium,Morning,Car,20,6,63.8
7883,15.68,Clear,Low,Afternoon,Bike,15,9,52.9
7884,13.21,Snowy,Medium,Afternoon,Bike,10,9,56.3
7885,15.04,Windy,Low,Morning,Car,21,6,53.0
7886,12.37,Windy,Medium,Afternoon,Car,15,8,42.6
7887,13.33,Clear,Low,Evening,Car,12,10,34.7
7888,12.63,Clear,High,Afternoon,Bike,28,7,67.8
7889,12.88,Rainy,Medium,Evening,Scooter,17,7,61.0
7890,14.26,Rainy,Low,Afternoon,Scooter,22,9,54.3
7891,13.37,Rainy,Medium,Evening,Scooter,14,7,55.9
7892,12.2,Clear,Medium,Morning,Bike,12,9,47.0
7893,15.45,Clear,Medium,Morning,Bike,8,6,52.4
7894,14.7,Clear,Medium,Afternoon,Bike,15,6,57.5
7895,15.82,Clear,Medium,Night,Scooter,9,8,45.9
7896,15.2,Clear,Low,Afternoon,Bike,33,8,70.7
7897,14.24,Windy,Low,Afternoon,Scooter,13,10,41.5
7898,13.84,Clear,High,Morning,Scooter,11,9,53.9
7899,15.79,Rainy,High,Afternoon,Car,25,7,73.7
7900,13.7,Windy,Low,Afternoon,Car,24,6,54.2
7901,14.18,Clear,Medium,Evening,Scooter,34,8,73.8
7902,13.33,Rainy,Medium,Evening,Bike,14,9,60.8
7903,13.12,Foggy,Low,Morning,Car,9,7,50.5
7904,15.38,Clear,High,Morning,Bike,22,9,76.8
7905,12.99,Clear,Medium,Morning,Bike,24,6,63.2
7906,12.58,Snowy,Medium,Afternoon,Bike,15,9,63.1
7907,14.91,Foggy,Low,Afternoon,Scooter,29,10,66.3
7908,15.36,Snowy,High,Morning,Bike,23,7,80.6
7909,15.71,Windy,Low,Night,Bike,16,9,47.7
7910,14.67,Clear,Low,Afternoon,Bike,22,9,55.4
7911,13.39,Foggy,Low,Evening,Scooter,6,7,41.8
7912,14.04,Rainy,Medium,Night,Scooter,15,6,49.8
7913,12.75,Rainy,Low,Afternoon,Scooter,12,7,45.2
7914,12.85,Foggy,Low,Morning,Bike,15,10,52.3
7915,15.59,Foggy,Low,Night,Car,13,7,46.2
7916,15.4,Snowy,Low,Evening,Bike,22,7,76.3
7917,13.12,Clear,Medium,Morning,Bike,25,7,64.9
7918,13.52,Rainy,Medium,Morning,Scooter,12,7,55.3
7919,15.84,Clear,Medium,Afternoon,Scooter,16,8,54.0
7920,13.57,Rainy,Medium,Night,Scooter,19,9,54.3
7921,13.31,Foggy,Medium,Evening,Bike,12,7,55.3
7922,12.8,Foggy,Low,Evening,Car,15,7,39.4
7923,13.63,Clear,High,Morning,Bike,13,8,61.3
7924,13.45,Rainy,Low,Afternoon,Car,19,7,54.1
7925,14.94,Clear,Low,Morning,Scooter,27,8,61.8
7926,13.39,Clear,High,Evening,Bike,17,6,65.4
7927,13.83,Clear,High,Evening,Bike,21,7,68.9
7928,13.29,Windy,Medium,Morning,Bike,22,10,68.7
7929,13.28,Clear,Medium,Night,Bike,33,8,68.9
7930,13.0,Windy,Medium,Night,Car,20,8,55.4
7931,13.99,Clear,High,Evening,Car,12,9,55.6
7932,13.72,Foggy,Medium,Afternoon,Bike,7,7,45.7
7933,12.23,Rainy,Medium,Afternoon,Car,11,8,47.9
7934,15.72,Foggy,Low,Morning,Car,11,7,46.9
7935,13.4,Rainy,Low,Morning,Car,18,9,51.3
7936,15.03,Foggy,Low,Afternoon,Bike,17,8,55.6
7937,15.63,Windy,Low,Evening,Bike,20,6,67.4
7938,12.05,Rainy,Low,Afternoon,Car,10,8,36.4
7939,12.49,Clear,High,Evening,Scooter,25,7,67.1
7940,12.76,Clear,Medium,Afternoon,Bike,11,6,42.7
7941,15.54,Foggy,High,Morning,Bike,21,8,76.7
7942,14.18,Rainy,Low,Morning,Bike,21,6,64.0
7943,13.24,Rainy,Medium,Morning,Bike,19,6,71.2
7944,12.18,Rainy,High,Evening,Bike,12,9,60.0
7945,12.14,Clear,High,Afternoon,Scooter,20,8,51.1
7946,14.31,Foggy,High,Afternoon,Scooter,28,7,72.9
7947,14.81,Foggy,High,Evening,Scooter,24,10,71.6
7948,13.54,Foggy,Medium,Evening,Bike,11,10,56.4
7949,13.15,Foggy,Medium,Morning,Bike,15,6,65.2
7950,15.23,Snowy,Medium,Evening,Bike,24,7,78.2
7951,15.46,Rainy,High,Night,Bike,13,6,69.4
7952,13.53,Windy,High,Morning,Car,22,6,66.8
7953,14.99,Clear,High,Afternoon,Bike,28,7,76.2
7954,15.48,Rainy,High,Morning,Bike,14,6,70.4
7955,13.52,Foggy,Low,Evening,Scooter,10,10,44.6
7956,12.64,Clear,Medium,Afternoon,Scooter,17,9,50.1
7957,13.47,Clear,Medium,Afternoon,Bike,15,6,50.6
7958,12.25,Rainy,Low,Evening,Scooter,18,7,53.1
7959,12.14,Clear,Low,Afternoon,Bike,15,9,42.0
7960,15.3,Windy,Medium,Afternoon,Bike,18,7,57.9
7961,15.41,Clear,High,Evening,Bike,12,8,65.2
7962,14.59,Clear,Low,Evening,Scooter,12,6,44.7
7963,15.43,Rainy,Medium,Evening,Scooter,16,10,62.7
7964,15.74,Clear,High,Evening,Scooter,10,6,60.8
7965,14.75,Clear,Low,Afternoon,Scooter,32,6,64.9
7966,15.65,Rainy,Low,Evening,Bike,15,7,58.6
7967,15.68,Rainy,Medium,Evening,Scooter,13,7,63.4
7968,13.1,Clear,Medium,Morning,Bike,22,7,65.5
7969,15.8,Rainy,Medium,Morning,Scooter,16,9,62.3
7970,15.94,Rainy,Low,Evening,Bike,30,9,78.9
7971,13.12,Foggy,Low,Afternoon,Bike,9,6,46.4
7972,14.51,Clear,High,Afternoon,Scooter,17,6,60.7
7973,12.88,Clear,High,Night,Scooter,13,7,53.6
7974,13.58,Windy,Medium,Afternoon,Car,22,7,53.9
7975,14.5,Rainy,High,Morning,Scooter,18,9,66.6
7976,12.15,Clear,Medium,Afternoon,Bike,13,10,49.1
7977,14.59,Snowy,Medium,Afternoon,Bike,18,7,66.9
7978,13.94,Clear,Low,Afternoon,Bike,23,9,49.8
7979,12.5,Foggy,High,Evening,Bike,31,7,80.8
7980,14.74,Foggy,High,Evening,Bike,13,10,66.1
7981,15.77,Windy,High,Morning,Bike,9,9,64.0
7982,12.01,Windy,Medium,Morning,Scooter,19,6,55.6
7983,13.75,Clear,Medium,Morning,Bike,15,6,62.8
7984,12.5,Foggy,Medium,Evening,Bike,23,8,64.0
7985,12.83,Clear,Low,Afternoon,Bike,23,8,46.6
7986,13.97,Rainy,Low,Morning,Scooter,13,7,48.1
7987,13.17,Rainy,Medium,Morning,Bike,17,6,63.1
7988,14.6,Clear,Low,Afternoon,Car,8,10,35.5
7989,13.06,Clear,Low,Afternoon,Car,22,9,44.7
7990,15.1,Clear,Low,Evening,Car,19,10,51.2
7991,12.73,Clear,Low,Evening,Scooter,31,7,58.7
7992,15.63,Clear,Medium,Evening,Car,15,8,55.8
7993,13.6,Windy,Low,Afternoon,Bike,21,9,49.7
7994,12.22,Rainy,Low,Afternoon,Scooter,19,7,51.1
7995,12.4,Foggy,Medium,Morning,Bike,19,9,63.6
7996,14.13,Snowy,Medium,Afternoon,Bike,16,8,61.5
7997,15.64,Foggy,High,Afternoon,Car,16,10,66.4
7998,14.06,Clear,Low,Afternoon,Scooter,13,10,34.2
7999,13.8,Snowy,Medium,Morning,Bike,21,10,73.4
8000,15.09,Foggy,Low,Night,Bike,22,8,63.8
8001,12.91,Foggy,Low,Evening,Bike,21,6,58.1
8002,14.71,Windy,Medium,Evening,Car,31,9,71.8
8003,12.87,Rainy,Medium,Evening,Car,15,8,52.9
8004,15.38,Rainy,High,Morning,Bike,12,9,70.2
8005,15.53,Snowy,Low,Morning,Bike,9,9,57.0
8006,12.78,Clear,Medium,Morning,Bike,11,6,51.5
8007,12.57,Snowy,High,Morning,Scooter,14,6,64.2
8008,14.89,Clear,Low,Evening,Scooter,9,9,40.6
8009,14.61,Clear,Low,Afternoon,Scooter,29,8,56.0
8010,14.49,Rainy,Medium,Afternoon,Scooter,15,7,59.5
8011,14.04,Clear,Medium,Evening,Bike,29,10,74.8
8012,12.52,Windy,Medium,Morning,Bike,16,10,63.3
8013,14.88,Clear,High,Evening,Bike,18,7,71.3
8014,12.65,Foggy,Low,Afternoon,Scooter,19,7,49.5
8015,14.17,Clear,High,Afternoon,Scooter,16,6,60.5
8016,13.39,Windy,Medium,Evening,Car,15,8,53.6
8017,13.33,Clear,Low,Night,Bike,21,9,49.8
8018,15.33,Clear,Low,Afternoon,Car,27,7,62.4
8019,13.82,Clear,Low,Afternoon,Bike,23,6,58.7
8020,13.97,Rainy,Medium,Afternoon,Bike,17,6,60.9
8021,15.58,Windy,Low,Evening,Bike,24,7,69.9
8022,14.23,Windy,Medium,Night,Bike,20,9,62.6
8023,15.21,Clear,Medium,Afternoon,Bike,18,7,56.4
8024,15.45,Clear,High,Afternoon,Bike,27,9,73.8
8025,14.78,Clear,Medium,Afternoon,Scooter,18,10,52.3
8026,12.58,Rainy,Medium,Night,Scooter,17,10,45.8
8027,12.48,Rainy,High,Afternoon,Scooter,21,7,61.0
8028,13.74,Clear,Medium,Morning,Car,17,8,55.7
8029,12.25,Rainy,Low,Evening,Scooter,14,9,46.4
8030,13.2,Snowy,High,Evening,Car,18,6,71.2
8031,12.83,Clear,Low,Afternoon,Bike,29,9,61.6
8032,12.15,Clear,Medium,Evening,Car,18,6,44.9
8033,13.6,Clear,Low,Evening,Bike,33,8,72.9
8034,13.0,Clear,Low,Night,Bike,25,7,54.9
8035,12.41,Clear,Medium,Evening,Scooter,17,7,53.3
8036,14.92,Rainy,Low,Morning,Bike,15,7,66.4
8037,15.65,Clear,High,Afternoon,Bike,20,8,70.5
8038,14.48,Foggy,Medium,Evening,Bike,30,8,77.5
8039,15.72,Snowy,Medium,Morning,Scooter,16,7,66.8
8040,12.67,Windy,Low,Afternoon,Car,13,7,38.3
8041,15.07,Rainy,Low,Night,Bike,11,8,50.7
8042,13.63,Clear,Low,Morning,Bike,18,10,55.8
8043,13.96,Clear,Medium,Evening,Scooter,17,9,55.9
8044,14.66,Clear,Medium,Evening,Bike,18,6,63.3
8045,15.13,Windy,Low,Afternoon,Bike,17,6,55.0
8046,12.24,Windy,High,Evening,Bike,19,9,67.7
8047,13.55,Clear,Medium,Evening,Scooter,15,8,46.4
8048,15.06,Clear,High,Afternoon,Bike,17,8,68.9
8049,14.14,Rainy,Medium,Night,Bike,16,7,61.1
8050,13.37,Clear,Medium,Morning,Bike,18,8,55.8
8051,12.16,Windy,Low,Evening,Scooter,17,8,51.4
8052,12.03,Clear,Medium,Afternoon,Bike,21,9,57.4
8053,13.7,Clear,Low,Morning,Scooter,22,10,51.9
8054,13.93,Clear,Medium,Afternoon,Car,16,10,50.6
8055,12.92,Clear,Low,Evening,Bike,22,10,57.4
8056,15.2,Clear,Medium,Morning,Bike,28,9,73.2
8057,14.89,Snowy,High,Morning,Bike,23,9,77.4
8058,12.75,Clear,High,Morning,Car,23,7,63.2
8059,12.75,Rainy,Low,Afternoon,Scooter,22,10,53.1
8060,15.46,Clear,Low,Afternoon,Scooter,16,7,47.1
8061,15.68,Clear,High,Afternoon,Car,30,6,71.8
8062,15.94,Clear,Medium,Afternoon,Car,13,10,50.3
8063,14.75,Clear,High,Evening,Car,14,8,53.9
8064,15.72,Clear,Low,Night,Bike,13,8,52.4
8065,12.59,Clear,High,Afternoon,Scooter,17,9,53.1
8066,12.62,Snowy,Medium,Evening,Car,23,9,62.8
8067,12.17,Foggy,Medium,Afternoon,Scooter,14,6,49.3
8068,14.15,Windy,Medium,Afternoon,Scooter,30,7,68.5
8069,12.89,Clear,Medium,Evening,Car,21,9,58.3
8070,14.28,Foggy,Medium,Morning,Scooter,29,9,74.1
8071,12.03,Rainy,High,Evening,Scooter,20,9,69.6
8072,14.12,Clear,Medium,Night,Scooter,19,8,53.1
8073,15.56,Clear,Medium,Afternoon,Bike,30,7,71.4
8074,14.9,Rainy,Medium,Afternoon,Bike,29,8,81.6
8075,13.47,Foggy,Low,Afternoon,Scooter,21,6,53.6
8076,12.27,Clear,Low,Morning,Car,11,10,34.4
8077,12.98,Clear,Medium,Night,Car,11,6,40.0
8078,14.01,Windy,Low,Evening,Bike,8,8,47.9
8079,13.03,Clear,High,Afternoon,Car,12,9,44.0
8080,15.11,Windy,Medium,Evening,Bike,19,7,67.6
8081,15.74,Snowy,High,Evening,Scooter,17,10,74.1
8082,12.7,Snowy,Medium,Evening,Car,21,8,65.9
8083,12.02,Foggy,Low,Evening,Car,27,6,53.6
8084,12.34,Clear,High,Morning,Scooter,16,6,51.6
8085,15.21,Rainy,High,Morning,Scooter,26,7,78.9
8086,12.21,Foggy,Medium,Afternoon,Bike,27,7,66.2
8087,14.99,Foggy,Low,Afternoon,Scooter,21,6,54.0
8088,13.62,Clear,Medium,Morning,Bike,25,9,61.5
8089,13.7,Clear,Low,Morning,Bike,28,8,64.6
8090,14.92,Clear,Low,Evening,Car,17,6,49.3
8091,13.28,Clear,Medium,Afternoon,Bike,18,10,55.6
8092,15.24,Rainy,High,Evening,Scooter,18,8,67.6
8093,12.38,Snowy,Low,Night,Bike,17,8,55.1
8094,14.87,Foggy,Medium,Morning,Bike,29,8,82.9
8095,15.61,Rainy,High,Evening,Bike,10,10,66.4
8096,12.66,Clear,Low,Night,Bike,15,7,42.9
8097,14.22,Clear,Medium,Evening,Bike,28,6,74.4
8098,14.56,Clear,Low,Evening,Scooter,23,7,60.5
8099,12.53,Clear,High,Night,Scooter,14,9,48.3
8100,14.17,Clear,High,Evening,Bike,21,9,67.1
8101,13.01,Clear,Medium,Morning,Car,6,7,43.0
8102,15.01,Clear,Low,Morning,Scooter,18,10,51.9
8103,14.27,Rainy,High,Afternoon,Scooter,28,9,76.0
8104,13.64,Clear,High,Afternoon,Scooter,20,7,60.5
8105,14.97,Clear,Medium,Morning,Scooter,28,10,66.8
8106,14.93,Clear,Low,Evening,Bike,10,7,51.7
8107,12.84,Rainy,High,Evening,Bike,18,6,75.8
8108,12.1,Rainy,Medium,Morning,Bike,21,10,61.5
8109,12.99,Clear,Low,Afternoon,Scooter,8,8,36.4
8110,15.53,Clear,Low,Evening,Bike,26,10,64.0
8111,13.59,Windy,Low,Afternoon,Car,14,10,37.0
8112,12.81,Rainy,Low,Afternoon,Bike,26,10,58.4
8113,13.48,Rainy,Medium,Morning,Bike,14,9,60.0
8114,13.53,Rainy,Low,Afternoon,Bike,32,6,74.3
8115,13.82,Snowy,Medium,Afternoon,Car,27,8,65.5
8116,13.8,Snowy,High,Morning,Bike,26,10,77.0
8117,13.19,Clear,Low,Morning,Scooter,21,9,49.8
8118,13.2,Rainy,Medium,Afternoon,Scooter,16,10,52.6
8119,15.2,Clear,High,Afternoon,Bike,17,9,66.3
8120,14.65,Rainy,Low,Afternoon,Scooter,19,7,56.8
8121,14.72,Clear,Medium,Morning,Car,14,9,53.1
8122,12.76,Clear,Medium,Afternoon,Scooter,14,9,43.5
8123,15.97,Windy,Low,Afternoon,Bike,17,8,52.7
8124,12.35,Snowy,High,Evening,Scooter,18,6,73.5
8125,14.73,Clear,Medium,Morning,Scooter,24,6,63.0
8126,14.97,Windy,High,Evening,Car,23,8,72.1
8127,13.07,Clear,Medium,Afternoon,Bike,20,7,55.4
8128,12.31,Clear,Low,Morning,Car,21,9,48.7
8129,14.95,Snowy,Medium,Afternoon,Car,26,7,71.6
8130,14.26,Clear,Medium,Morning,Bike,9,6,53.2
8131,15.86,Clear,High,Afternoon,Scooter,19,6,65.5
8132,14.91,Rainy,Medium,Morning,Bike,9,10,58.1
8133,15.72,Clear,High,Afternoon,Bike,11,6,54.9
8134,14.54,Clear,Medium,Evening,Scooter,17,10,55.9
8135,13.99,Clear,Medium,Afternoon,Bike,16,8,57.4
8136,15.78,Rainy,High,Night,Bike,22,10,75.6
8137,15.28,Clear,Low,Morning,Scooter,25,10,57.7
8138,12.14,Clear,Medium,Morning,Car,24,6,57.9
8139,14.33,Foggy,Low,Morning,Bike,19,8,63.7
8140,12.6,Clear,Medium,Evening,Bike,6,9,43.5
8141,15.79,Clear,High,Afternoon,Bike,8,9,50.9
8142,14.7,Foggy,Medium,Morning,Bike,13,10,60.8
8143,13.81,Foggy,Low,Afternoon,Car,14,6,46.9
8144,15.84,Clear,Medium,Evening,Bike,17,6,64.8
8145,13.35,Snowy,Low,Night,Scooter,16,10,49.9
8146,13.78,Foggy,High,Evening,Bike,12,9,64.9
8147,13.6,Clear,High,Night,Car,10,10,45.2
8148,12.53,Foggy,Medium,Evening,Bike,8,7,51.1
8149,12.6,Foggy,Medium,Night,Car,10,6,44.3
8150,14.36,Rainy,Medium,Afternoon,Scooter,5,9,46.7
8151,12.28,Rainy,High,Evening,Car,8,9,53.5
8152,15.72,Foggy,Medium,Afternoon,Bike,17,9,61.6
8153,13.31,Windy,Low,Evening,Car,21,6,54.3
8154,13.28,Rainy,Medium,Morning,Bike,16,10,63.4
8155,12.56,Snowy,High,Evening,Scooter,14,7,67.1
8156,13.4,Foggy,Low,Afternoon,Scooter,20,8,53.1
8157,14.76,Snowy,Low,Afternoon,Bike,20,6,68.8
8158,15.83,Windy,High,Morning,Bike,22,9,78.5
8159,12.77,Clear,High,Afternoon,Bike,14,10,60.1
8160,12.71,Clear,Low,Evening,Car,30,6,61.5
8161,12.56,Rainy,Low,Morning,Bike,12,6,56.0
8162,14.3,Clear,Low,Morning,Bike,30,9,62.4
8163,12.47,Rainy,Low,Morning,Scooter,20,8,57.9
8164,12.35,Foggy,Medium,Afternoon,Scooter,14,10,50.7
8165,14.98,Windy,Low,Morning,Bike,13,7,54.6
8166,15.17,Clear,Low,Morning,Bike,13,9,44.8
8167,13.26,Foggy,Medium,Evening,Scooter,20,10,53.2
8168,14.33,Clear,Medium,Afternoon,Car,30,10,60.7
8169,14.97,Rainy,Low,Afternoon,Bike,26,6,66.7
8170,12.2,Clear,Medium,Evening,Bike,32,9,65.0
8171,14.54,Rainy,Low,Afternoon,Scooter,15,7,52.9
8172,13.14,Rainy,Low,Morning,Bike,16,8,53.7
8173,13.64,Foggy,Medium,Afternoon,Car,23,9,53.6
8174,13.42,Rainy,Medium,Morning,Scooter,14,10,62.7
8175,14.87,Clear,Medium,Morning,Car,15,8,54.4
8176,13.88,Clear,Medium,Evening,Bike,14,7,55.1
8177,15.04,Clear,Low,Morning,Bike,16,6,51.3
8178,13.26,Windy,Low,Morning,Scooter,23,9,53.1
8179,14.17,Windy,High,Afternoon,Bike,7,7,53.1
8180,15.63,Clear,Medium,Evening,Bike,8,9,51.4
8181,13.75,Clear,Low,Morning,Bike,6,7,41.1
8182,14.31,Clear,Medium,Afternoon,Bike,20,10,53.9
8183,14.68,Rainy,High,Afternoon,Bike,16,9,65.3
8184,15.65,Clear,Medium,Afternoon,Bike,17,8,53.5
8185,14.54,Clear,Low,Morning,Bike,17,10,47.0
8186,14.45,Clear,Low,Afternoon,Scooter,13,8,37.4
8187,15.33,Clear,Medium,Afternoon,Bike,24,8,63.1
8188,15.97,Clear,High,Evening,Scooter,12,6,60.6
8189,15.6,Clear,Medium,Morning,Scooter,21,9,63.3
8190,12.5,Rainy,Medium,Evening,Scooter,22,10,63.7
8191,14.71,Rainy,Low,Morning,Car,14,8,54.4
8192,13.31,Clear,Low,Afternoon,Car,22,7,46.2
8193,13.66,Rainy,Medium,Afternoon,Bike,13,9,58.6
8194,14.58,Rainy,Medium,Morning,Bike,18,8,61.8
8195,12.58,Foggy,Medium,Morning,Scooter,22,7,64.3
8196,14.77,Windy,High,Afternoon,Scooter,12,6,57.8
8197,13.17,Clear,Low,Evening,Bike,21,10,56.9
8198,15.28,Snowy,Medium,Evening,Car,11,9,51.2
8199,13.49,Foggy,Medium,Night,Car,10,10,47.4
8200,12.2,Rainy,High,Morning,Car,15,7,55.8
8201,14.4,Clear,High,Afternoon,Bike,13,10,60.0
8202,15.0,Clear,Medium,Afternoon,Bike,12,8,49.7
8203,14.47,Clear,Low,Evening,Bike,14,10,51.1
8204,15.12,Windy,Medium,Morning,Bike,23,9,69.6
8205,15.22,Rainy,Medium,Afternoon,Bike,26,10,75.5
8206,12.17,Clear,High,Morning,Bike,29,9,72.8
8207,12.01,Rainy,High,Morning,Car,30,9,78.7
8208,12.9,Clear,Medium,Evening,Scooter,20,6,54.6
8209,12.9,Clear,High,Afternoon,Scooter,21,8,55.5
8210,14.25,Rainy,Low,Evening,Bike,15,10,55.4
8211,12.92,Rainy,Low,Morning,Car,27,10,62.3
8212,13.46,Foggy,Low,Evening,Car,15,8,50.8
8213,13.81,Rainy,Low,Evening,Scooter,22,10,55.5
8214,14.4,Rainy,High,Afternoon,Bike,24,7,73.9
8215,15.99,Snowy,Medium,Afternoon,Bike,31,9,83.6
8216,14.75,Clear,Low,Evening,Scooter,8,7,46.0
8217,13.06,Rainy,Medium,Afternoon,Car,14,7,49.4
8218,13.4,Foggy,High,Afternoon,Car,17,10,53.2
8219,12.17,Clear,Medium,Afternoon,Bike,24,10,59.8
8220,13.68,Clear,Low,Evening,Bike,22,10,50.9
8221,14.36,Clear,Low,Morning,Bike,10,8,48.4
8222,15.8,Clear,Medium,Afternoon,Bike,26,10,60.3
8223,13.07,Rainy,Medium,Evening,Scooter,16,9,58.0
8224,12.97,Clear,Medium,Evening,Scooter,26,10,59.5
8225,12.07,Rainy,Low,Morning,Car,27,7,58.0
8226,14.3,Clear,Medium,Morning,Bike,28,8,75.0
8227,15.98,Clear,Low,Morning,Bike,24,9,63.5
8228,13.48,Clear,Low,Morning,Scooter,23,8,53.4
8229,13.99,Clear,High,Morning,Car,18,10,58.0
8230,12.23,Windy,Low,Morning,Car,19,10,44.6
8231,14.28,Clear,Medium,Morning,Car,18,6,61.3
8232,12.84,Clear,High,Morning,Scooter,18,7,58.9
8233,12.06,Clear,High,Night,Bike,13,8,58.3
8234,14.74,Clear,Low,Evening,Scooter,15,9,45.6
8235,12.59,Rainy,Low,Evening,Car,12,8,46.0
8236,12.4,Foggy,Medium,Afternoon,Bike,22,9,59.4
8237,12.91,Clear,Low,Evening,Bike,16,8,47.2
8238,12.55,Rainy,Low,Morning,Bike,14,6,54.4
8239,14.49,Clear,Medium,Evening,Scooter,24,7,68.7
8240,13.07,Snowy,Medium,Morning,Scooter,27,7,77.4
8241,14.68,Rainy,Medium,Evening,Bike,6,7,57.2
8242,14.18,Clear,Low,Morning,Bike,26,7,58.9
8243,13.41,Foggy,Medium,Evening,Scooter,8,10,49.5
8244,12.77,Snowy,Low,Morning,Bike,22,6,64.9
8245,14.69,Clear,High,Morning,Bike,26,7,73.2
8246,14.1,Windy,Medium,Afternoon,Scooter,13,8,52.1
8247,14.88,Snowy,Medium,Morning,Bike,29,9,78.5
8248,14.02,Clear,Medium,Evening,Bike,22,6,65.6
8249,15.21,Foggy,Medium,Morning,Bike,32,9,82.4
8250,14.2,Rainy,High,Afternoon,Bike,13,6,67.6
8251,15.25,Rainy,Low,Evening,Bike,11,6,54.1
8252,14.2,Rainy,High,Afternoon,Bike,21,7,78.1
8253,15.85,Snowy,High,Evening,Bike,18,7,81.5
8254,15.41,Rainy,Medium,Night,Scooter,24,9,67.4
8255,13.02,Rainy,Low,Morning,Car,16,10,45.6
8256,14.91,Clear,Low,Afternoon,Bike,6,10,36.2
8257,12.53,Clear,Low,Evening,Scooter,17,6,45.8
8258,15.64,Windy,Medium,Evening,Bike,21,8,69.4
8259,13.38,Foggy,Medium,Afternoon,Car,15,6,52.8
8260,13.91,Clear,Low,Night,Bike,18,9,48.1
8261,12.08,Snowy,Low,Afternoon,Bike,20,7,62.6
8262,15.47,Snowy,Medium,Evening,Bike,22,9,75.4
8263,15.79,Rainy,Medium,Evening,Bike,13,9,65.8
8264,13.88,Clear,Low,Morning,Bike,14,9,52.5
8265,12.75,Rainy,Low,Afternoon,Bike,21,6,56.7
8266,14.78,Clear,Low,Evening,Scooter,15,10,43.3
8267,13.19,Clear,Medium,Morning,Bike,23,8,61.9
8268,15.84,Rainy,Medium,Morning,Bike,14,9,69.1
8269,13.24,Windy,Low,Night,Car,23,9,49.8
8270,14.3,Clear,Low,Morning,Bike,12,8,50.6
8271,12.2,Snowy,Medium,Evening,Bike,17,10,59.8
8272,15.96,Windy,Low,Morning,Scooter,13,10,46.2
8273,14.3,Clear,Low,Evening,Bike,18,9,55.7
8274,15.9,Clear,Low,Morning,Scooter,22,9,58.5
8275,13.2,Foggy,Medium,Afternoon,Bike,18,7,57.0
8276,14.11,Foggy,Low,Morning,Bike,12,8,49.7
8277,12.07,Clear,High,Morning,Car,28,6,66.4
8278,15.08,Rainy,Medium,Morning,Car,6,9,50.6
8279,12.67,Rainy,Medium,Morning,Scooter,22,6,61.5
8280,13.7,Foggy,Medium,Afternoon,Bike,22,7,64.6
8281,14.68,Foggy,Medium,Morning,Scooter,27,8,67.1
8282,12.33,Clear,High,Afternoon,Car,26,9,57.7
8283,15.13,Clear,High,Evening,Bike,12,6,59.7
8284,15.22,Clear,Medium,Morning,Car,29,9,66.7
8285,14.13,Windy,High,Morning,Scooter,12,6,58.5
8286,14.42,Windy,Medium,Evening,Car,19,9,62.3
8287,12.38,Foggy,Low,Evening,Bike,12,9,49.7
8288,13.8,Clear,Low,Evening,Car,16,6,42.7
8289,15.36,Rainy,Medium,Afternoon,Car,24,7,69.2
8290,12.36,Clear,Low,Morning,Scooter,29,8,56.7
8291,15.95,Clear,Low,Evening,Car,15,8,51.5
8292,13.94,Clear,Medium,Evening,Scooter,17,10,49.7
8293,12.05,Snowy,High,Morning,Scooter,24,10,74.2
8294,13.36,Clear,Medium,Evening,Scooter,19,8,61.7
8295,14.0,Rainy,Medium,Evening,Car,27,8,71.7
8296,15.84,Windy,High,Evening,Scooter,15,10,63.0
8297,14.82,Rainy,Low,Afternoon,Scooter,13,9,52.6
8298,14.32,Clear,Medium,Morning,Scooter,19,6,56.8
8299,15.87,Windy,Medium,Evening,Car,17,7,62.1
8300,13.18,Rainy,Medium,Afternoon,Bike,27,9,76.3
8301,13.52,Clear,Medium,Evening,Scooter,10,10,43.9
8302,15.07,Rainy,Medium,Afternoon,Scooter,9,7,54.4
8303,14.38,Snowy,Low,Evening,Car,12,7,59.4
8304,12.88,Clear,Low,Evening,Bike,21,9,56.8
8305,15.0,Rainy,High,Morning,Scooter,15,6,71.5
8306,13.07,Clear,High,Afternoon,Bike,10,10,44.8
8307,14.24,Clear,Medium,Evening,Scooter,27,10,61.4
8308,15.42,Foggy,High,Morning,Scooter,23,8,77.6
8309,13.1,Clear,High,Morning,Scooter,27,7,68.6
8310,15.04,Clear,High,Morning,Scooter,11,8,55.7
8311,15.45,Clear,Low,Evening,Bike,15,8,57.6
8312,13.27,Clear,Medium,Morning,Scooter,20,10,57.1
8313,12.79,Clear,Medium,Afternoon,Car,10,9,36.2
8314,15.46,Rainy,High,Night,Scooter,33,8,85.4
8315,13.87,Clear,Low,Night,Bike,33,9,61.2
8316,13.25,Clear,High,Morning,Scooter,18,8,55.5
8317,12.04,Snowy,Low,Evening,Scooter,33,6,72.8
8318,12.78,Windy,Medium,Afternoon,Scooter,29,7,60.1
8319,14.05,Clear,Medium,Afternoon,Scooter,20,7,50.9
8320,15.32,Clear,High,Morning,Car,10,8,51.7
8321,14.01,Clear,Medium,Afternoon,Car,11,10,42.2
8322,13.11,Clear,Low,Evening,Bike,14,9,49.7
8323,15.72,Clear,High,Afternoon,Scooter,25,9,67.2
8324,13.48,Windy,Medium,Night,Scooter,18,8,50.1
8325,12.65,Foggy,Medium,Night,Car,25,7,56.1
8326,15.78,Clear,Low,Evening,Bike,22,7,57.7
8327,13.59,Windy,High,Morning,Bike,24,10,74.9
8328,13.93,Clear,Low,Evening,Scooter,14,6,44.2
8329,15.32,Clear,Medium,Afternoon,Bike,22,10,62.3
8330,13.15,Clear,Medium,Evening,Bike,10,7,45.2
8331,14.11,Clear,Medium,Evening,Car,21,10,59.7
8332,15.47,Snowy,Medium,Evening,Bike,17,10,70.9
8333,13.02,Clear,Medium,Evening,Bike,15,10,48.8
8334,15.58,Rainy,High,Night,Bike,21,10,72.3
8335,12.77,Clear,Medium,Afternoon,Bike,6,8,41.7
8336,15.42,Windy,High,Evening,Bike,23,8,74.3
8337,13.57,Rainy,High,Evening,Bike,18,6,74.2
8338,14.19,Rainy,Low,Evening,Bike,17,10,62.9
8339,14.21,Clear,Low,Evening,Scooter,18,8,53.1
8340,12.82,Windy,Medium,Morning,Bike,14,6,57.4
8341,12.69,Rainy,Low,Afternoon,Scooter,20,7,56.9
8342,14.85,Clear,Medium,Afternoon,Car,13,10,46.1
8343,15.3,Snowy,Medium,Evening,Car,28,7,76.9
8344,12.55,Clear,Low,Afternoon,Bike,24,7,53.0
8345,15.01,Clear,Medium,Night,Bike,27,7,67.9
8346,13.31,Rainy,Medium,Afternoon,Scooter,22,6,63.8
8347,14.38,Clear,Low,Night,Bike,10,8,40.0
8348,14.14,Clear,Low,Evening,Scooter,18,7,54.2
8349,14.97,Clear,Medium,Night,Scooter,22,8,61.9
8350,14.17,Clear,Medium,Night,Bike,20,8,65.6
8351,12.37,Clear,Medium,Afternoon,Bike,21,9,49.5
8352,13.12,Clear,Low,Morning,Car,18,8,46.0
8353,13.59,Windy,Low,Morning,Scooter,20,6,52.7
8354,14.29,Rainy,Medium,Evening,Scooter,19,6,67.6
8355,12.68,Rainy,Low,Afternoon,Scooter,10,7,46.2
8356,13.35,Clear,High,Evening,Bike,19,7,66.2
8357,12.25,Foggy,Low,Afternoon,Bike,17,8,49.1
8358,13.29,Clear,Low,Afternoon,Scooter,18,9,42.3
8359,14.05,Clear,Low,Morning,Bike,10,10,44.2
8360,15.75,Rainy,High,Morning,Scooter,27,9,82.3
8361,12.71,Clear,High,Afternoon,Bike,25,7,67.8
8362,12.11,Foggy,Medium,Evening,Car,9,7,50.8
8363,13.51,Snowy,Medium,Night,Scooter,27,7,69.9
8364,14.43,Snowy,Medium,Afternoon,Bike,25,7,77.2
8365,14.43,Clear,Low,Evening,Scooter,23,8,53.2
8366,13.38,Clear,Medium,Evening,Scooter,29,9,61.2
8367,12.15,Clear,High,Afternoon,Scooter,21,7,60.5
8368,15.68,Foggy,Medium,Afternoon,Bike,11,9,58.3
8369,14.01,Windy,Low,Evening,Scooter,12,7,46.0
8370,15.11,Windy,Medium,Night,Scooter,10,8,46.6
8371,13.59,Clear,Low,Evening,Bike,16,7,50.2
8372,15.33,Snowy,Low,Morning,Scooter,12,8,57.6
8373,15.14,Rainy,Low,Evening,Bike,8,6,55.2
8374,12.38,Snowy,Low,Afternoon,Car,18,8,46.1
8375,12.21,Rainy,Low,Night,Car,15,8,40.2
8376,12.6,Clear,Low,Morning,Bike,13,8,46.3
8377,15.29,Clear,High,Evening,Bike,22,10,73.4
8378,13.08,Windy,Low,Evening,Bike,19,9,53.0
8379,13.58,Clear,Low,Afternoon,Car,19,8,39.8
8380,14.31,Clear,Low,Afternoon,Bike,15,10,46.6
8381,14.61,Clear,High,Morning,Scooter,23,9,61.1
8382,13.71,Clear,Low,Afternoon,Car,12,9,35.6
8383,13.8,Windy,High,Afternoon,Bike,17,8,65.3
8384,13.31,Clear,High,Afternoon,Scooter,16,7,54.3
8385,12.38,Clear,Medium,Afternoon,Bike,24,7,54.3
8386,12.59,Foggy,Medium,Morning,Bike,12,10,59.2
8387,15.56,Rainy,Low,Night,Car,32,9,67.8
8388,15.9,Clear,Low,Evening,Bike,12,6,54.0
8389,15.3,Clear,Low,Night,Bike,17,7,55.1
8390,13.22,Clear,High,Morning,Scooter,20,10,60.5
8391,12.71,Clear,Low,Afternoon,Scooter,16,7,40.9
8392,14.04,Clear,Medium,Morning,Scooter,26,8,67.8
8393,12.38,Clear,Low,Morning,Bike,20,7,50.6
8394,15.66,Foggy,Medium,Night,Scooter,21,9,65.8
8395,15.07,Snowy,Low,Morning,Bike,27,10,70.8
8396,15.89,Snowy,High,Morning,Bike,11,8,71.0
8397,15.42,Clear,Medium,Afternoon,Bike,17,6,60.2
8398,13.64,Clear,High,Evening,Scooter,16,7,64.1
8399,13.26,Windy,High,Evening,Car,23,6,68.0
8400,15.34,Foggy,Medium,Night,Bike,25,7,67.3
8401,14.35,Rainy,High,Evening,Bike,17,7,75.5
8402,15.51,Clear,Low,Morning,Scooter,11,6,45.1
8403,13.3,Clear,Low,Afternoon,Bike,23,6,56.6
8404,14.19,Rainy,Medium,Afternoon,Bike,24,7,70.9
8405,13.85,Rainy,Medium,Morning,Scooter,14,6,55.4
8406,12.73,Clear,Low,Evening,Bike,12,7,46.9
8407,14.16,Windy,Medium,Evening,Bike,12,6,54.8
8408,12.33,Rainy,Medium,Morning,Scooter,11,8,56.4
8409,13.5,Rainy,High,Morning,Bike,14,9,62.6
8410,14.13,Clear,Low,Afternoon,Car,22,10,46.6
8411,12.58,Foggy,Low,Morning,Scooter,14,9,44.4
8412,15.01,Foggy,High,Morning,Bike,25,6,85.7
8413,12.76,Clear,Medium,Night,Scooter,15,6,42.8
8414,14.91,Rainy,Medium,Evening,Scooter,22,9,75.4
8415,12.1,Rainy,Low,Night,Car,13,9,40.1
8416,14.76,Snowy,Low,Afternoon,Scooter,11,7,49.6
8417,13.6,Clear,Medium,Evening,Bike,14,10,56.2
8418,15.16,Snowy,Low,Evening,Scooter,20,9,63.8
8419,14.25,Clear,Medium,Morning,Scooter,21,8,57.0
8420,13.52,Clear,Low,Morning,Scooter,20,9,48.1
8421,14.66,Clear,Low,Morning,Bike,16,6,53.2
8422,13.55,Clear,Low,Evening,Car,19,9,45.3
8423,13.42,Clear,Medium,Evening,Bike,29,7,72.8
8424,13.7,Rainy,Medium,Afternoon,Car,10,6,49.8
8425,14.84,Foggy,High,Morning,Bike,10,9,65.6
8426,14.46,Clear,High,Evening,Bike,18,6,67.0
8427,15.67,Windy,Low,Morning,Bike,24,6,69.8
8428,12.0,Clear,Medium,Morning,Car,26,6,56.7
8429,12.64,Rainy,Low,Afternoon,Scooter,22,10,50.0
8430,13.98,Windy,Medium,Afternoon,Bike,13,10,51.2
8431,14.68,Snowy,Medium,Evening,Car,23,8,74.8
8432,12.36,Rainy,Medium,Evening,Bike,13,7,57.3
8433,13.18,Foggy,Medium,Evening,Bike,7,8,50.6
8434,15.95,Clear,Medium,Afternoon,Bike,12,9,54.3
8435,13.31,Clear,Medium,Evening,Bike,31,8,71.1
8436,13.52,Clear,High,Afternoon,Scooter,22,7,58.3
8437,12.96,Clear,Low,Morning,Bike,12,7,42.8
8438,12.07,Clear,Low,Evening,Bike,15,8,49.0
8439,13.14,Clear,Medium,Evening,Bike,27,7,64.1
8440,12.64,Windy,High,Morning,Bike,22,8,72.7
8441,13.52,Snowy,Medium,Evening,Scooter,14,6,60.7
8442,12.93,Snowy,Medium,Evening,Scooter,31,6,70.9
8443,13.62,Foggy,Low,Morning,Bike,19,10,59.9
8444,13.08,Clear,Low,Night,Bike,19,7,52.0
8445,15.66,Clear,High,Morning,Scooter,19,8,68.4
8446,13.17,Rainy,Low,Afternoon,Scooter,22,6,55.0
8447,12.75,Rainy,Medium,Evening,Bike,14,10,58.0
8448,15.05,Clear,Medium,Morning,Scooter,8,7,47.5
8449,15.25,Clear,Low,Morning,Car,21,7,52.2
8450,14.25,Rainy,Medium,Afternoon,Scooter,17,8,59.4
8451,13.38,Clear,Medium,Afternoon,Bike,24,10,58.8
8452,15.34,Clear,Medium,Afternoon,Car,28,9,61.0
8453,14.68,Clear,High,Evening,Scooter,20,6,64.6
8454,13.52,Rainy,Medium,Morning,Scooter,19,6,64.6
8455,13.57,Windy,Medium,Afternoon,Scooter,20,7,60.5
8456,12.01,Rainy,High,Afternoon,Bike,10,6,58.2
8457,12.23,Foggy,Low,Evening,Car,15,8,42.0
8458,12.54,Snowy,Low,Afternoon,Bike,21,7,60.3
8459,12.99,Clear,Low,Afternoon,Bike,18,6,50.4
8460,15.7,Rainy,Medium,Evening,Bike,24,9,78.3
8461,15.29,Clear,High,Evening,Scooter,11,7,60.0
8462,12.16,Rainy,Medium,Morning,Bike,20,7,66.0
8463,12.06,Clear,High,Morning,Bike,25,6,78.1
8464,14.34,Windy,Medium,Afternoon,Car,21,10,52.0
8465,13.51,Windy,Low,Night,Bike,10,9,47.8
8466,15.21,Clear,Low,Evening,Bike,21,7,61.9
8467,15.89,Clear,Medium,Morning,Scooter,26,10,73.8
8468,13.98,Clear,Medium,Morning,Bike,12,7,50.2
8469,12.71,Foggy,Low,Evening,Bike,20,7,63.4
8470,15.57,Rainy,Medium,Afternoon,Bike,17,7,71.0
8471,13.69,Clear,High,Morning,Bike,13,6,61.0
8472,13.67,Snowy,Medium,Morning,Bike,17,8,65.7
8473,14.82,Clear,Low,Afternoon,Scooter,16,9,51.6
8474,13.48,Clear,Low,Morning,Bike,19,8,51.4
8475,12.94,Clear,Low,Evening,Bike,23,8,59.8
8476,14.97,Rainy,Low,Afternoon,Bike,10,7,56.2
8477,12.74,Clear,Low,Morning,Car,13,10,38.5
8478,12.16,Clear,Low,Evening,Scooter,20,10,46.2
8479,13.99,Clear,Low,Morning,Bike,11,8,52.3
8480,12.14,Windy,Low,Evening,Scooter,21,9,50.4
8481,15.16,Rainy,Medium,Night,Bike,21,9,66.3
8482,15.91,Windy,Medium,Afternoon,Bike,15,10,50.9
8483,15.79,Rainy,Medium,Morning,Bike,32,10,87.1
8484,12.6,Foggy,Low,Morning,Scooter,17,10,48.6
8485,15.73,Clear,High,Morning,Bike,30,6,85.4
8486,12.45,Foggy,Medium,Afternoon,Bike,12,8,51.1
8487,13.42,Clear,Low,Afternoon,Scooter,29,8,59.7
8488,12.34,Clear,Medium,Evening,Car,19,9,54.9
8489,15.29,Clear,Low,Morning,Car,33,8,62.9
8490,12.89,Clear,Low,Night,Scooter,19,8,43.2
8491,14.66,Windy,Low,Afternoon,Scooter,29,8,63.2
8492,15.05,Windy,Low,Morning,Scooter,15,8,56.5
8493,13.52,Foggy,Low,Evening,Bike,20,9,59.7
8494,15.16,Clear,Medium,Evening,Scooter,8,9,48.6
8495,13.3,Snowy,Low,Evening,Bike,19,8,64.5
8496,12.59,Foggy,Medium,Evening,Car,16,8,51.3
8497,13.84,Clear,High,Morning,Bike,25,6,72.5
8498,14.84,Rainy,Low,Afternoon,Bike,18,8,58.3
8499,12.16,Rainy,Medium,Afternoon,Bike,18,7,62.6
8500,15.22,Clear,Medium,Evening,Car,32,6,77.3
8501,13.02,Rainy,Low,Evening,Bike,27,7,65.7
8502,14.72,Foggy,High,Morning,Scooter,29,10,80.5
8503,12.46,Clear,Medium,Evening,Bike,12,8,51.3
8504,13.56,Clear,Low,Afternoon,Scooter,27,6,53.7
8505,13.86,Rainy,Medium,Evening,Scooter,16,10,56.6
8506,13.87,Foggy,Low,Night,Car,26,6,58.6
8507,13.09,Windy,Low,Afternoon,Bike,18,9,48.6
8508,14.12,Snowy,Medium,Afternoon,Bike,21,6,71.6
8509,13.11,Rainy,Low,Evening,Bike,14,10,50.8
8510,12.67,Rainy,Medium,Morning,Bike,13,9,55.2
8511,12.53,Rainy,High,Afternoon,Car,19,10,62.8
8512,15.58,Rainy,Medium,Afternoon,Bike,12,7,61.7
8513,12.52,Clear,Low,Afternoon,Car,20,10,42.1
8514,13.58,Foggy,Medium,Evening,Bike,8,10,51.4
8515,13.01,Foggy,Low,Evening,Car,13,8,48.1
8516,14.46,Rainy,Medium,Morning,Scooter,14,8,59.5
8517,13.38,Snowy,Low,Evening,Car,12,7,53.6
8518,13.15,Rainy,Medium,Evening,Scooter,11,9,52.2
8519,15.88,Clear,Medium,Night,Scooter,23,9,57.3
8520,15.99,Clear,High,Afternoon,Bike,16,6,63.4
8521,12.53,Clear,Low,Evening,Bike,14,8,48.0
8522,14.77,Clear,Low,Evening,Scooter,15,8,45.7
8523,15.56,Clear,Low,Morning,Bike,24,8,68.9
8524,15.88,Clear,Low,Evening,Scooter,13,9,44.5
8525,13.19,Clear,High,Night,Bike,23,7,65.4
8526,15.14,Clear,Low,Afternoon,Bike,22,6,61.3
8527,13.31,Foggy,High,Evening,Scooter,10,8,58.3
8528,14.49,Foggy,High,Afternoon,Bike,27,7,76.6
8529,14.05,Clear,Low,Morning,Scooter,19,10,53.4
8530,14.83,Clear,Medium,Night,Car,25,9,55.4
8531,15.65,Clear,Low,Afternoon,Bike,15,7,50.4
8532,12.45,Clear,Low,Morning,Bike,21,9,48.1
8533,12.89,Clear,Medium,Afternoon,Bike,20,9,57.6
8534,14.34,Clear,Medium,Morning,Scooter,14,10,53.2
8535,13.43,Clear,Medium,Afternoon,Scooter,26,9,59.8
8536,14.23,Windy,Low,Morning,Car,24,8,57.9
8537,15.13,Rainy,Low,Morning,Bike,21,7,67.3
8538,14.8,Snowy,Medium,Afternoon,Bike,26,7,76.7
8539,15.07,Clear,Low,Evening,Bike,13,7,52.9
8540,12.64,Clear,Low,Morning,Bike,22,10,54.2
8541,12.12,Windy,High,Afternoon,Scooter,14,10,48.9
8542,15.49,Clear,Medium,Morning,Car,29,10,60.3
8543,13.81,Rainy,Medium,Evening,Bike,19,10,72.6
8544,14.54,Windy,Medium,Evening,Scooter,25,8,65.2
8545,12.29,Rainy,Low,Morning,Bike,12,9,50.1
8546,14.83,Clear,Medium,Night,Car,15,6,53.4
8547,12.41,Rainy,Medium,Evening,Car,23,6,64.7
8548,15.15,Clear,Low,Morning,Car,15,7,43.8
8549,12.24,Clear,Low,Evening,Bike,10,6,39.8
8550,12.33,Clear,Medium,Evening,Bike,21,9,61.4
8551,13.37,Snowy,Medium,Morning,Bike,11,10,62.2
8552,12.85,Rainy,Medium,Morning,Bike,19,6,65.1
8553,15.94,Clear,Medium,Evening,Scooter,25,9,66.5
8554,13.81,Clear,Medium,Afternoon,Car,19,7,51.3
8555,13.88,Rainy,Medium,Morning,Scooter,18,8,63.5
8556,12.19,Windy,Medium,Evening,Bike,13,7,55.9
8557,13.97,Clear,High,Morning,Bike,12,6,60.0
8558,12.26,Clear,High,Morning,Scooter,7,9,48.7
8559,14.51,Snowy,Medium,Afternoon,Bike,24,7,75.5
8560,15.93,Snowy,Low,Evening,Bike,8,8,60.9
8561,13.32,Windy,Medium,Morning,Bike,26,8,71.8
8562,15.23,Clear,High,Morning,Car,16,8,62.9
8563,15.86,Clear,High,Evening,Bike,28,6,79.9
8564,15.87,Clear,Low,Evening,Car,12,9,45.1
8565,14.98,Clear,Low,Evening,Bike,24,6,60.8
8566,15.48,Snowy,Medium,Afternoon,Scooter,26,9,73.3
8567,13.41,Clear,Medium,Afternoon,Car,16,9,43.7
8568,14.34,Rainy,Low,Morning,Car,32,7,71.8
8569,14.65,Windy,Medium,Evening,Bike,13,7,63.6
8570,12.87,Windy,Low,Morning,Bike,11,6,48.7
8571,13.25,Rainy,Low,Afternoon,Bike,31,8,66.7
8572,13.45,Windy,Medium,Morning,Bike,14,6,60.5
8573,12.26,Clear,Low,Morning,Bike,8,8,43.3
8574,13.83,Clear,Low,Evening,Scooter,16,6,46.6
8575,15.13,Clear,Low,Evening,Bike,33,10,70.6
8576,14.6,Windy,Low,Afternoon,Car,25,6,57.5
8577,14.5,Windy,High,Evening,Car,10,9,54.7
8578,14.42,Clear,Medium,Morning,Scooter,15,8,55.5
8579,12.09,Clear,Low,Evening,Scooter,18,7,41.5
8580,12.01,Clear,Low,Afternoon,Bike,24,6,53.9
8581,12.68,Clear,Medium,Night,Bike,13,9,52.9
8582,15.65,Snowy,High,Evening,Bike,10,9,72.7
8583,15.43,Clear,Low,Evening,Car,22,9,54.7
8584,14.31,Foggy,Medium,Morning,Bike,8,6,53.2
8585,13.54,Rainy,Medium,Night,Bike,18,10,59.8
8586,15.85,Clear,High,Afternoon,Scooter,22,10,65.8
8587,12.26,Clear,High,Morning,Bike,21,9,64.9
8588,12.39,Windy,Medium,Evening,Car,18,6,51.0
8589,14.48,Rainy,Low,Evening,Car,24,8,62.8
8590,14.19,Clear,Medium,Morning,Bike,19,7,59.4
8591,15.93,Clear,Low,Afternoon,Scooter,25,9,54.9
8592,15.21,Windy,Low,Afternoon,Bike,19,9,58.8
8593,15.75,Snowy,Medium,Morning,Bike,17,10,70.9
8594,14.89,Snowy,Low,Night,Car,19,10,53.8
8595,15.71,Rainy,High,Night,Bike,16,10,66.6
8596,14.75,Snowy,Medium,Morning,Car,13,6,59.7
8597,14.1,Clear,Medium,Evening,Car,17,6,52.8
8598,14.32,Foggy,High,Afternoon,Scooter,29,10,76.1
8599,15.6,Clear,Medium,Evening,Bike,19,9,63.8
8600,12.42,Rainy,Low,Night,Bike,22,9,60.5
8601,14.26,Windy,Low,Morning,Bike,21,7,57.7
8602,13.57,Windy,Medium,Afternoon,Bike,17,8,60.9
8603,14.65,Rainy,Medium,Evening,Bike,16,9,65.4
8604,14.42,Rainy,Medium,Evening,Bike,13,9,61.6
8605,13.6,Snowy,Medium,Afternoon,Scooter,7,10,48.2
8606,14.76,Windy,Low,Morning,Bike,26,7,74.1
8607,14.14,Foggy,High,Morning,Bike,14,10,64.7
8608,12.75,Clear,Medium,Morning,Scooter,19,7,61.1
8609,14.55,Clear,Low,Morning,Bike,17,9,56.2
8610,12.11,Snowy,Low,Morning,Bike,11,6,50.7
8611,15.29,Foggy,Medium,Evening,Bike,8,7,55.6
8612,15.63,Foggy,Low,Morning,Bike,29,6,75.4
8613,12.31,Rainy,Medium,Morning,Bike,15,7,61.2
8614,13.03,Clear,Low,Morning,Bike,15,8,47.7
8615,12.51,Clear,Medium,Afternoon,Bike,10,10,41.9
8616,15.09,Snowy,Low,Morning,Bike,6,6,60.2
8617,12.28,Clear,High,Afternoon,Bike,22,8,62.7
8618,14.16,Rainy,Medium,Morning,Scooter,27,6,75.0
8619,13.55,Foggy,High,Morning,Scooter,14,6,63.6
8620,15.0,Snowy,Medium,Evening,Bike,17,6,72.5
8621,14.56,Clear,Medium,Evening,Car,20,8,63.7
8622,14.18,Foggy,Medium,Evening,Scooter,12,9,56.5
8623,14.01,Clear,High,Afternoon,Scooter,16,7,64.5
8624,15.1,Clear,Low,Morning,Bike,17,9,57.2
8625,13.91,Clear,High,Morning,Bike,20,8,65.8
8626,13.68,Clear,Low,Afternoon,Bike,32,9,66.4
8627,12.1,Windy,Low,Morning,Scooter,18,8,48.6
8628,13.07,Windy,High,Afternoon,Car,14,10,56.3
8629,13.48,Clear,High,Evening,Car,21,9,59.2
8630,14.32,Snowy,Low,Morning,Bike,11,10,51.7
8631,14.69,Rainy,Low,Morning,Car,6,10,43.6
8632,15.85,Foggy,High,Evening,Scooter,16,7,74.1
8633,13.11,Snowy,Medium,Evening,Scooter,10,7,54.8
8634,14.18,Rainy,High,Night,Car,17,7,64.7
8635,15.02,Clear,High,Evening,Bike,15,9,62.6
8636,13.24,Clear,Low,Night,Bike,27,8,60.2
8637,14.19,Rainy,Medium,Morning,Car,12,8,54.3
8638,13.67,Windy,Medium,Morning,Bike,21,6,67.3
8639,13.59,Rainy,High,Evening,Scooter,20,8,69.1
8640,12.25,Clear,High,Night,Car,33,6,66.1
8641,12.1,Clear,Low,Evening,Car,19,10,37.9
8642,13.18,Windy,High,Afternoon,Bike,24,10,64.1
8643,15.65,Clear,Low,Evening,Scooter,15,6,51.0
8644,12.77,Foggy,High,Afternoon,Bike,10,8,57.6
8645,12.25,Rainy,Medium,Afternoon,Car,16,9,56.1
8646,14.48,Clear,Medium,Afternoon,Bike,21,8,58.5
8647,15.83,Clear,Low,Evening,Scooter,14,6,49.3
8648,12.23,Clear,Medium,Evening,Car,11,9,38.5
8649,14.98,Clear,Low,Night,Scooter,11,10,42.5
8650,12.43,Foggy,High,Evening,Scooter,18,10,64.1
8651,12.54,Snowy,Medium,Evening,Bike,15,7,65.7
8652,15.74,Clear,Low,Afternoon,Scooter,23,10,54.7
8653,14.8,Rainy,Medium,Afternoon,Scooter,20,10,60.4
8654,14.24,Clear,High,Evening,Car,29,10,74.4
8655,12.66,Clear,Medium,Afternoon,Bike,32,10,63.5
8656,14.24,Foggy,Low,Evening,Bike,5,7,45.7
8657,12.25,Foggy,Low,Evening,Bike,13,8,47.1
8658,13.58,Foggy,Medium,Morning,Bike,14,9,59.1
8659,14.82,Clear,Medium,Afternoon,Scooter,26,10,58.3
8660,14.27,Rainy,Medium,Afternoon,Scooter,11,6,51.9
8661,14.7,Clear,Medium,Afternoon,Bike,16,6,53.1
8662,12.46,Windy,Medium,Morning,Scooter,9,10,42.5
8663,15.03,Rainy,Medium,Night,Bike,17,9,58.8
8664,15.83,Windy,Low,Evening,Scooter,8,7,48.7
8665,15.63,Clear,Medium,Evening,Bike,22,10,63.8
8666,12.35,Clear,Medium,Night,Bike,18,7,57.8
8667,12.39,Foggy,Medium,Afternoon,Bike,34,9,75.7
8668,14.05,Clear,Low,Night,Bike,32,10,63.1
8669,14.1,Rainy,Low,Afternoon,Scooter,24,10,59.7
8670,15.43,Rainy,Low,Morning,Scooter,14,9,58.1
8671,13.48,Windy,Low,Evening,Bike,11,8,47.4
8672,14.06,Clear,Low,Afternoon,Scooter,12,7,40.1
8673,12.81,Windy,Medium,Evening,Bike,21,6,67.8
8674,15.79,Clear,Medium,Afternoon,Scooter,11,6,53.6
8675,12.48,Clear,Low,Morning,Bike,14,6,45.5
8676,15.62,Rainy,Medium,Evening,Scooter,10,8,65.5
8677,15.56,Clear,High,Afternoon,Scooter,9,7,49.0
8678,12.2,Windy,Low,Night,Scooter,16,8,36.2
8679,15.1,Windy,Low,Evening,Bike,16,8,62.6
8680,13.35,Windy,Low,Morning,Bike,13,9,52.2
8681,12.9,Windy,High,Morning,Bike,28,6,78.3
8682,13.61,Rainy,Low,Morning,Car,20,6,59.8
8683,15.7,Clear,Low,Afternoon,Scooter,14,6,44.9
8684,13.6,Snowy,High,Evening,Scooter,25,9,72.3
8685,12.97,Clear,Low,Morning,Scooter,19,10,46.2
8686,14.1,Snowy,Low,Afternoon,Bike,17,7,57.7
8687,13.64,Rainy,Medium,Afternoon,Bike,23,6,65.4
8688,12.08,Rainy,Medium,Evening,Scooter,16,10,53.8
8689,12.75,Clear,High,Afternoon,Bike,24,7,64.1
8690,12.07,Clear,Medium,Evening,Car,6,9,35.7
8691,14.09,Clear,Medium,Morning,Bike,14,10,56.1
8692,14.57,Clear,Medium,Afternoon,Scooter,18,10,53.7
8693,14.87,Clear,High,Morning,Bike,25,7,76.4
8694,12.83,Clear,Low,Night,Car,23,6,40.0
8695,15.22,Clear,Low,Evening,Car,29,8,58.6
8696,13.64,Rainy,High,Night,Bike,14,10,60.0
8697,12.2,Clear,Medium,Morning,Bike,28,8,69.6
8698,15.71,Snowy,Low,Evening,Car,11,10,51.0
8699,14.77,Clear,Low,Afternoon,Scooter,13,10,35.8
8700,14.25,Rainy,Low,Afternoon,Bike,17,8,58.6
8701,12.16,Clear,Low,Afternoon,Scooter,13,10,36.0
8702,12.06,Rainy,High,Morning,Bike,8,10,65.1
8703,14.26,Rainy,Medium,Evening,Bike,20,9,64.8
8704,15.52,Rainy,Medium,Evening,Car,16,9,61.1
8705,14.59,Clear,High,Evening,Car,28,8,68.2
8706,12.02,Rainy,Low,Evening,Bike,32,10,66.3
8707,14.55,Clear,Low,Afternoon,Bike,28,7,59.3
8708,13.39,Clear,Medium,Evening,Bike,18,9,54.8
8709,12.49,Clear,High,Morning,Car,15,10,53.0
8710,15.25,Rainy,Low,Afternoon,Car,30,10,64.7
8711,14.31,Clear,High,Night,Car,16,10,53.4
8712,14.9,Foggy,Low,Evening,Bike,16,6,64.0
8713,12.66,Clear,High,Afternoon,Bike,20,10,61.5
8714,12.46,Clear,Low,Afternoon,Scooter,20,6,48.3
8715,14.06,Clear,Low,Morning,Bike,11,7,48.2
8716,14.11,Clear,Low,Afternoon,Bike,13,8,46.2
8717,14.33,Rainy,Low,Night,Bike,5,6,48.7
8718,14.98,Snowy,Low,Afternoon,Scooter,10,9,46.1
8719,14.65,Foggy,Medium,Morning,Scooter,15,10,56.3
8720,14.71,Clear,Medium,Evening,Scooter,29,7,69.4
8721,12.7,Clear,Low,Afternoon,Bike,24,7,53.9
8722,13.67,Snowy,Medium,Evening,Scooter,13,8,56.0
8723,14.4,Clear,Low,Morning,Bike,11,6,51.4
8724,14.07,Clear,Medium,Morning,Bike,34,6,81.7
8725,13.22,Snowy,Medium,Afternoon,Scooter,22,10,67.2
8726,15.78,Clear,Low,Evening,Scooter,18,10,50.6
8727,12.56,Clear,Medium,Night,Bike,31,8,68.4
8728,15.9,Clear,High,Evening,Car,30,9,74.4
8729,15.13,Rainy,High,Afternoon,Scooter,11,6,61.9
8730,14.38,Clear,Low,Morning,Scooter,20,6,57.3
8731,12.51,Rainy,Medium,Afternoon,Car,21,10,59.5
8732,14.26,Clear,Medium,Afternoon,Scooter,26,6,60.4
8733,12.35,Clear,Low,Evening,Scooter,18,9,44.2
8734,15.73,Clear,Medium,Morning,Bike,21,10,70.1
8735,13.14,Snowy,High,Afternoon,Scooter,15,9,62.2
8736,13.6,Clear,High,Afternoon,Car,16,7,44.7
8737,14.55,Foggy,Medium,Evening,Car,19,8,62.5
8738,12.07,Clear,Low,Evening,Scooter,13,9,37.7
8739,14.17,Clear,Low,Afternoon,Scooter,24,8,51.5
8740,14.86,Clear,Low,Afternoon,Scooter,18,10,48.5
8741,12.83,Rainy,Medium,Evening,Scooter,26,6,64.1
8742,12.62,Clear,Low,Evening,Bike,24,10,58.1
8743,13.95,Snowy,Medium,Morning,Bike,19,10,65.1
8744,14.15,Windy,High,Afternoon,Scooter,21,6,63.3
8745,13.76,Foggy,Low,Afternoon,Scooter,25,8,58.4
8746,13.18,Rainy,Low,Evening,Scooter,15,9,47.9
8747,13.64,Rainy,High,Morning,Car,22,10,65.3
8748,13.25,Rainy,Low,Morning,Car,28,10,63.2
8749,13.0,Clear,Low,Morning,Car,8,8,37.4
8750,13.89,Snowy,Low,Night,Car,18,6,54.4
8751,13.58,Snowy,Low,Afternoon,Scooter,12,10,49.7
8752,13.74,Clear,Medium,Evening,Scooter,16,9,64.9
8753,12.0,Windy,High,Morning,Bike,25,8,67.1
8754,14.77,Snowy,Medium,Morning,Car,13,9,53.4
8755,12.19,Clear,Low,Afternoon,Bike,8,6,40.6
8756,12.83,Windy,Low,Morning,Scooter,14,6,44.1
8757,15.21,Clear,Medium,Evening,Bike,23,8,68.8
8758,15.94,Clear,High,Night,Scooter,11,7,57.7
8759,15.97,Clear,Medium,Evening,Bike,19,6,66.4
8760,14.37,Rainy,Medium,Afternoon,Scooter,23,7,66.2
8761,13.04,Clear,Low,Morning,Car,19,8,52.0
8762,15.34,Windy,Low,Evening,Bike,29,6,70.3
8763,14.6,Clear,High,Afternoon,Bike,23,9,71.6
8764,15.94,Clear,Low,Afternoon,Car,10,6,37.5
8765,14.2,Rainy,Medium,Afternoon,Bike,26,9,71.9
8766,14.1,Clear,Medium,Evening,Scooter,19,7,59.3
8767,12.18,Foggy,Medium,Morning,Car,31,6,69.0
8768,12.78,Clear,Low,Evening,Scooter,32,8,64.2
8769,14.67,Windy,Medium,Morning,Bike,12,9,58.0
8770,15.98,Rainy,Low,Morning,Scooter,14,10,57.2
8771,13.9,Clear,High,Evening,Car,21,8,60.7
8772,12.12,Clear,Low,Morning,Bike,9,10,36.7
8773,13.6,Clear,Low,Morning,Scooter,16,8,44.1
8774,12.51,Windy,Medium,Morning,Bike,32,10,70.7
8775,15.84,Rainy,High,Evening,Car,18,7,67.8
8776,12.57,Clear,Medium,Afternoon,Bike,15,9,54.9
8777,12.47,Clear,Low,Night,Bike,12,7,40.3
8778,13.83,Snowy,Medium,Morning,Bike,23,6,75.8
8779,14.17,Clear,Medium,Morning,Car,29,6,63.1
8780,14.87,Foggy,Medium,Afternoon,Scooter,28,8,75.0
8781,13.47,Foggy,Medium,Morning,Bike,9,6,55.3
8782,15.59,Clear,High,Afternoon,Bike,10,9,55.1
8783,14.39,Rainy,Medium,Morning,Car,33,6,76.6
8784,12.19,Clear,High,Afternoon,Bike,30,10,68.2
8785,12.14,Clear,Low,Morning,Scooter,13,7,40.6
8786,13.88,Windy,Medium,Afternoon,Scooter,13,8,45.7
8787,13.76,Rainy,Medium,Evening,Scooter,19,9,65.5
8788,13.81,Snowy,Medium,Morning,Scooter,15,9,58.6
8789,12.23,Rainy,High,Evening,Car,22,10,68.3
8790,12.21,Clear,Medium,Evening,Bike,13,10,45.9
8791,12.24,Foggy,High,Night,Bike,24,7,70.2
8792,14.94,Rainy,Medium,Evening,Bike,14,9,61.4
8793,14.41,Clear,Medium,Morning,Bike,11,9,51.1
8794,12.55,Clear,Medium,Evening,Scooter,15,9,50.7
8795,13.72,Rainy,Low,Morning,Scooter,7,7,49.5
8796,15.77,Foggy,Low,Afternoon,Car,20,10,59.2
8797,12.28,Clear,High,Afternoon,Car,10,7,45.9
8798,12.76,Snowy,Medium,Morning,Bike,12,9,60.7
8799,13.56,Clear,Medium,Evening,Scooter,24,10,56.9
8800,12.94,Clear,Low,Afternoon,Scooter,18,6,39.5
8801,12.63,Clear,Low,Morning,Car,19,8,47.8
8802,15.89,Snowy,High,Afternoon,Bike,14,10,70.2
8803,15.07,Clear,Low,Evening,Scooter,31,6,66.6
8804,14.92,Clear,Low,Evening,Bike,32,10,67.6
8805,15.73,Clear,Medium,Evening,Bike,15,10,57.5
8806,12.75,Rainy,High,Evening,Scooter,24,7,74.9
8807,15.56,Foggy,Medium,Afternoon,Bike,24,9,74.9
8808,15.93,Clear,High,Evening,Bike,28,10,75.4
8809,14.35,Windy,Medium,Afternoon,Scooter,26,7,58.7
8810,15.61,Clear,Low,Evening,Bike,17,6,57.0
8811,15.26,Clear,High,Afternoon,Bike,15,7,60.2
8812,13.27,Rainy,High,Morning,Scooter,29,10,80.7
8813,13.33,Foggy,Low,Evening,Scooter,16,10,51.8
8814,14.7,Clear,Low,Evening,Scooter,18,10,56.0
8815,14.21,Rainy,High,Morning,Car,10,8,62.7
8816,13.54,Clear,Low,Morning,Bike,14,7,49.9
8817,12.19,Rainy,Low,Evening,Bike,12,9,50.9
8818,12.09,Rainy,Medium,Morning,Bike,10,10,54.8
8819,12.39,Windy,Low,Evening,Scooter,16,10,43.5
8820,13.62,Clear,Medium,Evening,Bike,18,6,61.7
8821,12.11,Rainy,Low,Afternoon,Car,23,9,55.4
8822,12.59,Rainy,Medium,Night,Scooter,20,10,54.8
8823,15.87,Clear,Low,Afternoon,Bike,25,6,61.6
8824,13.8,Clear,High,Night,Car,13,9,51.9
8825,15.73,Windy,Low,Night,Scooter,24,9,62.7
8826,12.76,Clear,High,Morning,Scooter,9,8,48.0
8827,13.43,Foggy,Medium,Morning,Scooter,14,9,55.9
8828,14.68,Clear,Low,Morning,Bike,17,10,53.2
8829,15.96,Snowy,Low,Morning,Scooter,30,9,74.9
8830,14.8,Clear,Medium,Afternoon,Bike,10,6,45.4
8831,15.61,Windy,Low,Afternoon,Scooter,14,8,46.3
8832,12.2,Rainy,Medium,Evening,Car,12,8,47.4
8833,13.22,Clear,Low,Afternoon,Scooter,16,7,42.5
8834,15.53,Rainy,Medium,Afternoon,Bike,15,9,61.4
8835,14.09,Rainy,Low,Evening,Bike,10,8,49.6
8836,12.68,Clear,High,Morning,Car,17,6,56.5
8837,12.68,Clear,Medium,Night,Bike,17,9,57.1
8838,15.03,Foggy,Low,Afternoon,Scooter,20,6,54.5
8839,12.63,Foggy,Low,Evening,Scooter,25,10,56.6
8840,13.99,Clear,Low,Morning,Bike,31,9,65.7
8841,12.73,Snowy,Medium,Afternoon,Scooter,11,10,48.8
8842,12.83,Clear,Low,Afternoon,Bike,15,7,40.3
8843,13.59,Clear,Low,Evening,Scooter,31,7,68.1
8844,12.47,Rainy,Low,Night,Bike,19,8,49.1
8845,14.64,Clear,Low,Evening,Bike,16,10,47.1
8846,12.66,Clear,Medium,Night,Bike,17,9,53.7
8847,15.01,Rainy,High,Afternoon,Car,25,8,66.1
8848,14.09,Clear,Medium,Afternoon,Scooter,26,7,63.1
8849,13.39,Clear,Medium,Night,Car,14,9,46.6
8850,14.46,Foggy,Low,Afternoon,Scooter,15,7,47.2
8851,13.63,Rainy,Low,Morning,Car,22,6,59.5
8852,12.33,Snowy,Low,Afternoon,Scooter,10,7,44.8
8853,13.24,Rainy,Medium,Evening,Bike,25,7,70.5
8854,14.1,Clear,Medium,Morning,Scooter,6,6,43.6
8855,12.42,Clear,Low,Afternoon,Bike,17,7,45.7
8856,14.93,Foggy,Medium,Evening,Car,24,9,65.0
8857,13.43,Clear,Low,Evening,Car,28,7,59.1
8858,12.82,Clear,Low,Evening,Bike,20,6,54.2
8859,12.03,Snowy,Medium,Morning,Car,18,7,61.6
8860,12.34,Foggy,Low,Morning,Bike,22,10,57.0
8861,12.95,Rainy,High,Afternoon,Scooter,25,10,70.4
8862,13.47,Clear,High,Morning,Car,7,6,51.7
8863,12.61,Clear,Medium,Afternoon,Bike,20,6,50.2
8864,14.18,Rainy,Low,Evening,Bike,23,7,68.1
8865,12.78,Foggy,High,Morning,Scooter,28,6,73.4
8866,15.82,Clear,Low,Morning,Bike,16,10,53.5
8867,14.26,Clear,Medium,Evening,Bike,27,6,71.7
8868,15.19,Clear,Medium,Afternoon,Scooter,20,6,58.2
8869,13.69,Rainy,Low,Night,Bike,15,7,53.2
8870,12.82,Rainy,Low,Evening,Bike,32,8,74.4
8871,13.8,Clear,High,Morning,Car,9,6,52.3
8872,13.65,Clear,High,Evening,Scooter,26,7,67.6
8873,14.49,Clear,Medium,Evening,Scooter,18,8,60.4
8874,15.64,Clear,Low,Evening,Bike,19,10,60.6
8875,12.95,Rainy,Medium,Evening,Car,25,10,64.5
8876,12.39,Clear,Medium,Afternoon,Bike,28,7,61.4
8877,14.86,Rainy,Medium,Morning,Bike,27,7,76.2
8878,12.0,Foggy,High,Afternoon,Bike,17,6,67.8
8879,15.18,Windy,Medium,Evening,Scooter,22,7,65.6
8880,14.91,Windy,Low,Evening,Bike,23,9,63.8
8881,15.3,Clear,Low,Night,Bike,15,8,51.1
8882,12.36,Clear,Medium,Evening,Scooter,15,7,41.7
8883,12.81,Clear,Low,Morning,Scooter,25,6,52.8
8884,14.21,Foggy,Medium,Morning,Bike,18,10,70.9
8885,13.31,Clear,Medium,Afternoon,Scooter,13,7,37.7
8886,15.38,Clear,Low,Evening,Bike,27,10,60.3
8887,13.83,Clear,High,Evening,Bike,18,9,63.7
8888,13.72,Clear,Low,Morning,Bike,26,9,57.8
8889,12.74,Foggy,High,Morning,Car,12,8,54.0
8890,14.25,Rainy,Medium,Evening,Scooter,27,6,70.3
8891,13.38,Rainy,Medium,Evening,Bike,16,7,63.7
8892,13.8,Windy,Medium,Evening,Bike,14,9,59.0
8893,13.09,Clear,High,Evening,Bike,16,8,63.2
8894,14.44,Clear,Medium,Afternoon,Scooter,20,6,53.7
8895,15.35,Clear,Medium,Afternoon,Scooter,14,10,52.7
8896,12.08,Rainy,High,Evening,Bike,20,6,72.4
8897,12.92,Rainy,High,Evening,Car,18,8,67.8
8898,14.71,Clear,Medium,Morning,Bike,21,6,66.6
8899,14.83,Windy,Low,Evening,Bike,15,6,56.2
8900,13.18,Clear,Low,Morning,Bike,14,8,47.5
8901,13.14,Clear,Low,Afternoon,Bike,21,7,52.8
8902,14.99,Rainy,Low,Evening,Car,18,8,61.0
8903,14.23,Windy,High,Evening,Bike,12,10,62.7
8904,13.56,Rainy,Medium,Afternoon,Scooter,21,9,61.1
8905,12.22,Windy,Low,Evening,Bike,14,7,51.4
8906,14.61,Clear,Medium,Morning,Bike,15,8,53.0
8907,13.17,Rainy,Low,Afternoon,Bike,26,7,59.5
8908,14.31,Snowy,Low,Evening,Bike,13,7,60.9
8909,14.89,Rainy,Low,Evening,Bike,17,8,59.1
8910,13.85,Clear,High,Morning,Bike,10,6,58.1
8911,13.01,Windy,Low,Evening,Car,17,7,48.4
8912,12.86,Clear,Low,Evening,Scooter,28,8,64.7
8913,14.82,Clear,Medium,Afternoon,Bike,19,9,57.7
8914,15.57,Snowy,High,Afternoon,Scooter,26,9,72.5
8915,15.92,Snowy,Low,Evening,Bike,18,10,67.6
8916,15.21,Windy,Low,Afternoon,Scooter,9,7,46.3
8917,14.41,Snowy,Low,Afternoon,Car,18,6,57.7
8918,15.46,Clear,Medium,Morning,Bike,13,9,59.0
8919,13.56,Windy,Low,Evening,Car,17,8,46.8
8920,15.53,Clear,Medium,Morning,Bike,13,10,55.9
8921,13.72,Rainy,Medium,Morning,Bike,11,6,58.0
8922,14.38,Clear,High,Afternoon,Scooter,13,7,52.2
8923,12.68,Snowy,High,Afternoon,Scooter,16,8,62.5
8924,13.99,Rainy,Low,Afternoon,Bike,25,10,65.5
8925,13.37,Snowy,High,Evening,Bike,23,6,89.5
8926,13.47,Clear,Low,Morning,Bike,8,10,42.1
8927,14.39,Clear,Medium,Morning,Bike,23,6,68.7
8928,15.53,Clear,High,Morning,Bike,8,10,50.9
8929,15.3,Clear,Low,Evening,Bike,10,9,46.9
8930,13.4,Rainy,Low,Evening,Car,23,6,64.5
8931,14.94,Clear,Low,Afternoon,Scooter,16,10,45.1
8932,14.19,Rainy,Low,Morning,Car,15,6,53.3
8933,13.39,Clear,Medium,Morning,Bike,16,7,66.0
8934,15.63,Clear,High,Morning,Bike,18,9,72.6
8935,12.65,Rainy,Medium,Afternoon,Scooter,20,7,60.9
8936,15.22,Clear,Low,Morning,Scooter,21,7,56.1
8937,12.85,Clear,Medium,Morning,Scooter,10,7,46.9
8938,15.57,Clear,Low,Evening,Bike,12,6,59.1
8939,14.89,Clear,Medium,Morning,Car,17,8,61.7
8940,13.86,Rainy,Low,Evening,Bike,26,8,67.1
8941,12.31,Clear,Low,Afternoon,Bike,23,10,45.2
8942,12.72,Clear,Medium,Evening,Scooter,12,8,47.3
8943,12.66,Rainy,Medium,Morning,Bike,14,8,62.3
8944,15.05,Rainy,Medium,Morning,Bike,16,6,73.9
8945,14.49,Rainy,Low,Morning,Car,26,7,64.4
8946,12.87,Clear,High,Afternoon,Scooter,31,6,68.7
8947,13.47,Windy,Medium,Afternoon,Bike,10,10,52.0
8948,13.24,Clear,Low,Evening,Bike,17,9,48.0
8949,14.61,Clear,Medium,Evening,Bike,15,7,58.2
8950,13.32,Windy,High,Morning,Car,15,8,58.5
8951,15.07,Rainy,High,Evening,Car,18,8,69.1
8952,14.78,Rainy,Low,Evening,Scooter,22,7,67.2
8953,12.97,Snowy,Medium,Afternoon,Car,19,6,61.5
8954,13.3,Clear,Low,Afternoon,Bike,16,10,43.6
8955,14.2,Snowy,High,Morning,Car,22,7,74.3
8956,15.63,Rainy,Medium,Afternoon,Bike,16,9,72.4
8957,12.45,Clear,Low,Morning,Car,21,9,42.7
8958,13.43,Clear,High,Morning,Car,12,8,47.1
8959,14.4,Clear,Low,Morning,Bike,15,9,47.6
8960,13.3,Windy,Low,Morning,Bike,19,7,58.0
8961,13.16,Clear,Low,Morning,Bike,28,7,66.2
8962,13.73,Clear,High,Afternoon,Bike,7,9,49.5
8963,12.77,Rainy,Medium,Evening,Bike,22,9,66.0
8964,14.41,Foggy,High,Evening,Bike,17,9,68.1
8965,15.51,Clear,Low,Morning,Scooter,23,9,52.5
8966,15.64,Snowy,Low,Morning,Bike,11,10,64.2
8967,13.89,Rainy,High,Morning,Car,19,7,67.8
8968,13.17,Snowy,Low,Morning,Bike,16,6,62.0
8969,13.53,Clear,Medium,Evening,Bike,15,7,59.1
8970,12.91,Clear,Medium,Morning,Bike,8,9,51.2
8971,14.39,Rainy,High,Morning,Car,18,8,67.2
8972,12.54,Clear,Low,Afternoon,Bike,15,7,41.7
8973,13.27,Rainy,Medium,Night,Bike,28,9,70.7
8974,12.68,Clear,High,Morning,Bike,23,10,66.5
8975,12.82,Foggy,High,Afternoon,Bike,10,6,55.9
8976,14.69,Snowy,High,Afternoon,Car,15,6,61.9
8977,15.97,Snowy,Low,Evening,Scooter,14,9,60.9
8978,14.7,Windy,High,Afternoon,Bike,21,8,73.5
8979,12.98,Windy,High,Evening,Bike,19,9,72.4
8980,13.63,Clear,Medium,Night,Bike,15,9,49.3
8981,14.51,Clear,High,Morning,Scooter,13,6,64.6
8982,15.47,Snowy,Low,Evening,Bike,17,9,62.3
8983,14.86,Windy,High,Afternoon,Scooter,14,6,60.5
8984,12.58,Windy,Low,Afternoon,Bike,13,9,47.4
8985,14.42,Foggy,Low,Evening,Bike,24,10,66.4
8986,12.79,Clear,Medium,Night,Scooter,31,8,66.6
8987,13.5,Windy,Medium,Afternoon,Scooter,23,7,56.4
8988,15.86,Windy,Medium,Afternoon,Bike,9,10,52.3
8989,15.57,Rainy,Low,Afternoon,Scooter,29,8,66.8
8990,13.03,Snowy,High,Afternoon,Car,17,8,66.3
8991,14.91,Rainy,Medium,Evening,Car,14,7,58.9
8992,13.32,Windy,Medium,Afternoon,Bike,23,8,63.2
8993,12.03,Clear,Low,Morning,Car,6,6,32.1
8994,15.4,Snowy,Medium,Night,Scooter,8,10,55.0
8995,15.29,Clear,Medium,Afternoon,Scooter,23,9,57.0
8996,13.18,Clear,Medium,Afternoon,Scooter,12,8,40.8
8997,15.09,Clear,Low,Morning,Bike,17,9,53.3
8998,12.13,Clear,Low,Morning,Scooter,18,9,42.5
8999,14.16,Clear,High,Morning,Scooter,33,8,76.7
9000,15.93,Windy,Medium,Morning,Car,15,7,61.2
9001,19.15,Rainy,Medium,Afternoon,Bike,15,11,66.1
9002,18.3,Snowy,High,Afternoon,Car,17,14,72.0
9003,17.46,Clear,High,Afternoon,Bike,17,18,73.9
9004,18.94,Clear,Medium,Evening,Car,19,19,59.3
9005,19.9,Foggy,High,Night,Scooter,26,30,79.4
9006,16.77,Foggy,Low,Afternoon,Scooter,22,17,60.8
9007,16.2,Rainy,High,Afternoon,Scooter,26,20,71.8
9008,17.51,Snowy,Low,Evening,Car,16,10,62.1
9009,18.07,Snowy,Medium,Afternoon,Bike,23,11,83.8
9010,16.98,Rainy,Medium,Evening,Bike,30,20,82.5
9011,18.47,Windy,Low,Morning,Car,10,17,48.9
9012,17.22,Foggy,High,Evening,Bike,17,23,71.0
9013,19.93,Rainy,Low,Afternoon,Scooter,19,27,63.2
9014,17.06,Clear,Medium,Evening,Scooter,19,11,61.8
9015,19.21,Clear,Medium,Night,Car,18,13,66.7
9016,19.86,Clear,Low,Afternoon,Car,25,21,62.1
9017,18.0,Foggy,High,Evening,Bike,13,12,73.2
9018,16.8,Foggy,Medium,Morning,Scooter,30,16,77.8
9019,19.56,Clear,Low,Morning,Scooter,24,24,64.4
9020,17.61,Rainy,Low,Afternoon,Scooter,14,10,48.7
9021,18.18,Clear,High,Afternoon,Bike,8,22,64.3
9022,16.2,Clear,High,Evening,Bike,22,12,75.5
9023,17.39,Windy,Medium,Morning,Scooter,8,25,58.6
9024,18.22,Clear,Low,Morning,Bike,17,25,61.8
9025,18.77,Clear,High,Morning,Scooter,19,11,75.8
9026,19.8,Rainy,High,Afternoon,Bike,31,21,88.9
9027,18.33,Clear,Low,Evening,Car,15,19,53.5
9028,17.09,Foggy,Medium,Morning,Car,22,30,70.1
9029,18.23,Windy,Low,Evening,Scooter,30,10,77.1
9030,16.28,Rainy,Low,Afternoon,Car,17,24,55.1
9031,16.59,Rainy,Medium,Evening,Car,11,21,59.7
9032,17.41,Clear,High,Morning,Scooter,11,30,62.0
9033,16.09,Rainy,Medium,Evening,Scooter,16,25,60.0
9034,16.3,Clear,High,Night,Bike,15,15,61.1
9035,16.03,Clear,Low,Morning,Car,15,12,46.8
9036,16.73,Snowy,Medium,Morning,Scooter,17,22,72.3
9037,19.3,Clear,Low,Evening,Bike,18,27,66.0
9038,17.41,Rainy,Low,Evening,Bike,14,21,67.8
9039,19.61,Clear,High,Afternoon,Bike,17,22,73.6
9040,19.54,Snowy,Low,Afternoon,Scooter,21,20,69.3
9041,19.45,Clear,Medium,Morning,Car,19,17,69.6
9042,16.85,Clear,High,Afternoon,Bike,23,28,68.3
9043,17.37,Snowy,Low,Afternoon,Bike,14,13,61.3
9044,17.87,Clear,Medium,Evening,Car,16,21,56.5
9045,17.73,Windy,High,Morning,Bike,19,28,73.6
9046,16.32,Clear,Medium,Afternoon,Scooter,28,15,62.6
9047,16.96,Foggy,Medium,Afternoon,Bike,20,18,66.3
9048,18.48,Windy,Low,Morning,Scooter,14,24,58.2
9049,18.71,Rainy,Low,Evening,Bike,8,12,59.1
9050,17.46,Rainy,Low,Night,Bike,18,15,64.2
9051,17.19,Clear,High,Evening,Scooter,30,25,80.5
9052,18.34,Foggy,Medium,Morning,Bike,21,11,69.3
9053,18.65,Windy,High,Morning,Scooter,16,17,72.5
9054,18.84,Foggy,Medium,Afternoon,Car,10,22,54.2
9055,19.24,Windy,Medium,Afternoon,Car,11,27,51.4
9056,18.34,Rainy,Medium,Morning,Bike,23,12,81.0
9057,17.52,Rainy,Medium,Morning,Bike,15,21,70.7
9058,17.39,Clear,Low,Evening,Bike,14,24,56.7
9059,16.14,Foggy,High,Afternoon,Scooter,13,18,63.6
9060,17.67,Snowy,High,Morning,Bike,27,19,89.8
9061,19.48,Rainy,Low,Evening,Car,15,19,59.9
9062,18.51,Clear,Medium,Evening,Scooter,12,28,58.6
9063,18.37,Rainy,High,Morning,Bike,16,22,78.0
9064,16.9,Foggy,Medium,Morning,Bike,22,18,82.3
9065,18.38,Windy,Low,Night,Scooter,16,10,55.0
9066,16.72,Clear,Low,Afternoon,Car,23,18,53.7
9067,17.36,Clear,Medium,Evening,Bike,21,27,66.4
9068,18.34,Clear,Low,Afternoon,Scooter,15,19,48.1
9069,16.18,Clear,High,Afternoon,Bike,26,18,68.4
9070,17.25,Windy,Medium,Night,Car,10,24,49.8
9071,16.35,Clear,Low,Night,Scooter,22,30,53.1
9072,16.66,Rainy,High,Evening,Scooter,18,13,76.7
9073,17.41,Clear,Medium,Evening,Bike,15,29,62.3
9074,18.77,Clear,Medium,Morning,Car,16,17,59.8
9075,17.07,Windy,Low,Evening,Scooter,19,22,60.0
9076,16.08,Rainy,High,Evening,Bike,14,15,71.8
9077,17.6,Clear,Low,Afternoon,Scooter,20,10,57.3
9078,16.88,Clear,Low,Morning,Bike,18,18,63.2
9079,19.11,Windy,Medium,Afternoon,Car,23,28,67.6
9080,19.29,Windy,High,Night,Scooter,12,29,62.2
9081,18.68,Clear,High,Morning,Bike,15,17,71.4
9082,18.45,Rainy,Low,Afternoon,Bike,18,23,65.9
9083,18.92,Clear,High,Afternoon,Car,22,26,65.3
9084,17.5,Rainy,Low,Evening,Car,15,20,57.3
9085,18.6,Clear,High,Night,Scooter,15,27,59.1
9086,17.68,Snowy,Medium,Evening,Scooter,27,12,82.8
9087,17.72,Windy,Medium,Morning,Bike,11,29,59.4
9088,19.15,Clear,High,Evening,Bike,22,22,78.9
9089,19.16,Clear,Low,Evening,Car,24,13,63.4
9090,17.6,Clear,Medium,Morning,Scooter,14,26,54.6
9091,19.75,Clear,Low,Afternoon,Bike,17,29,60.3
9092,18.17,Clear,Low,Evening,Bike,18,17,58.4
9093,17.95,Clear,Medium,Evening,Bike,23,19,76.7
9094,18.01,Windy,Medium,Evening,Bike,26,28,82.3
9095,19.12,Clear,Low,Evening,Car,16,21,59.3
9096,19.87,Snowy,Medium,Evening,Bike,15,17,78.9
9097,18.76,Clear,Medium,Evening,Bike,15,23,67.0
9098,17.37,Rainy,Low,Evening,Car,13,13,55.4
9099,18.07,Clear,Low,Afternoon,Bike,9,17,50.1
9100,17.23,Windy,Low,Night,Bike,27,27,72.5
9101,18.61,Clear,Medium,Evening,Scooter,15,11,58.7
9102,20.0,Clear,Low,Afternoon,Bike,7,21,52.1
9103,19.46,Foggy,Medium,Night,Bike,12,24,60.4
9104,17.89,Foggy,Medium,Morning,Scooter,29,20,77.9
9105,17.37,Foggy,Medium,Morning,Car,9,18,55.8
9106,17.81,Clear,Low,Morning,Car,21,29,58.9
9107,17.26,Clear,Medium,Evening,Bike,24,26,73.7
9108,19.97,Snowy,Low,Evening,Scooter,23,27,80.6
9109,16.81,Rainy,Low,Evening,Scooter,15,12,54.5
9110,19.24,Rainy,High,Evening,Bike,20,30,87.7
9111,17.66,Clear,Low,Morning,Bike,14,20,62.0
9112,18.61,Clear,High,Evening,Scooter,16,24,67.6
9113,19.69,Windy,Low,Morning,Bike,25,17,73.6
9114,18.37,Foggy,Medium,Evening,Car,20,22,69.8
9115,18.47,Clear,Medium,Morning,Bike,17,24,67.2
9116,16.14,Windy,Medium,Morning,Bike,21,21,68.9
9117,16.52,Rainy,Medium,Morning,Car,23,21,74.6
9118,18.16,Clear,Medium,Afternoon,Car,29,17,76.1
9119,17.48,Clear,Medium,Morning,Bike,23,30,70.5
9120,18.44,Foggy,Low,Afternoon,Scooter,17,13,65.5
9121,17.54,Clear,Low,Afternoon,Car,13,17,44.5
9122,16.7,Rainy,Medium,Evening,Bike,17,27,73.0
9123,19.19,Foggy,Low,Morning,Scooter,17,19,61.1
9124,19.38,Clear,Medium,Evening,Scooter,19,10,65.0
9125,19.87,Windy,Low,Morning,Bike,20,12,69.7
9126,16.8,Clear,Low,Afternoon,Car,13,28,46.5
9127,17.25,Clear,Medium,Afternoon,Car,24,30,62.6
9128,17.12,Foggy,Medium,Evening,Bike,16,15,63.7
9129,19.72,Rainy,High,Morning,Bike,24,14,86.4
9130,18.39,Clear,Low,Afternoon,Car,7,15,36.3
9131,19.69,Rainy,Low,Evening,Scooter,23,29,74.3
9132,19.56,Windy,Medium,Morning,Bike,19,10,75.5
9133,16.98,Foggy,Medium,Afternoon,Scooter,16,12,60.7
9134,17.71,Snowy,Medium,Evening,Scooter,12,17,67.3
9135,17.65,Clear,High,Afternoon,Bike,27,30,75.6
9136,17.95,Clear,Medium,Afternoon,Bike,9,11,55.0
9137,19.99,Rainy,Medium,Morning,Car,11,16,70.3
9138,16.7,Clear,High,Morning,Car,25,13,73.4
9139,19.09,Foggy,Low,Evening,Bike,21,16,68.5
9140,16.91,Clear,Medium,Afternoon,Bike,25,24,67.2
9141,18.96,Clear,Low,Morning,Bike,31,14,74.8
9142,16.81,Clear,Low,Morning,Scooter,15,18,54.6
9143,18.11,Clear,High,Afternoon,Bike,24,13,72.7
9144,18.67,Clear,Medium,Morning,Scooter,8,10,55.6
9145,17.73,Rainy,Low,Morning,Bike,28,20,77.0
9146,19.86,Rainy,Medium,Afternoon,Car,20,16,68.4
9147,18.82,Clear,High,Evening,Car,27,25,79.0
9148,16.63,Clear,High,Evening,Scooter,19,10,66.9
9149,17.49,Snowy,High,Morning,Bike,20,11,86.7
9150,17.26,Clear,High,Evening,Scooter,29,29,77.5
9151,17.18,Rainy,Low,Evening,Bike,15,19,60.2
9152,16.85,Rainy,Medium,Evening,Bike,15,28,68.4
9153,16.74,Rainy,Medium,Night,Scooter,26,12,72.6
9154,19.48,Snowy,Medium,Morning,Car,30,17,88.7
9155,19.96,Rainy,Low,Evening,Car,21,24,69.4
9156,16.64,Windy,Medium,Afternoon,Bike,17,15,65.1
9157,19.17,Snowy,Low,Morning,Scooter,11,14,59.2
9158,16.91,Clear,Low,Night,Bike,20,12,60.1
9159,18.09,Clear,High,Evening,Scooter,25,17,78.5
9160,16.79,Clear,Medium,Morning,Bike,11,24,56.6
9161,17.08,Clear,Low,Morning,Scooter,14,16,54.7
9162,17.64,Rainy,Low,Evening,Car,11,12,55.7
9163,18.82,Clear,High,Night,Bike,15,23,72.2
9164,17.9,Clear,Low,Night,Car,19,24,50.0
9165,19.24,Clear,Medium,Evening,Scooter,11,18,57.3
9166,16.39,Rainy,Medium,Morning,Scooter,17,15,67.7
9167,18.29,Rainy,High,Evening,Scooter,7,25,66.4
9168,16.43,Windy,Low,Evening,Bike,25,25,63.8
9169,16.47,Clear,High,Morning,Bike,21,22,78.8
9170,17.24,Clear,Low,Morning,Bike,20,18,67.2
9171,16.42,Windy,Low,Evening,Scooter,25,20,64.7
9172,19.1,Rainy,Low,Evening,Bike,11,12,62.0
9173,18.03,Rainy,High,Afternoon,Bike,31,10,87.7
9174,18.58,Rainy,High,Evening,Car,9,15,68.0
9175,16.23,Clear,Medium,Morning,Scooter,17,20,63.0
9176,16.9,Snowy,Medium,Morning,Bike,6,24,71.1
9177,18.09,Rainy,Medium,Afternoon,Scooter,28,14,75.9
9178,16.33,Rainy,Low,Afternoon,Bike,17,24,58.9
9179,16.64,Rainy,High,Morning,Scooter,14,16,69.1
9180,16.09,Clear,High,Afternoon,Bike,17,22,65.6
9181,19.65,Clear,Low,Afternoon,Bike,30,12,70.7
9182,17.72,Foggy,Medium,Morning,Car,13,16,56.9
9183,16.18,Rainy,Low,Morning,Bike,15,14,60.9
9184,17.84,Clear,High,Night,Bike,7,23,59.2
9185,19.55,Clear,Low,Evening,Bike,13,24,65.2
9186,16.76,Windy,Medium,Morning,Bike,27,10,73.6
9187,16.95,Clear,Medium,Evening,Car,17,18,61.7
9188,19.93,Clear,Low,Morning,Bike,10,22,57.5
9189,19.42,Rainy,Low,Afternoon,Bike,25,25,74.0
9190,18.19,Snowy,High,Afternoon,Car,25,26,76.4
9191,16.74,Rainy,High,Afternoon,Bike,31,26,88.0
9192,16.88,Snowy,Medium,Evening,Bike,9,12,67.0
9193,19.45,Clear,Medium,Afternoon,Bike,17,23,72.6
9194,18.7,Windy,Medium,Evening,Car,27,27,74.4
9195,17.4,Windy,Medium,Afternoon,Scooter,11,21,58.9
9196,16.1,Rainy,Low,Morning,Scooter,15,29,56.5
9197,16.54,Rainy,Medium,Morning,Scooter,27,27,75.4
9198,18.92,Clear,Medium,Night,Scooter,10,30,48.6
9199,18.59,Clear,High,Night,Scooter,22,29,74.3
9200,17.44,Clear,Medium,Evening,Car,30,10,72.8
9201,18.37,Clear,High,Evening,Scooter,20,18,72.4
9202,19.02,Windy,Medium,Morning,Car,26,28,74.0
9203,18.58,Clear,Medium,Afternoon,Bike,24,11,71.6
9204,16.96,Rainy,Medium,Morning,Bike,24,11,76.2
9205,19.81,Clear,Medium,Morning,Scooter,20,15,70.9
9206,16.09,Clear,Medium,Evening,Bike,10,17,52.5
9207,18.23,Clear,High,Afternoon,Bike,16,23,67.7
9208,16.89,Clear,High,Night,Bike,25,21,75.7
9209,18.83,Rainy,Medium,Night,Bike,13,25,71.6
9210,18.25,Windy,Medium,Afternoon,Car,14,14,57.8
9211,16.78,Clear,Medium,Morning,Bike,18,20,68.8
9212,18.02,Windy,Low,Morning,Scooter,16,17,58.6
9213,18.08,Rainy,Medium,Evening,Bike,25,28,79.0
9214,17.68,Rainy,Medium,Morning,Scooter,31,29,89.1
9215,16.17,Clear,High,Afternoon,Bike,11,27,58.2
9216,16.83,Clear,High,Evening,Bike,7,13,62.9
9217,19.88,Snowy,Low,Afternoon,Bike,23,11,74.9
9218,16.75,Rainy,Medium,Evening,Bike,10,21,65.4
9219,17.84,Clear,Medium,Evening,Bike,13,24,63.3
9220,17.18,Snowy,Medium,Afternoon,Scooter,15,27,64.8
9221,19.03,Clear,Low,Evening,Car,14,26,60.0
9222,18.31,Foggy,Low,Morning,Scooter,20,15,66.6
9223,18.86,Clear,Medium,Afternoon,Scooter,14,17,56.4
9224,18.55,Windy,High,Evening,Scooter,20,29,80.5
9225,18.01,Clear,Low,Morning,Bike,21,24,59.2
9226,19.84,Clear,Low,Evening,Scooter,8,30,47.3
9227,18.81,Foggy,Medium,Night,Scooter,16,14,67.0
9228,18.76,Clear,Medium,Morning,Bike,9,15,61.0
9229,18.76,Windy,Medium,Evening,Scooter,23,23,71.6
9230,17.87,Rainy,Low,Morning,Bike,9,19,60.5
9231,18.57,Clear,Medium,Evening,Bike,26,30,80.1
9232,18.42,Clear,Medium,Night,Scooter,25,10,64.4
9233,19.55,Windy,Low,Morning,Scooter,18,23,63.7
9234,19.92,Rainy,Low,Afternoon,Scooter,29,30,75.9
9235,17.93,Snowy,Low,Afternoon,Bike,16,21,66.4
9236,18.4,Clear,Low,Morning,Scooter,15,12,57.4
9237,17.16,Windy,Low,Afternoon,Car,11,11,39.8
9238,19.38,Rainy,Low,Night,Bike,22,18,73.2
9239,18.84,Rainy,Medium,Night,Scooter,16,26,60.7
9240,19.7,Clear,Medium,Evening,Bike,31,24,84.2
9241,18.42,Clear,Low,Morning,Scooter,26,12,63.4
9242,18.83,Windy,Medium,Morning,Bike,18,23,73.0
9243,16.38,Windy,Low,Morning,Scooter,17,29,58.0
9244,18.43,Clear,Low,Evening,Bike,13,23,57.7
9245,17.51,Windy,Medium,Evening,Bike,12,15,61.6
9246,18.03,Clear,Low,Afternoon,Bike,14,10,49.7
9247,17.31,Clear,Low,Afternoon,Bike,19,21,57.0
9248,17.15,Clear,Low,Morning,Car,12,25,46.5
9249,19.28,Clear,High,Afternoon,Bike,27,28,82.4
9250,18.23,Clear,Medium,Morning,Bike,31,25,79.8
9251,17.01,Clear,Medium,Morning,Car,14,19,59.6
9252,19.07,Clear,Medium,Afternoon,Bike,20,21,68.1
9253,16.3,Foggy,Low,Morning,Scooter,16,14,59.6
9254,17.17,Snowy,Medium,Morning,Bike,18,25,74.3
9255,17.35,Rainy,High,Night,Car,23,23,76.4
9256,16.71,Clear,Medium,Afternoon,Scooter,20,10,60.6
9257,19.37,Foggy,Low,Afternoon,Bike,21,16,66.6
9258,18.7,Clear,Low,Morning,Scooter,12,13,48.6
9259,18.68,Foggy,Medium,Morning,Bike,13,30,72.9
9260,18.37,Rainy,Low,Morning,Bike,26,11,76.2
9261,17.51,Clear,Low,Morning,Bike,31,20,71.6
9262,18.64,Clear,Low,Night,Scooter,19,16,55.1
9263,18.95,Snowy,Low,Morning,Scooter,13,29,61.8
9264,18.15,Windy,Low,Afternoon,Bike,18,14,62.8
9265,17.88,Rainy,Low,Morning,Scooter,17,29,63.3
9266,16.89,Windy,Low,Evening,Bike,21,13,65.3
9267,16.34,Windy,Medium,Morning,Scooter,15,10,63.4
9268,16.17,Clear,Low,Morning,Bike,27,18,66.9
9269,18.86,Foggy,Medium,Morning,Bike,31,20,92.2
9270,17.39,Clear,Low,Night,Scooter,28,23,62.2
9271,18.83,Rainy,Medium,Afternoon,Scooter,32,21,77.9
9272,18.03,Clear,High,Afternoon,Scooter,11,21,56.0
9273,17.79,Windy,Medium,Morning,Scooter,14,16,60.0
9274,18.52,Foggy,Medium,Afternoon,Car,23,27,69.1
9275,16.73,Clear,Medium,Afternoon,Car,17,21,58.4
9276,19.92,Clear,Medium,Evening,Car,30,18,78.4
9277,17.32,Clear,Medium,Afternoon,Bike,12,11,55.4
9278,19.08,Foggy,Low,Afternoon,Bike,15,18,61.1
9279,16.99,Windy,Medium,Night,Scooter,20,19,64.0
9280,17.87,Clear,Medium,Night,Bike,16,10,62.6
9281,18.0,Clear,Medium,Evening,Scooter,15,26,63.0
9282,17.23,Rainy,Medium,Morning,Bike,19,25,71.8
9283,17.39,Clear,High,Morning,Scooter,24,14,81.0
9284,17.74,Rainy,Medium,Morning,Bike,17,22,72.0
9285,19.34,Clear,Low,Morning,Car,8,12,46.6
9286,18.0,Clear,Low,Evening,Scooter,24,12,67.2
9287,16.35,Clear,Low,Afternoon,Bike,22,24,60.7
9288,16.87,Windy,High,Evening,Scooter,18,14,68.2
9289,19.94,Clear,Medium,Afternoon,Scooter,20,29,67.9
9290,16.36,Clear,High,Night,Car,16,13,56.7
9291,18.59,Foggy,Low,Morning,Scooter,11,23,58.2
9292,16.84,Windy,Medium,Morning,Scooter,24,18,70.8
9293,17.73,Clear,High,Afternoon,Bike,16,11,74.6
9294,17.43,Clear,Medium,Evening,Scooter,32,10,80.5
9295,19.91,Rainy,High,Evening,Bike,31,12,101.0
9296,18.21,Clear,High,Afternoon,Car,15,26,63.4
9297,17.0,Rainy,Medium,Morning,Scooter,13,30,59.6
9298,18.41,Clear,Medium,Evening,Car,23,16,68.1
9299,16.29,Clear,High,Night,Scooter,23,15,65.5
9300,19.71,Clear,Medium,Evening,Bike,8,29,61.2
9301,17.38,Foggy,Low,Evening,Bike,18,18,65.5
9302,19.53,Clear,Medium,Morning,Bike,14,15,61.8
9303,19.24,Clear,Medium,Evening,Bike,9,21,60.5
9304,16.75,Clear,Low,Morning,Bike,17,17,58.2
9305,19.85,Foggy,Low,Evening,Car,11,16,60.4
9306,19.97,Clear,Low,Evening,Scooter,14,29,55.6
9307,19.22,Rainy,Low,Night,Scooter,19,25,61.9
9308,17.81,Rainy,Medium,Afternoon,Bike,14,13,63.6
9309,18.69,Clear,Low,Morning,Bike,15,22,59.2
9310,16.32,Windy,Medium,Afternoon,Bike,22,27,63.5
9311,19.68,Snowy,Medium,Evening,Bike,24,20,91.3
9312,16.89,Clear,Medium,Afternoon,Car,17,13,56.5
9313,18.87,Clear,Low,Morning,Scooter,19,20,68.7
9314,19.21,Clear,Medium,Afternoon,Bike,15,20,61.7
9315,19.88,Clear,Medium,Night,Scooter,27,14,75.3
9316,19.3,Rainy,Low,Morning,Scooter,10,28,55.8
9317,19.27,Windy,Medium,Evening,Bike,10,10,69.8
9318,18.82,Snowy,High,Evening,Bike,8,13,74.8
9319,18.31,Clear,Medium,Morning,Bike,11,12,61.0
9320,16.17,Clear,Medium,Evening,Car,20,10,63.4
9321,19.89,Clear,High,Afternoon,Car,34,16,87.4
9322,17.8,Rainy,Low,Morning,Scooter,20,15,63.2
9323,19.19,Clear,High,Morning,Bike,14,27,71.9
9324,17.51,Windy,Low,Afternoon,Bike,25,15,70.8
9325,17.82,Snowy,Medium,Afternoon,Bike,15,15,69.1
9326,17.85,Clear,Low,Morning,Bike,19,18,63.2
9327,19.96,Foggy,Low,Night,Scooter,17,11,63.5
9328,16.85,Rainy,Low,Afternoon,Bike,18,25,66.3
9329,18.01,Snowy,Medium,Night,Bike,11,27,68.6
9330,16.62,Clear,Medium,Evening,Scooter,29,11,70.8
9331,17.98,Clear,Medium,Morning,Bike,15,23,58.7
9332,18.18,Rainy,Low,Morning,Scooter,20,22,69.1
9333,16.55,Clear,Medium,Night,Scooter,6,30,44.9
9334,18.79,Rainy,High,Afternoon,Scooter,17,25,78.7
9335,19.31,Clear,Medium,Afternoon,Car,23,29,67.2
9336,19.26,Rainy,Low,Evening,Scooter,20,26,67.7
9337,18.92,Snowy,Medium,Evening,Scooter,15,22,68.9
9338,16.56,Clear,Low,Afternoon,Scooter,21,30,52.9
9339,18.49,Clear,High,Morning,Car,24,22,75.8
9340,18.79,Foggy,Low,Evening,Bike,12,27,62.7
9341,19.04,Clear,Medium,Afternoon,Bike,9,19,53.1
9342,18.84,Rainy,Low,Afternoon,Bike,17,12,57.1
9343,18.52,Rainy,Medium,Evening,Scooter,17,23,67.9
9344,18.91,Clear,Low,Afternoon,Bike,9,13,43.3
9345,19.41,Snowy,Low,Morning,Car,21,20,68.8
9346,18.28,Rainy,Medium,Morning,Scooter,19,25,72.9
9347,16.58,Rainy,Low,Morning,Bike,15,28,66.8
9348,19.26,Clear,Low,Evening,Scooter,14,14,49.0
9349,18.64,Clear,Medium,Evening,Scooter,14,28,57.9
9350,18.75,Clear,Medium,Evening,Car,11,15,57.4
9351,17.18,Windy,Low,Evening,Scooter,28,26,67.4
9352,16.6,Snowy,Low,Evening,Bike,9,27,60.0
9353,19.12,Snowy,Low,Evening,Car,9,23,60.2
9354,16.2,Clear,Low,Afternoon,Car,24,19,52.4
9355,17.61,Rainy,Medium,Morning,Car,17,22,70.4
9356,18.04,Foggy,Medium,Evening,Scooter,24,18,82.0
9357,16.07,Rainy,Medium,Morning,Bike,18,12,67.2
9358,18.39,Clear,Medium,Morning,Car,27,19,74.2
9359,16.48,Snowy,Medium,Evening,Bike,15,10,77.6
9360,16.97,Clear,Medium,Afternoon,Bike,19,15,66.7
9361,19.97,Clear,Low,Morning,Scooter,13,30,54.9
9362,18.24,Snowy,Low,Evening,Bike,17,11,70.1
9363,19.87,Rainy,Medium,Morning,Scooter,11,11,62.5
9364,17.97,Clear,Low,Morning,Scooter,18,30,55.8
9365,19.21,Rainy,Medium,Afternoon,Bike,17,25,70.6
9366,16.15,Windy,Medium,Evening,Scooter,8,16,53.9
9367,17.17,Clear,High,Afternoon,Car,10,12,50.4
9368,17.13,Foggy,Low,Afternoon,Car,19,20,55.9
9369,16.28,Clear,Medium,Evening,Bike,22,29,68.4
9370,19.81,Clear,Medium,Morning,Bike,21,11,73.2
9371,18.02,Clear,Low,Afternoon,Bike,22,30,64.2
9372,18.37,Rainy,Medium,Afternoon,Scooter,17,13,65.1
9373,18.08,Clear,High,Evening,Scooter,15,30,67.8
9374,16.99,Clear,Low,Evening,Bike,21,12,58.5
9375,19.7,Rainy,Medium,Evening,Bike,14,15,72.0
9376,18.68,Rainy,Low,Evening,Scooter,20,11,71.0
9377,16.49,Foggy,Low,Afternoon,Scooter,10,19,42.3
9378,17.85,Snowy,Low,Morning,Bike,18,23,73.5
9379,16.01,Clear,High,Evening,Bike,22,12,72.2
9380,18.7,Clear,High,Evening,Bike,15,10,66.0
9381,18.09,Rainy,Medium,Evening,Car,28,12,77.5
9382,19.62,Rainy,Medium,Afternoon,Scooter,10,19,64.4
9383,19.79,Clear,Medium,Evening,Scooter,14,20,70.5
9384,16.39,Clear,Low,Afternoon,Bike,21,23,62.7
9385,16.36,Clear,Low,Morning,Bike,25,29,62.2
9386,19.6,Clear,Medium,Evening,Bike,11,17,66.5
9387,18.05,Windy,High,Morning,Bike,10,22,67.4
9388,17.88,Rainy,Medium,Evening,Bike,17,13,71.5
9389,18.28,Clear,High,Afternoon,Scooter,15,17,66.2
9390,17.87,Rainy,High,Morning,Bike,19,14,82.0
9391,18.46,Rainy,Medium,Afternoon,Car,25,13,73.3
9392,19.8,Clear,Medium,Evening,Bike,14,13,62.5
9393,18.42,Clear,Medium,Afternoon,Bike,7,10,50.6
9394,17.28,Foggy,High,Evening,Bike,21,16,77.3
9395,16.85,Clear,Medium,Afternoon,Bike,19,11,63.6
9396,19.86,Rainy,High,Evening,Scooter,18,17,82.9
9397,18.32,Rainy,Low,Morning,Scooter,24,11,76.5
9398,18.27,Foggy,Low,Night,Scooter,26,18,64.4
9399,16.13,Windy,High,Afternoon,Car,12,27,61.8
9400,19.67,Foggy,Low,Evening,Bike,25,14,76.5
9401,17.88,Rainy,Low,Afternoon,Bike,18,11,64.6
9402,20.0,Clear,Low,Morning,Bike,26,14,73.6
9403,16.67,Rainy,Medium,Afternoon,Bike,19,18,69.4
9404,17.3,Snowy,Medium,Evening,Bike,27,23,87.2
9405,16.84,Windy,Medium,Afternoon,Scooter,25,23,70.2
9406,17.52,Snowy,Low,Morning,Car,15,10,60.8
9407,19.91,Clear,Medium,Afternoon,Bike,20,29,70.1
9408,17.66,Foggy,Low,Afternoon,Bike,19,19,60.1
9409,19.31,Snowy,Medium,Night,Car,18,16,72.5
9410,19.02,Rainy,Low,Afternoon,Scooter,11,29,56.6
9411,17.19,Rainy,High,Afternoon,Scooter,8,13,58.5
9412,18.32,Rainy,Low,Evening,Bike,15,25,62.6
9413,19.41,Rainy,High,Morning,Bike,18,30,84.2
9414,18.45,Clear,Medium,Evening,Scooter,19,16,69.5
9415,17.06,Clear,Medium,Evening,Bike,18,19,70.3
9416,19.45,Snowy,Low,Morning,Scooter,12,21,60.9
9417,18.22,Windy,Medium,Afternoon,Bike,25,27,76.9
9418,19.92,Snowy,Low,Morning,Scooter,22,30,78.2
9419,18.62,Clear,Low,Evening,Scooter,26,21,71.1
9420,17.8,Clear,Medium,Evening,Bike,27,25,77.6
9421,17.74,Clear,High,Afternoon,Bike,25,28,75.0
9422,19.52,Snowy,Medium,Morning,Bike,21,22,86.3
9423,19.92,Rainy,Low,Morning,Scooter,17,26,60.1
9424,17.64,Windy,Medium,Evening,Car,20,21,62.8
9425,16.65,Clear,Low,Evening,Bike,14,21,52.0
9426,16.16,Rainy,Medium,Morning,Bike,28,28,78.5
9427,17.29,Foggy,High,Evening,Car,20,17,68.5
9428,17.37,Clear,High,Afternoon,Car,19,14,61.5
9429,17.7,Windy,Low,Afternoon,Scooter,19,25,55.3
9430,16.58,Rainy,Low,Morning,Bike,21,22,67.7
9431,17.97,Clear,Low,Morning,Bike,21,21,65.4
9432,19.77,Clear,Low,Evening,Car,9,17,46.7
9433,16.93,Snowy,Low,Afternoon,Bike,16,25,61.9
9434,18.74,Rainy,Low,Night,Bike,31,19,79.0
9435,16.15,Foggy,High,Morning,Scooter,23,23,70.0
9436,18.58,Foggy,Low,Evening,Scooter,13,10,58.7
9437,19.75,Clear,Medium,Night,Bike,16,29,66.2
9438,17.13,Foggy,High,Morning,Car,17,26,72.0
9439,19.26,Windy,Medium,Night,Scooter,31,20,74.4
9440,16.33,Clear,Medium,Evening,Bike,30,13,75.5
9441,17.43,Foggy,High,Afternoon,Bike,10,30,69.1
9442,16.03,Clear,Medium,Evening,Scooter,14,21,50.1
9443,17.42,Clear,Medium,Afternoon,Scooter,10,19,50.3
9444,17.24,Clear,Low,Afternoon,Bike,13,29,46.4
9445,18.77,Snowy,High,Morning,Scooter,17,29,79.0
9446,17.18,Clear,Medium,Afternoon,Bike,20,15,61.4
9447,19.29,Clear,Low,Morning,Bike,24,24,71.6
9448,17.17,Rainy,Medium,Morning,Car,10,16,57.9
9449,16.89,Clear,Low,Evening,Bike,14,10,51.3
9450,17.98,Foggy,Medium,Evening,Car,20,18,73.1
9451,18.63,Windy,Medium,Evening,Bike,17,15,71.5
9452,19.55,Clear,High,Morning,Bike,15,21,77.0
9453,19.25,Clear,Low,Morning,Bike,12,19,55.1
9454,18.1,Windy,High,Morning,Car,22,14,73.6
9455,19.91,Clear,High,Morning,Bike,13,19,75.8
9456,17.19,Clear,High,Morning,Bike,21,25,72.6
9457,20.0,Windy,Low,Afternoon,Bike,28,23,75.0
9458,17.54,Snowy,Medium,Morning,Scooter,13,23,67.4
9459,17.05,Rainy,High,Afternoon,Bike,22,12,71.4
9460,17.53,Rainy,Low,Morning,Bike,24,11,73.4
9461,18.34,Windy,Medium,Evening,Scooter,20,23,68.1
9462,17.9,Rainy,Medium,Morning,Car,15,20,64.9
9463,16.2,Rainy,Medium,Morning,Car,13,23,57.5
9464,17.42,Snowy,Low,Afternoon,Car,24,17,62.5
9465,17.97,Rainy,Low,Evening,Bike,15,12,63.1
9466,18.65,Rainy,Low,Evening,Bike,24,17,74.4
9467,19.81,Clear,Medium,Evening,Bike,25,23,80.4
9468,19.82,Rainy,Medium,Afternoon,Car,26,30,74.9
9469,18.06,Rainy,High,Evening,Scooter,25,21,84.1
9470,18.28,Clear,Low,Morning,Scooter,27,18,67.8
9471,18.79,Clear,Low,Morning,Bike,29,17,72.7
9472,19.34,Snowy,Low,Evening,Bike,18,10,77.5
9473,18.98,Clear,High,Night,Bike,14,14,66.6
9474,18.88,Clear,Low,Morning,Bike,13,17,56.9
9475,17.79,Clear,Low,Evening,Bike,16,22,62.5
9476,19.48,Clear,Medium,Evening,Bike,14,22,67.3
9477,18.65,Foggy,High,Night,Bike,25,16,75.9
9478,16.64,Clear,Low,Morning,Bike,25,21,57.6
9479,18.39,Clear,Low,Afternoon,Car,17,14,56.2
9480,17.24,Snowy,Medium,Afternoon,Car,24,11,72.2
9481,16.81,Clear,Low,Morning,Scooter,20,16,56.5
9482,18.6,Clear,Medium,Afternoon,Car,19,13,53.3
9483,18.57,Snowy,Low,Evening,Bike,24,21,78.4
9484,19.82,Rainy,Low,Morning,Bike,24,26,75.4
9485,19.9,Foggy,Low,Morning,Bike,24,13,75.8
9486,17.64,Snowy,Medium,Evening,Bike,18,10,74.6
9487,16.71,Windy,High,Evening,Scooter,15,11,65.9
9488,16.56,Clear,Medium,Afternoon,Bike,16,14,59.0
9489,19.9,Foggy,Low,Afternoon,Car,21,13,64.9
9490,17.58,Foggy,Medium,Afternoon,Scooter,28,30,73.5
9491,17.37,Clear,Medium,Evening,Bike,22,14,70.5
9492,18.48,Windy,High,Evening,Car,24,23,72.3
9493,16.23,Clear,Medium,Morning,Car,14,24,53.5
9494,18.59,Snowy,High,Afternoon,Scooter,17,15,76.5
9495,19.5,Rainy,Medium,Morning,Bike,23,13,82.7
9496,18.9,Rainy,Low,Morning,Bike,26,14,83.0
9497,17.67,Clear,Medium,Afternoon,Scooter,18,28,58.1
9498,16.46,Windy,Low,Afternoon,Scooter,7,18,38.2
9499,16.96,Rainy,High,Morning,Bike,27,10,87.3
9500,17.06,Clear,Low,Evening,Car,10,23,43.8
9501,17.54,Clear,Medium,Morning,Bike,18,19,61.4
9502,16.53,Foggy,Low,Afternoon,Car,17,13,51.5
9503,18.3,Clear,Low,Afternoon,Bike,30,13,74.7
9504,17.47,Rainy,Medium,Afternoon,Car,11,25,55.3
9505,17.99,Rainy,Low,Morning,Bike,21,16,74.8
9506,17.14,Clear,Low,Evening,Scooter,15,10,54.9
9507,17.82,Rainy,Low,Morning,Car,17,26,68.3
9508,18.85,Clear,Medium,Evening,Bike,16,14,68.8
9509,16.35,Windy,Medium,Night,Bike,15,30,60.2
9510,18.04,Snowy,High,Morning,Car,27,22,87.0
9511,18.47,Clear,Low,Evening,Car,22,21,61.5
9512,18.67,Rainy,Low,Morning,Scooter,27,24,74.3
9513,19.69,Rainy,High,Evening,Bike,24,14,88.8
9514,19.12,Windy,Medium,Evening,Bike,16,24,72.4
9515,18.96,Clear,Medium,Evening,Bike,9,13,58.8
9516,19.47,Rainy,Low,Afternoon,Scooter,14,15,54.2
9517,19.66,Windy,Low,Night,Bike,15,22,57.3
9518,19.36,Clear,High,Afternoon,Bike,11,18,70.5
9519,18.46,Rainy,Low,Night,Car,12,28,52.7
9520,19.37,Clear,Medium,Morning,Scooter,8,10,58.9
9521,17.31,Rainy,Medium,Night,Scooter,17,12,62.0
9522,19.81,Clear,Medium,Morning,Car,12,10,62.2
9523,16.69,Windy,High,Morning,Scooter,14,29,66.9
9524,16.92,Clear,Medium,Evening,Bike,17,18,70.2
9525,16.63,Clear,Low,Morning,Car,12,28,50.5
9526,19.11,Snowy,Medium,Afternoon,Car,9,21,63.2
9527,17.74,Snowy,Medium,Morning,Bike,23,28,80.3
9528,18.95,Foggy,Medium,Evening,Bike,27,27,80.2
9529,18.04,Foggy,Low,Morning,Bike,15,12,63.3
9530,17.61,Clear,Medium,Morning,Bike,17,30,65.8
9531,19.59,Rainy,High,Afternoon,Bike,14,20,74.9
9532,17.73,Clear,High,Evening,Bike,17,22,74.1
9533,18.47,Clear,Medium,Evening,Scooter,10,15,56.9
9534,19.43,Windy,High,Afternoon,Bike,17,27,74.7
9535,16.85,Foggy,Medium,Afternoon,Car,17,11,63.6
9536,17.61,Clear,Medium,Evening,Scooter,15,12,60.1
9537,16.58,Clear,Medium,Morning,Bike,26,14,68.4
9538,18.17,Windy,High,Night,Car,16,27,68.0
9539,19.16,Clear,Low,Evening,Scooter,12,27,54.8
9540,16.22,Clear,Medium,Morning,Scooter,23,15,63.9
9541,16.24,Clear,Low,Morning,Car,12,21,42.9
9542,18.96,Clear,Low,Morning,Car,10,18,53.5
9543,18.84,Clear,Low,Night,Scooter,16,21,58.5
9544,17.61,Windy,Low,Night,Scooter,24,10,59.7
9545,17.44,Clear,High,Evening,Bike,30,19,85.3
9546,17.13,Rainy,Low,Afternoon,Scooter,21,19,63.0
9547,16.25,Foggy,Medium,Afternoon,Scooter,27,10,64.5
9548,18.05,Rainy,High,Evening,Car,19,23,75.6
9549,18.46,Foggy,Medium,Afternoon,Bike,13,18,59.4
9550,19.46,Rainy,Low,Night,Bike,19,15,68.8
9551,18.17,Rainy,Low,Morning,Bike,22,26,79.8
9552,16.61,Rainy,Medium,Morning,Bike,10,26,59.2
9553,17.23,Foggy,Medium,Afternoon,Bike,16,15,70.5
9554,19.14,Foggy,Low,Afternoon,Scooter,10,29,58.4
9555,18.47,Foggy,High,Morning,Car,16,10,71.6
9556,19.08,Clear,High,Morning,Bike,19,21,78.5
9557,17.65,Rainy,Low,Afternoon,Car,22,24,61.0
9558,16.27,Foggy,Medium,Evening,Scooter,15,15,60.5
9559,19.57,Clear,Medium,Afternoon,Bike,11,17,60.7
9560,17.4,Snowy,Low,Afternoon,Bike,18,24,64.0
9561,16.33,Clear,Low,Evening,Car,11,17,46.3
9562,18.35,Clear,Low,Afternoon,Scooter,10,16,46.5
9563,18.98,Snowy,Medium,Afternoon,Bike,22,23,76.6
9564,17.91,Clear,Medium,Morning,Scooter,20,13,67.5
9565,18.46,Clear,Low,Evening,Bike,18,21,64.8
9566,17.67,Clear,Low,Evening,Scooter,12,15,54.2
9567,19.25,Snowy,Low,Afternoon,Bike,28,16,78.9
9568,19.13,Clear,Medium,Afternoon,Bike,26,19,77.2
9569,18.88,Rainy,High,Morning,Bike,25,25,96.0
9570,16.08,Foggy,Low,Afternoon,Scooter,9,14,45.5
9571,18.07,Rainy,Low,Evening,Bike,10,24,61.1
9572,19.14,Windy,Low,Morning,Scooter,17,17,64.1
9573,16.98,Snowy,Low,Evening,Car,14,28,52.9
9574,17.04,Clear,Low,Afternoon,Scooter,15,18,44.4
9575,19.62,Windy,Low,Evening,Car,22,18,64.5
9576,19.37,Rainy,Low,Afternoon,Scooter,29,25,73.6
9577,19.95,Clear,Low,Evening,Bike,20,10,68.2
9578,17.99,Clear,Medium,Evening,Bike,8,28,58.4
9579,16.5,Rainy,High,Evening,Scooter,8,16,59.2
9580,16.03,Clear,Medium,Evening,Scooter,13,27,57.7
9581,18.82,Rainy,Medium,Afternoon,Car,7,17,56.4
9582,19.27,Clear,Low,Evening,Bike,11,14,57.6
9583,17.71,Rainy,Medium,Morning,Bike,9,12,66.4
9584,17.7,Clear,High,Evening,Car,14,27,61.1
9585,19.36,Snowy,Low,Afternoon,Car,9,10,54.9
9586,16.74,Clear,Medium,Evening,Bike,28,23,71.6
9587,16.25,Clear,Medium,Afternoon,Bike,18,22,53.1
9588,19.86,Clear,Medium,Morning,Car,26,14,73.0
9589,18.17,Rainy,Medium,Evening,Bike,21,25,83.1
9590,19.09,Rainy,Medium,Afternoon,Scooter,17,17,66.3
9591,19.82,Rainy,Medium,Evening,Car,17,26,66.9
9592,19.24,Clear,Medium,Afternoon,Bike,22,17,72.0
9593,17.87,Snowy,Low,Afternoon,Bike,15,26,62.9
9594,18.59,Clear,Medium,Afternoon,Car,18,19,60.2
9595,18.53,Clear,Medium,Evening,Bike,11,19,63.7
9596,19.7,Foggy,Medium,Afternoon,Bike,24,27,76.8
9597,16.56,Rainy,Medium,Evening,Bike,15,12,69.7
9598,18.78,Rainy,Medium,Evening,Scooter,12,18,66.2
9599,19.45,Clear,Medium,Evening,Bike,23,10,69.9
9600,17.44,Clear,Medium,Evening,Scooter,10,11,52.8
9601,18.83,Rainy,High,Morning,Bike,30,12,91.9
9602,17.0,Clear,Medium,Afternoon,Bike,21,25,59.9
9603,16.35,Clear,Medium,Evening,Bike,23,26,66.4
9604,16.1,Windy,Low,Morning,Scooter,10,26,50.4
9605,18.12,Rainy,Low,Morning,Car,19,30,63.9
9606,16.21,Clear,Medium,Evening,Scooter,8,22,44.1
9607,18.37,Clear,Low,Evening,Car,15,14,50.1
9608,17.5,Foggy,Low,Afternoon,Bike,22,19,65.5
9609,16.03,Clear,High,Evening,Bike,13,21,64.3
9610,16.91,Clear,High,Afternoon,Bike,22,26,70.2
9611,18.95,Clear,Low,Morning,Scooter,19,20,63.0
9612,17.52,Foggy,Low,Evening,Scooter,28,10,72.7
9613,18.9,Rainy,Low,Evening,Scooter,18,27,64.9
9614,19.26,Clear,High,Morning,Bike,15,22,71.3
9615,19.19,Clear,Low,Night,Car,26,12,61.6
9616,18.68,Rainy,Medium,Afternoon,Car,17,29,58.8
9617,18.99,Rainy,Medium,Morning,Car,14,19,67.7
9618,18.28,Rainy,Low,Morning,Bike,16,26,63.4
9619,17.86,Clear,Low,Afternoon,Bike,17,25,59.9
9620,16.25,Foggy,High,Morning,Scooter,13,15,60.6
9621,19.9,Windy,Medium,Night,Bike,24,28,77.9
9622,19.36,Rainy,High,Morning,Scooter,25,29,80.6
9623,18.69,Clear,Medium,Evening,Bike,17,29,66.2
9624,18.58,Rainy,Low,Morning,Scooter,7,14,56.1
9625,18.31,Clear,Medium,Evening,Bike,11,12,64.0
9626,16.38,Clear,Medium,Morning,Scooter,18,21,62.6
9627,17.28,Clear,Low,Evening,Bike,14,15,58.1
9628,17.36,Windy,Medium,Night,Car,15,23,58.6
9629,19.17,Clear,Medium,Morning,Bike,18,24,72.8
9630,18.42,Snowy,High,Afternoon,Scooter,21,10,77.8
9631,17.59,Rainy,Medium,Morning,Bike,12,26,66.5
9632,17.31,Rainy,Low,Evening,Bike,21,12,72.1
9633,19.42,Clear,Low,Morning,Bike,11,22,61.0
9634,19.14,Rainy,Medium,Afternoon,Bike,19,21,73.6
9635,19.25,Clear,High,Afternoon,Scooter,21,10,69.7
9636,17.58,Clear,Low,Afternoon,Bike,14,13,50.9
9637,17.92,Clear,Low,Night,Scooter,25,21,57.9
9638,18.29,Clear,High,Morning,Car,24,18,75.6
9639,16.77,Rainy,Low,Morning,Scooter,27,19,74.2
9640,17.45,Clear,High,Morning,Bike,15,24,70.8
9641,17.96,Clear,Medium,Afternoon,Bike,29,24,74.4
9642,18.68,Windy,Medium,Morning,Bike,17,23,76.8
9643,17.8,Clear,Low,Afternoon,Bike,15,25,54.1
9644,16.62,Clear,Medium,Night,Car,20,28,60.7
9645,17.7,Clear,Low,Morning,Bike,27,14,66.6
9646,18.13,Clear,Medium,Morning,Bike,27,29,77.5
9647,18.6,Rainy,Medium,Evening,Car,14,19,63.0
9648,19.42,Clear,High,Evening,Bike,12,29,67.9
9649,16.93,Clear,Medium,Evening,Bike,17,23,61.8
9650,18.24,Rainy,Medium,Morning,Car,29,18,80.3
9651,17.67,Clear,Low,Afternoon,Bike,30,10,67.5
9652,18.75,Windy,Low,Afternoon,Scooter,14,12,48.0
9653,19.5,Windy,High,Morning,Bike,9,23,69.6
9654,17.91,Clear,Medium,Morning,Car,22,24,63.5
9655,19.38,Clear,High,Afternoon,Scooter,13,12,58.4
9656,16.01,Clear,Low,Morning,Bike,13,29,53.6
9657,19.65,Clear,High,Afternoon,Car,22,16,73.2
9658,19.15,Rainy,Medium,Evening,Bike,13,26,74.0
9659,16.54,Rainy,Medium,Night,Car,24,26,72.5
9660,18.7,Clear,Low,Afternoon,Scooter,28,24,61.8
9661,18.06,Clear,Low,Afternoon,Bike,12,29,48.4
9662,19.88,Clear,Medium,Afternoon,Scooter,19,26,64.6
9663,17.22,Windy,Low,Evening,Bike,22,13,66.5
9664,18.44,Windy,Low,Morning,Scooter,18,18,62.0
9665,18.09,Clear,Medium,Afternoon,Scooter,28,21,72.3
9666,16.88,Rainy,Low,Evening,Bike,10,20,57.4
9667,19.25,Clear,Medium,Evening,Car,33,20,82.4
9668,18.97,Rainy,High,Evening,Car,19,14,75.4
9669,18.18,Rainy,Low,Morning,Scooter,13,30,58.5
9670,19.78,Snowy,Low,Evening,Scooter,20,24,70.2
9671,19.71,Clear,High,Morning,Bike,21,26,70.1
9672,19.27,Clear,Low,Evening,Car,6,17,41.1
9673,16.61,Windy,Medium,Evening,Car,25,23,71.2
9674,19.58,Clear,Low,Afternoon,Car,10,15,50.4
9675,17.22,Clear,High,Evening,Scooter,13,22,59.0
9676,18.28,Foggy,Medium,Afternoon,Bike,19,15,73.0
9677,19.9,Foggy,Low,Night,Bike,23,29,64.5
9678,16.92,Rainy,Medium,Morning,Scooter,20,20,67.1
9679,16.8,Foggy,High,Evening,Bike,20,20,76.6
9680,19.41,Rainy,Low,Morning,Scooter,18,21,70.9
9681,16.05,Clear,High,Afternoon,Bike,18,14,70.7
9682,16.7,Rainy,Low,Evening,Scooter,17,27,59.4
9683,17.31,Foggy,Medium,Morning,Scooter,14,15,62.9
9684,18.95,Snowy,Low,Morning,Bike,15,29,73.8
9685,17.92,Clear,High,Afternoon,Scooter,26,27,80.2
9686,17.57,Clear,Medium,Morning,Bike,16,16,68.2
9687,19.67,Foggy,Medium,Evening,Bike,23,21,77.6
9688,19.02,Clear,Low,Afternoon,Bike,20,16,64.5
9689,18.53,Clear,Low,Morning,Bike,13,12,55.8
9690,17.36,Snowy,Medium,Afternoon,Bike,12,15,70.4
9691,19.44,Rainy,Medium,Afternoon,Bike,11,28,68.7
9692,17.01,Clear,Medium,Evening,Bike,18,16,62.4
9693,19.78,Clear,Low,Morning,Bike,13,29,63.8
9694,17.04,Clear,Low,Morning,Bike,14,25,57.1
9695,19.28,Foggy,Low,Night,Car,25,19,67.6
9696,19.66,Rainy,High,Afternoon,Bike,17,23,79.3
9697,16.91,Clear,Medium,Evening,Bike,15,28,60.6
9698,16.92,Clear,Low,Afternoon,Bike,12,11,51.1
9699,16.31,Clear,Medium,Morning,Bike,17,26,69.5
9700,17.37,Clear,Low,Morning,Bike,14,22,61.9
9701,18.0,Clear,Low,Morning,Bike,8,30,51.0
9702,16.34,Rainy,Low,Afternoon,Scooter,26,27,58.6
9703,16.59,Clear,High,Evening,Scooter,19,28,65.9
9704,17.69,Clear,Medium,Afternoon,Car,25,11,64.4
9705,16.72,Clear,Medium,Morning,Car,23,19,64.6
9706,19.09,Clear,Low,Afternoon,Bike,7,29,51.7
9707,17.29,Clear,Low,Afternoon,Bike,21,15,61.2
9708,16.19,Clear,Medium,Evening,Bike,11,15,58.8
9709,16.62,Clear,High,Morning,Scooter,10,24,56.7
9710,17.23,Clear,High,Afternoon,Scooter,8,16,52.3
9711,16.58,Foggy,Low,Morning,Bike,25,22,67.2
9712,16.86,Clear,Low,Morning,Car,19,18,54.9
9713,16.83,Foggy,Medium,Evening,Scooter,23,19,73.6
9714,17.67,Foggy,Low,Evening,Car,20,12,65.1
9715,18.1,Clear,Low,Afternoon,Car,11,27,37.3
9716,18.49,Clear,High,Morning,Bike,20,12,78.1
9717,19.64,Clear,Low,Morning,Bike,11,13,55.1
9718,18.75,Clear,Medium,Afternoon,Bike,9,15,58.0
9719,16.79,Rainy,Medium,Afternoon,Bike,15,15,61.8
9720,17.8,Clear,Medium,Evening,Car,10,10,55.4
9721,18.92,Snowy,High,Evening,Car,22,30,81.7
9722,18.22,Rainy,Low,Morning,Bike,20,22,69.2
9723,16.68,Foggy,High,Evening,Bike,21,20,81.1
9724,19.15,Foggy,High,Night,Car,28,12,79.5
9725,16.79,Rainy,Medium,Morning,Scooter,15,23,67.8
9726,17.38,Windy,Low,Evening,Scooter,19,11,62.5
9727,18.93,Windy,Low,Morning,Bike,16,15,64.3
9728,19.88,Clear,Medium,Evening,Bike,11,21,63.4
9729,19.56,Clear,Low,Afternoon,Bike,25,30,71.9
9730,19.88,Clear,Low,Evening,Bike,19,22,69.2
9731,17.59,Clear,High,Morning,Bike,20,20,79.6
9732,17.74,Rainy,Medium,Evening,Bike,14,23,64.8
9733,16.65,Clear,High,Morning,Bike,25,25,76.8
9734,17.89,Clear,High,Evening,Scooter,18,20,68.0
9735,19.12,Foggy,High,Afternoon,Bike,10,17,70.6
9736,16.28,Clear,Medium,Morning,Car,15,28,52.0
9737,17.28,Rainy,Medium,Evening,Bike,17,16,69.6
9738,19.7,Clear,Low,Evening,Scooter,15,12,58.5
9739,16.73,Foggy,Medium,Afternoon,Bike,11,16,53.2
9740,17.19,Rainy,Medium,Morning,Car,15,26,57.8
9741,19.74,Clear,Low,Evening,Bike,6,11,53.1
9742,17.38,Rainy,Medium,Morning,Bike,13,18,76.2
9743,19.32,Clear,Low,Morning,Car,20,10,60.8
9744,17.15,Foggy,High,Morning,Bike,18,28,75.6
9745,17.03,Rainy,Low,Afternoon,Scooter,16,16,57.8
9746,16.75,Clear,High,Morning,Scooter,30,14,80.6
9747,16.25,Rainy,Low,Night,Bike,9,24,51.4
9748,17.66,Snowy,Medium,Evening,Bike,20,29,76.8
9749,18.85,Foggy,Medium,Afternoon,Car,20,11,61.8
9750,18.02,Rainy,Medium,Morning,Car,18,28,71.3
9751,17.63,Foggy,Medium,Evening,Bike,14,18,66.4
9752,16.82,Clear,High,Afternoon,Car,18,13,62.4
9753,18.73,Foggy,High,Evening,Car,17,11,76.4
9754,17.01,Snowy,Medium,Evening,Scooter,12,19,64.5
9755,16.13,Clear,Medium,Afternoon,Scooter,13,15,46.1
9756,19.86,Clear,Low,Afternoon,Bike,17,15,60.0
9757,19.77,Clear,Low,Afternoon,Bike,16,13,59.0
9758,16.86,Clear,Medium,Morning,Car,11,12,53.6
9759,16.95,Clear,Medium,Evening,Scooter,13,26,54.6
9760,18.32,Clear,Medium,Evening,Bike,19,18,67.4
9761,17.71,Rainy,Low,Evening,Scooter,22,26,66.8
9762,19.55,Clear,Medium,Evening,Bike,23,21,77.1
9763,17.71,Clear,Low,Afternoon,Bike,18,11,59.7
9764,16.54,Rainy,Medium,Afternoon,Bike,9,18,65.4
9765,18.19,Clear,Low,Morning,Bike,13,11,62.8
9766,16.45,Clear,Low,Morning,Bike,22,16,61.8
9767,17.79,Foggy,Medium,Morning,Bike,14,27,66.0
9768,18.31,Windy,High,Morning,Scooter,21,16,74.4
9769,19.78,Rainy,Low,Afternoon,Car,20,15,60.6
9770,17.17,Clear,High,Evening,Bike,18,13,72.1
9771,18.6,Clear,Low,Evening,Bike,15,12,56.9
9772,16.0,Windy,Low,Afternoon,Car,10,14,38.9
9773,19.49,Rainy,Medium,Afternoon,Bike,22,29,74.8
9774,17.27,Foggy,Low,Evening,Scooter,14,21,59.7
9775,16.96,Rainy,Low,Evening,Bike,14,26,62.1
9776,16.41,Clear,Low,Morning,Car,11,13,41.0
9777,19.14,Clear,Medium,Evening,Bike,22,22,76.8
9778,16.23,Foggy,Medium,Evening,Car,30,27,78.3
9779,18.47,Snowy,Medium,Morning,Car,17,26,70.3
9780,17.26,Clear,Medium,Afternoon,Car,15,25,50.6
9781,18.84,Rainy,Low,Evening,Scooter,18,25,63.8
9782,19.86,Clear,High,Morning,Scooter,16,30,72.5
9783,17.1,Windy,Medium,Afternoon,Car,15,18,58.4
9784,18.48,Clear,Medium,Evening,Bike,31,16,82.2
9785,17.48,Foggy,Medium,Morning,Car,29,11,72.4
9786,18.04,Clear,Medium,Morning,Bike,20,13,72.9
9787,16.33,Rainy,Low,Morning,Bike,7,18,53.8
9788,16.82,Rainy,Medium,Evening,Bike,16,11,69.4
9789,19.18,Clear,High,Evening,Car,13,25,66.5
9790,17.38,Snowy,High,Morning,Bike,19,17,86.4
9791,16.0,Snowy,Low,Afternoon,Scooter,16,16,53.8
9792,17.28,Snowy,High,Afternoon,Scooter,16,29,68.0
9793,18.68,Clear,Low,Evening,Scooter,28,11,69.0
9794,19.89,Foggy,High,Afternoon,Bike,27,22,87.6
9795,19.42,Rainy,Medium,Evening,Scooter,14,22,72.4
9796,19.03,Rainy,High,Morning,Scooter,20,30,84.7
9797,19.72,Clear,Medium,Evening,Car,26,18,71.9
9798,18.64,Rainy,Medium,Morning,Car,30,29,83.0
9799,18.08,Clear,High,Evening,Bike,23,24,80.2
9800,18.16,Clear,Medium,Night,Bike,10,17,57.6
9801,19.78,Clear,Medium,Evening,Scooter,21,21,65.7
9802,16.01,Clear,Medium,Morning,Bike,18,19,64.8
9803,18.06,Clear,Medium,Morning,Scooter,14,22,57.2
9804,19.08,Clear,Medium,Afternoon,Car,27,16,70.7
9805,16.15,Foggy,Low,Morning,Bike,20,16,61.1
9806,19.29,Rainy,Low,Afternoon,Car,28,25,71.6
9807,19.38,Clear,High,Morning,Bike,9,30,66.7
9808,18.09,Foggy,Medium,Afternoon,Car,24,21,75.2
9809,19.32,Windy,High,Morning,Bike,19,16,77.8
9810,16.57,Snowy,Low,Morning,Car,15,11,56.5
9811,19.77,Snowy,Low,Morning,Bike,26,29,87.9
9812,16.2,Windy,Low,Morning,Scooter,24,29,65.2
9813,16.15,Rainy,High,Morning,Bike,19,14,78.2
9814,18.1,Windy,Medium,Morning,Scooter,31,26,78.3
9815,18.94,Windy,Low,Evening,Car,24,24,63.1
9816,18.8,Clear,High,Evening,Car,17,29,66.9
9817,18.2,Snowy,Low,Morning,Scooter,9,20,57.3
9818,19.13,Foggy,Medium,Afternoon,Bike,20,15,70.9
9819,18.43,Foggy,Low,Afternoon,Car,17,17,54.9
9820,19.4,Snowy,High,Night,Bike,19,25,81.9
9821,16.46,Clear,Medium,Evening,Scooter,9,14,54.0
9822,19.93,Clear,Low,Evening,Bike,25,23,68.5
9823,19.52,Rainy,High,Night,Car,24,27,81.0
9824,19.58,Foggy,Low,Night,Bike,23,12,71.8
9825,17.45,Snowy,Medium,Night,Bike,24,21,78.1
9826,19.79,Snowy,Low,Evening,Bike,12,15,71.4
9827,16.57,Foggy,Low,Evening,Scooter,18,20,60.6
9828,16.31,Windy,Low,Night,Bike,23,14,62.1
9829,17.59,Clear,Low,Evening,Car,20,16,59.9
9830,19.73,Windy,Low,Morning,Scooter,18,13,56.9
9831,19.87,Clear,High,Night,Car,15,18,71.2
9832,17.97,Rainy,Low,Afternoon,Bike,21,23,70.9
9833,19.01,Clear,High,Morning,Scooter,8,16,66.9
9834,18.15,Rainy,Low,Morning,Bike,8,28,56.2
9835,16.45,Clear,Medium,Afternoon,Car,17,22,53.3
9836,18.61,Clear,Low,Morning,Bike,19,30,64.8
9837,16.59,Rainy,Medium,Afternoon,Bike,15,24,63.3
9838,18.62,Foggy,Low,Morning,Bike,21,14,71.4
9839,16.96,Clear,Medium,Morning,Bike,28,21,76.0
9840,17.05,Rainy,Low,Afternoon,Car,11,24,45.8
9841,18.7,Clear,Low,Night,Bike,17,19,60.3
9842,17.86,Clear,Low,Evening,Scooter,29,11,70.2
9843,19.32,Clear,Low,Morning,Bike,30,13,74.4
9844,18.72,Rainy,Medium,Morning,Bike,18,15,72.2
9845,17.18,Foggy,Medium,Morning,Car,23,18,70.1
9846,19.11,Rainy,Low,Night,Scooter,13,27,55.5
9847,16.26,Snowy,High,Evening,Car,24,10,80.6
9848,18.94,Rainy,High,Night,Bike,31,29,89.3
9849,17.54,Foggy,High,Afternoon,Scooter,15,21,71.1
9850,17.21,Windy,Medium,Evening,Scooter,13,30,57.8
9851,18.09,Clear,Medium,Morning,Scooter,11,24,54.1
9852,19.63,Clear,Low,Night,Bike,17,19,60.3
9853,17.03,Clear,Low,Morning,Bike,15,12,51.7
9854,20.0,Rainy,Low,Afternoon,Bike,18,25,66.4
9855,18.36,Rainy,Low,Evening,Scooter,18,22,60.4
9856,17.01,Clear,Low,Morning,Scooter,26,17,64.1
9857,18.76,Snowy,Low,Evening,Scooter,27,27,81.1
9858,18.94,Windy,High,Evening,Bike,17,24,76.4
9859,18.13,Clear,Medium,Afternoon,Scooter,23,16,68.6
9860,16.52,Clear,High,Evening,Bike,19,13,68.8
9861,19.26,Clear,Low,Morning,Car,22,23,61.0
9862,19.24,Clear,Medium,Evening,Bike,22,12,77.0
9863,19.06,Snowy,High,Evening,Scooter,25,21,91.1
9864,19.02,Rainy,High,Night,Bike,12,30,74.2
9865,17.53,Clear,Low,Afternoon,Bike,24,25,65.9
9866,17.97,Clear,Medium,Evening,Bike,13,16,62.4
9867,18.65,Clear,Medium,Night,Bike,21,30,68.9
9868,16.66,Clear,Low,Evening,Bike,30,28,68.6
9869,18.42,Clear,Medium,Morning,Scooter,19,20,71.3
9870,16.44,Rainy,Medium,Morning,Bike,27,10,78.8
9871,19.39,Rainy,Medium,Afternoon,Car,24,28,73.0
9872,16.48,Snowy,Medium,Evening,Bike,22,27,78.9
9873,19.09,Clear,Low,Afternoon,Bike,10,30,54.0
9874,16.89,Foggy,Low,Evening,Scooter,8,29,52.1
9875,19.71,Clear,Medium,Morning,Scooter,28,20,69.2
9876,18.63,Clear,Low,Evening,Bike,22,10,72.3
9877,17.72,Snowy,Medium,Evening,Scooter,19,18,78.8
9878,16.17,Rainy,Medium,Evening,Car,6,18,56.3
9879,18.43,Clear,Low,Afternoon,Bike,11,16,52.0
9880,17.51,Rainy,Low,Afternoon,Bike,21,26,70.3
9881,19.19,Foggy,Medium,Evening,Bike,13,26,71.0
9882,19.17,Windy,Low,Afternoon,Car,15,10,54.9
9883,18.75,Rainy,Medium,Evening,Bike,25,29,85.3
9884,17.07,Clear,Low,Afternoon,Bike,15,16,54.2
9885,16.69,Rainy,Medium,Morning,Car,18,13,68.8
9886,17.99,Clear,Low,Afternoon,Car,10,15,37.1
9887,17.81,Clear,Low,Evening,Bike,18,11,60.9
9888,18.69,Rainy,Medium,Morning,Bike,22,12,76.5
9889,18.13,Foggy,Low,Afternoon,Scooter,13,16,56.7
9890,17.98,Clear,Low,Evening,Car,19,11,53.8
9891,17.92,Foggy,Medium,Afternoon,Bike,19,13,68.6
9892,18.02,Foggy,Low,Evening,Bike,24,15,75.5
9893,19.49,Foggy,Low,Morning,Car,15,26,64.8
9894,16.68,Clear,Medium,Morning,Scooter,27,14,72.3
9895,16.08,Clear,High,Afternoon,Bike,17,29,66.6
9896,16.89,Clear,Low,Evening,Car,8,30,39.6
9897,17.24,Clear,Low,Evening,Scooter,10,17,44.9
9898,18.45,Clear,High,Morning,Car,28,10,74.6
9899,19.37,Clear,High,Morning,Bike,10,16,65.4
9900,18.85,Clear,Low,Afternoon,Bike,24,12,65.9
9901,19.99,Clear,Low,Afternoon,Scooter,32,10,75.0
9902,16.0,Windy,Medium,Evening,Bike,25,26,76.2
9903,16.76,Foggy,Medium,Evening,Bike,16,12,62.3
9904,16.35,Clear,High,Evening,Scooter,13,26,60.9
9905,18.65,Windy,Medium,Afternoon,Scooter,12,24,57.2
9906,17.71,Clear,High,Afternoon,Bike,16,19,60.0
9907,17.25,Clear,Medium,Morning,Bike,18,16,68.4
9908,17.25,Snowy,Medium,Afternoon,Scooter,17,18,69.4
9909,19.57,Clear,Medium,Morning,Scooter,20,16,67.2
9910,16.3,Clear,Low,Morning,Bike,24,17,62.9
9911,17.25,Clear,Medium,Morning,Bike,12,15,60.4
9912,18.0,Rainy,Medium,Morning,Bike,15,30,72.8
9913,17.65,Rainy,High,Morning,Car,23,29,76.9
9914,18.75,Clear,Low,Morning,Car,27,28,63.7
9915,18.43,Clear,Low,Morning,Scooter,25,27,62.3
9916,19.2,Clear,Medium,Morning,Scooter,31,15,83.7
9917,19.38,Rainy,Medium,Morning,Bike,24,28,87.3
9918,17.6,Clear,Low,Evening,Bike,31,19,70.4
9919,19.46,Snowy,Medium,Afternoon,Bike,29,13,85.1
9920,18.53,Foggy,Low,Evening,Bike,21,25,67.6
9921,19.44,Clear,High,Morning,Bike,22,30,76.3
9922,17.86,Foggy,Medium,Evening,Bike,15,27,75.1
9923,16.1,Clear,High,Evening,Car,27,10,70.2
9924,18.63,Clear,Medium,Morning,Scooter,22,12,71.3
9925,19.86,Clear,Medium,Evening,Car,27,12,73.7
9926,19.72,Clear,Medium,Evening,Scooter,13,30,61.7
9927,16.61,Foggy,High,Evening,Car,16,21,66.7
9928,17.96,Windy,Low,Afternoon,Bike,10,27,53.6
9929,19.49,Clear,Low,Evening,Bike,29,12,75.3
9930,17.67,Clear,Medium,Morning,Scooter,24,20,71.1
9931,18.07,Rainy,High,Morning,Scooter,23,17,85.2
9932,19.99,Clear,Low,Afternoon,Bike,17,20,59.1
9933,17.93,Clear,Low,Afternoon,Scooter,7,24,43.1
9934,16.76,Windy,Low,Afternoon,Bike,31,20,66.0
9935,16.15,Snowy,Low,Night,Bike,16,11,60.0
9936,17.85,Windy,Low,Evening,Car,14,27,54.3
9937,18.06,Clear,Medium,Morning,Scooter,26,29,71.1
9938,19.68,Clear,High,Afternoon,Bike,13,21,68.0
9939,19.17,Clear,Medium,Morning,Bike,12,13,65.7
9940,16.25,Windy,High,Afternoon,Car,17,27,63.9
9941,19.27,Clear,Medium,Evening,Car,17,22,57.0
9942,16.28,Clear,Medium,Morning,Bike,27,28,73.4
9943,16.06,Clear,Medium,Morning,Bike,33,22,77.4
9944,18.19,Foggy,Low,Evening,Scooter,14,24,57.6
9945,18.12,Foggy,Medium,Evening,Bike,13,26,72.1
9946,17.27,Foggy,High,Morning,Scooter,17,10,66.7
9947,17.84,Clear,Low,Morning,Bike,17,15,60.1
9948,19.68,Foggy,Medium,Evening,Bike,25,19,87.6
9949,18.71,Clear,Low,Afternoon,Scooter,10,24,47.4
9950,17.37,Clear,Low,Afternoon,Bike,12,15,47.4
9951,19.74,Clear,High,Afternoon,Scooter,13,19,63.8
9952,16.65,Rainy,Medium,Evening,Bike,10,10,68.9
9953,16.7,Clear,High,Evening,Bike,9,23,65.3
9954,16.93,Windy,Medium,Morning,Car,18,23,60.7
9955,16.93,Clear,Low,Morning,Bike,27,21,72.9
9956,16.28,Clear,Low,Morning,Bike,25,20,66.7
9957,17.24,Rainy,Low,Afternoon,Bike,13,30,50.3
9958,18.19,Rainy,Medium,Evening,Car,12,11,62.7
9959,16.89,Clear,Low,Morning,Scooter,20,24,62.6
9960,16.43,Rainy,Medium,Evening,Bike,15,23,67.7
9961,18.6,Clear,Medium,Morning,Bike,18,19,73.5
9962,17.68,Clear,Medium,Evening,Scooter,22,13,62.6
9963,18.61,Foggy,Low,Afternoon,Scooter,27,29,65.0
9964,16.99,Rainy,Medium,Afternoon,Bike,12,29,65.8
9965,19.02,Clear,Low,Afternoon,Bike,10,17,54.4
9966,19.89,Clear,High,Afternoon,Scooter,13,24,64.7
9967,17.04,Rainy,Low,Morning,Bike,19,12,70.1
9968,18.56,Clear,Low,Afternoon,Scooter,10,10,45.1
9969,19.06,Windy,Low,Afternoon,Bike,15,30,56.6
9970,18.17,Rainy,Medium,Morning,Scooter,15,28,69.1
9971,17.16,Snowy,Low,Afternoon,Scooter,11,10,53.9
9972,16.86,Clear,Medium,Night,Car,32,11,70.3
9973,18.59,Snowy,Medium,Afternoon,Scooter,26,13,79.5
9974,17.92,Clear,Medium,Morning,Bike,19,10,67.4
9975,19.35,Clear,Low,Morning,Scooter,27,17,75.2
9976,16.36,Clear,Medium,Afternoon,Scooter,14,18,48.9
9977,16.13,Clear,Medium,Afternoon,Bike,25,23,66.9
9978,17.48,Windy,High,Morning,Bike,21,13,78.2
9979,17.9,Foggy,Medium,Evening,Bike,13,28,68.3
9980,18.56,Rainy,Low,Morning,Scooter,21,27,69.0
9981,16.46,Rainy,Low,Evening,Bike,18,24,68.5
9982,18.35,Rainy,Low,Afternoon,Bike,18,29,66.3
9983,19.25,Rainy,Medium,Evening,Scooter,29,14,82.4
9984,19.64,Snowy,Medium,Evening,Car,16,26,70.1
9985,19.6,Rainy,High,Evening,Bike,28,19,91.8
9986,18.07,Foggy,Low,Evening,Scooter,25,17,67.3
9987,19.6,Clear,Medium,Afternoon,Car,16,24,61.2
9988,18.15,Windy,Medium,Morning,Car,23,16,69.7
9989,16.29,Clear,Low,Morning,Bike,11,10,52.0
9990,19.89,Clear,Medium,Afternoon,Bike,18,17,63.6
9991,16.01,Snowy,Low,Evening,Bike,9,26,57.3
9992,17.14,Clear,Low,Morning,Bike,13,11,56.2
9993,16.19,Clear,Low,Evening,Bike,15,27,57.7
9994,18.17,Clear,High,Afternoon,Scooter,10,28,53.5
9995,18.27,Clear,Low,Morning,Scooter,27,19,71.9
9996,18.55,Windy,High,Evening,Scooter,26,15,86.1
9997,16.56,Snowy,Low,Morning,Car,6,27,53.5
9998,16.07,Clear,Low,Afternoon,Scooter,10,15,45.2
9999,17.06,Windy,Low,Evening,Scooter,29,14,68.4
10000,16.21,Rainy,Low,Afternoon,Bike,6,25,46.3
10001,16.14,Snowy,Medium,Afternoon,Scooter,30,16,77.8
10002,17.06,Clear,High,Afternoon,Scooter,19,22,65.4
10003,20.0,Rainy,High,Evening,Bike,19,14,84.1
10004,19.21,Clear,Medium,Morning,Bike,8,30,62.0
10005,17.45,Clear,Low,Afternoon,Scooter,15,14,53.6
10006,17.5,Foggy,Low,Afternoon,Bike,25,30,71.2
10007,19.72,Clear,High,Afternoon,Scooter,15,25,66.5
10008,18.65,Rainy,Low,Night,Bike,27,18,67.7
10009,19.35,Foggy,Medium,Evening,Scooter,18,24,67.0
10010,19.46,Clear,Low,Evening,Bike,25,29,71.5
10011,16.68,Clear,Medium,Afternoon,Bike,24,23,68.6
10012,16.06,Rainy,Low,Morning,Scooter,17,30,55.1
10013,17.07,Snowy,Low,Afternoon,Bike,25,29,72.8
10014,18.38,Clear,Low,Afternoon,Bike,26,27,68.6
10015,19.63,Windy,Medium,Evening,Bike,30,29,86.0
10016,17.23,Snowy,Low,Evening,Bike,10,29,60.0
10017,19.4,Rainy,Low,Afternoon,Bike,24,10,69.2
10018,18.65,Clear,Medium,Night,Bike,21,22,70.3
10019,18.62,Foggy,Medium,Morning,Bike,22,24,76.0
10020,18.87,Snowy,Medium,Morning,Scooter,28,12,90.5
10021,18.05,Clear,High,Afternoon,Car,8,23,54.2
10022,18.69,Windy,Low,Afternoon,Bike,23,28,68.2
10023,19.17,Windy,Low,Afternoon,Car,16,25,57.7
10024,18.36,Rainy,Low,Evening,Car,20,16,64.3
10025,16.16,Foggy,High,Morning,Scooter,13,20,67.0
10026,18.04,Rainy,Low,Evening,Scooter,14,29,58.8
10027,18.39,Foggy,Medium,Afternoon,Bike,20,15,69.1
10028,19.5,Snowy,Medium,Evening,Bike,16,20,76.2
10029,16.02,Clear,Medium,Evening,Car,14,27,51.8
10030,16.19,Clear,High,Evening,Car,8,20,59.8
10031,17.47,Clear,Low,Evening,Bike,12,12,51.7
10032,19.21,Windy,Low,Evening,Bike,20,27,71.1
10033,17.94,Clear,Low,Afternoon,Bike,16,17,54.8
10034,17.22,Snowy,High,Evening,Bike,8,18,68.5
10035,18.77,Clear,High,Evening,Car,15,27,68.7
10036,18.02,Clear,Low,Evening,Bike,15,12,57.1
10037,18.29,Snowy,Medium,Afternoon,Scooter,13,25,63.9
10038,17.71,Rainy,Medium,Morning,Car,12,26,65.2
10039,18.9,Clear,Low,Morning,Bike,7,28,51.8
10040,16.06,Clear,Low,Evening,Scooter,20,16,56.0
10041,16.01,Clear,Low,Night,Bike,23,10,58.1
10042,18.73,Clear,Medium,Afternoon,Bike,13,27,59.9
10043,16.11,Clear,Low,Evening,Scooter,15,13,46.5
10044,17.35,Rainy,Low,Evening,Bike,27,29,78.7
10045,17.47,Clear,Medium,Morning,Scooter,31,24,76.1
10046,18.46,Clear,High,Night,Bike,19,18,74.1
10047,19.09,Clear,Low,Evening,Scooter,16,17,58.3
10048,19.29,Clear,Medium,Afternoon,Scooter,32,24,79.6
10049,17.12,Windy,Medium,Afternoon,Car,9,27,50.1
10050,16.65,Clear,Low,Afternoon,Scooter,14,10,50.7
10051,19.92,Clear,Low,Morning,Scooter,18,10,59.1
10052,16.17,Rainy,Medium,Morning,Bike,14,26,64.2
10053,19.26,Windy,Low,Morning,Bike,28,18,82.7
10054,16.08,Foggy,Low,Night,Scooter,18,19,56.9
10055,17.94,Snowy,Medium,Afternoon,Scooter,27,10,84.1
10056,18.57,Windy,Low,Evening,Scooter,15,15,60.7
10057,17.91,Rainy,Low,Afternoon,Bike,12,22,57.6
10058,18.26,Windy,Medium,Morning,Bike,28,28,86.8
10059,16.1,Clear,Medium,Morning,Bike,17,12,57.0
10060,16.62,Snowy,Medium,Morning,Bike,24,18,83.0
10061,18.21,Snowy,Low,Afternoon,Scooter,15,25,53.4
10062,19.31,Windy,High,Morning,Scooter,11,27,73.0
10063,18.19,Clear,Low,Morning,Scooter,20,20,56.9
10064,18.0,Foggy,High,Morning,Bike,14,18,73.7
10065,19.95,Clear,Medium,Evening,Scooter,28,27,75.0
10066,17.56,Rainy,Low,Evening,Bike,14,29,65.4
10067,17.54,Clear,Low,Morning,Bike,14,26,56.0
10068,16.3,Rainy,Low,Afternoon,Car,23,24,64.0
10069,19.13,Rainy,High,Night,Scooter,16,24,71.1
10070,16.27,Clear,Low,Morning,Bike,12,24,48.3
10071,16.54,Clear,Low,Night,Bike,13,20,48.0
10072,16.23,Clear,High,Afternoon,Bike,21,12,73.6
10073,16.77,Rainy,High,Afternoon,Scooter,11,28,66.0
10074,17.76,Rainy,High,Morning,Bike,22,25,87.5
10075,16.17,Foggy,Medium,Afternoon,Scooter,29,17,69.9
10076,17.65,Clear,Medium,Evening,Bike,11,20,55.9
10077,17.92,Snowy,Low,Morning,Scooter,14,11,67.7
10078,16.44,Rainy,Low,Afternoon,Scooter,15,25,50.0
10079,16.22,Clear,Medium,Morning,Car,19,18,58.7
10080,17.26,Clear,Medium,Afternoon,Bike,20,28,62.0
10081,18.6,Clear,Low,Afternoon,Bike,30,14,71.1
10082,18.43,Clear,Medium,Evening,Bike,32,24,77.4
10083,16.51,Clear,Low,Morning,Bike,15,17,57.9
10084,16.37,Clear,Medium,Afternoon,Bike,13,20,59.1
10085,16.75,Clear,High,Morning,Bike,14,16,70.0
10086,19.5,Clear,Medium,Afternoon,Car,20,27,59.6
10087,19.73,Clear,Low,Afternoon,Car,14,14,52.7
10088,18.09,Snowy,Low,Morning,Scooter,24,25,73.3
10089,19.61,Rainy,Medium,Evening,Bike,17,10,77.1
10090,16.53,Clear,Low,Night,Scooter,7,26,44.3
10091,18.63,Rainy,High,Night,Scooter,24,19,78.7
10092,18.6,Rainy,Low,Morning,Scooter,16,29,66.0
10093,17.8,Clear,Medium,Morning,Bike,33,18,76.9
10094,18.95,Clear,Low,Morning,Car,23,12,62.9
10095,17.9,Clear,Medium,Afternoon,Bike,19,24,67.2
10096,19.43,Rainy,Low,Morning,Bike,11,20,64.3
10097,16.54,Clear,Low,Morning,Bike,18,10,60.2
10098,16.07,Clear,Low,Evening,Bike,20,12,56.9
10099,17.51,Rainy,Medium,Night,Car,26,20,70.1
10100,16.51,Windy,Medium,Morning,Scooter,24,25,68.9
10101,16.72,Clear,Medium,Afternoon,Car,29,30,64.2
10102,16.19,Rainy,Low,Morning,Car,22,19,65.3
10103,17.72,Clear,Low,Afternoon,Scooter,17,29,55.3
10104,18.95,Foggy,Low,Evening,Scooter,16,25,64.6
10105,18.23,Foggy,Medium,Afternoon,Car,17,21,54.5
10106,17.43,Foggy,Medium,Afternoon,Bike,15,12,63.4
10107,16.05,Clear,Low,Morning,Bike,11,27,52.8
10108,18.04,Clear,Low,Evening,Bike,14,23,57.2
10109,17.31,Snowy,High,Morning,Scooter,21,26,80.4
10110,16.96,Clear,Medium,Morning,Scooter,10,12,56.1
10111,17.81,Windy,Medium,Night,Bike,16,29,67.1
10112,16.68,Clear,Medium,Evening,Car,12,17,54.5
10113,17.29,Rainy,Low,Afternoon,Scooter,21,18,57.6
10114,19.7,Clear,Low,Morning,Bike,15,21,59.0
10115,18.44,Clear,Medium,Afternoon,Scooter,18,10,61.7
10116,19.96,Snowy,Medium,Afternoon,Car,25,24,72.7
10117,18.51,Clear,Low,Afternoon,Bike,18,15,63.6
10118,16.39,Rainy,Medium,Morning,Bike,14,20,67.5
10119,18.66,Rainy,Low,Afternoon,Scooter,19,20,60.9
10120,19.46,Snowy,Medium,Afternoon,Bike,31,25,88.2
10121,19.65,Rainy,Medium,Morning,Bike,19,26,82.9
10122,18.22,Windy,Medium,Night,Car,15,13,54.3
10123,16.48,Snowy,High,Afternoon,Bike,23,26,75.5
10124,18.57,Clear,Medium,Morning,Bike,20,23,67.9
10125,16.57,Snowy,Medium,Evening,Car,31,29,82.3
10126,16.22,Windy,High,Evening,Scooter,12,18,67.5
10127,16.85,Clear,Medium,Evening,Bike,32,21,82.7
10128,16.39,Rainy,Medium,Afternoon,Bike,22,13,69.7
10129,17.78,Clear,Medium,Afternoon,Bike,20,17,66.0
10130,19.78,Rainy,Low,Morning,Bike,23,27,78.6
10131,18.64,Clear,Low,Evening,Car,12,26,51.7
10132,18.78,Foggy,High,Evening,Bike,14,30,70.4
10133,19.21,Clear,Low,Evening,Bike,11,28,56.3
10134,16.96,Rainy,Low,Afternoon,Scooter,18,15,60.7
10135,18.29,Clear,Medium,Afternoon,Car,18,16,63.8
10136,18.85,Foggy,Low,Morning,Scooter,27,13,74.7
10137,17.22,Rainy,High,Evening,Bike,17,20,81.2
10138,17.55,Rainy,High,Afternoon,Bike,22,26,82.3
10139,18.81,Clear,Medium,Evening,Car,16,27,60.2
10140,19.23,Clear,Low,Evening,Scooter,24,30,62.3
10141,17.45,Clear,Low,Night,Car,11,17,46.8
10142,18.5,Windy,High,Afternoon,Bike,11,18,72.3
10143,18.66,Clear,Medium,Afternoon,Scooter,15,22,56.8
10144,19.72,Rainy,Low,Morning,Car,33,26,85.0
10145,19.15,Clear,Low,Afternoon,Bike,18,30,60.6
10146,16.78,Foggy,High,Afternoon,Bike,21,13,70.8
10147,18.5,Clear,Low,Evening,Bike,10,17,54.8
10148,19.83,Clear,High,Morning,Scooter,16,14,69.9
10149,17.51,Clear,Medium,Evening,Bike,29,15,78.9
10150,19.06,Clear,Medium,Evening,Bike,19,12,72.1
10151,18.16,Clear,Medium,Night,Scooter,9,22,49.0
10152,17.75,Clear,High,Afternoon,Scooter,26,23,69.1
10153,18.28,Rainy,Medium,Morning,Bike,11,19,66.8
10154,17.7,Windy,Low,Morning,Car,20,22,64.6
10155,17.27,Clear,High,Evening,Bike,12,24,62.5
10156,19.04,Windy,High,Evening,Scooter,26,23,85.1
10157,18.13,Clear,Low,Morning,Scooter,31,29,72.7
10158,19.74,Clear,Low,Night,Scooter,14,13,51.8
10159,16.03,Clear,Medium,Afternoon,Scooter,25,30,59.7
10160,19.08,Clear,Low,Night,Scooter,27,11,66.8
10161,16.63,Clear,Low,Evening,Scooter,23,10,59.5
10162,19.04,Snowy,Low,Afternoon,Car,23,21,67.4
10163,19.48,Rainy,Medium,Afternoon,Car,22,20,73.3
10164,19.14,Rainy,Medium,Evening,Car,10,21,68.0
10165,18.38,Rainy,Low,Morning,Scooter,15,30,66.2
10166,16.49,Clear,Low,Morning,Scooter,15,18,51.7
10167,19.84,Rainy,High,Morning,Bike,13,27,69.5
10168,17.31,Clear,Low,Afternoon,Scooter,17,24,50.4
10169,16.11,Clear,High,Afternoon,Bike,14,11,58.4
10170,16.01,Clear,Low,Night,Bike,18,18,52.6
10171,18.95,Clear,Low,Evening,Car,17,12,55.6
10172,19.33,Rainy,Low,Morning,Scooter,7,27,55.6
10173,19.21,Clear,Medium,Evening,Bike,11,17,66.5
10174,18.24,Clear,Medium,Morning,Scooter,19,26,64.4
10175,18.53,Windy,High,Afternoon,Bike,31,11,86.0
10176,19.63,Windy,Medium,Morning,Car,19,17,70.6
10177,18.65,Rainy,Low,Morning,Bike,29,26,77.9
10178,17.4,Rainy,Medium,Evening,Scooter,33,28,83.3
10179,19.8,Foggy,Low,Afternoon,Scooter,21,10,61.4
10180,19.86,Clear,Medium,Evening,Scooter,19,20,70.6
10181,18.51,Clear,Low,Morning,Bike,19,28,64.4
10182,18.26,Clear,Low,Afternoon,Scooter,13,19,55.4
10183,19.75,Clear,Medium,Morning,Scooter,12,16,56.5
10184,19.11,Windy,Low,Evening,Bike,14,25,66.0
10185,16.47,Foggy,High,Evening,Bike,15,26,67.0
10186,19.83,Windy,Low,Morning,Scooter,14,30,57.6
10187,18.9,Foggy,High,Evening,Bike,13,29,69.1
10188,18.96,Rainy,Low,Morning,Bike,23,10,75.9
10189,17.6,Foggy,Low,Morning,Bike,16,27,64.5
10190,16.03,Rainy,Low,Evening,Bike,19,13,64.3
10191,17.09,Clear,High,Morning,Car,16,27,57.0
10192,17.32,Clear,Low,Morning,Car,17,26,51.5
10193,17.82,Rainy,Low,Afternoon,Scooter,16,14,58.6
10194,18.81,Clear,High,Afternoon,Bike,19,19,69.6
10195,17.8,Rainy,High,Afternoon,Bike,13,26,71.1
10196,17.49,Clear,Low,Afternoon,Bike,32,28,73.7
10197,16.99,Rainy,Medium,Evening,Scooter,20,28,68.7
10198,19.07,Clear,Low,Evening,Scooter,21,17,59.7
10199,19.15,Clear,Low,Evening,Car,15,11,54.9
10200,17.45,Rainy,Medium,Afternoon,Bike,26,30,82.8
10201,16.87,Clear,Low,Evening,Bike,16,28,58.6
10202,16.88,Windy,Low,Night,Scooter,25,14,56.6
10203,18.65,Clear,Medium,Afternoon,Bike,13,22,64.1
10204,19.09,Clear,Low,Morning,Bike,25,29,69.8
10205,19.14,Clear,Medium,Afternoon,Bike,30,16,77.4
10206,19.48,Snowy,Low,Morning,Bike,13,26,66.0
10207,19.02,Rainy,Medium,Night,Bike,8,20,63.3
10208,17.94,Clear,High,Evening,Bike,25,30,74.6
10209,17.07,Clear,Medium,Afternoon,Car,19,18,53.2
10210,17.5,Foggy,High,Afternoon,Car,14,13,65.3
10211,17.13,Windy,Low,Morning,Bike,18,29,63.1
10212,16.4,Clear,Medium,Afternoon,Bike,32,17,71.8
10213,16.58,Clear,High,Morning,Car,29,15,74.9
10214,16.05,Clear,Low,Evening,Car,15,14,50.4
10215,16.79,Clear,Low,Morning,Car,21,18,57.1
10216,19.34,Foggy,High,Afternoon,Bike,18,27,79.5
10217,18.15,Windy,High,Afternoon,Car,14,17,59.4
10218,17.56,Windy,Low,Morning,Scooter,12,15,51.5
10219,16.95,Foggy,High,Afternoon,Bike,11,19,71.1
10220,18.36,Clear,Medium,Afternoon,Bike,8,21,53.2
10221,19.89,Windy,Medium,Morning,Car,20,27,69.4
10222,17.39,Clear,Medium,Night,Car,14,14,52.6
10223,19.39,Clear,Medium,Morning,Bike,19,16,72.3
10224,19.76,Rainy,Low,Afternoon,Scooter,23,24,66.5
10225,19.15,Clear,Medium,Evening,Bike,6,19,50.7
10226,18.37,Snowy,Low,Night,Scooter,17,25,62.4
10227,17.21,Windy,Medium,Evening,Bike,14,19,64.8
10228,16.13,Foggy,Medium,Evening,Bike,20,12,65.2
10229,18.95,Foggy,Low,Afternoon,Bike,12,28,59.5
10230,19.82,Clear,Medium,Afternoon,Bike,19,24,69.6
10231,18.76,Clear,Low,Evening,Car,19,12,61.2
10232,16.14,Foggy,Low,Afternoon,Car,20,13,51.2
10233,16.56,Rainy,Low,Afternoon,Bike,11,17,55.5
10234,17.57,Windy,High,Morning,Bike,31,30,90.3
10235,19.96,Clear,High,Morning,Bike,17,16,81.3
10236,16.34,Clear,Medium,Morning,Bike,17,28,65.5
10237,17.27,Clear,Low,Morning,Scooter,22,20,63.2
10238,18.21,Rainy,Medium,Afternoon,Bike,28,14,81.5
10239,16.45,Foggy,Low,Evening,Bike,21,12,64.8
10240,16.47,Windy,Low,Evening,Car,21,17,62.0
10241,16.27,Clear,Low,Morning,Scooter,21,14,53.0
10242,18.01,Rainy,High,Afternoon,Bike,21,22,84.2
10243,17.15,Clear,Low,Morning,Scooter,18,30,58.1
10244,16.16,Clear,Low,Morning,Bike,18,26,56.5
10245,18.01,Clear,Low,Afternoon,Scooter,17,16,47.9
10246,18.92,Rainy,Medium,Morning,Bike,23,29,81.4
10247,18.68,Clear,Medium,Afternoon,Bike,17,30,62.2
10248,18.74,Clear,Low,Evening,Bike,11,18,51.5
10249,18.2,Rainy,Low,Afternoon,Car,17,20,56.3
10250,19.12,Snowy,Medium,Morning,Scooter,20,20,80.8
10251,16.25,Clear,Low,Evening,Scooter,19,18,54.7
10252,16.76,Clear,Medium,Evening,Car,20,13,60.1
10253,18.81,Foggy,Low,Afternoon,Car,16,28,51.7
10254,17.34,Foggy,Medium,Afternoon,Car,12,17,54.6
10255,16.96,Snowy,Medium,Morning,Bike,22,11,84.0
10256,16.11,Clear,Medium,Afternoon,Bike,8,30,49.6
10257,19.47,Rainy,Medium,Morning,Scooter,14,12,68.7
10258,19.35,Snowy,Low,Afternoon,Car,29,29,77.8
10259,16.24,Clear,High,Night,Scooter,16,12,63.5
10260,17.22,Clear,Medium,Morning,Car,15,18,61.0
10261,16.86,Windy,Low,Morning,Scooter,11,20,52.1
10262,16.83,Clear,Low,Afternoon,Bike,14,14,46.1
10263,17.03,Foggy,Low,Afternoon,Car,15,22,54.4
10264,17.19,Snowy,Medium,Afternoon,Car,14,22,60.6
10265,18.83,Clear,Medium,Evening,Scooter,14,28,59.8
10266,19.88,Foggy,High,Afternoon,Scooter,29,18,82.8
10267,16.18,Clear,High,Morning,Bike,19,28,72.2
10268,17.29,Snowy,Low,Night,Scooter,9,25,55.9
10269,18.67,Windy,Low,Afternoon,Bike,29,26,71.1
10270,17.22,Snowy,Medium,Afternoon,Scooter,24,23,75.8
10271,16.76,Clear,Medium,Afternoon,Scooter,10,13,52.2
10272,16.67,Foggy,Medium,Night,Bike,13,23,61.8
10273,18.39,Windy,Low,Morning,Bike,13,25,60.5
10274,16.6,Rainy,Medium,Afternoon,Bike,21,17,70.1
10275,16.39,Rainy,Medium,Morning,Scooter,20,23,67.1
10276,19.0,Clear,Medium,Evening,Bike,23,22,77.1
10277,17.38,Snowy,Medium,Evening,Bike,18,23,79.7
10278,19.58,Clear,Low,Morning,Bike,15,24,62.5
10279,17.99,Clear,Low,Evening,Bike,14,24,56.2
10280,16.53,Windy,Low,Evening,Scooter,21,23,61.8
10281,16.77,Windy,Low,Morning,Scooter,16,16,53.2
10282,19.53,Windy,Low,Evening,Scooter,16,24,65.7
10283,16.5,Clear,Low,Evening,Bike,13,13,56.7
10284,17.26,Clear,Medium,Afternoon,Scooter,24,28,65.5
10285,17.21,Rainy,Medium,Evening,Bike,20,26,73.6
10286,19.95,Clear,High,Afternoon,Scooter,13,15,64.3
10287,19.9,Snowy,Low,Afternoon,Bike,16,11,64.6
10288,18.77,Rainy,Low,Afternoon,Scooter,22,13,64.0
10289,16.94,Clear,Medium,Morning,Car,21,24,64.5
10290,16.72,Clear,Medium,Evening,Car,17,10,55.5
10291,16.24,Clear,Medium,Evening,Car,21,12,67.9
10292,16.25,Snowy,High,Morning,Bike,20,24,80.3
10293,19.76,Foggy,Low,Afternoon,Scooter,10,20,51.7
10294,18.41,Clear,Medium,Morning,Bike,19,17,70.5
10295,16.79,Clear,Medium,Night,Scooter,9,15,49.1
10296,19.13,Clear,Medium,Morning,Scooter,24,20,76.2
10297,16.31,Clear,Medium,Afternoon,Scooter,25,16,62.1
10298,18.09,Windy,Low,Morning,Car,9,11,47.1
10299,16.78,Rainy,Medium,Afternoon,Car,15,19,57.2
10300,17.79,Clear,High,Afternoon,Bike,24,29,78.7
10301,16.92,Foggy,Low,Morning,Car,21,20,66.1
10302,16.55,Clear,High,Morning,Car,16,22,60.6
10303,19.71,Clear,High,Evening,Scooter,14,16,68.9
10304,19.68,Rainy,High,Morning,Bike,14,12,84.4
10305,17.97,Clear,High,Morning,Bike,11,25,68.7
10306,19.14,Clear,Medium,Night,Bike,34,18,80.3
10307,16.81,Snowy,Medium,Afternoon,Bike,21,11,70.4
10308,17.59,Windy,Medium,Morning,Bike,19,16,68.7
10309,16.9,Clear,Low,Evening,Bike,32,10,75.6
10310,16.34,Rainy,Low,Morning,Scooter,16,28,54.4
10311,17.7,Clear,Medium,Afternoon,Scooter,26,30,67.5
10312,18.98,Rainy,High,Morning,Bike,27,28,90.6
10313,18.98,Clear,Low,Evening,Car,11,27,48.5
10314,17.77,Rainy,Low,Morning,Bike,33,26,81.6
10315,17.79,Clear,Low,Night,Bike,23,19,64.7
10316,18.41,Windy,Medium,Morning,Bike,15,18,70.0
10317,19.73,Snowy,Low,Afternoon,Scooter,16,11,68.4
10318,16.6,Clear,Medium,Evening,Bike,10,29,54.0
10319,17.62,Foggy,Low,Afternoon,Scooter,24,10,58.6
10320,19.62,Clear,Medium,Morning,Bike,15,15,68.6
10321,18.19,Foggy,Medium,Afternoon,Bike,15,19,65.9
10322,19.17,Clear,Low,Night,Bike,18,23,58.6
10323,17.85,Clear,Low,Morning,Bike,18,30,55.2
10324,19.68,Rainy,Medium,Morning,Car,13,20,69.8
10325,19.56,Clear,High,Night,Scooter,7,27,49.1
10326,17.78,Rainy,Medium,Evening,Bike,22,19,80.2
10327,16.02,Rainy,High,Afternoon,Scooter,17,30,69.2
10328,18.26,Clear,Medium,Afternoon,Scooter,22,13,65.9
10329,16.82,Clear,Medium,Morning,Bike,16,18,62.7
10330,16.96,Rainy,High,Morning,Car,16,15,63.4
10331,17.72,Rainy,Low,Evening,Bike,28,15,73.1
10332,17.8,Clear,Low,Evening,Bike,14,27,54.6
10333,19.44,Clear,Low,Evening,Scooter,16,24,64.2
10334,16.13,Rainy,Low,Afternoon,Car,15,24,54.3
10335,17.18,Rainy,Low,Evening,Bike,13,11,61.2
10336,18.53,Snowy,Medium,Afternoon,Bike,13,29,67.8
10337,18.49,Clear,Low,Morning,Scooter,29,29,70.0
10338,17.27,Rainy,High,Evening,Scooter,10,24,69.4
10339,16.71,Rainy,High,Morning,Bike,22,18,82.6
10340,17.11,Clear,Low,Morning,Car,11,11,42.4
10341,19.57,Clear,Low,Evening,Bike,12,19,63.3
10342,17.05,Clear,Low,Afternoon,Scooter,22,12,56.9
10343,17.97,Snowy,Medium,Evening,Car,20,23,71.9
10344,19.77,Clear,High,Morning,Bike,15,25,75.5
10345,16.47,Rainy,Low,Afternoon,Bike,14,11,60.8
10346,19.48,Rainy,Low,Afternoon,Bike,16,15,66.9
10347,18.97,Clear,Low,Evening,Scooter,26,23,69.0
10348,17.94,Snowy,Medium,Morning,Scooter,22,15,82.0
10349,19.8,Foggy,High,Morning,Scooter,27,27,85.6
10350,16.3,Clear,High,Morning,Bike,14,18,62.9
10351,19.42,Foggy,Medium,Evening,Bike,17,24,73.3
10352,16.79,Rainy,Medium,Morning,Bike,21,25,77.5
10353,17.42,Clear,Low,Afternoon,Bike,26,22,67.2
10354,16.49,Foggy,Medium,Afternoon,Scooter,20,23,63.8
10355,17.98,Rainy,High,Morning,Car,9,22,63.0
10356,16.68,Clear,Medium,Morning,Scooter,17,14,65.0
10357,17.02,Windy,Medium,Afternoon,Bike,26,16,69.0
10358,16.24,Rainy,Medium,Evening,Car,24,28,69.4
10359,17.22,Rainy,Low,Afternoon,Bike,30,17,72.8
10360,16.66,Clear,Low,Afternoon,Car,23,30,56.8
10361,18.74,Clear,High,Afternoon,Bike,12,22,64.7
10362,18.55,Clear,High,Afternoon,Bike,13,26,70.7
10363,18.66,Rainy,Low,Evening,Car,15,14,63.5
10364,18.7,Rainy,Medium,Night,Bike,11,14,62.3
10365,16.41,Foggy,Medium,Afternoon,Car,21,18,61.2
10366,16.86,Clear,High,Morning,Scooter,15,26,62.5
10367,18.95,Foggy,Medium,Evening,Bike,13,24,73.8
10368,17.93,Snowy,High,Morning,Bike,13,20,81.0
10369,18.52,Foggy,High,Evening,Bike,29,13,86.0
10370,16.23,Foggy,Low,Morning,Scooter,23,10,65.3
10371,17.55,Snowy,Low,Afternoon,Bike,15,12,63.4
10372,17.75,Clear,High,Evening,Bike,24,24,75.2
10373,18.77,Foggy,Low,Evening,Bike,28,30,75.8
10374,19.65,Windy,Low,Afternoon,Scooter,23,30,64.6
10375,18.3,Rainy,Low,Morning,Bike,16,26,60.6
10376,19.04,Clear,Low,Evening,Bike,12,19,58.6
10377,18.57,Windy,Medium,Evening,Bike,24,25,78.1
10378,19.64,Clear,High,Evening,Car,9,11,61.4
10379,19.24,Clear,Low,Night,Scooter,14,17,52.4
10380,16.99,Clear,Low,Evening,Bike,10,14,50.7
10381,16.89,Clear,Medium,Evening,Scooter,14,30,53.8
10382,19.65,Clear,High,Night,Bike,15,21,68.3
10383,18.39,Rainy,Low,Afternoon,Scooter,15,29,56.1
10384,17.8,Windy,Low,Evening,Bike,12,26,60.0
10385,18.8,Clear,Medium,Evening,Bike,20,25,68.2
10386,17.13,Rainy,High,Afternoon,Car,30,13,79.0
10387,19.23,Snowy,Low,Evening,Bike,11,11,67.4
10388,18.11,Snowy,Low,Morning,Scooter,22,14,67.3
10389,19.48,Clear,Medium,Evening,Bike,12,27,63.5
10390,18.57,Clear,Medium,Morning,Bike,20,29,70.9
10391,17.04,Rainy,Medium,Evening,Scooter,12,24,63.0
10392,19.86,Snowy,Medium,Night,Bike,27,28,87.7
10393,17.61,Rainy,Low,Night,Bike,8,11,51.4
10394,19.06,Clear,Low,Evening,Bike,13,29,55.6
10395,17.02,Foggy,Low,Afternoon,Bike,21,12,62.0
10396,17.67,Rainy,Low,Afternoon,Car,21,13,61.4
10397,18.95,Rainy,Low,Night,Scooter,17,27,60.8
10398,18.79,Snowy,Medium,Afternoon,Car,14,29,62.0
10399,19.76,Foggy,High,Afternoon,Car,20,13,81.1
10400,19.19,Rainy,Low,Morning,Bike,33,17,83.8
10401,17.3,Rainy,Low,Morning,Car,20,27,59.0
10402,19.45,Rainy,High,Morning,Car,12,20,69.7
10403,19.68,Rainy,Low,Afternoon,Bike,28,18,80.9
10404,19.82,Clear,Low,Night,Scooter,22,19,63.3
10405,19.6,Foggy,Low,Night,Bike,20,16,73.5
10406,18.78,Rainy,High,Afternoon,Bike,12,30,69.3
10407,19.18,Rainy,High,Afternoon,Bike,14,21,74.3
10408,18.59,Clear,Medium,Evening,Bike,17,15,70.9
10409,17.28,Foggy,Low,Evening,Bike,19,28,62.9
10410,19.26,Rainy,High,Afternoon,Scooter,15,30,75.9
10411,16.91,Clear,High,Morning,Bike,20,11,73.3
10412,17.73,Clear,Medium,Afternoon,Bike,12,30,54.6
10413,17.37,Clear,Low,Afternoon,Bike,25,30,58.1
10414,16.69,Windy,Low,Morning,Car,12,29,51.3
10415,19.2,Snowy,Medium,Afternoon,Scooter,30,12,88.7
10416,17.89,Rainy,Low,Evening,Bike,22,17,73.4
10417,18.11,Clear,Low,Afternoon,Car,23,28,58.0
10418,18.01,Foggy,Medium,Afternoon,Car,15,17,60.4
10419,18.76,Rainy,Medium,Morning,Car,15,19,70.0
10420,16.7,Windy,High,Afternoon,Car,24,14,73.4
10421,18.0,Clear,High,Morning,Bike,25,18,71.9
10422,17.04,Clear,High,Evening,Bike,19,19,71.5
10423,19.89,Rainy,High,Evening,Car,16,18,74.9
10424,16.24,Clear,High,Afternoon,Car,19,15,61.3
10425,19.71,Rainy,Low,Afternoon,Bike,22,11,71.2
10426,16.24,Foggy,Medium,Morning,Scooter,24,23,72.1
10427,16.44,Clear,High,Afternoon,Scooter,17,11,62.2
10428,19.63,Clear,Low,Afternoon,Bike,24,28,61.4
10429,18.59,Rainy,Medium,Night,Scooter,20,11,63.4
10430,17.3,Snowy,High,Morning,Bike,25,29,91.3
10431,18.35,Rainy,Medium,Morning,Bike,24,21,78.9
10432,16.66,Clear,High,Evening,Bike,16,19,73.8
10433,16.26,Rainy,Low,Afternoon,Bike,23,27,68.3
10434,16.2,Clear,Medium,Morning,Scooter,20,19,56.3
10435,17.08,Foggy,High,Evening,Bike,21,12,77.2
10436,16.72,Rainy,Low,Night,Bike,13,20,57.5
10437,17.61,Clear,Low,Evening,Bike,23,20,64.4
10438,19.51,Foggy,Low,Afternoon,Scooter,11,29,54.4
10439,17.51,Rainy,Medium,Night,Bike,13,20,61.2
10440,17.59,Clear,Medium,Evening,Bike,15,11,64.7
10441,16.48,Rainy,Medium,Morning,Scooter,23,17,72.3
10442,19.95,Windy,Medium,Morning,Scooter,16,16,71.2
10443,16.58,Foggy,Medium,Evening,Scooter,20,14,67.3
10444,17.35,Clear,Low,Morning,Scooter,28,14,64.3
10445,19.78,Foggy,Medium,Morning,Bike,22,11,80.9
10446,17.82,Clear,Low,Morning,Bike,25,26,69.3
10447,17.35,Rainy,Medium,Evening,Bike,11,18,66.2
10448,18.86,Rainy,Medium,Afternoon,Scooter,9,17,63.2
10449,16.13,Clear,High,Evening,Scooter,14,19,58.2
10450,17.28,Clear,High,Afternoon,Scooter,27,30,75.7
10451,18.32,Windy,High,Night,Car,22,24,67.6
10452,19.96,Clear,Medium,Afternoon,Bike,16,30,67.9
10453,19.87,Foggy,Low,Afternoon,Car,28,22,64.5
10454,18.5,Rainy,Medium,Morning,Scooter,21,28,73.8
10455,17.36,Rainy,Low,Evening,Scooter,24,29,72.1
10456,18.2,Clear,High,Morning,Scooter,10,20,60.8
10457,19.74,Clear,Medium,Evening,Bike,25,20,78.1
10458,18.67,Clear,High,Night,Bike,18,29,71.9
10459,16.6,Rainy,Low,Evening,Bike,10,25,50.5
10460,19.89,Windy,Medium,Morning,Bike,8,17,65.6
10461,19.61,Snowy,Medium,Afternoon,Bike,19,16,75.2
10462,16.87,Clear,High,Night,Bike,19,18,70.9
10463,18.63,Clear,Low,Afternoon,Bike,12,15,52.6
10464,19.51,Clear,Medium,Morning,Car,15,19,62.7
10465,16.88,Windy,Medium,Evening,Bike,16,24,62.5
10466,19.69,Clear,High,Evening,Car,7,24,62.6
10467,16.72,Clear,Medium,Afternoon,Scooter,31,10,69.6
10468,17.43,Rainy,High,Afternoon,Bike,25,11,77.7
10469,19.77,Rainy,Low,Afternoon,Bike,14,23,62.8
10470,19.79,Clear,Medium,Morning,Bike,25,21,80.4
10471,16.09,Rainy,Medium,Night,Bike,20,11,68.6
10472,19.47,Clear,Low,Morning,Bike,12,30,60.8
10473,18.77,Clear,Low,Morning,Car,24,30,62.0
10474,19.49,Clear,Medium,Afternoon,Bike,10,11,62.3
10475,17.85,Clear,Medium,Evening,Scooter,16,10,65.3
10476,19.93,Windy,High,Evening,Bike,23,11,80.4
10477,18.99,Rainy,Low,Evening,Scooter,27,23,77.4
10478,19.04,Foggy,Low,Morning,Car,14,29,63.3
10479,17.71,Clear,Medium,Morning,Bike,20,18,70.2
10480,17.57,Foggy,Low,Afternoon,Bike,25,27,68.4
10481,16.82,Windy,Low,Morning,Car,26,14,59.9
10482,16.23,Clear,Medium,Night,Car,6,10,40.6
10483,19.61,Windy,High,Afternoon,Scooter,10,20,62.5
10484,18.36,Rainy,High,Afternoon,Scooter,13,19,70.9
10485,18.23,Foggy,Medium,Afternoon,Bike,7,30,60.9
10486,17.35,Clear,High,Afternoon,Scooter,27,16,72.5
10487,18.96,Rainy,Low,Evening,Bike,9,19,58.7
10488,17.63,Rainy,Low,Night,Scooter,28,13,63.2
10489,19.24,Windy,Medium,Evening,Car,15,18,65.9
10490,16.32,Windy,High,Morning,Bike,10,11,66.3
10491,16.99,Clear,Low,Evening,Scooter,16,17,47.0
10492,17.13,Windy,High,Morning,Scooter,22,15,76.1
10493,16.09,Snowy,Medium,Afternoon,Bike,11,17,64.9
10494,18.65,Rainy,Medium,Night,Scooter,30,23,71.6
10495,18.81,Clear,High,Afternoon,Scooter,12,26,58.2
10496,17.65,Clear,Low,Morning,Bike,27,16,77.1
10497,19.18,Clear,Medium,Morning,Bike,7,28,59.3
10498,19.81,Clear,High,Evening,Bike,22,16,88.3
10499,18.95,Windy,Medium,Morning,Bike,17,11,72.3
10500,18.69,Clear,High,Evening,Bike,23,15,83.3
10501,17.8,Rainy,High,Afternoon,Scooter,21,15,74.2
10502,18.21,Rainy,Medium,Afternoon,Bike,13,12,64.0
10503,17.15,Rainy,Low,Evening,Scooter,9,23,48.9
10504,16.98,Clear,High,Evening,Bike,16,22,70.9
10505,16.1,Rainy,High,Morning,Car,19,16,68.8
10506,17.92,Rainy,Low,Afternoon,Bike,26,25,69.5
10507,16.9,Rainy,Low,Evening,Scooter,13,14,52.5
10508,17.87,Clear,Low,Morning,Bike,15,30,58.4
10509,19.25,Foggy,Medium,Afternoon,Car,15,17,64.6
10510,17.47,Clear,Low,Evening,Scooter,22,14,59.7
10511,17.29,Rainy,Medium,Morning,Car,11,25,59.0
10512,17.79,Clear,Medium,Evening,Bike,18,13,71.7
10513,17.98,Clear,Low,Morning,Car,19,30,51.7
10514,17.09,Snowy,High,Afternoon,Bike,18,24,83.0
10515,18.4,Clear,Medium,Morning,Bike,18,14,64.4
10516,16.12,Windy,Medium,Afternoon,Scooter,17,16,57.1
10517,17.94,Snowy,Medium,Evening,Bike,32,30,92.6
10518,18.6,Clear,Medium,Morning,Scooter,17,20,66.8
10519,17.87,Clear,High,Morning,Bike,25,21,75.5
10520,19.91,Clear,Low,Night,Scooter,19,24,59.3
10521,16.62,Windy,Medium,Evening,Bike,20,15,67.7
10522,17.81,Rainy,High,Afternoon,Scooter,24,18,81.2
10523,17.17,Clear,Medium,Afternoon,Scooter,32,18,69.9
10524,19.61,Rainy,Low,Evening,Scooter,12,17,56.3
10525,16.72,Clear,High,Evening,Scooter,19,16,68.9
10526,18.09,Rainy,Low,Afternoon,Scooter,12,19,54.7
10527,17.7,Rainy,Medium,Afternoon,Scooter,9,26,62.3
10528,19.67,Clear,Low,Evening,Car,27,19,71.2
10529,18.23,Snowy,Low,Night,Bike,33,11,80.5
10530,17.86,Clear,Low,Evening,Bike,21,10,67.2
10531,18.35,Rainy,Medium,Afternoon,Scooter,16,10,65.7
10532,18.85,Rainy,High,Morning,Scooter,23,13,85.6
10533,16.13,Windy,Low,Evening,Car,32,25,66.2
10534,16.99,Rainy,Low,Morning,Car,28,22,69.2
10535,16.94,Windy,High,Afternoon,Car,26,17,74.2
10536,17.66,Clear,High,Morning,Scooter,18,10,71.0
10537,18.31,Snowy,Low,Afternoon,Scooter,13,16,53.0
10538,19.66,Clear,Medium,Morning,Bike,11,15,66.0
10539,18.26,Foggy,Medium,Morning,Bike,10,20,62.6
10540,16.73,Clear,Low,Evening,Scooter,15,19,52.5
10541,18.1,Windy,Medium,Afternoon,Scooter,8,13,47.9
10542,17.71,Windy,Low,Morning,Bike,21,19,69.6
10543,18.58,Clear,Low,Afternoon,Car,25,12,61.9
10544,18.55,Rainy,Low,Afternoon,Car,24,11,63.3
10545,18.64,Rainy,Medium,Night,Bike,10,29,65.2
10546,19.99,Clear,High,Afternoon,Bike,13,28,68.9
10547,16.11,Rainy,Low,Afternoon,Car,31,30,69.3
10548,19.05,Foggy,Low,Evening,Bike,34,11,80.8
10549,19.42,Rainy,Low,Morning,Bike,31,24,81.1
10550,16.98,Clear,Medium,Evening,Scooter,28,28,69.2
10551,19.03,Windy,Low,Afternoon,Car,12,18,50.7
10552,16.42,Clear,Medium,Morning,Scooter,24,30,71.0
10553,18.17,Rainy,Low,Morning,Scooter,13,30,60.5
10554,17.29,Clear,Medium,Evening,Car,14,13,58.9
10555,16.91,Clear,Medium,Afternoon,Scooter,18,28,54.6
10556,18.59,Clear,Medium,Morning,Scooter,24,11,69.2
10557,17.61,Clear,Medium,Afternoon,Bike,17,13,59.7
10558,16.66,Rainy,High,Evening,Bike,13,12,72.1
10559,18.43,Rainy,High,Evening,Bike,28,30,93.5
10560,18.03,Rainy,Medium,Night,Bike,14,27,65.7
10561,16.17,Rainy,Medium,Evening,Bike,23,15,74.7
10562,19.28,Clear,Low,Evening,Bike,23,30,71.2
10563,19.95,Clear,Medium,Night,Bike,10,12,58.4
10564,17.37,Rainy,Low,Morning,Scooter,17,22,59.9
10565,19.95,Rainy,Medium,Morning,Bike,11,28,70.9
10566,19.98,Rainy,Low,Night,Bike,22,29,78.4
10567,17.86,Clear,High,Evening,Scooter,23,14,76.9
10568,19.68,Snowy,Medium,Night,Car,15,26,74.0
10569,19.13,Clear,High,Afternoon,Scooter,21,24,67.2
10570,19.34,Rainy,High,Evening,Bike,16,21,82.7
10571,16.49,Clear,High,Evening,Scooter,19,26,66.2
10572,19.12,Rainy,Low,Evening,Scooter,21,29,69.1
10573,16.95,Clear,High,Morning,Bike,25,13,73.7
10574,18.99,Foggy,Low,Evening,Bike,18,19,72.7
10575,16.94,Clear,High,Afternoon,Bike,22,14,66.4
10576,19.14,Rainy,Medium,Night,Bike,14,18,71.8
10577,19.58,Clear,Low,Night,Bike,17,17,58.9
10578,18.01,Rainy,Low,Night,Bike,10,25,53.9
10579,17.73,Clear,Medium,Morning,Bike,17,22,63.1
10580,16.58,Clear,Medium,Evening,Scooter,16,25,58.6
10581,16.94,Foggy,Medium,Morning,Scooter,28,24,75.2
10582,19.97,Clear,Low,Evening,Car,14,17,55.9
10583,18.92,Clear,Medium,Night,Bike,33,23,74.7
10584,19.08,Snowy,Medium,Afternoon,Scooter,13,19,60.8
10585,19.26,Snowy,Medium,Afternoon,Bike,19,21,71.9
10586,18.33,Snowy,Low,Evening,Scooter,15,14,67.7
10587,17.76,Clear,Medium,Evening,Scooter,27,15,76.4
10588,17.39,Rainy,Medium,Morning,Scooter,17,12,67.5
10589,16.11,Foggy,Medium,Evening,Scooter,14,13,62.7
10590,19.24,Clear,Low,Morning,Scooter,12,17,55.4
10591,19.46,Foggy,Medium,Afternoon,Scooter,23,13,76.3
10592,17.37,Clear,High,Evening,Bike,27,20,84.8
10593,18.06,Windy,Medium,Afternoon,Bike,23,25,68.0
10594,18.31,Rainy,Medium,Afternoon,Car,18,13,65.9
10595,18.63,Rainy,Low,Morning,Scooter,28,14,78.6
10596,18.6,Rainy,High,Afternoon,Bike,18,13,80.5
10597,16.79,Clear,Low,Afternoon,Car,13,27,46.2
10598,18.75,Clear,Medium,Night,Car,13,12,54.2
10599,19.01,Foggy,Low,Morning,Scooter,20,29,68.9
10600,16.07,Rainy,Low,Afternoon,Scooter,24,28,58.1
10601,18.47,Rainy,Low,Evening,Bike,22,18,69.5
10602,17.67,Clear,High,Morning,Scooter,11,24,66.4
10603,19.54,Rainy,High,Morning,Car,17,13,80.3
10604,19.77,Clear,Low,Evening,Bike,9,13,61.2
10605,18.33,Clear,Medium,Evening,Bike,28,23,77.9
10606,17.6,Windy,Low,Afternoon,Car,11,23,43.8
10607,19.75,Rainy,High,Morning,Bike,28,16,93.9
10608,17.08,Rainy,High,Morning,Car,15,20,75.4
10609,17.97,Windy,Medium,Afternoon,Bike,19,21,65.0
10610,17.41,Clear,Medium,Morning,Bike,22,21,69.8
10611,16.61,Windy,Medium,Morning,Car,25,15,72.2
10612,19.58,Foggy,High,Morning,Bike,22,27,86.3
10613,17.0,Rainy,Low,Evening,Scooter,18,22,61.2
10614,19.18,Clear,Medium,Evening,Bike,14,19,68.5
10615,19.01,Clear,Medium,Afternoon,Scooter,13,20,55.4
10616,18.67,Clear,Medium,Afternoon,Bike,21,16,69.5
10617,16.44,Clear,High,Morning,Scooter,16,17,56.9
10618,17.6,Clear,Low,Morning,Car,22,26,53.5
10619,19.71,Rainy,Medium,Afternoon,Bike,24,12,79.7
10620,17.46,Foggy,Low,Morning,Bike,14,13,65.4
10621,16.08,Clear,Low,Morning,Scooter,8,13,42.9
10622,18.9,Foggy,Low,Morning,Car,18,29,62.4
10623,18.75,Windy,High,Afternoon,Bike,15,27,72.0
10624,18.32,Foggy,Medium,Afternoon,Car,11,29,55.1
10625,17.45,Foggy,Medium,Evening,Car,17,16,59.6
10626,17.29,Foggy,Medium,Morning,Scooter,16,17,67.1
10627,16.92,Clear,Low,Afternoon,Bike,13,15,51.0
10628,18.37,Clear,High,Morning,Scooter,15,26,68.4
10629,19.98,Windy,Medium,Evening,Scooter,9,25,58.6
10630,19.13,Rainy,Low,Afternoon,Scooter,30,29,79.7
10631,18.62,Foggy,Low,Morning,Bike,22,15,70.7
10632,18.28,Windy,High,Evening,Scooter,12,29,71.5
10633,18.82,Clear,Low,Afternoon,Car,19,29,48.1
10634,18.01,Clear,Medium,Afternoon,Bike,21,12,65.3
10635,19.39,Rainy,Low,Evening,Scooter,18,17,72.2
10636,18.33,Clear,High,Evening,Bike,20,13,75.9
10637,16.99,Rainy,Low,Evening,Bike,26,30,67.0
10638,18.25,Snowy,High,Evening,Bike,27,20,90.3
10639,16.98,Rainy,Medium,Evening,Bike,8,10,63.2
10640,18.14,Clear,Low,Morning,Scooter,18,21,62.2
10641,19.22,Foggy,Medium,Morning,Scooter,17,13,69.4
10642,18.91,Clear,Low,Evening,Bike,9,17,57.9
10643,17.08,Snowy,Medium,Evening,Bike,28,22,86.8
10644,18.92,Clear,Medium,Evening,Car,33,11,77.4
10645,16.5,Snowy,Medium,Afternoon,Bike,22,29,76.7
10646,18.58,Rainy,Low,Night,Car,14,19,58.8
10647,17.26,Clear,High,Evening,Scooter,9,23,58.1
10648,18.47,Rainy,Medium,Afternoon,Car,14,15,59.5
10649,19.45,Clear,Low,Morning,Scooter,20,26,57.9
10650,16.54,Clear,Medium,Afternoon,Car,14,19,51.6
10651,18.79,Snowy,Low,Evening,Scooter,23,20,72.6
10652,18.73,Foggy,Medium,Afternoon,Bike,32,15,85.8
10653,19.03,Clear,Low,Night,Scooter,13,13,51.7
10654,19.88,Rainy,High,Morning,Bike,33,19,100.8
10655,17.93,Snowy,Low,Night,Scooter,18,16,63.0
10656,16.55,Snowy,Low,Afternoon,Bike,16,22,58.6
10657,18.78,Clear,Low,Afternoon,Scooter,13,22,51.7
10658,18.18,Clear,Medium,Evening,Scooter,10,17,58.5
10659,19.25,Windy,Medium,Evening,Car,23,12,79.3
10660,19.17,Clear,Medium,Afternoon,Bike,21,14,67.4
10661,18.93,Clear,Low,Morning,Car,23,15,59.5
10662,17.59,Foggy,High,Evening,Car,13,18,63.2
10663,17.9,Clear,Low,Morning,Bike,23,25,66.2
10664,19.66,Snowy,Low,Morning,Bike,20,15,79.7
10665,17.74,Clear,Medium,Afternoon,Bike,16,25,63.7
10666,18.35,Foggy,Medium,Afternoon,Bike,12,11,68.1
10667,18.73,Windy,High,Afternoon,Scooter,21,23,74.4
10668,16.46,Windy,Medium,Afternoon,Bike,28,23,69.6
10669,19.08,Windy,Low,Afternoon,Bike,24,26,69.7
10670,16.06,Snowy,Medium,Night,Scooter,32,23,73.0
10671,19.93,Clear,Medium,Evening,Bike,12,16,64.8
10672,18.27,Windy,Medium,Afternoon,Car,20,16,61.9
10673,16.67,Windy,High,Afternoon,Bike,15,26,68.1
10674,19.14,Rainy,Medium,Afternoon,Scooter,15,30,67.4
10675,19.38,Clear,Low,Afternoon,Car,15,20,49.4
10676,16.82,Clear,Medium,Evening,Bike,21,26,65.9
10677,16.17,Rainy,Low,Evening,Bike,24,30,70.8
10678,18.1,Foggy,Low,Afternoon,Car,19,28,59.2
10679,18.56,Clear,Low,Afternoon,Bike,22,10,65.0
10680,16.67,Clear,Medium,Evening,Car,15,19,54.2
10681,18.25,Rainy,Medium,Morning,Car,18,22,69.0
10682,18.11,Clear,High,Morning,Bike,12,20,64.7
10683,19.45,Windy,Low,Evening,Scooter,9,22,51.7
10684,19.26,Clear,Medium,Morning,Scooter,17,24,59.6
10685,16.53,Clear,Low,Evening,Car,31,14,63.5
10686,18.83,Clear,Medium,Morning,Scooter,28,22,79.3
10687,18.01,Snowy,Low,Morning,Scooter,27,24,80.9
10688,17.87,Snowy,Low,Afternoon,Bike,15,24,66.0
10689,16.65,Clear,Medium,Evening,Scooter,23,22,68.6
10690,18.99,Clear,Low,Afternoon,Scooter,29,19,69.2
10691,19.47,Clear,Low,Morning,Car,9,17,50.4
10692,16.82,Clear,High,Morning,Bike,17,12,62.7
10693,16.12,Foggy,Low,Morning,Bike,16,25,67.3
10694,18.44,Clear,Low,Morning,Car,25,27,62.9
10695,19.93,Rainy,Low,Morning,Scooter,19,30,69.2
10696,18.72,Clear,Medium,Evening,Bike,34,18,89.6
10697,17.01,Clear,Low,Morning,Scooter,9,14,46.9
10698,19.49,Clear,Medium,Afternoon,Car,15,22,65.4
10699,18.15,Clear,Medium,Evening,Car,19,22,60.4
10700,18.04,Clear,Low,Morning,Bike,13,17,59.8
10701,16.23,Clear,Medium,Afternoon,Scooter,31,17,68.0
10702,16.24,Clear,Low,Evening,Bike,21,20,61.0
10703,18.32,Windy,Low,Evening,Bike,20,18,64.7
10704,19.23,Clear,Medium,Evening,Scooter,11,23,57.4
10705,19.01,Clear,Medium,Afternoon,Bike,24,25,75.7
10706,19.76,Clear,Low,Evening,Bike,31,22,80.0
10707,18.01,Foggy,Low,Night,Bike,24,24,69.9
10708,18.48,Windy,High,Evening,Bike,19,12,73.8
10709,18.51,Foggy,Medium,Evening,Bike,21,16,71.9
10710,17.52,Rainy,High,Afternoon,Car,18,14,66.8
10711,16.01,Snowy,Medium,Afternoon,Bike,8,26,58.0
10712,19.36,Clear,Medium,Night,Scooter,26,13,70.3
10713,16.27,Snowy,Low,Afternoon,Bike,13,28,59.7
10714,19.84,Foggy,Medium,Evening,Car,15,22,70.7
10715,19.38,Clear,Medium,Afternoon,Scooter,28,13,77.0
10716,16.42,Rainy,Medium,Evening,Car,23,18,70.7
10717,16.49,Clear,High,Morning,Bike,19,11,68.7
10718,18.95,Clear,High,Evening,Scooter,14,15,69.9
10719,18.17,Snowy,High,Morning,Bike,25,22,91.5
10720,18.6,Clear,Medium,Afternoon,Bike,18,10,66.3
10721,17.16,Foggy,Low,Afternoon,Scooter,18,20,60.4
10722,19.53,Windy,High,Night,Scooter,13,26,65.8
10723,18.17,Clear,Medium,Morning,Bike,17,15,71.3
10724,18.26,Clear,Medium,Evening,Scooter,15,11,56.9
10725,19.96,Rainy,Medium,Evening,Scooter,14,23,73.1
10726,19.09,Snowy,Low,Evening,Bike,17,17,71.0
10727,18.76,Clear,Low,Morning,Scooter,25,18,66.9
10728,19.47,Clear,Medium,Evening,Scooter,15,19,64.8
10729,19.96,Rainy,Medium,Afternoon,Car,14,22,63.9
10730,19.25,Windy,Low,Morning,Scooter,27,19,70.4
10731,19.23,Clear,Low,Afternoon,Car,23,16,56.8
10732,16.77,Clear,Medium,Morning,Bike,19,12,66.8
10733,19.49,Windy,Medium,Evening,Car,21,30,72.8
10734,19.52,Clear,High,Afternoon,Car,10,24,64.4
10735,18.39,Clear,Low,Morning,Bike,22,23,65.7
10736,18.6,Rainy,Low,Morning,Scooter,27,14,70.3
10737,18.5,Clear,Low,Night,Car,17,10,53.1
10738,18.18,Clear,High,Morning,Bike,25,23,75.8
10739,16.73,Rainy,Medium,Evening,Scooter,19,28,73.6
10740,18.63,Rainy,Medium,Evening,Scooter,8,17,64.3
10741,17.52,Rainy,Medium,Afternoon,Car,7,12,49.5
10742,18.15,Clear,High,Evening,Bike,11,20,62.2
10743,19.6,Rainy,Medium,Afternoon,Bike,30,30,83.5
10744,16.44,Rainy,Medium,Night,Bike,30,19,80.8
10745,19.82,Snowy,Medium,Evening,Bike,9,17,70.3
10746,18.27,Foggy,Low,Evening,Bike,16,30,67.4
10747,19.8,Rainy,Low,Night,Scooter,29,15,78.4
10748,16.8,Snowy,Medium,Morning,Car,19,17,68.2
10749,16.22,Snowy,Medium,Night,Car,24,15,72.3
10750,18.48,Clear,Low,Night,Car,13,13,51.3
10751,18.11,Windy,Medium,Night,Car,11,28,55.5
10752,18.94,Snowy,Low,Morning,Bike,15,17,72.3
10753,18.41,Clear,Medium,Evening,Bike,21,26,69.8
10754,18.06,Clear,High,Afternoon,Bike,29,20,86.8
10755,19.61,Rainy,Low,Morning,Scooter,24,25,71.2
10756,17.29,Clear,Low,Evening,Car,16,11,50.7
10757,17.09,Foggy,Medium,Morning,Bike,16,21,71.4
10758,19.22,Rainy,Medium,Morning,Scooter,26,29,80.2
10759,17.41,Clear,Low,Afternoon,Scooter,18,30,51.4
10760,18.25,Clear,Low,Night,Bike,17,14,53.1
10761,18.46,Snowy,Low,Morning,Car,14,26,61.2
10762,17.18,Clear,Low,Morning,Bike,21,29,70.0
10763,17.42,Foggy,Low,Evening,Bike,12,25,58.2
10764,16.16,Clear,High,Morning,Car,16,18,65.4
10765,17.12,Clear,Low,Afternoon,Bike,23,12,59.2
10766,17.3,Rainy,High,Afternoon,Bike,21,21,74.9
10767,16.07,Clear,Medium,Evening,Scooter,11,10,50.0
10768,19.29,Rainy,Medium,Afternoon,Bike,15,24,72.6
10769,19.54,Rainy,Low,Morning,Scooter,16,18,59.4
10770,16.71,Clear,Medium,Morning,Bike,13,11,64.9
10771,18.42,Clear,Medium,Afternoon,Bike,13,24,61.0
10772,17.77,Foggy,Medium,Morning,Bike,18,18,71.0
10773,16.51,Foggy,Low,Morning,Car,15,20,51.9
10774,16.1,Rainy,Low,Afternoon,Bike,20,15,60.9
10775,18.65,Foggy,Medium,Morning,Car,20,19,73.5
10776,16.32,Clear,Medium,Evening,Bike,30,13,71.2
10777,19.56,Clear,Medium,Afternoon,Car,19,13,61.9
10778,19.16,Rainy,Medium,Morning,Car,25,24,81.5
10779,18.9,Rainy,Medium,Evening,Bike,28,27,80.5
10780,19.37,Snowy,Medium,Morning,Scooter,16,13,72.7
10781,16.43,Clear,High,Afternoon,Scooter,12,13,51.6
10782,18.51,Rainy,Low,Evening,Scooter,14,22,57.9
10783,16.83,Rainy,Medium,Afternoon,Car,21,21,65.7
10784,18.08,Clear,Medium,Morning,Bike,15,18,66.7
10785,17.43,Rainy,Medium,Afternoon,Car,11,30,55.1
10786,16.49,Rainy,Medium,Afternoon,Scooter,11,30,51.8
10787,18.94,Clear,Medium,Afternoon,Bike,15,23,60.1
10788,17.21,Clear,High,Afternoon,Scooter,12,29,59.1
10789,16.49,Clear,Low,Morning,Bike,28,19,68.2
10790,19.52,Windy,Low,Evening,Bike,6,10,52.4
10791,16.54,Clear,Medium,Evening,Bike,13,12,57.9
10792,16.82,Clear,Low,Morning,Car,28,27,65.3
10793,16.09,Clear,High,Evening,Bike,24,12,76.0
10794,18.07,Clear,Medium,Afternoon,Bike,28,13,70.6
10795,19.3,Clear,High,Evening,Car,26,24,79.2
10796,19.4,Rainy,Medium,Night,Car,16,19,64.0
10797,18.98,Clear,Low,Afternoon,Scooter,10,15,45.8
10798,17.89,Clear,Medium,Evening,Bike,25,27,74.8
10799,19.56,Clear,Low,Evening,Car,16,25,53.7
10800,19.07,Clear,Medium,Evening,Bike,11,16,61.6
10801,19.56,Clear,Low,Evening,Bike,23,14,73.2
10802,16.96,Rainy,Low,Morning,Car,8,25,57.7
10803,18.41,Rainy,Low,Evening,Bike,13,14,59.4
10804,16.09,Foggy,Low,Afternoon,Bike,21,15,58.8
10805,18.09,Clear,Medium,Evening,Scooter,13,28,62.2
10806,19.51,Snowy,Low,Morning,Bike,9,28,62.2
10807,18.95,Rainy,Medium,Morning,Bike,21,30,79.3
10808,19.1,Clear,Low,Evening,Car,15,19,60.4
10809,17.27,Clear,Medium,Morning,Car,28,25,67.8
10810,17.59,Foggy,Low,Afternoon,Car,9,14,45.9
10811,19.95,Clear,Medium,Afternoon,Bike,15,30,61.0
10812,17.07,Clear,High,Morning,Scooter,27,11,78.6
10813,16.34,Rainy,Low,Night,Car,10,27,41.6
10814,17.56,Clear,Medium,Afternoon,Bike,26,22,68.6
10815,19.07,Windy,Low,Morning,Bike,25,29,70.1
10816,18.09,Clear,Medium,Afternoon,Bike,11,24,55.8
10817,16.17,Clear,Medium,Afternoon,Bike,19,14,66.1
10818,18.66,Clear,Medium,Evening,Bike,11,24,63.2
10819,18.94,Clear,Low,Morning,Scooter,28,25,70.4
10820,18.41,Snowy,High,Afternoon,Scooter,32,20,91.4
10821,16.69,Snowy,High,Morning,Bike,15,22,77.6
10822,16.76,Windy,Medium,Evening,Scooter,30,18,79.7
10823,17.63,Rainy,Medium,Afternoon,Bike,14,15,68.1
10824,17.43,Clear,High,Afternoon,Bike,20,22,66.4
10825,16.41,Clear,Medium,Afternoon,Car,14,20,53.0
10826,19.44,Clear,Low,Morning,Bike,8,10,55.5
10827,19.7,Windy,High,Evening,Scooter,15,25,74.7
10828,16.58,Rainy,Medium,Afternoon,Bike,17,15,60.4
10829,18.25,Clear,Medium,Afternoon,Bike,13,10,59.2
10830,17.72,Rainy,High,Afternoon,Car,18,15,69.6
10831,17.64,Foggy,Low,Morning,Bike,29,28,74.7
10832,18.32,Clear,High,Night,Bike,24,26,79.5
10833,17.82,Foggy,Low,Morning,Scooter,16,18,55.3
10834,17.81,Foggy,Medium,Evening,Scooter,16,19,75.3
10835,16.57,Snowy,High,Afternoon,Car,26,19,75.1
10836,18.84,Clear,Low,Evening,Car,19,10,59.9
10837,18.32,Clear,High,Afternoon,Bike,16,17,68.9
10838,16.22,Clear,Low,Evening,Bike,14,28,57.2
10839,17.5,Snowy,Low,Afternoon,Scooter,29,23,78.5
10840,16.87,Windy,Medium,Morning,Bike,17,18,65.8
10841,17.56,Rainy,Medium,Morning,Scooter,15,30,67.2
10842,16.48,Clear,High,Afternoon,Bike,27,11,74.0
10843,18.44,Clear,High,Afternoon,Car,21,28,64.7
10844,18.33,Rainy,Low,Night,Car,27,18,68.4
10845,18.37,Clear,High,Evening,Bike,14,20,70.3
10846,17.46,Rainy,Medium,Afternoon,Bike,31,29,82.4
10847,18.89,Snowy,High,Evening,Car,26,29,86.4
10848,19.37,Clear,Low,Evening,Bike,20,26,67.6
10849,17.67,Clear,Low,Morning,Bike,31,21,76.2
10850,17.73,Clear,Low,Morning,Bike,17,22,56.4
10851,19.59,Clear,Low,Morning,Bike,18,28,66.9
10852,18.42,Foggy,High,Morning,Bike,19,25,85.2
10853,18.04,Clear,Medium,Morning,Bike,24,16,69.9
10854,18.95,Clear,High,Afternoon,Bike,22,20,76.2
10855,17.24,Clear,Medium,Morning,Scooter,28,27,73.3
10856,16.13,Clear,Medium,Afternoon,Bike,17,26,60.8
10857,18.81,Rainy,Low,Afternoon,Car,19,16,64.1
10858,18.58,Rainy,Low,Evening,Scooter,16,27,67.5
10859,17.71,Rainy,High,Afternoon,Bike,24,21,82.4
10860,16.18,Rainy,Medium,Evening,Car,22,17,65.6
10861,19.76,Clear,Medium,Morning,Bike,30,20,82.4
10862,18.92,Rainy,Low,Afternoon,Bike,31,19,84.0
10863,17.54,Clear,High,Evening,Scooter,19,11,66.9
10864,16.8,Windy,High,Evening,Bike,8,14,65.5
10865,18.22,Clear,High,Afternoon,Bike,19,12,73.6
10866,16.09,Clear,Low,Afternoon,Car,20,24,51.2
10867,17.83,Clear,High,Evening,Car,9,18,61.0
10868,19.95,Foggy,Medium,Morning,Bike,12,12,70.8
10869,18.96,Clear,High,Afternoon,Bike,26,22,79.4
10870,19.94,Windy,Low,Night,Scooter,17,19,65.3
10871,17.58,Clear,Medium,Afternoon,Bike,28,24,78.6
10872,16.35,Snowy,Low,Afternoon,Bike,15,30,65.3
10873,19.86,Rainy,Low,Evening,Scooter,32,30,84.3
10874,19.46,Clear,Medium,Morning,Bike,21,19,72.1
10875,18.25,Clear,Medium,Afternoon,Bike,23,10,69.6
10876,16.92,Clear,Low,Afternoon,Scooter,20,11,52.8
10877,18.95,Snowy,High,Evening,Scooter,18,12,85.0
10878,16.08,Snowy,Low,Afternoon,Bike,22,10,68.5
10879,19.66,Clear,Medium,Evening,Car,13,23,62.0
10880,18.79,Clear,Low,Morning,Scooter,17,29,58.2
10881,16.7,Clear,Medium,Afternoon,Scooter,30,25,61.3
10882,16.66,Clear,Medium,Morning,Bike,27,24,77.6
10883,16.23,Rainy,Medium,Morning,Scooter,29,16,77.5
10884,19.08,Clear,Low,Morning,Scooter,24,24,68.9
10885,16.51,Clear,Medium,Evening,Scooter,24,20,65.3
10886,18.08,Snowy,Medium,Afternoon,Scooter,28,17,84.6
10887,17.43,Foggy,Medium,Morning,Bike,23,11,74.7
10888,18.2,Foggy,Low,Evening,Bike,10,20,58.8
10889,18.78,Clear,Medium,Afternoon,Car,19,18,60.4
10890,16.84,Windy,Medium,Afternoon,Bike,8,21,49.5
10891,16.8,Rainy,Low,Afternoon,Scooter,12,19,53.2
10892,17.35,Rainy,Low,Night,Car,21,26,62.7
10893,19.74,Clear,High,Afternoon,Bike,28,28,84.7
10894,17.78,Snowy,Low,Afternoon,Car,7,20,57.1
10895,17.03,Rainy,Low,Evening,Car,23,17,62.8
10896,18.08,Snowy,High,Morning,Scooter,17,16,73.6
10897,16.72,Rainy,Low,Evening,Scooter,25,28,65.2
10898,19.06,Foggy,Low,Afternoon,Car,20,21,61.2
10899,17.28,Rainy,Medium,Afternoon,Bike,19,30,73.6
10900,19.93,Windy,Medium,Afternoon,Scooter,16,24,65.4
10901,18.52,Clear,Medium,Afternoon,Bike,15,22,60.3
10902,18.45,Clear,Medium,Afternoon,Car,18,11,63.1
10903,17.16,Foggy,High,Morning,Scooter,21,25,75.4
10904,16.71,Rainy,Medium,Evening,Scooter,16,19,61.6
10905,16.31,Rainy,Low,Evening,Bike,17,12,66.9
10906,19.42,Foggy,High,Morning,Bike,19,17,84.7
10907,19.92,Rainy,Low,Afternoon,Car,6,19,51.5
10908,16.86,Foggy,Medium,Morning,Bike,13,28,70.0
10909,19.97,Clear,High,Morning,Scooter,12,23,67.6
10910,18.46,Snowy,Medium,Afternoon,Scooter,26,18,79.5
10911,19.15,Clear,Medium,Morning,Bike,27,30,76.2
10912,19.95,Rainy,Low,Evening,Bike,12,23,64.8
10913,19.9,Snowy,Medium,Morning,Bike,22,30,84.4
10914,18.27,Clear,High,Morning,Car,16,19,68.3
10915,18.11,Clear,Medium,Afternoon,Bike,19,27,62.8
10916,18.7,Clear,High,Evening,Bike,16,27,72.9
10917,16.88,Rainy,Medium,Evening,Car,17,25,64.5
10918,17.56,Clear,High,Morning,Car,21,29,69.5
10919,19.31,Clear,Medium,Evening,Scooter,14,21,60.2
10920,16.44,Snowy,High,Evening,Scooter,8,11,65.5
10921,17.84,Clear,Medium,Morning,Car,18,17,57.8
10922,17.26,Rainy,High,Afternoon,Car,10,10,60.9
10923,18.33,Rainy,High,Evening,Car,30,15,87.2
10924,16.76,Clear,Low,Night,Scooter,15,24,48.1
10925,19.71,Clear,Medium,Afternoon,Scooter,8,12,55.0
10926,19.17,Windy,Low,Evening,Scooter,17,23,67.6
10927,16.33,Rainy,Low,Morning,Car,15,23,50.9
10928,17.3,Clear,Low,Afternoon,Scooter,21,21,53.9
10929,16.17,Foggy,Low,Evening,Bike,22,24,63.8
10930,16.49,Rainy,High,Afternoon,Scooter,22,19,74.2
10931,17.69,Clear,High,Evening,Bike,16,23,73.0
10932,17.32,Rainy,Low,Morning,Bike,26,25,71.5
10933,18.08,Rainy,Medium,Afternoon,Bike,9,22,62.7
10934,17.16,Clear,Medium,Afternoon,Bike,17,24,63.3
10935,17.33,Snowy,Low,Morning,Scooter,29,26,78.4
10936,19.83,Clear,High,Afternoon,Bike,16,18,70.6
10937,19.5,Clear,Low,Evening,Scooter,32,29,76.9
10938,16.05,Clear,Medium,Evening,Car,22,16,60.5
10939,18.41,Foggy,Medium,Afternoon,Bike,16,11,70.2
10940,16.57,Foggy,Medium,Morning,Bike,21,30,73.5
10941,19.16,Windy,High,Morning,Bike,29,27,89.6
10942,19.34,Clear,Low,Morning,Scooter,25,18,63.8
10943,18.64,Foggy,Medium,Night,Bike,13,14,65.1
10944,18.69,Rainy,Medium,Morning,Bike,24,14,78.9
10945,19.41,Clear,Medium,Afternoon,Bike,13,22,58.4
10946,16.41,Clear,Low,Afternoon,Bike,10,30,45.1
10947,18.83,Snowy,Low,Afternoon,Scooter,16,16,63.2
10948,16.48,Clear,Medium,Morning,Scooter,19,24,57.7
10949,16.17,Rainy,Medium,Morning,Bike,15,17,67.1
10950,18.55,Rainy,High,Night,Bike,25,21,84.1
10951,17.09,Clear,High,Evening,Scooter,15,23,62.8
10952,16.18,Windy,Low,Morning,Car,11,26,46.8
10953,16.25,Snowy,Low,Morning,Scooter,18,25,65.7
10954,19.92,Rainy,High,Afternoon,Scooter,20,14,77.7
10955,16.89,Rainy,Low,Afternoon,Car,14,12,53.9
10956,17.63,Clear,High,Evening,Bike,27,21,81.5
10957,17.07,Foggy,Medium,Evening,Bike,9,18,64.6
10958,19.74,Clear,Medium,Afternoon,Scooter,19,15,66.9
10959,16.3,Clear,Medium,Morning,Bike,25,14,70.2
10960,18.17,Clear,High,Afternoon,Bike,24,28,73.9
10961,17.91,Clear,Low,Morning,Scooter,21,11,61.9
10962,18.77,Clear,Medium,Morning,Scooter,9,12,54.7
10963,19.59,Clear,High,Morning,Bike,10,17,64.4
10964,16.0,Windy,High,Morning,Scooter,17,14,69.4
10965,16.07,Clear,Medium,Evening,Bike,29,11,72.5
10966,17.51,Clear,Low,Afternoon,Bike,10,15,42.3
10967,17.61,Clear,Low,Evening,Bike,26,17,68.5
10968,19.56,Rainy,Medium,Afternoon,Bike,24,19,82.8
10969,17.12,Clear,Low,Morning,Car,30,21,63.9
10970,19.39,Rainy,Medium,Evening,Bike,12,12,70.6
10971,16.36,Foggy,High,Evening,Car,11,30,63.5
10972,16.31,Clear,High,Evening,Car,16,21,60.5
10973,18.98,Windy,High,Morning,Bike,18,18,78.4
10974,19.05,Clear,Low,Afternoon,Bike,26,25,70.6
10975,16.38,Rainy,Medium,Morning,Car,28,29,77.1
10976,19.97,Clear,Medium,Morning,Bike,15,10,69.6
10977,16.32,Foggy,Low,Morning,Bike,25,20,64.9
10978,19.54,Snowy,Medium,Afternoon,Bike,25,28,85.7
10979,16.78,Clear,Low,Morning,Scooter,16,14,51.7
10980,16.09,Clear,Medium,Morning,Car,17,27,57.9
10981,19.42,Clear,Medium,Evening,Scooter,27,22,71.2
10982,16.74,Clear,Low,Evening,Bike,26,11,69.6
10983,18.12,Windy,Low,Morning,Scooter,30,28,70.3
10984,19.31,Rainy,Low,Afternoon,Scooter,20,11,66.8
10985,16.62,Rainy,Low,Afternoon,Scooter,17,24,59.4
10986,18.96,Windy,Low,Morning,Car,25,22,68.9
10987,18.13,Snowy,Low,Morning,Bike,10,26,65.0
10988,17.02,Snowy,Low,Evening,Bike,26,16,77.7
10989,16.17,Clear,Low,Night,Bike,13,12,44.9
10990,17.05,Clear,Low,Afternoon,Scooter,17,20,54.5
10991,17.7,Clear,Low,Evening,Car,21,25,61.2
10992,17.47,Clear,Medium,Night,Bike,8,21,51.3
10993,18.87,Clear,Low,Evening,Bike,16,11,51.2
10994,17.64,Clear,Medium,Evening,Car,14,23,59.8
10995,17.52,Clear,High,Night,Bike,10,18,55.1
10996,19.25,Clear,High,Afternoon,Car,12,25,61.9
10997,17.86,Clear,Low,Evening,Car,12,29,47.1
10998,19.94,Clear,High,Evening,Scooter,23,27,80.3
10999,18.3,Clear,Low,Night,Bike,16,30,53.2
11000,19.75,Clear,Medium,Morning,Scooter,9,22,58.5
